{"type":"Topology","objects":{"data":{"geometries":[{"properties":{"Division":"Barishal"},"type":"MultiPolygon","arcs":[[[0]],[[1]],[[2]],[[3]],[[4]],[[5]],[[6]],[[7]],[[-268,8,-266,9,-264,10,-262,11,-205,12,-234,13]],[[14]],[[15]],[[16]],[[17]],[[18]],[[19]],[[20]],[[21]],[[22]],[[23]],[[24]],[[25]],[[26]],[[27]],[[28]],[[29,-299]],[[30]],[[31]],[[32]],[[33,-232]],[[34]],[[35]],[[36]],[[37]],[[38]],[[39]],[[40]],[[41]],[[42]],[[43]],[[44]],[[45]],[[46]],[[47]],[[48]],[[49]],[[50]],[[51]],[[52]],[[53]],[[-125,54]],[[55]],[[56]],[[57,-237]],[[58]],[[-135,59]],[[-138,60]],[[61]],[[62]],[[63]],[[64]],[[65]],[[66]],[[67]],[[68]],[[69]],[[70]],[[71]],[[72]],[[73]],[[74]],[[75]],[[76]],[[77]],[[78]],[[79]],[[80]],[[81]],[[82]],[[83]],[[84]],[[85]],[[86]],[[87]],[[88]],[[89]],[[90]],[[91]],[[92]],[[93]],[[94]],[[95]],[[96]],[[97]],[[98]],[[99]],[[100]],[[101]],[[102]],[[103]],[[104]],[[105]],[[106]],[[107]],[[108]],[[109]],[[-160,110]],[[111]],[[112]],[[113]],[[114]],[[-164,115]],[[-169,116]],[[117]],[[118]],[[-171,119]],[[120]],[[121]],[[122]]],"id":"feature_0"},{"properties":{"Division":"Chattogram"},"type":"MultiPolygon","arcs":[[[123,124]],[[125]],[[126]],[[127]],[[128]],[[129]],[[130]],[[131]],[[132]],[[133]],[[134,135]],[[136,137]],[[138]],[[139]],[[140]],[[141]],[[142]],[[143]],[[144]],[[145]],[[146]],[[147]],[[148]],[[149]],[[150]],[[151]],[[152]],[[153]],[[154]],[[155]],[[156]],[[157]],[[158]],[[159,160]],[[161]],[[162]],[[163,164]],[[165]],[[166]],[[167]],[[168,169]],[[170,171]],[[172]],[[173]],[[-230,174,-228,175,-226,176,-224,177,-396,178,-394,179,-392,180,-390,181,-388,182,-386,183]],[[184]],[[185]],[[186]],[[187]],[[188]],[[189]],[[190]],[[191]],[[192]],[[193]],[[194]],[[195]],[[196]],[[197]],[[198]],[[199]],[[200]],[[201]],[[202]]],"id":"feature_1"},{"properties":{"Division":"Dhaka"},"type":"MultiPolygon","arcs":[[[203]],[[204,205,-260,206,-334,207,-332,208,-330,209,-328,210,-354,211,-312,212,-310,213,-308,214,-306,215,-304,216,-302,217,-327,218,-325,219,-402,220,-400,221,-398,222,223,224,225,226,227,228,229,230,231,232,233,234]],[[235]],[[236,237]],[[238]],[[239]],[[240]],[[241]],[[242]],[[243]]],"id":"feature_2"},{"properties":{"Division":"Khulna"},"type":"MultiPolygon","arcs":[[[244]],[[245]],[[246]],[[247]],[[248]],[[249]],[[250]],[[251]],[[252]],[[253]],[[254]],[[255]],[[-340,256,-338,257,-336,258,259,260,261,262,263,264,265,266,267,268]],[[269]],[[270]],[[271]],[[272]],[[273]],[[274]],[[275]],[[276]],[[277]],[[278]],[[279]],[[280]],[[281]],[[282]],[[283]],[[284]],[[285]],[[286]],[[287]],[[288]],[[289]],[[290]],[[291]],[[292]],[[293]],[[294]],[[295]],[[296]],[[297,298]],[[299]]],"id":"feature_3"},{"properties":{"Division":"Mymensingh"},"type":"Polygon","arcs":[[300,301,302,303,304,305,306,307,308,309,310,311,312,-352,313,-350,314,-348,315,-346,316,-344,317,-361,318,-359,319,-410,320,-408,321,-406,322,-404,323,324,325,326]],"id":"feature_4"},{"properties":{"Division":"Rajshahi"},"type":"Polygon","arcs":[[327,328,329,330,331,332,333,334,335,336,337,338,339,340,-357,341,-363,342,343,344,345,346,347,348,349,350,351,352,353,354]],"id":"feature_5"},{"properties":{"Division":"Rangpur"},"type":"MultiPolygon","arcs":[[[355,356,357,358,359,360,361,362]],[[363]],[[364]],[[365]],[[366]],[[367]],[[368]],[[369]],[[370]],[[371]],[[372]],[[373]],[[374]],[[375]],[[376]],[[377]],[[378]],[[379]],[[380]],[[381]],[[382]],[[383]],[[384]]],"id":"feature_6"},{"properties":{"Division":"Sylhet"},"type":"Polygon","arcs":[[385,386,387,388,389,390,391,392,393,394,395,396,397,398,399,400,401,402,403,404,405,406,407,408,409,410]],"id":"feature_7"}],"type":"GeometryCollection"}},"bbox":[88.00862798600008,20.59075009000003,92.68025738200004,26.634513010000035],"arcs":[[[90.48004530200006,21.77148100200003],[90.47060804300008,21.773324942000045],[90.47449983000007,21.78153677800003],[90.47970316200008,21.77621502900007],[90.48004530200006,21.77148100200003]],[[90.38966132600007,21.792515483000045],[90.38345434100006,21.787749218000044],[90.37833961100006,21.78919527000005],[90.38943658300008,21.803990102000057],[90.38966132600007,21.792515483000045]],[[90.46963320500004,21.819606289000035],[90.47721543600005,21.813273864000053],[90.48001689700004,21.801265783000076],[90.46127776800006,21.808681559000036],[90.46963320500004,21.819606289000035]],[[90.45795453700003,21.858480874000065],[90.45984415900006,21.840882145000023],[90.43303568600004,21.832062353000026],[90.43287358300006,21.846118413000056],[90.45795453700003,21.858480874000065]],[[90.37070376500003,21.83558691500008],[90.36688660900006,21.84472697500007],[90.37595553700004,21.85651543000006],[90.38389401000006,21.83746928200003],[90.37070376500003,21.83558691500008]],[[90.43148297800008,21.860395346000075],[90.41409142700007,21.858909992000065],[90.43439197900005,21.86540756000005],[90.43148297800008,21.860395346000075]],[[90.48343339300004,21.888744458000076],[90.48225472300004,21.858103276000065],[90.46844922600008,21.84915507900007],[90.46521924700005,21.863889189000076],[90.48343339300004,21.888744458000076]],[[90.41721178800003,21.89294142400007],[90.40743154800003,21.87618526400007],[90.40604833100008,21.876093251000043],[90.40787358700004,21.887610410000036],[90.41721178800003,21.89294142400007]],[[89.89163699200003,22.506836218000046],[89.96484880600008,22.492509992000066]],[[89.96463440900004,22.507684108000035],[89.92346231100004,22.512500213000067],[89.95392539600005,22.553497883000034]],[[89.93708825100003,22.679443855000045],[89.93326386000007,22.68388500100008],[89.90328777800005,22.695368966000046],[89.86729186600007,22.691804155000057],[89.86246852300008,22.701951871000063],[89.90735752700004,22.726560153000037],[89.93144743000005,22.723345807000044]],[[89.94443541400005,22.82571229100006],[89.94151135300007,22.863029164000068],[89.96174337100007,22.852930574000027],[89.98682163000007,22.865549601000055],[90.01837247000003,22.87104325300004],[90.03480591200008,22.933841760000064]],[[90.12696711800004,23.02588430900005],[90.13651434600007,23.044079359000023],[90.14319357400007,23.045425084000044],[90.13655819600007,23.05247534800003]],[[90.40789379100005,23.007083773000033],[90.41734377400007,23.007187876000046],[90.40995025800004,23.004834238000058],[90.41592858600006,22.992380280000077],[90.47323816800008,22.977018642000075],[90.48720430700007,22.95584793100005],[90.51621538500007,22.942658422000022],[90.53124961900005,22.920094365000068],[90.52915657800008,22.899355685000046],[90.48315802300004,22.87727430500007],[90.47532670100009,22.865395199000034],[90.47651609700006,22.821891194000045],[90.46603500200007,22.80280132000007],[90.45179726300006,22.816322598000056],[90.45560392500005,22.860098863000076],[90.44764384900003,22.876879685000063],[90.44537686600006,22.873779099000046],[90.45365372400005,22.863020556000038],[90.43772848900005,22.794391678000068],[90.44332712100004,22.794403599000077],[90.44253416800007,22.805686742000034],[90.45114569900005,22.805997132000073],[90.49387990500009,22.78880504400007],[90.49631956000007,22.779141475000074],[90.47974379000004,22.75634233100004],[90.49133270600004,22.73976747000006],[90.44634145900005,22.78731993300005],[90.44076646800005,22.783773377000045],[90.44793074600005,22.768863542000076],[90.44111611700004,22.765631832000054],[90.43143849000006,22.780372602000057],[90.43700725100007,22.764678229000026],[90.43101045900005,22.76001370800003],[90.46407271700008,22.749094005000075],[90.50346040900007,22.710015422000026],[90.50355702500008,22.69998950300004],[90.49033118600005,22.690842804000056],[90.47911538500006,22.67464243300003],[90.47383512700009,22.655895461000057],[90.49135103600008,22.68931778900003],[90.50378691800006,22.694795859000067],[90.50997822700003,22.596901781000042],[90.50685448300004,22.58739886500007],[90.47703655100008,22.585491457000046],[90.47748023000008,22.578913551000028],[90.51131506000007,22.580679435000036],[90.59150632500007,22.529327783000042],[90.59102432000003,22.52431555800007],[90.58548420700004,22.525623953000036],[90.60029536800005,22.51010057900004],[90.60928788000007,22.48598515300006],[90.60632504300008,22.479632048000042],[90.59921583700003,22.48534114100005],[90.59259606700004,22.500822078000056],[90.58837334900005,22.504928994000068],[90.59487359600007,22.48990317700003],[90.60484205500006,22.476000686000077],[90.59117174600004,22.454586538000058],[90.58630429400006,22.42840763600003],[90.60788844500007,22.404120600000056],[90.61567736300003,22.40402506600003],[90.59178231200008,22.424820991000047],[90.59464603400005,22.44527065400007],[90.61754032000005,22.47580519400003],[90.63340612800005,22.476004508000074],[90.63234947600006,22.46298427100004],[90.64456302100007,22.45190434500006],[90.63872089700004,22.41833609100007],[90.64315452600005,22.38136209700008],[90.65697929500004,22.383091291000028],[90.65823957100008,22.36602752500005],[90.66094369900009,22.382174871000075],[90.66766262400006,22.378992237000034],[90.66907215900005,22.351259988000038],[90.66071807700007,22.355848740000056],[90.66056914400008,22.317660190000026],[90.64334700500007,22.313921366000045],[90.64617726800003,22.306679897000038],[90.63444325300009,22.286940516000072],[90.61731602200007,22.274237330000062],[90.61808647600003,22.295080529000074],[90.62749000400004,22.31211968300005],[90.61153153000004,22.313266402000068],[90.59386733000008,22.26696149000003],[90.52933997800005,22.207331916000044],[90.51844488800003,22.176484240000036],[90.51088107600003,22.171345083000062],[90.50249805000004,22.166494928000077],[90.49687147700007,22.17205776800006],[90.48538926200007,22.206005634000064],[90.49551640100003,22.21159212200007],[90.48343070100003,22.205652917000066],[90.49714451500006,22.15470332600006],[90.43645957400008,22.08034635000007],[90.39083311800005,22.089401574000078],[90.38677324800005,22.105665791000035],[90.38799664200008,22.121391165000034],[90.40509221300005,22.142814955000063],[90.40664735300004,22.172517867000067],[90.43208190000007,22.18153553700006],[90.43672279300006,22.191126009000072],[90.39820783900007,22.17158248000004],[90.39849004800004,22.149093976000074],[90.38552024700004,22.137343798000074],[90.37468832000008,22.114155781000022],[90.37768346900003,22.08288281800003],[90.33163931000007,22.04688801700007],[90.30755060500007,21.982251146000067],[90.29783157400004,21.992021890000046],[90.28701888300003,21.99366654100004],[90.27171791800004,22.02125394500007],[90.28381289000004,21.992739863000054],[90.26471283000006,21.976421438000045],[90.25723992000007,21.953963376000047],[90.22695699100007,21.98033773700007],[90.21728834500004,21.985014946000035],[90.17365646700006,21.977417685000034],[90.16389952200007,21.98407297600005],[90.15567151000005,21.98336386400007],[90.13262784400007,21.953312510000046],[90.14339156600005,21.929064522000033],[90.11469182700006,21.925818737000043],[90.11431813800004,21.904226567000023],[90.07653803100004,21.86232008500008],[90.04611623900007,21.865056523000078],[90.02399003300008,21.883777632000033],[90.02856134100006,21.945211436000022],[90.07115915500003,21.969676588000027],[90.07649737300005,22.00870275500006],[90.09029901300005,22.04147443000005],[90.14028881100006,22.08427517900003],[90.15807026200008,22.113708642000063],[90.18142583300005,22.106352035000043],[90.19839068500005,22.108065528000054],[90.21668691900004,22.120472027000062],[90.22496205300007,22.14167542100006],[90.21023991800007,22.152780875000076],[90.20277420000008,22.12395602500004],[90.17651417800005,22.12745265600006],[90.14832254800007,22.118799969000065],[90.12689283300006,22.089927342000067],[90.08085938300007,22.05297700500006],[90.06086678400004,22.012731126000062],[90.05649516600005,21.97883638600007],[90.01648242600004,21.983427832000075],[89.99620301700008,21.999890323000045],[89.98672756700006,22.031769645000054],[90.02049580500005,22.044246818000033],[90.03021576600008,22.054858698000032],[90.03565796800007,22.07766199200006],[90.03032846700006,22.101853910000045],[90.03320672100006,22.124083917000064],[90.06549274100007,22.148981967000054],[90.07073257700006,22.160653727000067],[90.06535011000005,22.173507205000078],[90.05244432200004,22.182267093000064],[90.03347816300004,22.186616813000057],[90.04190342600003,22.18090227400006],[90.03143116500007,22.177845061000028],[90.01975836000008,22.187663943000075],[90.02333746800008,22.173566347000076],[90.06010907000007,22.16122264300003],[90.02020105800005,22.135273016000042],[90.01288666400006,22.116102815000033],[90.02264157300004,22.081068927000047],[89.98376319800008,22.050998397000058],[89.97350909000005,22.035698379000053],[89.97138496300005,22.016574844000047],[89.98848500700007,21.965771398000072],[89.98202742300003,21.96280659400003],[89.98582096300004,21.95525311800003],[89.95671675200003,21.946723225000028],[89.93833954300004,21.958860832000028],[89.93275676500008,22.005424133000076],[89.91654512700006,22.023870749000025],[89.90102619800007,22.073104258000058],[89.91028775600006,22.108296301000053],[89.90719307400008,22.15876038400006],[89.89760556200008,22.178268210000056],[89.88587292600005,22.177272801000072]],[[90.49969657900004,21.910544171000026],[90.51135945900006,21.89105058100006],[90.49040657700004,21.87557689600004],[90.48947727900008,21.895945754000024],[90.49969657900004,21.910544171000026]],[[90.30239605500003,21.959949813000037],[90.26416044900003,21.875585947000047],[90.25864861200006,21.844040886000073],[90.21947528400005,21.806206880000047],[90.18497362900007,21.79772956000005],[90.15271531700006,21.80280142600003],[90.10057706000003,21.822686427000065],[90.08331449100007,21.844826556000044],[90.08955981300005,21.865654986000038],[90.11046747400007,21.878525886000034],[90.11752505000004,21.89893700700003],[90.14785617300004,21.892159091000053],[90.16054005800004,21.91027765700005],[90.17269950600007,21.906628870000077],[90.18104595100004,21.92547730700005],[90.19004136200004,21.92816853000005],[90.19678754000006,21.934810122000044],[90.19508792300007,21.944023282000046],[90.19263785100009,21.93236071000007],[90.17851260100008,21.925683639000056],[90.17288340100004,21.91034279200005],[90.15730898000004,21.911075550000078],[90.14707134000008,21.89502126700006],[90.11905641900006,21.903219222000075],[90.11815239500004,21.925212092000038],[90.14174680400004,21.924046041000054],[90.14777518000005,21.93154659700008],[90.13667938800006,21.956416836000074],[90.16084665700004,21.98168548800004],[90.17424308600005,21.975169978000054],[90.20818705100004,21.983305649000044],[90.22337309100004,21.980442883000023],[90.25448544400007,21.95070842100006],[90.26372246300008,21.957434817000035],[90.27255114000008,21.978121514000065],[90.29605203200003,21.98993728100004],[90.30439976500008,21.974193094000043],[90.30239605500003,21.959949813000037]],[[90.42260084300005,21.896630449000043],[90.45988780200008,21.910394861000043],[90.45116736800009,21.890722267000058],[90.41768821100004,21.880770899000026],[90.42260084300005,21.896630449000043]],[[90.47520543800005,21.902154765000034],[90.48356553200006,21.92020169400007],[90.48669097700008,21.920335899000065],[90.47520543800005,21.902154765000034]],[[90.49837684200008,21.960245378000025],[90.46451766600006,21.91884551100003],[90.40861419100008,21.894004788000075],[90.39208939700006,21.865941924000026],[90.39318159300007,21.870692387000076],[90.37170329100007,21.88506468500003],[90.35507937600005,21.915555124000036],[90.37498896900007,21.868348231000027],[90.35804516500008,21.851557145000072],[90.34256966900006,21.847765523000078],[90.32346820200007,21.84766066800006],[90.31170999100004,21.857197142000075],[90.30679809700007,21.883166422000045],[90.35611086500006,21.979134016000046],[90.41913988700009,22.032816742000023],[90.46384249800008,22.05471193300008],[90.47698519500005,22.036389730000053],[90.48305776200004,21.99219598700006],[90.49837684200008,21.960245378000025]],[[90.349626,22.003698737000036],[90.36457678100004,22.03617538700007],[90.38090363300006,22.05352814400004],[90.39011542400004,22.046455070000036],[90.38823130600008,22.03719669700007],[90.34178867100007,21.995528281000077],[90.349626,22.003698737000036]],[[90.36797900400006,22.049643812000056],[90.34292916700008,22.00248813500008],[90.34015653800003,22.02227441900004],[90.36456954000005,22.06053541500006],[90.38996932100008,22.083950249000054],[90.42605706600006,22.075780930000064],[90.39927737300007,22.055187914000044],[90.39233253100008,22.047435938000035],[90.38100612900007,22.05493247800007],[90.36797900400006,22.049643812000056]],[[90.34625540800005,22.040697093000063],[90.34589288900008,22.049781461000066],[90.34993436400003,22.05084853900007],[90.34625540800005,22.040697093000063]],[[90.36683317800004,22.041249980000032],[90.36813423000007,22.048537590000024],[90.37666858400007,22.051984300000072],[90.37627573900005,22.048877636000043],[90.36683317800004,22.041249980000032]],[[90.39105738500007,22.039221878000035],[90.39808317300003,22.053128714000025],[90.40604219200009,22.056694701000026],[90.39453394400005,22.044711281000048],[90.39105738500007,22.039221878000035]],[[90.47887643400009,22.064588642000047],[90.47861945500006,22.04546676500007],[90.48453534500004,22.032003684000074],[90.47486354300008,22.053246126000033],[90.47887643400009,22.064588642000047]],[[90.44698824300008,22.056432163000068],[90.44392851000003,22.061998046000042],[90.44726645400004,22.063423166000064],[90.44698824300008,22.056432163000068]],[[90.45843586100005,22.067874148000044],[90.45090103400008,22.05731781000003],[90.45092604900003,22.065205880000065],[90.45843586100005,22.067874148000044]],[[89.87967503300007,22.078689953000037],[89.87520979800007,22.083075136000048],[89.88181932600008,22.09078678800006],[89.88423658500005,22.082900238000036],[89.87967503300007,22.078689953000037]],[[90.38771388100008,22.13255773800006],[90.39184089800005,22.14057969600003],[90.39718092200008,22.141570727000044],[90.39577335700005,22.133685757000023],[90.38771388100008,22.13255773800006]],[[89.88774280300004,22.16523912100007],[89.89092844900006,22.158267821000038],[89.89121769100007,22.150058757000068],[89.88928940600005,22.158189925000045]],[[90.45235819100003,22.767034459000058],[90.45692729900009,22.761524227000052],[90.45752385400004,22.754925737000065],[90.44187422800007,22.760944967000057],[90.45235819100003,22.767034459000058]],[[90.50704869000003,22.81987650800005],[90.49314815500009,22.80814891400007],[90.49141558500008,22.810365215000047],[90.49860971100009,22.82121778900006],[90.50704869000003,22.81987650800005]],[[90.47449898600007,22.984832652000023],[90.42505446800004,22.989992143000052],[90.41300024500003,22.999010526000063],[90.45173571100008,23.006324543000062],[90.47209946700008,22.992727038000055],[90.47449898600007,22.984832652000023]],[[90.49851037500008,23.06904484200004],[90.49781582600008,23.048755603000075]],[[90.54938421700007,21.85523737500006],[90.49704458200006,21.810607189000052],[90.48149411600008,21.814669150000043],[90.47574466800006,21.82549065300003],[90.48169314000006,21.843592563000072],[90.50223386800008,21.859929583000053],[90.54938421700007,21.85523737500006]],[[90.54435056400007,21.857814226000073],[90.50356291200006,21.866166704000022],[90.52601992800004,21.886797433000027],[90.55714219700008,21.861452764000035],[90.54435056400007,21.857814226000073]],[[90.60340358800005,21.971975108000038],[90.57775773200007,21.884771426000043],[90.56998011600007,21.88040044400003],[90.51713369800007,21.891522671000075],[90.50669365200008,21.916080393000072],[90.50881278700007,21.928503877000026],[90.52984985800003,21.957026322000047],[90.56899946100003,21.988017596000077],[90.58728844400008,21.98393598900003],[90.60340358800005,21.971975108000038]],[[90.54293593400007,21.980774800000063],[90.55064047600007,21.984908329000064],[90.54369932400004,21.979338066000025],[90.54293593400007,21.980774800000063]],[[90.56538671200008,22.000204131000032],[90.55773000800008,21.993759220000072],[90.55391427000006,21.996370934000026],[90.56511465100004,22.009168811000052],[90.56538671200008,22.000204131000032]],[[90.57823302800006,22.020309789000066],[90.59537717200004,22.028413687000068],[90.62184747800006,21.993751173000078],[90.62070868800004,21.986527222000063],[90.60703649500005,21.97770555900007],[90.56840198000003,21.99122967900007],[90.57823302800006,22.020309789000066]],[[90.57622134700006,22.05009300200004],[90.50405231600007,21.958876282000062],[90.48477017600004,22.015585817000044],[90.50549214700004,22.02888533600003],[90.48761165300004,22.025736556000027],[90.48112834700004,22.04927671400003],[90.48513491000006,22.073742034000077],[90.53906193100005,22.136414546000026],[90.56738118000004,22.17972624300006],[90.60154756700007,22.187443877000078],[90.59894384300009,22.16661012000003],[90.60777571800008,22.107776555000044],[90.58976984400005,22.058649870000067],[90.57622134700006,22.05009300200004]],[[90.49830587100007,22.138336237000033],[90.50500795300007,22.13989324000005],[90.50538002000008,22.136306624000042],[90.50044661400005,22.13424225600005],[90.49830587100007,22.138336237000033]],[[90.54214049300003,22.178278341000066],[90.53820723200005,22.189913819000026],[90.54293286400008,22.200684614000068],[90.54214049300003,22.178278341000066]],[[90.57627222300005,22.21712274600003],[90.56627184400008,22.203951697000036],[90.57856084500008,22.227333005000048],[90.57627222300005,22.21712274600003]],[[90.57935446100004,22.22535821400004],[90.58784530100007,22.238309964000052],[90.58534068200004,22.21016153200003],[90.56648350100005,22.19277633100006],[90.57566226600005,22.20911760300004],[90.57935446100004,22.22535821400004]],[[90.60701390600008,22.554757736000056],[90.59857553400008,22.551682060000076],[90.60544099700007,22.54813097300007],[90.59782660800005,22.542781584000068],[90.57012637300005,22.556685361000063],[90.55447335900004,22.57218944300007],[90.55252329500007,22.586584869000035],[90.57386532400005,22.58176878200004],[90.58839792300006,22.571976516000063],[90.57522283700007,22.570456583000066],[90.59269885400005,22.569630311000026],[90.60701390600008,22.554757736000056]],[[90.54638781500006,22.571165552000025],[90.53119118100005,22.586934891000055],[90.53112416500005,22.57738336400007],[90.52289492800008,22.57908328600007],[90.52059412900007,22.638032562000035],[90.52576639800003,22.64068852200006],[90.53492201100005,22.641044711000063],[90.52740632700005,22.61488098600006],[90.54638781500006,22.571165552000025]],[[90.55162294000007,22.587224556000024],[90.54240957800005,22.60490437900006],[90.55283248400008,22.612397827000052],[90.59195421300007,22.574063504000037],[90.56282768300008,22.589217421000058],[90.55162294000007,22.587224556000024]],[[90.56844313600004,22.601148342000045],[90.56928278900006,22.601862415000028],[90.57576159300004,22.59681998800005],[90.56844313600004,22.601148342000045]],[[90.53991319500005,22.60704897900007],[90.53303073300003,22.617962087000024],[90.54465894800006,22.615724190000037],[90.53991319500005,22.60704897900007]],[[90.57056303200005,22.656881972000065],[90.56625370700004,22.64843615500007],[90.55054147200008,22.64686285700003],[90.54257387000007,22.66720636200006],[90.53806683600004,22.644517789000076],[90.52249895000006,22.640553818000058],[90.51803378000005,22.658398774000034],[90.52212623500003,22.699266585000032],[90.53151804400005,22.705578374000027],[90.56796390500006,22.69756572400007],[90.57056303200005,22.656881972000065]],[[90.52869008600004,22.724733558000025],[90.53765120300005,22.710171779000063],[90.52646294200008,22.708296978000078],[90.52869008600004,22.724733558000025]],[[90.54346207900005,22.724746701000072],[90.54651556000005,22.75460989100003],[90.56027247800006,22.769891210000026],[90.54776011200005,22.759863976000076],[90.54135261800008,22.736044376000052],[90.53564405700007,22.735002735000023],[90.52903394800006,22.74482445500007],[90.52950909200007,22.767815750000068],[90.54126990700007,22.783025414000065],[90.56817588100006,22.799506276000045],[90.59942762600008,22.80820028200003],[90.62400716100007,22.80354214500005],[90.65651168700003,22.782497186000057],[90.66267493700008,22.745712122000043],[90.68662605400004,22.686241301000052],[90.69811638800007,22.676487748000056],[90.70039019700005,22.65759598900007],[90.72566430500007,22.61877419600006],[90.73865268100008,22.616325028000063],[90.75809213500008,22.596232994000047],[90.76187273800008,22.54420646600005],[90.77309838500008,22.517670448000047],[90.86493009700007,22.42523275600007],[90.86446633800006,22.410940373000074],[90.84365391400007,22.375821924000036],[90.83638159500003,22.345791762000033],[90.84119604700004,22.265888278000034],[90.81054733100007,22.124974853000026],[90.78098989700004,22.07750559400006],[90.74075319400004,22.053120793000062],[90.70541414500008,22.011466729000063],[90.68458760000004,21.999800150000056],[90.62926080300008,21.99406874700003],[90.59659748100006,22.040849700000024],[90.62332837800005,22.11427589400006],[90.62295303000008,22.168918977000033],[90.61262387300008,22.165946382000072],[90.65078256000004,22.216089485000055],[90.67778201500005,22.278794369000025],[90.68435793100008,22.331781910000075],[90.68138265400006,22.36006997100003],[90.67457048000006,22.36934881700006],[90.67779939000008,22.388648123000053],[90.66775148100004,22.501888550000047],[90.67039141200007,22.533967862000054],[90.65710363900007,22.556571418000033],[90.62153483100008,22.56699056800005],[90.62065780900008,22.585230310000043],[90.60968953100007,22.600450205000072],[90.61718647800006,22.62989901000003],[90.61386627100006,22.647550917000046],[90.60840163500006,22.60031168300003],[90.61936327200004,22.582080596000026],[90.62085517000008,22.55884259100003],[90.60026983100005,22.57111055400003],[90.58701274400005,22.588703456000076],[90.55442606600008,22.614441842000076],[90.53434192900005,22.619225547000042],[90.53670741800005,22.631694276000076],[90.57221045100005,22.648974803000044],[90.57745747700005,22.660449537000034],[90.56798099200006,22.70436651400007],[90.54865775800005,22.703026403000024],[90.54346207900005,22.724746701000072]],[[90.51312687200004,22.714114753000047],[90.48520310800006,22.755274273000055],[90.50161371900003,22.774822421000067],[90.50245452100006,22.793271596000068],[90.51454955200006,22.801502923000044],[90.52928612000005,22.785775664000028],[90.52151380500004,22.76180428600003],[90.52328267300004,22.711988034000058],[90.51312687200004,22.714114753000047]],[[90.65633525800007,22.84481171400006],[90.67625160600005,22.81737252000005],[90.64967123100007,22.80696208100005],[90.58573690400004,22.812902809000036],[90.54064870000008,22.79441930200005],[90.51696948100005,22.80405834900006],[90.49669754500007,22.801637158000062],[90.49476085600008,22.80800079200003],[90.50867984400008,22.81646540500003],[90.50863725800008,22.822381058000076],[90.49811493400006,22.82701544400004],[90.49827755500007,22.836216941000032],[90.49628078100005,22.827798048000034],[90.50067714700003,22.822466113000075],[90.49234776200007,22.818608230000052],[90.49013976700007,22.813954314000057],[90.49405994900007,22.799398548000056],[90.48652342400004,22.796983796000063],[90.49091112500008,22.84869245300007],[90.53356774500008,22.888995472000033],[90.54943131100003,22.888750050000056],[90.57090361200005,22.878827492000028],[90.62299211200008,22.86978895900006],[90.65141618400008,22.848095753000052]],[[90.48267014200007,22.85196800600005],[90.49626918500007,22.868417874000045],[90.52324733400008,22.882224243000053],[90.48729000500003,22.845740035000063],[90.48267014200007,22.85196800600005]],[[90.59348868200004,22.882731334000027],[90.56996346300008,22.887003780000043],[90.56497502800005,22.895458158000054],[90.56861974800006,22.898822497000026],[90.56045475600007,22.89578524600006],[90.59555858200008,22.912053583000045],[90.60123490000007,22.900412016000075],[90.59348868200004,22.882731334000027]],[[90.48980835900005,23.022529978000023],[90.51463961300004,23.03231717500006],[90.59081826300007,22.93735767100003],[90.58666414100009,22.919543657000077],[90.55799663100004,22.900286851000033],[90.53915198300007,22.89719699500006],[90.54049717300006,22.911103221000076],[90.52699056200004,22.941072099000053],[90.51367807100007,22.955694970000025],[90.49711812500004,22.958233591000067],[90.48303334300005,22.974816582000074],[90.47571411400008,23.007582789000026]],[[90.58959468100005,23.024862408000047],[90.59658921400006,23.01241052200004],[90.59158219300008,23.001005161000023],[90.58959468100005,23.024862408000047]],[[90.58866270600004,23.02543440200003],[90.58840293500003,22.994229123000025],[90.57287257000007,23.021245624000073],[90.56683518000006,23.043525672000044]],[[90.56558434700008,23.044929726000078],[90.56093717100003,23.03333864600006],[90.57425330200005,22.999730327000066],[90.56044365000008,23.015474996000023],[90.56783280400003,22.995499393000046],[90.54615842700008,23.01101508800008],[90.54151329900003,23.037560460000066],[90.54830779900004,23.059733270000038]],[[90.68001200800006,21.930344598000033],[90.64740070200008,21.896724574000075],[90.61341774300007,21.89226524000003],[90.63417603100004,21.975848323000037],[90.69993059100005,21.974816322000038],[90.68001200800006,21.930344598000033]],[[90.61104166500007,21.90855233600007],[90.60405178200006,21.90327157200005],[90.60887217100009,21.958566347000044],[90.61609101700003,21.968817930000057],[90.61104166500007,21.90855233600007]],[[90.67804454300006,21.986734242000068],[90.70795643900004,21.997507621000068],[90.69208203700003,21.979935002000047],[90.67804454300006,21.986734242000068]],[[90.58947400400007,22.240980966000052],[90.63164022800004,22.242591606000076],[90.62750754900009,22.202403439000022],[90.60202382700004,22.19164776100007],[90.57750847600005,22.19068489800003],[90.58653085600008,22.206332729000053],[90.59203505100004,22.227203787000064],[90.58947400400007,22.240980966000052]],[[90.67303021500004,22.276430033000054],[90.66436988700008,22.25901697300003],[90.67381574000007,22.29033782700003],[90.67303021500004,22.276430033000054]],[[90.61336148500004,22.259952089000024],[90.63546261900007,22.285084007000023],[90.64643767700005,22.305118535000076],[90.64996056400008,22.303132531000074],[90.65229890700004,22.288064768000027],[90.61336148500004,22.259952089000024]],[[90.67635666200005,22.35393084100008],[90.67956582200009,22.33214253600005],[90.67408315000006,22.292583612000044],[90.67100078200008,22.29787865800006],[90.67635666200005,22.35393084100008]],[[90.66517766800007,22.40093224700007],[90.66784795100006,22.388566148000052],[90.66059296200007,22.40342206300005],[90.66517766800007,22.40093224700007]],[[90.66685678600004,22.43672182100005],[90.67466433100003,22.391965893000076],[90.67304389800006,22.386427324000067],[90.66924668200005,22.395772987000043],[90.66040478000008,22.40947319600008],[90.66685678600004,22.43672182100005]],[[90.66666995100007,22.451131935000035],[90.66312537300007,22.463707622000072],[90.66611678300006,22.464519342000074],[90.66968894700005,22.458624748000034],[90.66666995100007,22.451131935000035]],[[90.64419669400007,22.46240949500003],[90.64059891000005,22.47408776700007],[90.63408925500005,22.479132854000056],[90.64688625600007,22.47673975200007],[90.64419669400007,22.46240949500003]],[[90.61121124300007,22.478325445000053],[90.60111198500005,22.466883186000075],[90.60878686800004,22.48325942100007],[90.61121124300007,22.478325445000053]],[[90.65200993700006,22.549260525000022],[90.64342303600006,22.528691910000077],[90.63429501900004,22.534515326000076],[90.64963910300008,22.493435937000072],[90.63567722500005,22.488950198000055],[90.60208509200004,22.536356865000073],[90.61264575600006,22.550610255000038],[90.63854749300003,22.55390361800005],[90.62736479000006,22.552468651000027],[90.65200993700006,22.549260525000022]],[[90.66008245800003,22.546780623000075],[90.65902448400004,22.540690092000034],[90.65661724400007,22.548587411000028],[90.66008245800003,22.546780623000075]],[[90.70848559600006,22.662917503000074],[90.71182082200005,22.650474148000058],[90.70371466100005,22.666667072000052],[90.70848559600006,22.662917503000074]],[[90.72128954400006,22.679607431000022],[90.69614657800008,22.719394221000073],[90.70486595000006,22.75171768900003],[90.72772494200007,22.728828388000068],[90.72248280700006,22.724072127000056],[90.72789155700008,22.710505221000062],[90.72128954400006,22.679607431000022]],[[90.68772229400008,22.760118902000045],[90.67932130300005,22.754956449000076],[90.67766728600003,22.759265610000057],[90.68329794500005,22.76444002200003],[90.68772229400008,22.760118902000045]],[[90.68736334000005,22.77852415800004],[90.67992059900007,22.771983163000073],[90.67644920000004,22.77361121000007],[90.68736334000005,22.77852415800004]],[[90.67252428300009,22.79787353100005],[90.66245265800006,22.79413947000006],[90.65818026500006,22.79549550200005],[90.67252428300009,22.79787353100005]],[[90.66151842300008,22.799030945000027],[90.64409708700003,22.805507464000073],[90.67610032300007,22.807574012000032],[90.66151842300008,22.799030945000027]],[[90.60103959400004,22.884987271000057],[90.59899992600003,22.889238928000054],[90.60193542800005,22.896756528000026],[90.60649651200004,22.88849349000003],[90.60103959400004,22.884987271000057]],[[90.68752952600005,22.906018948000053],[90.68913545500004,22.903749180000034],[90.68459075900006,22.90319747600006],[90.68752952600005,22.906018948000053]],[[90.66079716600007,22.904985150000073],[90.64948402000005,22.913062325000055],[90.65276311500008,22.929778938000027],[90.66158170100005,22.917840084000034],[90.66079716600007,22.904985150000073]],[[90.66766076600004,22.915759595000054],[90.66675932400005,22.92770863800007],[90.67803977700004,22.91719707200008],[90.67280032900004,22.911674670000025],[90.66766076600004,22.915759595000054]],[[90.68386613500007,22.910845488000064],[90.67684980000007,22.926709558000027],[90.66412378900009,22.94283669500004],[90.68741660900008,22.918433830000026],[90.68386613500007,22.910845488000064]],[[90.65274376000008,22.936423492000074],[90.65822098800004,22.937882880000075],[90.65623909500005,22.933541045000027],[90.65274376000008,22.936423492000074]],[[90.59896245300007,23.012019344000066],[90.59847557700004,23.007002132000025],[90.59760204300005,23.01485242900003],[90.59896245300007,23.012019344000066]],[[90.78752502900005,21.902831613000046],[90.80508111900008,21.923823494000032],[90.81961344800004,21.929633729000045],[90.82253307700006,21.925795769000047],[90.80566146900009,21.914899775000038],[90.82551331600007,21.905096231000073],[90.83230502000004,21.88976904200007],[90.81051746300005,21.863310628000022],[90.76920457500006,21.855862001000048],[90.78752502900005,21.902831613000046]],[[90.71405325200004,21.862701737000066],[90.71574567400006,21.899075095000057],[90.73406666100004,21.925479031000066],[90.74457682000008,21.93174214800007],[90.75796800500007,21.930342491000033],[90.76158464800005,21.911824680000052],[90.73429656800005,21.86036580500007],[90.71405325200004,21.862701737000066]],[[90.79256166500005,21.936981485000047],[90.77877793900007,21.913431323000054],[90.77994345100007,21.934556048000047],[90.82960015000003,21.997463422000067],[90.83195590800005,21.988320694000038],[90.81701465500004,21.957035620000056],[90.81804708700008,21.944840184000043],[90.79256166500005,21.936981485000047]],[[90.86102450400006,21.96794939800003],[90.86044897200009,21.940416912000046],[90.84962829200003,21.93894335500005],[90.85578772600007,21.923518047000073],[90.84895570600008,21.92054174200007],[90.83818482000004,21.931640233000053],[90.83082779800009,21.96174673200005],[90.83759233700005,21.979256922000047],[90.85431895100004,21.990739510000026],[90.86807513100007,21.97699503900003],[90.86102450400006,21.96794939800003]],[[90.76170186700006,21.986217599000042],[90.75547702500006,21.991696191000074],[90.77369622900005,21.995722341000032],[90.76663917000008,21.98930176300007],[90.76170186700006,21.986217599000042]],[[90.84710830400007,21.997851884000056],[90.84081760600009,21.99166974600007],[90.83639464300006,21.99790686800003],[90.83819007600005,22.011139483000022],[90.84710830400007,21.997851884000056]],[[90.71635874700007,22.00167794200007],[90.71143921400005,22.002034184000024],[90.72247161800004,22.00920449700004],[90.71635874700007,22.00167794200007]],[[90.78553295500006,22.02511416400006],[90.78568849500004,22.004557082000076],[90.76879753600008,22.004589433000035],[90.77527024400007,22.021195130000024],[90.78553295500006,22.02511416400006]],[[90.74859580600008,22.053832965000026],[90.75730545900007,22.052311040000063],[90.75313796000006,22.03999655800004],[90.73321079500005,22.018956839000055],[90.72066039100008,22.016000759000065],[90.74859580600008,22.053832965000026]],[[90.88050978300004,22.084839717000023],[90.88857990100007,22.091632076000053],[90.89456954700006,22.085719564000044],[90.89768715100007,22.059553679000032],[90.89093358400004,22.04979089400007],[90.87908244700003,22.057216675000063],[90.88050978300004,22.084839717000023]],[[90.89562630200004,22.088827035000065],[90.88637005400005,22.093323224000073],[90.88911804200006,22.098040858000047],[90.89562630200004,22.088827035000065]],[[90.89323914800008,22.125170957000023],[90.89205858600008,22.108780632000048],[90.87606345200004,22.102270284000042],[90.89323914800008,22.125170957000023]],[[91.01746720500006,22.186968484000033],[91.01698806900004,22.17868359600004],[91.01505079600008,22.17566270100008],[91.01746720500006,22.186968484000033]],[[90.99968936800008,22.28989748400005],[90.98906619800005,22.199760603000072],[90.97171037000004,22.165447150000034],[90.93338537000005,22.108785459000046],[90.91975113300003,22.074922318000063],[90.90444670900007,22.07572471700007],[90.89861329800004,22.09815294200007],[90.89443611100006,22.094638300000042],[90.90006599300006,22.12094718800006],[90.95975470000008,22.25629477600006],[90.97198582900006,22.302159759000062],[90.96977710400006,22.343138985000053],[90.97889458800006,22.346334453000054],[90.98871797500004,22.34388492000005],[90.99968936800008,22.28989748400005]],[[90.89374734900008,22.24600255300004],[90.91076352100004,22.292611170000043],[90.91163637800008,22.26478529800005],[90.89871386100003,22.207446037000068],[90.89374734900008,22.24600255300004]],[[91.00941331300004,22.256773879000036],[91.01365796200008,22.26984692700006],[91.01295073500006,22.241694392000056],[91.00941331300004,22.256773879000036]],[[90.93133336700004,22.284415973000023],[90.93900303600003,22.286905113000046],[90.93719626300003,22.26631274500005],[90.92325588800009,22.231544609000025],[90.91940307500005,22.235151624000025],[90.93133336700004,22.284415973000023]],[[90.87086724300008,22.28916901300005],[90.87465861300007,22.291729970000063],[90.87348194400005,22.288366219000068],[90.87086724300008,22.28916901300005]],[[90.87662552100005,22.29824441100004],[90.87310697100008,22.302422208000053],[90.87952223000008,22.305542523000042],[90.87662552100005,22.29824441100004]],[[91.00026483600004,22.32427842000004],[91.01606444800007,22.29597740500003],[91.01060689200006,22.283535346000065],[91.00026483600004,22.32427842000004]],[[90.96591096000003,22.30080094500005],[90.96105652300008,22.31206336300005],[90.96450139000007,22.316153667000037],[90.96701158200005,22.307677829000056],[90.96591096000003,22.30080094500005]],[[90.93721716600004,22.327212476000057],[90.93803416200006,22.303354700000057],[90.92583039400006,22.29897920700006],[90.93721716600004,22.327212476000057]],[[91.02399510200007,22.31618071400004],[91.01939718200003,22.29281602100008],[91.00773262300004,22.33393588900003],[91.01901275200004,22.33230739800007]],[[90.92961269100005,22.346520600000076],[90.93714149400006,22.335052504000032],[90.91796015700004,22.285543696000047],[90.91068191500005,22.30379735500003],[90.92961269100005,22.346520600000076]],[[90.88628391700007,22.326873670000055],[90.88551882800004,22.31554840800004],[90.87782255300004,22.317167734000066],[90.88628391700007,22.326873670000055]],[[90.85382062000008,22.336799635000034],[90.85625631200008,22.344387383000026],[90.85833636700005,22.331613106000077],[90.85382062000008,22.336799635000034]],[[90.87090188700006,22.33398795000005],[90.86490172400005,22.35663071500005],[90.88467325900007,22.395100162000062],[90.88963947700006,22.38790263100003],[90.88795257600003,22.35693617800007],[90.89765810000006,22.355783124000027],[90.88613089300009,22.341171432000067],[90.87090188700006,22.33398795000005]],[[90.99017511300008,22.391004017000057],[90.99417414600003,22.370661163000022],[90.98989301000006,22.36485557800006],[90.96794954600006,22.36508396800008],[90.95523792000006,22.373763732000043],[90.94893312700003,22.391487247000043],[90.95984143600003,22.41546695900007],[90.97227792600006,22.420598305000055]],[[90.96773220900008,22.427628345000073],[90.94760449700004,22.417960669000024],[90.93703699700006,22.425335893000067],[90.93786311400004,22.45644994500003],[90.95087613500004,22.464541818000043]],[[90.90836154800007,22.463119600000027],[90.90197031700006,22.453021466000052],[90.89301050800003,22.45120703300006],[90.89319828500004,22.46439920800003],[90.90836154800007,22.463119600000027]],[[90.88248735100007,22.490701452000053],[90.86306568200007,22.498598182000023],[90.86051578300004,22.527101594000044],[90.85242373100004,22.541628479000053],[90.90496508000007,22.502335897000023],[90.90394025800003,22.495075780000036],[90.88248735100007,22.490701452000053]],[[90.93392740200005,22.49373046100004],[90.92204781000004,22.494320257000027],[90.84096095200005,22.564219643000058],[90.84312002200005,22.572191246000045],[90.86040682100008,22.579317506000052],[90.89375066900004,22.56028032100005]],[[90.84175155500003,22.551053658000058],[90.85221271100005,22.544975600000043],[90.84463002500007,22.529336800000067],[90.84175155500003,22.551053658000058]],[[90.74068749500003,22.665790429000026],[90.74698062000004,22.662713862000032],[90.74677327300003,22.660145400000033],[90.74068749500003,22.665790429000026]],[[90.74104518200005,22.683563884000023],[90.74452545200006,22.669828899000038],[90.73102619700006,22.668982656000026],[90.73405927600004,22.687229167000055],[90.74104518200005,22.683563884000023]],[[90.65141618400008,22.848095753000052],[90.65633525800007,22.84481171400006]],[[90.65633525800007,22.84481171400006],[90.64386135100006,22.83671178000003],[90.65141618400008,22.848095753000052]],[[90.73285457400004,22.872022859000026],[90.74010667500005,22.88709437400007],[90.75267767800005,22.87470290600004],[90.74237361300004,22.87055035700007],[90.73641689100003,22.86297213000006],[90.73285457400004,22.872022859000026]],[[90.71261115900006,22.888133461000052],[90.71218927500007,22.893812127000047],[90.71472827900004,22.88609262700004],[90.71261115900006,22.888133461000052]],[[90.68360709100006,22.895519550000074],[90.68459075900006,22.90319747600006],[90.69709858700008,22.900527999000076],[90.68723417500007,22.89856333700004],[90.68360709100006,22.895519550000074]],[[90.72884304400009,22.898587431000067],[90.72383988700005,22.908552945000054],[90.73408727700007,22.895169665000026],[90.72884304400009,22.898587431000067]],[[90.72441918500004,22.910796728000037],[90.72006003300004,22.91578758600008],[90.72133030300006,22.92180465000007],[90.72379298200008,22.91911682400007],[90.72441918500004,22.910796728000037]],[[90.67691680300004,22.93136191600007],[90.68358922800007,22.925018587000068],[90.68741660900008,22.918433830000026],[90.68506042600006,22.917472946000032],[90.67691680300004,22.93136191600007]],[[90.66780791900004,22.93968785800007],[90.66634541200006,22.943518984000036],[90.67691680300004,22.93136191600007],[90.66780791900004,22.93968785800007]],[[90.61719519100006,23.02992186800003],[90.61238415500009,23.016795655000067],[90.61272635400007,23.035293056000057],[90.61719519100006,23.02992186800003]],[[90.58959468100005,23.024862408000047],[90.59363016800006,23.046722773000056],[90.60838643800008,23.029238977000034],[90.60174161500004,23.009920452000074],[90.58959468100005,23.024862408000047]],[[90.58866270600004,23.02543440200003],[90.56683518000006,23.043525672000044]],[[90.56683518000006,23.043525672000044],[90.56718965700009,23.054169414000057],[90.57596048300007,23.059216590000062],[90.58596843200007,23.044182548000038],[90.58866270600004,23.02543440200003]],[[90.54830779900004,23.059733270000038],[90.56775018800005,23.086703055000044],[90.57725738300007,23.08676400400003],[90.58642064600008,23.067180348000022],[90.56752742000003,23.057753233000028],[90.56558434700008,23.044929726000078]],[[90.56558434700008,23.044929726000078],[90.54830779900004,23.059733270000038]],[[90.61592802200005,23.091677004000076],[90.61947856400008,23.060648642000046],[90.61298053500008,23.063016367000046],[90.60727126900008,23.03397549300007],[90.59576256000008,23.047192947000042],[90.58383846200007,23.051897953000037],[90.58883338100009,23.069609188000072],[90.58028108500008,23.08703972400008],[90.59645789800004,23.099885466000046],[90.59391994900005,23.110219826000048],[90.60321183200006,23.10803358900006],[90.61592802200005,23.091677004000076]],[[90.58866681000006,23.108423299000037],[90.59026587800008,23.095989513000063],[90.57808813000008,23.08766935700004],[90.57423385100003,23.092559035000022],[90.58866681000006,23.108423299000037]],[[90.57503796500004,23.099391341000057],[90.57670487800004,23.11244258100004],[90.58697111300006,23.110628602000077],[90.57503796500004,23.099391341000057]],[[90.55627591500007,23.13516920400008],[90.56220589000009,23.14511615300006],[90.57171864400004,23.152424670000073],[90.56742850900008,23.146506595000062],[90.55627591500007,23.13516920400008]],[[90.63659002200006,23.179200853000054],[90.64118725300006,23.180915391000042],[90.63734346700005,23.174537378000025],[90.63659002200006,23.179200853000054]],[[90.60984123600008,23.19705930500004],[90.60269950000009,23.195748250000065],[90.60443228600008,23.201620922000075],[90.60984123600008,23.19705930500004]],[[90.60218324800007,23.224057190000053],[90.61048838000005,23.218117069000073],[90.60776348400003,23.213533254000026],[90.60218324800007,23.224057190000053]],[[90.59653011500006,23.23005571300007],[90.60124790000003,23.22675878900003],[90.59686081100006,23.226941487000033],[90.59653011500006,23.23005571300007]],[[90.63748500100007,23.25354861900007],[90.62825576100005,23.26563111100006],[90.62744923200006,23.27007962400006],[90.63748500100007,23.25354861900007]],[[90.61197076600007,23.27955691300008],[90.61862269800008,23.27465535500005],[90.61840071200004,23.271310691000053],[90.61197076600007,23.27955691300008]],[[90.61942244000005,23.26576162200007],[90.58747534600008,23.283283434000055],[90.58994010000004,23.296610073000068],[90.60821432100005,23.292620586000055],[90.60559310800005,23.28507870800007],[90.61942244000005,23.26576162200007]],[[90.62122875600005,23.267618638000044],[90.62192045000006,23.277223458000037],[90.60915008500007,23.296393244000058],[90.61288300300004,23.30354850300006],[90.62630202400004,23.279309553000076],[90.62679161500006,23.267835898000044],[90.62122875600005,23.267618638000044]],[[90.58083204600007,23.296596083000054],[90.58716146500007,23.28849487900004],[90.58357740200006,23.285353523000026],[90.57461257200004,23.29432464200005],[90.58083204600007,23.296596083000054]],[[90.64224671500006,23.30266602000006],[90.63800869000005,23.309232089000034],[90.63643006200004,23.314544135000062],[90.64327466200007,23.306581467000058],[90.64224671500006,23.30266602000006]],[[90.59097820100004,23.309129639000048],[90.59580067900004,23.311262329000044],[90.59595125000004,23.310209995000037],[90.59097820100004,23.309129639000048]],[[90.62482822800007,23.320971911000072],[90.62393389000005,23.328957629000058],[90.62829770600007,23.321435648000033],[90.62482822800007,23.320971911000072]],[[90.62499614800004,23.33478517700007],[90.63707565400006,23.32790097700007],[90.63412180500006,23.315554435000024],[90.62800695000004,23.32421495600005],[90.62499614800004,23.33478517700007]],[[91.08156439900006,22.05068938100004],[91.05708514200006,22.030820067000036],[91.05503541300004,22.037860214000034],[91.05659351600008,22.050900169000045],[91.04837196500006,22.04861081200005],[91.04866961600004,22.054153778000057],[91.08312511800005,22.06372896000005],[91.08156439900006,22.05068938100004]],[[91.03135165800006,22.038489003000052],[91.01829982500004,22.034507545000054],[91.02241705700004,22.043851113000073],[90.98902009200003,22.023022834000074],[90.97927733800003,22.030204106000042],[90.97308960500004,22.07172490000005],[90.99854487300007,22.099655702000064],[91.02516654700008,22.085341295000035],[91.04110718800007,22.083902200000068],[91.04747078900004,22.075742728000023],[91.03135165800006,22.038489003000052]],[[91.02699817000007,22.183436748000076],[91.01620808500007,22.173313007000047],[91.01930321900005,22.19113326400003],[91.02924637200005,22.199627323000072],[91.02699817000007,22.183436748000076]],[[91.17499253000005,22.383753864000028],[91.18907744800003,22.342428967000046],[91.18431122400006,22.296500769000033],[91.19100883600004,22.247189461000062],[91.16603794200006,22.170699230000025],[91.13717902300004,22.146285712000065],[91.13427500500006,22.13063838100004],[91.11390231900003,22.12681109600004],[91.05776121600007,22.07923059600006],[91.00947466300005,22.104775767000035],[91.00431830900004,22.115515092000066],[91.03813208700006,22.15827763900006],[91.06417641800005,22.223143685000025],[91.06970710500008,22.255086250000033],[91.06880889000007,22.33979806600007],[91.05922218800004,22.34898846400006],[91.07473768700004,22.363005577000024],[91.06988478600005,22.40642140600005],[91.13292146300006,22.382498611000074],[91.14305939600007,22.371132449000072],[91.17499253000005,22.383753864000028]],[[91.02399510200007,22.31618071400004],[91.01901275200004,22.33230739800007]],[[91.01901275200004,22.33230739800007],[91.03663618600007,22.32027375100006],[91.02913957300007,22.271707539000033],[91.01532635700005,22.242632311000023],[91.01286385500003,22.264188826000066],[91.02399510200007,22.31618071400004]],[[91.01959835100007,22.351165690000073],[91.04152984800004,22.373827004000077],[91.05355426400007,22.34626382400006],[91.03171020000008,22.338517296000077],[91.01959835100007,22.351165690000073]],[[91.05030127200007,22.38568643600007],[91.05664850200009,22.368580390000034],[91.05526995900004,22.359555108000052],[91.04348724400006,22.37492773100007],[91.05030127200007,22.38568643600007]],[[90.99017511300008,22.391004017000057],[90.97227792600006,22.420598305000055]],[[90.97227792600006,22.420598305000055],[90.98253184300006,22.41437448100004],[90.99017511300008,22.391004017000057]],[[91.00384518000004,22.370728498000062],[90.98708244900007,22.45328833900004],[90.99258660700008,22.460711462000063],[91.01659350600005,22.45936678700008],[91.04149617400003,22.44376873500005],[91.04436397400008,22.421522869000057],[91.03274498900004,22.38330942300007],[91.01294511000003,22.360490222000067],[91.00384518000004,22.370728498000062]],[[91.26057079000003,22.433390907000046],[91.26636540700008,22.423164705000033],[91.25624524800008,22.409764777000078],[91.24586567100005,22.427578202000063],[91.26057079000003,22.433390907000046]],[[91.27709443300006,22.44109992500006],[91.27099365200007,22.44310785500005],[91.27263654500007,22.44844811400003],[91.27689646100004,22.44760182300007],[91.27709443300006,22.44109992500006]],[[90.96773220900008,22.427628345000073],[90.95087613500004,22.464541818000043]],[[90.95087613500004,22.464541818000043],[90.96606898300007,22.47095828600004],[90.97798150700004,22.46448111500007],[90.96943336700008,22.451865604000034],[90.96773220900008,22.427628345000073]],[[90.93392740200005,22.49373046100004],[90.89375066900004,22.56028032100005]],[[90.89375066900004,22.56028032100005],[90.95111425600004,22.54725796300005],[90.97645204400004,22.52198363800005],[90.98211750700005,22.50701487400005],[90.93392740200005,22.49373046100004]],[[91.34340171100007,22.517361251000068],[91.33394576700005,22.51708140200003],[91.33431652500008,22.50747131600008],[91.32665545300006,22.50108210700006],[91.31575543600007,22.50705045600006],[91.31806098000004,22.49792639700007],[91.29173810000003,22.484159026000043],[91.26550461300008,22.522007303000066],[91.27383169600006,22.554849699000044],[91.28765331800008,22.576176592000024],[91.31111546600005,22.602810281000075],[91.32967900500006,22.611322622000046],[91.34388961200005,22.611491025000078],[91.34798088900004,22.60342709100007],[91.35339152200004,22.60008368800004],[91.34897493000005,22.566783507000025],[91.33220808900006,22.565661091000038],[91.35090091600006,22.562393754000027],[91.35346575300008,22.556278247000023],[91.34820550100005,22.551160507000077],[91.35537864000008,22.546655223000073],[91.35224972700007,22.526535669000054],[91.34295635100005,22.531130188000077],[91.34453153400005,22.542372949000026],[91.33919096000005,22.530096601000025],[91.34340171100007,22.517361251000068]],[[91.28651607600005,22.699686878000023],[91.29000166400004,22.714355956000077],[91.30821482000005,22.72663486600004],[91.33390409800006,22.73251640700005],[91.36043347400005,22.72536266800006],[91.38433084100006,22.707400910000047],[91.38102943100006,22.698421153000027],[91.39366532200006,22.699984481000058],[91.41027048500007,22.680362724000076],[91.39496980900003,22.631651904000023],[91.37978735800004,22.627099266000073],[91.32824674100004,22.641346313000042],[91.30093143100004,22.664679634000038],[91.28651607600005,22.699686878000023]],[[90.76577061800003,23.801915620000045],[90.76220030200005,23.860054340000033],[90.78112670300004,23.865913825000064],[90.83355638200004,23.863332410000055]],[[90.89833296500007,23.862733322000054],[90.90876724100008,23.867637869000077],[90.93011744200004,23.90988309900007]],[[91.04423118500006,24.109925635000025],[90.99702794800004,24.138444551000077],[90.98667596800004,24.157747890000053],[91.01612594100004,24.180454362000035]],[[91.13764922200005,24.244163155000024],[91.17355789400006,24.26519860600007]],[[91.30172955800003,24.266389881000066],[91.32095611200003,24.264383544000054],[91.32883813900008,24.249628555000072]],[[91.31282170200006,24.203073103000065],[91.31316460300008,24.183320905000073]],[[91.26697999800007,24.158137431000057],[91.26833809200008,24.14896450200007],[91.26174610700008,24.14615020100007],[91.26362892900005,24.140085734000024],[91.27182176000008,24.140609767000058]],[[91.27160070000008,24.123667167000065],[91.29129131200006,24.11891662100004],[91.28417297800007,24.11143430100003],[91.27083773200007,24.11254370300003]],[[91.30406762400008,24.05628975600007],[91.31238854500003,24.028571648000025]],[[91.30793103100007,24.017661118000035],[91.29428647400005,24.00129915900004],[91.30343624700004,23.996711497000035],[91.29969869100006,23.972265540000024],[91.28770127900003,23.968145566000032],[91.28462111800008,23.982238361000043],[91.26393209500009,23.94436951700004],[91.27283093600005,23.937784457000078],[91.27613838400003,23.922657937000054],[91.23295964500005,23.92709581300005],[91.24614173800006,23.91384719000007],[91.24481518900006,23.90711629300006],[91.22842842300008,23.898779259000037],[91.22954634000007,23.880739884000036],[91.25404309600003,23.83812894400006],[91.22636458500006,23.79106941300006],[91.23064743100008,23.765060497000036],[91.22629177000005,23.751262793000024],[91.21892462700004,23.73656287600005],[91.21031096100006,23.749292842000045],[91.16759663900007,23.74978279800007],[91.15878424100003,23.741785665000066],[91.14912698800003,23.711667524000063],[91.15418144900008,23.68853675500003],[91.19547985600008,23.69228086100003],[91.20657886600009,23.684984694000036],[91.20453324500005,23.650527470000043],[91.19935556700005,23.646741647000056],[91.15643073100006,23.66929927800004],[91.16273050200004,23.59520853600003],[91.17801852500008,23.591884143000073],[91.17517608300005,23.585628135000036],[91.19510031700008,23.562610834000054],[91.19438226300008,23.547323222000045],[91.21290363000008,23.550553939000054],[91.20070881900006,23.520161983000037],[91.20775618000005,23.512213287000066],[91.22350725000007,23.514173162000077],[91.21792674300008,23.49964628500004],[91.23551066600004,23.50191843600004],[91.23630722700005,23.48914615500007],[91.24926189000007,23.49031208200006],[91.25147711900007,23.453777098000046],[91.27060500600004,23.429935667000052],[91.26338831400005,23.423850322000078],[91.27637669300003,23.414827572000036],[91.27969595300004,23.376776868000036],[91.29430379200005,23.37484646100006],[91.28420407100003,23.371299505000025],[91.28612103600005,23.363281965000056],[91.29483667200003,23.361334933000023],[91.29099285500007,23.35079052900005],[91.32001958100005,23.360237394000023],[91.31096336400003,23.35262123600006],[91.31073142000008,23.342565984000032],[91.29611171500005,23.340995855000074],[91.28979783300008,23.318658329000073],[91.30946920400004,23.314001542000028],[91.31308028400008,23.306479799000044],[91.31493163400006,23.296761811000067],[91.30714949900005,23.299914226000055],[91.30015764400008,23.292576651000047],[91.31661746300006,23.282018049000044],[91.30972071000008,23.276509842000053],[91.31795659000005,23.25304857800006],[91.32654204300007,23.252436988000056],[91.31862700400006,23.245621597000024],[91.32358499200006,23.237606390000053],[91.32331542300005,23.15822059100003],[91.33305035400008,23.153017944000055],[91.34180134100006,23.11795773700004],[91.34756397200005,23.11893149200006],[91.34691676300008,23.102459330000045],[91.36971998700005,23.07052299000003],[91.39573610600007,23.056296915000075],[91.41716073900005,23.064701152000055],[91.41108648500006,23.065883244000077],[91.41648842000006,23.081616084000075],[91.40515860600004,23.08712947300006],[91.40600918100006,23.097067001000028],[91.40019548000004,23.09657686500003],[91.40336921600004,23.11386517300008],[91.39692764200004,23.11781415300004],[91.37986695500007,23.184612807000065],[91.38767996900003,23.208022291000077],[91.38070106400005,23.208566105000045],[91.39208405800008,23.220157922000055],[91.38640017700004,23.22768479000007],[91.40083360000006,23.229247115000078],[91.39242949000004,23.245543593000036],[91.40867344700007,23.247756371000037],[91.39723444200007,23.25637380300003],[91.39751242800008,23.265259078000042],[91.41123403300008,23.25581464000004],[91.40883521000006,23.285321483000075],[91.41955571100004,23.273386533000064],[91.41867889200006,23.25831253900003],[91.45414425200005,23.260511757000074],[91.44854260500006,23.243887597000025],[91.45783641600008,23.246129504000066],[91.47024494100003,23.22777785200003],[91.45050152400006,23.219598160000032],[91.45856415700007,23.213448033000077],[91.47533928200005,23.22048956200007],[91.48436741000006,23.209334583000043],[91.48237335500005,23.19856565300006],[91.47069180800008,23.196559359000048],[91.48487143300008,23.18833873400007],[91.50314409900005,23.19223030300003],[91.50102994800005,23.185418171000038],[91.50747077300008,23.183837228000073],[91.49166661800007,23.177711508000073],[91.49816772700007,23.17178403500003],[91.49088656900005,23.157762208000065],[91.49428299300007,23.152362219000054],[91.50716144900008,23.15440475400004],[91.49852376500007,23.143232155000078],[91.50978406000007,23.14040609500006],[91.51526264000006,23.14512191800003],[91.50308298200008,23.130635186000063],[91.51757816000008,23.125573092000025],[91.51534288000005,23.117796958000042],[91.52033061800006,23.114592732000062],[91.51223685900004,23.113367683000035],[91.51124630400005,23.104343162000077],[91.52228154200003,23.104141738000067],[91.51887004400004,23.094284238000057],[91.52975612900008,23.09181042000006],[91.52504662800004,23.082965517000048],[91.53525770500005,23.063480711000068],[91.52490667500007,23.055497597000056],[91.53620824000006,23.05465861600004],[91.53043046900007,23.038437173000034],[91.55028410900007,23.03854737100005],[91.53834699600009,23.019355784000027],[91.54813202900004,23.019393045000072],[91.54245025500006,22.999653144000035],[91.54745996800006,22.99436271600007],[91.55694278600004,22.99674010900003],[91.55717644700007,22.97860371300004],[91.57676514100007,22.965434879000043],[91.59145003900005,22.976600888000064],[91.60556047600005,22.97216933900006],[91.61325251300008,22.96060489000007],[91.60478629000005,22.962310350000052],[91.60002157400004,22.955079771000044],[91.61432968800005,22.95249320000005],[91.61733222100008,22.93895350200006],[91.62547276400005,22.944180811000024],[91.62438394400004,22.96144969900007],[91.63538120300007,22.961054758000046],[91.64641459300003,22.985243940000032],[91.65129814600004,22.97688196400003],[91.65854586700004,22.981794560000026],[91.68243248600004,22.97757040500005],[91.69361062100006,22.98844667800006],[91.71098993300006,22.982669911000073],[91.71101195600005,22.98796690300003],[91.72131835500005,22.98835783900006],[91.72600374500007,22.99902705900007],[91.74383567200005,23.006585484000027],[91.75435995100008,23.023154007000073],[91.77184196200005,23.034235119000073],[91.76759346600005,23.039788729000065],[91.77435891800008,23.038636163000035],[91.77382704800004,23.027673583000023],[91.78000158400005,23.028671616000054],[91.78342370400009,23.041887882000026],[91.77445874500006,23.069716620000065],[91.80597719700006,23.063161911000066],[91.81811063100008,23.07381276800004],[91.81483113700006,23.080231854000033],[91.83574122100003,23.093186251000077],[91.81335976600008,23.099432858000057],[91.81796469600005,23.11155605700003],[91.80810844700005,23.139179760000047],[91.81406305800004,23.14559692200004],[91.80603403400005,23.157581524000022],[91.80982704400003,23.16552543000006],[91.78881517800005,23.20459720200006],[91.79161555400003,23.223680341000033],[91.78445603800003,23.24133269200007],[91.77663863000004,23.242318735000026],[91.77614034000004,23.267633045000025],[91.76507771100006,23.27257345000004],[91.75977183800006,23.283496230000026],[91.76248713700005,23.302517945000034],[91.78317926900007,23.32447580200005],[91.80450397500005,23.332429499000057],[91.81185689400007,23.345419783000068],[91.82504721100008,23.352452724000045],[91.82586314600007,23.36279347900006],[91.83761885400008,23.370907405000025],[91.83619665900005,23.386605323000026],[91.84185591400006,23.38847843600007],[91.84504065000004,23.404769514000066],[91.87296489300007,23.414334567000026],[91.89964430300006,23.440721152000037],[91.93736733300005,23.43252336000006],[91.94313313500004,23.437108395000052],[91.93786305100008,23.46694103300007],[91.95867182300003,23.473058347000062],[91.95818927700003,23.479662691000044],[91.96910539300006,23.476501048000046],[91.97097431900005,23.50266132300004],[91.95623435000005,23.525835176000044],[91.96450539100005,23.53537337700004],[91.95677956800006,23.551317562000065],[91.95403825900007,23.60976992800005],[91.94218252800005,23.634948218000034],[91.94649369200005,23.646076865000055],[91.93394623400008,23.684444593000023],[91.94043900300005,23.69306404500003],[91.95730868900006,23.693983244000037],[91.94812314200004,23.713918602000035],[91.95407483700006,23.730812572000048],[91.95959196300004,23.734964477000062],[91.97802664300008,23.731333676000077],[91.99995634700008,23.671333627000024],[92.04602540500008,23.646833059000073],[92.07925776500008,23.64869957700006],[92.07630349000004,23.66804538100007],[92.08306730100009,23.680126173000076],[92.09969839900003,23.67678697100007],[92.10718323600008,23.68946925700004],[92.12377663500007,23.695750564000036],[92.14419712800003,23.733216952000078],[92.16235094400008,23.739712375000067],[92.17178897200006,23.73870682100005],[92.16959280600008,23.723370196000076],[92.17848941200003,23.708139175000042],[92.18867089900004,23.71001973500006],[92.20696833100004,23.70065122400007],[92.21378179600003,23.685135763000062],[92.20643908000005,23.675163032000057],[92.21250684200004,23.652888078000046],[92.22569041600008,23.65524524700004],[92.23317579400003,23.66763626200003],[92.23228194400008,23.685190859000045],[92.24219469500008,23.694835028000057],[92.23708235800007,23.71132993300006],[92.24411550000008,23.722217064000063],[92.27469233400006,23.72041089000004],[92.28976455500003,23.700027239000065],[92.29101956800008,23.68113093100004],[92.27336459600008,23.643952615000046],[92.27975779100007,23.639207544000044],[92.27643088300005,23.63160342300006],[92.29584636300007,23.62147693000003],[92.28724133600008,23.61684139700003],[92.28711726300008,23.59615097300008],[92.29673468000004,23.588148147000027],[92.30183118500008,23.59219569100003],[92.31324944500005,23.55669699300006],[92.30686803100008,23.536026652000032],[92.31781585100003,23.52624978600005],[92.31314739100009,23.519651934000024],[92.31970235000006,23.51256505400005],[92.32185736800005,23.491921141000034],[92.31630760000007,23.487402961000043],[92.32371315200004,23.47379477800007],[92.31701984200004,23.471813247000057],[92.33167958800004,23.466352508000057],[92.32527474700004,23.459238755000058],[92.33346356100003,23.429001108000023],[92.34625980200008,23.433411516000035],[92.34751567000006,23.413319915000045],[92.35716975700007,23.410888155000066],[92.35256320500008,23.381197737000036],[92.36488157500008,23.379712276000078],[92.35611133400005,23.372747231000062],[92.36133933200006,23.36696118900005],[92.36849053700007,23.372127668000076],[92.37904694000008,23.362105530000065],[92.38079155800006,23.35168604300003],[92.36815932000007,23.32563389300003],[92.38568987200006,23.306261023000047],[92.38093020200006,23.28528095200005],[92.38799038400003,23.281528042000048],[92.39458090900007,23.264486066000075],[92.38834377000006,23.26549999300005],[92.38952101000007,23.259492519000048],[92.39838596800007,23.255791207000073],[92.40402787000005,23.240623326000048],[92.34670988100004,23.235788661000072],[92.35334931100004,23.224298084000054],[92.35395448800006,23.18474695200007],[92.36111624600005,23.182794166000065],[92.35649311800006,23.17613261100007],[92.36257995000005,23.16034874500008],[92.35767413000008,23.134583037000027],[92.36644829300008,23.12256145300006],[92.35821194200008,23.10586145700006],[92.37502469900005,23.08466294300007],[92.38034989000005,23.085399061000032],[92.39224714600005,23.05650287800006],[92.38226936900008,23.033336062000046],[92.38482573300007,22.98652405200005],[92.37430987000005,22.970104786000036],[92.37788201900008,22.95177213900007],[92.37269798500006,22.940200825000034],[92.37987028200007,22.929560956000046],[92.39782964700004,22.929430230000037],[92.40258780200008,22.912266251000062],[92.40359711800005,22.918210336000072],[92.42074442400008,22.916777694000075],[92.43301983700007,22.886719009000046],[92.44573906700003,22.89746365700006],[92.44938998100008,22.894675638000024],[92.44821320900007,22.877027202000022],[92.45981015000007,22.870674361000056],[92.45329489900007,22.861334337000073],[92.46115991600004,22.861684397000033],[92.46434095200004,22.854701788000057],[92.45736465800007,22.83798084800003],[92.46180543600008,22.830770056000063],[92.45400697100007,22.820183979000035],[92.47120324200006,22.79807688300008],[92.46931983600007,22.782126556000037],[92.47868235300007,22.751473861000022],[92.47399970200007,22.747081644000048],[92.50510438300006,22.739580785000044],[92.51653139700005,22.722387294000043],[92.51376506400004,22.708933554000055],[92.52547165900006,22.67182884400006],[92.52447910600006,22.640732540000045],[92.53227303000006,22.633321116000047],[92.52748075400007,22.620983817000024],[92.53523891700007,22.611846661000072],[92.53049339000006,22.603429796000057],[92.53757621900007,22.593520589000036],[92.53808424100004,22.575310322000064],[92.52695799400004,22.572552100000053],[92.52417272500008,22.557862542000066],[92.53980743900007,22.540858895000042],[92.53944139700008,22.52859783200006],[92.55009447700007,22.514445402000035],[92.54921187700006,22.495745811000063],[92.54327680400007,22.49015816600007],[92.55531169400007,22.428946264000047],[92.55235923700008,22.413071149000075],[92.55796907100006,22.40888576100008],[92.55934006400008,22.382077709000043],[92.57211455600003,22.359234419000074],[92.58122141100006,22.32180383000008],[92.57796543800004,22.310475263000058],[92.58527930700006,22.27654775700006],[92.58099330000005,22.26928225000006],[92.59036094400005,22.256203544000073],[92.58801636700008,22.216010993000054],[92.59645660900009,22.175480599000025],[92.60751201100004,22.172131801000035],[92.60928229300004,22.16421067700003],[92.60548351400007,22.123314808000032],[92.59401111900007,22.125590207000073],[92.59188152800004,22.139532417000055],[92.58168036600006,22.14211335400006],[92.56250646200004,22.12827338200003],[92.57516274500006,22.116201613000044],[92.59225653100003,22.065648864000025],[92.60119910900005,22.061638540000047],[92.59910716000007,22.042412997000042],[92.59263741200004,22.041130300000077],[92.59947864700007,22.028719171000034],[92.59914733700003,22.00862840600007],[92.61229074300007,21.99279182500004],[92.60318777100008,21.978689314000064],[92.61349491800007,21.955204637000065],[92.61049995300004,21.947009818000026],[92.61756890200007,21.939864584000077],[92.61024245900006,21.929725463000068],[92.62266571500004,21.91754767900005],[92.63434331600007,21.875444790000074],[92.63180768600006,21.863234540000064],[92.62063130000007,21.861850907000075],[92.61390871200007,21.851907425000036],[92.62093353700004,21.827530912000043],[92.60939292500007,21.81710598500007],[92.60873519600005,21.731087991000038],[92.60161559800008,21.703799626000034],[92.60773157700004,21.681313697000064],[92.60182550400003,21.654710117000036],[92.61101931300004,21.621414318000063],[92.60900808100007,21.584655961000067],[92.62742174100003,21.486898152000037],[92.62436147000005,21.474929691000057],[92.64102554000004,21.428190130000075],[92.65110895000004,21.358568047000063],[92.66471120300008,21.317716981000046],[92.67984046500004,21.297686896000073],[92.68025738200004,21.285618725000063],[92.62946869900009,21.26857989900003],[92.62302169400004,21.251002785000026],[92.59697493700008,21.243578441000068],[92.56112825100007,21.38009926700005],[92.55508086000003,21.38434471000005],[92.53945642700006,21.376076986000044],[92.53378710500004,21.38044089300007],[92.50852176700005,21.377295360000062],[92.51110312600008,21.363895728000045],[92.49911058700008,21.36106563000004],[92.45961254200006,21.369112176000044],[92.43881551500004,21.365177892000077],[92.42809569200006,21.42357494500004],[92.38097549400004,21.47986773200006],[92.34347101500003,21.466879196000036],[92.33785412400005,21.436015096000062],[92.32642228300006,21.431992489000038],[92.32851673800008,21.41907588500004],[92.29723632900004,21.420134349000023],[92.29172276400004,21.430478444000073],[92.26907105600009,21.428201571000045],[92.26956297800007,21.400419707000026],[92.25579692800005,21.389245431000063],[92.25880615800008,21.36217825800003],[92.21149798000005,21.339836197000068],[92.19776015500008,21.319633375000024],[92.21973967200006,21.257607997000036],[92.21078920700006,21.248228333000043],[92.21805629300007,21.231896404000054],[92.20118779100005,21.206577955000057],[92.17250070800009,21.181227745000058],[92.17258425500006,21.17078411500006],[92.17580618100004,21.15997930800006],[92.19933095600004,21.161285329000066],[92.20044286000007,21.124371568000072],[92.20699777700008,21.118899889000033],[92.22371792100006,21.119899969000073],[92.23349502400004,21.096763347000035],[92.25832559400004,21.078792975000056],[92.26501938300004,21.062238910000076],[92.25123342700005,21.025598976000026],[92.26340372100003,20.978367836000075],[92.26212288500005,20.94951831700007],[92.27201166600008,20.915699778000032],[92.29927314400004,20.889385754000045],[92.31670601800005,20.850034652000033],[92.34560667900007,20.73977625200007],[92.32188391800008,20.754590413000074],[92.30615425500008,20.775279693000073],[92.27078305500004,20.84611870200007],[92.22478190700008,20.91247412100006],[92.17880319900007,21.020673499000054],[92.05922193600009,21.16038712200003],[92.04617743100005,21.184572811000066],[92.04798763000008,21.28623927600006],[92.03490542600008,21.328596676000075],[92.01739190600006,21.368234702000052],[91.94899770000006,21.458556264000038],[91.97039203200006,21.476354896000032],[91.97070022900004,21.461297235000075],[92.00169717100005,21.516006924000067],[92.00920651900003,21.51197405100004],[92.00125757100005,21.518879578000053],[91.99222634500006,21.570018884000035],[92.00377224500005,21.595973323000067],[92.01717249900008,21.60054251100007],[92.01997173500007,21.607103405000032],[92.01052563300004,21.62246273100004],[92.01858422900006,21.606546784000045],[92.00736343400007,21.60070913800007],[92.00944891000006,21.603694672000074],[92.00963209400004,21.609570509000037],[92.00612712600008,21.618501594000065],[91.96202153900003,21.671501215000035],[91.94740778300007,21.71585523500005],[91.96147890400005,21.66727823800005],[91.98298217400009,21.64336695800006],[91.99243208200005,21.613050943000076],[91.98466260100008,21.59421918000004],[91.97599135600007,21.50877530200006],[91.93949505300009,21.503468398000052],[91.93941578000005,21.491712714000073],[91.92035741000007,21.49164869300006],[91.90339146300005,21.502500637000026],[91.91931330100005,21.489940199000046],[91.93756377000005,21.48762689600005],[91.92475072100007,21.484047272000055],[91.91424573400008,21.469495710000047],[91.86227706800008,21.506214235000073],[91.85416107500004,21.522293770000033],[91.86257384300006,21.52112474100005],[91.85047660500004,21.53079398600005],[91.86143657200006,21.543074183000044],[91.88440791800008,21.544751709000025],[91.85934383600005,21.565249316000063],[91.86210988300007,21.574824670000055],[91.87436414000007,21.574113689000058],[91.87319240600004,21.58731746600006],[91.88273285800005,21.59602768800005],[91.87600134000007,21.603057429000046],[91.86568423900007,21.59356697100003],[91.86898659300005,21.614964891000056],[91.88483421500007,21.628048169000067],[91.89201110700003,21.64478654000004],[91.87978650500008,21.683684382000024],[91.90531677800004,21.698581225000055],[91.88404637300005,21.692763986000045],[91.87811484500008,21.68489801100003],[91.88798637000008,21.65522949500007],[91.88247648000004,21.64726309300005],[91.85601207900004,21.671908303000066],[91.85539573000005,21.68367227500005],[91.91037517000007,21.82078600500006],[91.91656643800007,21.858419516000026],[91.90659373000005,21.910049362000052],[91.90845640900005,21.93030708400005],[91.89037921900007,21.948007331000042],[91.88458064200006,21.976413123000043],[91.87054770800006,22.00228486000003],[91.87869239200006,22.042813081000077],[91.86226593900005,22.091937322000035],[91.86237416700004,22.117203656000072],[91.84742604000007,22.15082613100003],[91.85640950600003,22.15129758300003],[91.85402842500008,22.137896026000078],[91.86007386500006,22.129511859000047],[91.90310356600008,22.12036921300006],[91.90736885300004,22.125277397000048],[91.90453754300006,22.134032055000034],[91.87682566600006,22.15000415700007],[91.88513635200007,22.155284538000046],[91.90440811100007,22.153729089000024],[91.91853279400004,22.18500145300004],[91.92006564500008,22.175067295000076],[91.92805416500005,22.168282566000073],[91.93526034900003,22.167659540000045],[91.94049574500008,22.179962320000072],[91.95542341900006,22.169509739000034],[91.97785650600008,22.175451203000023],[91.98463229600009,22.167006229000037],[91.97135760600008,22.16704769000006],[91.96855773000004,22.163975563000065],[91.97119528300004,22.15540156800006],[91.97959771600006,22.148669334000033],[91.99248022400008,22.145943819000024],[91.97127566300009,22.158865250000076],[91.97033404400008,22.164909651000073],[91.98695003200004,22.165365187000077],[91.97771600400006,22.176886511000077],[91.95704639800005,22.17092387400004],[91.93814425800008,22.181543600000055],[91.93216755200007,22.168950666000057],[91.92388551300007,22.172991155000034],[91.91760520200006,22.187521246000074],[91.90348491700007,22.155907564000074],[91.87927741200008,22.160787972000037],[91.86855676500005,22.159955617000037],[91.86969068500008,22.15355063800007],[91.87861634400008,22.142396946000076],[91.90153043500004,22.13215539500004],[91.90186702900007,22.123788562000072],[91.85917637900008,22.135400184000048],[91.86106008300004,22.15098690800005],[91.84952797000005,22.15467353500003],[91.84181916800009,22.145728268000028],[91.85271540100007,22.118290880000075],[91.84140776100008,22.118418808000058],[91.82412896300008,22.15674924700005],[91.81232203900004,22.20820743200005],[91.81573443100007,22.229697662000035],[91.83386763800007,22.244547829000055],[91.83979324300003,22.265890588000048],[91.80703122100005,22.277488896000023],[91.79863378100004,22.293400750000046],[91.82528872400007,22.31728448800004],[91.85978808400006,22.32382160800006],[91.88085812500003,22.339259869000045],[91.88480658700007,22.346382146000053],[91.88929790900005,22.391309869000054],[91.91144671700005,22.41386792000003],[91.93979657700004,22.422131558000046],[91.95603022600005,22.420621563000054],[91.96407655700006,22.41257943100004],[91.96919510500004,22.411083554000072],[91.98222592700006,22.41109183800006],[91.98177013200007,22.415888018000032],[91.95303921700008,22.42495849900007],[91.92935689300003,22.424466539000036],[91.91441287900005,22.421717627000078],[91.89315721700007,22.40589951000004],[91.88417693600007,22.418847526000036],[91.89198744800007,22.426282724000032],[91.89113864900008,22.42999608200006],[91.87488897100008,22.432873630000074],[91.85626893700004,22.462896517000047],[91.86615572300008,22.471682755000074],[91.87606324900008,22.467625329000043],[91.88114835900006,22.477721056000064],[91.87469074000006,22.468298555000047],[91.86723913400004,22.47340269700004],[91.85778690300003,22.468255154000076],[91.85452113800005,22.464350257000035],[91.85766591900006,22.454398018000063],[91.86991709600005,22.435858375000066],[91.87664746100006,22.429866574000073],[91.88972831300003,22.428437377000023],[91.88264972000007,22.419940551000025],[91.89084972600006,22.406284930000027],[91.85994707600008,22.33192329800005],[91.82366079800005,22.322395735000043],[91.79799602400004,22.303710074000037],[91.79707791800007,22.280112014000053],[91.83362811700005,22.259631812000066],[91.82246891100004,22.242361826000035],[91.80014791700006,22.22594859000003],[91.76561219200005,22.272258614000066],[91.76798495800006,22.301695816000063],[91.73511466600007,22.413752506000037],[91.73685259300004,22.429504591000068],[91.70869562700005,22.488229122000064],[91.63722739100007,22.57040747800005],[91.59309177500006,22.615512728000056],[91.59836951000005,22.604492079000067],[91.58480108000003,22.61577320400005],[91.58159288000007,22.63417918300007],[91.55792025300008,22.661293929000067],[91.52509831700007,22.689783354000042],[91.48023478100004,22.714842017000024],[91.46253252000008,22.746906739000053],[91.46416530600004,22.75506436300003],[91.45633169500007,22.752555177000033],[91.45122576200004,22.763140019000048],[91.44733292500007,22.784520201000078],[91.41729475300008,22.812194091000038],[91.42825926100005,22.821774299000026],[91.43089564000007,22.837235554000074],[91.44187135900006,22.82661687600006],[91.45214619300003,22.828153763000046],[91.47110072900006,22.861099866000075],[91.44935923500003,22.827892388000066],[91.43444183200006,22.83978446200007],[91.42661869000005,22.838707716000044],[91.42314405400003,22.82440089800008],[91.40792544000004,22.814786282000057],[91.40754020800006,22.80360603400004],[91.42178612000004,22.79788781600007],[91.41959024800008,22.78744064600005],[91.43050705200005,22.777808375000063],[91.42236323200007,22.749133432000065],[91.41016431700007,22.75425993500005],[91.39262823000007,22.78194306900008],[91.37967954500004,22.785926877000065],[91.36413343100008,22.777601008000033],[91.33475816900005,22.793908395000074],[91.33186615000005,22.806622013000037],[91.33916034000003,22.840829391000057],[91.33101412800005,22.845058055000038],[91.31870359100003,22.84100012700003],[91.33625471700003,22.84028027200003],[91.32867197000007,22.788223866000067],[91.38522315000006,22.764514964000057],[91.38491751300006,22.757205138000074],[91.29890875600006,22.74516096800005],[91.25738585200008,22.697293435000063],[91.23380413400008,22.717264960000023],[91.21270000300007,22.712120988000038],[91.19649816600008,22.732962887000042],[91.21282088700008,22.70394657500003],[91.22753257500005,22.707275992000064],[91.24670662600005,22.691282976000025],[91.24832644700007,22.680162519000078],[91.26516223500005,22.68167453500007],[91.28281088400007,22.63952145500008],[91.28057401000007,22.631509589000075],[91.26380645600005,22.634868852000068],[91.27847564100006,22.63009244500006],[91.28802259900004,22.618616692000046],[91.26362763100008,22.581538401000046],[91.26054713800005,22.585388971000043],[91.23060595200008,22.52734457100007],[91.21412605800003,22.531413025000063],[91.20918271000005,22.524113209000063],[91.18375722700006,22.526243933000046],[91.16328980900005,22.52049308000005],[91.15696941400006,22.52412349800005],[91.15584918800005,22.53825622000005],[91.15040815200007,22.53987255900006],[91.15560424800003,22.516557358000057],[91.15214718500005,22.50003464400004],[91.12303637200006,22.495636820000072],[91.11603874500008,22.488993487000073],[91.12792876000003,22.486986719000072],[91.15932554200003,22.50010001100003],[91.15892946100007,22.514322692000064],[91.17106906400005,22.520209736000027],[91.19314398100005,22.51930358800007],[91.20118090600005,22.509833772000036],[91.16535969500006,22.479469666000057],[91.16400718100004,22.465117016000022],[91.15117275800009,22.450586650000048],[91.13395184600006,22.44296935600005],[91.11188644300006,22.451870108000037],[91.08460988700006,22.479064039000036],[91.08435814500007,22.499619360000054],[91.09265338700004,22.520881830000064],[91.12804005700008,22.54181266100005],[91.13458270700005,22.548970861000043],[91.09063097100005,22.522186118000036],[91.07777730700008,22.493401703000075],[91.05769017900008,22.53402116600006],[91.03265937800006,22.558513822000066],[90.94542830400007,22.614890591000062],[90.89250820800004,22.65898356100007],[90.84791029100006,22.672132232000024],[90.82413141300003,22.700984525000024],[90.77976182000003,22.780747570000074],[90.78262997100006,22.831688964000023],[90.76028801700005,22.871184448000065],[90.73289339100006,22.904104413000027],[90.71474624800004,22.940201554000055],[90.71850773000006,22.91578558200007],[90.72598914800005,22.901076699000043],[90.73614725000004,22.890370891000032],[90.72797873500008,22.87969915000008],[90.72137112000007,22.880087763000063],[90.66895247500008,22.964567098000032],[90.64934413300006,22.976885696000068],[90.64327702400004,23.106602847000033],[90.65023124900006,23.123495391000063],[90.64472370200008,23.11699956900003],[90.63915702400004,23.131027304000042],[90.63873670300006,23.140493309000078],[90.64804649500007,23.134396455000058],[90.63840745300007,23.167124365000063],[90.64297591900004,23.184373914000048],[90.63762529000007,23.189940197000055],[90.63836229400005,23.228617756000062],[90.66118644700003,23.247451710000064],[90.66528256900006,23.275444569000058],[90.63906879300004,23.333437841000034],[90.64951636800004,23.33697973900007],[90.66112834800003,23.324790042000075],[90.67219294300008,23.31855046800007],[90.67860421800003,23.31989694200007],[90.68325785600007,23.325373126000045],[90.67056587000008,23.33600357200004],[90.67183710600005,23.349653311000054],[90.66851650300003,23.335989750000067],[90.68151136400007,23.325380732000042],[90.67333525300006,23.320576799000037],[90.65495088200004,23.33686113500005],[90.63740705400005,23.337650487000076],[90.63301968000007,23.345746381000026],[90.63235458300005,23.336476386000072],[90.61123944600007,23.347389375000034],[90.60743465700006,23.34122914900007],[90.59058477100007,23.343204601000025],[90.59067372200008,23.335945844000037]],[[90.77261361300003,22.830492981000077],[90.77435425800007,22.821970796000073],[90.77036485100007,22.80937080900003],[90.75179812700009,22.831429273000026],[90.76091315700006,22.836166225000056],[90.77261361300003,22.830492981000077]],[[90.77595643600006,22.831714272000056],[90.76124234200006,22.837419131000047],[90.75072016400009,22.834780581000075],[90.73743332300006,22.860195372000078],[90.74404605500007,22.869885383000053],[90.75508621400007,22.87240272400004],[90.76187755400008,22.85008958700007],[90.77595643600006,22.831714272000056]],[[92.33132410600007,20.596855514000026],[92.32694267300008,20.59075009000003],[92.32494986100005,20.61825420400004],[92.31504878600003,20.62813565700003],[92.32257184900004,20.635489306000068],[92.32719051500004,20.635427098000036],[92.33132410600007,20.596855514000026]],[[92.27782236000007,20.92290993200004],[92.28536578000006,20.910527998000077],[92.28669777000005,20.904489128000023],[92.27181377800008,20.922416578000025],[92.27782236000007,20.92290993200004]],[[92.26631497100004,20.98794599300004],[92.26635223100004,20.98197241500003],[92.26345098300004,20.987804895000068],[92.26631497100004,20.98794599300004]],[[91.96570142300004,21.504093845000057],[91.97169186200006,21.505241864000027],[91.97142150400003,21.502234263000048],[91.96570142300004,21.504093845000057]],[[91.84649884500004,21.525246309000067],[91.84800152800005,21.52895750700003],[91.85107342400005,21.523475078000047],[91.84649884500004,21.525246309000067]],[[91.84112777000007,21.536775961000046],[91.84132032500008,21.527740980000033],[91.83796228200003,21.53487526500004],[91.84112777000007,21.536775961000046]],[[91.99826742100004,21.600722972000028],[91.99209468100008,21.59401099300004],[91.99606199700008,21.607583417000058],[91.99826742100004,21.600722972000028]],[[91.85604288900004,21.582249787000023],[91.84663578100003,21.610074202000078],[91.86560298000006,21.622479602000055],[91.85604288900004,21.582249787000023]],[[92.00103414500006,21.623532856000054],[92.00900376500005,21.608478861000037],[92.00527871700007,21.601451116000078],[92.00103414500006,21.623532856000054]],[[91.89599452000004,21.877041038000073],[91.89212813400007,21.853668423000045],[91.84522961300007,21.740558484000076],[91.84602236500007,21.725333239000065],[91.83426781600008,21.721077613000034],[91.82938128100005,21.72323065200004],[91.83029810200009,21.747683936000044],[91.84471717500008,21.775397534000035],[91.84212964000005,21.805105214000037],[91.85108925800006,21.827275632000067],[91.84084498500005,21.85869372700006],[91.84633437400004,21.899350240000047],[91.86734946100006,21.922386946000074],[91.87980459500005,21.92114603400006],[91.89599452000004,21.877041038000073]],[[91.87372945500005,22.15105518400003],[91.86960433400009,22.159166939000045],[91.87851866300008,22.15918384200006],[91.87539657800005,22.15587465400006],[91.87372945500005,22.15105518400003]],[[91.88372564300005,22.34717108600006],[91.87660482600006,22.338114312000073],[91.86992667200008,22.33329316000004],[91.88206931700006,22.357703850000064],[91.88372564300005,22.34717108600006]],[[91.40334477000005,22.420477859000073],[91.40537846300003,22.382462598000075],[91.39953871400007,22.384377266000058],[91.38953332600005,22.373087876000056],[91.35274418400007,22.373829768000064],[91.39342728200006,22.423479152000027],[91.40334477000005,22.420477859000073]],[[91.97388398000004,22.41329634600004],[91.96292430800008,22.415162020000025],[91.95983796200005,22.41956004900004],[91.96534810600008,22.418477463000045],[91.97388398000004,22.41329634600004]],[[91.51020591000008,22.387212867000073],[91.48042798700004,22.399819190000073],[91.44315817000006,22.461477240000022],[91.41996923800008,22.522239454000044],[91.42585355400007,22.569217321000053],[91.42073766600004,22.597270089000062],[91.43900073600008,22.606188510000038],[91.45854998900006,22.60874053400005],[91.47616443400005,22.595149415000037],[91.55147872900005,22.49387916200004],[91.56867988400006,22.461643586000037],[91.56841456000006,22.409412471000053],[91.56098131300007,22.402028691000055],[91.51020591000008,22.387212867000073]],[[91.35719126500004,22.60174825100006],[91.34882915000009,22.60468645000003],[91.34975540500005,22.609888261000037],[91.35719126500004,22.60174825100006]],[[91.39463138100007,22.777480753000077],[91.37947474000003,22.779363851000028],[91.37394670900005,22.780957986000033],[91.38155888500006,22.784476795000046],[91.39463138100007,22.777480753000077]],[[90.45317061500003,23.004085261000057],[90.45665477600005,23.006061454000076],[90.45837390800006,23.004035282000075],[90.45317061500003,23.004085261000057]],[[90.12696711800004,23.02588430900005],[90.12667042000004,23.005699780000043],[90.09477670900009,23.006841103000056],[90.08315376600007,22.98086044200005],[90.07748507400004,22.982765440000037],[90.06967541300008,22.96841984200006],[90.05730243500005,22.969021575000056],[90.06075414300005,22.943801387000065],[90.05649197100007,22.93199492900004],[90.03480591200008,22.933841760000064]],[[90.03480591200008,22.933841760000064],[90.01551182300005,22.86827530200003],[89.98682163000007,22.865549601000055],[89.96702964300005,22.85365784100003],[89.95536442700006,22.85348109800003],[89.94561183900004,22.862575547000063],[89.94151135300007,22.863029164000068],[89.94378017500009,22.85649355000004]],[[89.36322092200004,23.87009588500007],[89.35518662300007,23.888789976000055],[89.35694917700005,23.897992032000047]],[[89.36459926900005,23.91070432500004],[89.39032586100006,23.90480889500003]],[[89.46257429700006,23.842679092000026],[89.52252710800008,23.816794480000056],[89.57152584900007,23.808109212000033]],[[89.58348972400006,23.814418382000042],[89.67244046600007,23.80973846300003],[89.69584461600004,23.814546509000024],[89.73274126100006,23.83536815800005]],[[89.69271246100004,23.942608687000074],[89.69339573300005,23.987298002000045],[89.72157552200008,24.01352505400007],[89.76589026000005,24.023654907000036],[89.78520477000006,24.035247347000052],[89.78440757100003,24.040951238000048],[89.79551268600005,24.043893490000073],[89.81997342600005,24.067401886000027],[89.82493840300003,24.087946400000078],[89.81684154100003,24.109404797000025]],[[89.76927211600008,24.539755237000065],[89.77214798400007,24.56387921700008],[89.78906852000006,24.572289169000044],[89.80871135800004,24.567722229000026]],[[89.81679182800008,24.575117904000024],[89.81000529800008,24.582508104000055],[89.82714896500005,24.58652694700004],[89.82388663400008,24.59631345500003]],[[90.04790786500007,24.773940191000065],[90.07838289200004,24.786630041000024],[90.09626213300004,24.75773991500006]],[[90.63468863500003,24.434164800000076],[90.59763770600006,24.44323657700005],[90.57888857000006,24.45858067200004],[90.57458359000003,24.48182329800005],[90.58823601700004,24.49690636400004]],[[90.71404293300003,24.49402251400005],[90.72248013600006,24.474061568000025],[90.73608921500005,24.486066218000076],[90.74225946100006,24.508627182000055]],[[90.80520664200003,24.531223905000047],[90.80170111300004,24.537880468000026],[90.80415665200007,24.546354964000045],[90.81117620400005,24.54792546300007],[90.81517103900006,24.56058979100004]],[[90.80994419700005,24.565653373000032],[90.81931121400004,24.573929950000036],[90.81996583300008,24.588018232000024]],[[91.07360350600004,24.61882644800005],[91.09965223500006,24.599873394000042],[91.10577598100008,24.60128075600005]],[[91.15433789100007,24.638964702000067],[91.16239660000008,24.63220093800004],[91.17440688800008,24.641388005000067],[91.19255540800003,24.637495858000023],[91.19498206200007,24.62658377100007],[91.18196566800003,24.629894094000065],[91.17914596900005,24.616289977000065],[91.20002492000003,24.60941196500005]],[[91.21807832000007,24.474613912000052],[91.21469595200006,24.482208098000058],[91.22094079100003,24.485014189000026],[91.23245892500006,24.473054683000043],[91.24201925600005,24.42689640900005]],[[91.23022646600003,24.36585619600004],[91.21811124100003,24.366066914000044],[91.21247819600006,24.358938401000046],[91.23407756700004,24.333463335000033],[91.23726898100006,24.31969168200004],[91.22830032400003,24.315074245000062],[91.17500791200007,24.320195401000035]],[[91.19597578900004,24.293151245000047],[91.18470173300005,24.27252192800006],[91.13764922200005,24.244163155000024]],[[91.13764922200005,24.244163155000024],[91.08510332200007,24.241120816000034],[91.07912247700006,24.227326701000038],[91.09026573000006,24.219324293000057],[91.08968922500009,24.21124283900008],[91.04234399600006,24.212866770000062],[91.01612594100004,24.180454362000035]],[[91.01612594100004,24.180454362000035],[90.99188792000007,24.164695263000056],[90.98514078700003,24.15257441800003],[91.00946859500004,24.128793607000034],[91.04423118500006,24.109925635000025]],[[91.04423118500006,24.109925635000025],[91.05311531000007,24.083151994000048],[91.04156695600005,24.065921526000068],[91.00851389700006,24.049898377000034],[90.97515955700004,24.02122459700007],[90.96619037800008,24.006244567000067],[90.97382229000004,23.98848440000006],[90.97296536400006,23.96993629800005],[90.95306409700004,23.95387661600006],[90.95118165500008,23.92850726000006],[90.93011744200004,23.90988309900007]],[[90.93011744200004,23.90988309900007],[90.91404890700005,23.873469330000034],[90.89833296500007,23.862733322000054]],[[90.89833296500007,23.862733322000054],[90.85810197000006,23.879037157000027],[90.83355638200004,23.863332410000055]],[[90.83355638200004,23.863332410000055],[90.76665510400005,23.86420895300006],[90.75946948800004,23.85004175200004],[90.76800060800008,23.82024916100005],[90.76577061800003,23.801915620000045]],[[90.76577061800003,23.801915620000045],[90.72145939200004,23.737230951000072],[90.72461211400008,23.71895820000003],[90.74106952100004,23.69741467500006],[90.73323046700006,23.66794314200007],[90.70795255600007,23.662543096000036],[90.67485265900007,23.68011636400007],[90.65710730200004,23.671729925000022],[90.64011131600006,23.674678447000076],[90.62995024400004,23.620819235000056],[90.65305367500008,23.62040421200004],[90.66716696800006,23.592483731000073],[90.64653366700009,23.588322344000062],[90.64696543700006,23.576062372000024],[90.66738746900006,23.571765206000066],[90.68728279500004,23.557371145000047],[90.71066010500004,23.50782196700004],[90.68241741300005,23.489565981000055],[90.64166966600004,23.503678012000023],[90.61302998800005,23.490430751000076],[90.60141185000003,23.498070752000046],[90.57612541400005,23.49571168500006],[90.57715957700003,23.48509788900003],[90.58428423200007,23.480163232000052],[90.57755973600007,23.470589394000058],[90.57775700900004,23.45207619300004],[90.54146524100008,23.398249175000046],[90.53868894100003,23.37934916200004],[90.54681308400006,23.367417422000074],[90.57606171800006,23.35800362200007],[90.59067372200008,23.335945844000037]],[[90.59067372200008,23.335945844000037],[90.53741006100006,23.33910211500006],[90.50583758700003,23.33355606200007],[90.52744269900006,23.333099782000033],[90.52528012500005,23.326056883000035],[90.49758426200003,23.324892273000046],[90.50417584900003,23.315882888000033],[90.50210660100004,23.301869296000064],[90.52630416400007,23.293610079000075],[90.54145681300008,23.27854975100007],[90.54564154700006,23.283458197000073],[90.60124790000003,23.22675878900003],[90.60776348400003,23.213533254000026],[90.57802226600006,23.161917966000033],[90.55627591500007,23.13516920400008],[90.51111704100003,23.100046516000077],[90.49851037500008,23.06904484200004]],[[90.49851037500008,23.06904484200004],[90.48260458300007,23.065629976000025],[90.48739487900008,23.05020910500008],[90.49781582600008,23.048755603000075]],[[90.49781582600008,23.048755603000075],[90.49637387500007,23.039338470000075],[90.46392145000004,23.019408491000036],[90.46003018700009,23.029171286000064],[90.45824194900007,23.01588736800005],[90.40789379100005,23.007083773000033]],[[90.40789379100005,23.007083773000033],[90.40755056400008,23.017080622000037],[90.42140488700005,23.028535305000048],[90.42270843700004,23.038903765000043],[90.38312483700008,23.056293245000063],[90.32995428300006,23.057982698000046],[90.31575086600003,23.052879059000077],[90.31434601400008,23.036934560000077],[90.32944803300006,23.00735108600003],[90.31987995900005,22.981461128000035],[90.27107950300007,22.972496041000056],[90.25879264800005,22.964849395000044],[90.25850038500005,22.973396121000064],[90.24743572600005,22.97463612000007],[90.23993447700008,22.966654695000045],[90.23021705300005,22.978689305000046],[90.23836489700005,23.03671611200008],[90.21376615300005,23.06989995600003],[90.20040911200005,23.05414907200003],[90.16497433300003,23.067623285000025],[90.15503667200005,23.052650836000055],[90.13655819600007,23.05247534800003]],[[90.13655819600007,23.05247534800003],[90.14345593300004,23.04890554700006],[90.12696711800004,23.02588430900005]],[[90.45328643800008,23.01137255900005],[90.45763261200005,23.013893335000034],[90.45746625100008,23.010500114000024],[90.45328643800008,23.01137255900005]],[[90.48980835900005,23.022529978000023],[90.48921747700007,23.013951890000044],[90.47571411400008,23.007582789000026]],[[90.47571411400008,23.007582789000026],[90.47770735000006,23.016276412000025],[90.48980835900005,23.022529978000023]],[[90.53674877500004,23.073043233000078],[90.53240223600005,23.071282920000044],[90.53370718200006,23.074630953000053],[90.53674877500004,23.073043233000078]],[[90.52431559800004,23.07757841700004],[90.52819130700004,23.071564660000035],[90.52242425300005,23.07212243500004],[90.52431559800004,23.07757841700004]],[[90.54329270700003,23.08831850300004],[90.51999736300007,23.076829386000043],[90.51501085900009,23.08325080800006],[90.54321451800007,23.094676406000076],[90.55374908700009,23.105681666000066],[90.54329270700003,23.08831850300004]],[[90.56642539400008,23.328292008000062],[90.56165168300004,23.32558465900007],[90.56254163800008,23.32787581100007],[90.56642539400008,23.328292008000062]],[[90.58350674400003,23.328420142000027],[90.57743357200007,23.324427548000074],[90.56867314800007,23.324093756000025],[90.57958259200007,23.330681623000032],[90.58350674400003,23.328420142000027]],[[90.57237496300007,23.333719442000074],[90.55276113300005,23.328388235000034],[90.55897105700006,23.328079408000065],[90.55221370800007,23.321220332000053],[90.53462081200007,23.322428511000055],[90.52931350700004,23.328325806000066],[90.53428289900006,23.33500116600004],[90.57237496300007,23.333719442000074]],[[89.27775408200006,21.695255866000025],[89.29209513100005,21.685098856000025],[89.27463631400008,21.666617399000074],[89.26021666400004,21.667270880000046],[89.26191459200004,21.660226756000043],[89.23858553400004,21.65330889200004],[89.21158198800003,21.652525656000023],[89.20816687400009,21.65746929100004],[89.22415209700006,21.698599280000053],[89.22957648600004,21.70065617800003],[89.24622997900008,21.689139599000043],[89.25891441400006,21.696905663000052],[89.27775408200006,21.695255866000025]],[[89.28850147600008,21.731669659000033],[89.27751487800003,21.703117056000053],[89.25467422300005,21.69919128400005],[89.24780562700005,21.691989205000027],[89.23656327600008,21.695941486000038],[89.23360899000005,21.704413687000056],[89.22567684300003,21.70491465500004],[89.22126328700006,21.746724939000046],[89.24517017900007,21.75591915600006],[89.27571773900007,21.755517859000065],[89.28399601800004,21.750295015000063],[89.28850147600008,21.731669659000033]],[[89.23479833600004,21.81100867400005],[89.23924676900003,21.81371607600005],[89.24223844000005,21.80819520700004],[89.25783524300005,21.794518634000042],[89.28179020900006,21.792799270000046],[89.28650743200006,21.754686138000068],[89.26198507700008,21.761462772000073],[89.21863643400008,21.752228286000047],[89.19007009800004,21.79074816900004],[89.18474952600008,21.817350016000034],[89.19930802000005,21.825823350000064],[89.23117837000007,21.821337494000034],[89.23479833600004,21.81100867400005]],[[89.28177938300007,21.797518825000054],[89.25734206500005,21.79712451300003],[89.24084752800007,21.813453262000053],[89.23835170600006,21.815056927000057],[89.23464467800005,21.812785736000023],[89.23449130400007,21.81917055300005],[89.25206144500004,21.817609109000045],[89.25662883000007,21.830346059000078],[89.265066,21.83253514200004],[89.28177938300007,21.797518825000054]],[[89.13468471800007,21.756959809000023],[89.14303639300005,21.755282264000073],[89.14632954900009,21.734933956000077],[89.13453904700003,21.721487189000072],[89.11277765000006,21.720176750000064],[89.06735971200004,21.773565009000038],[89.04454322900006,21.787537059000044],[89.06051082800008,21.85450755200003],[89.05187313100004,21.87912514800007],[89.03405380400005,21.89447145400004],[89.03725871900008,21.920188344000053],[89.05847797700005,21.920454875000075],[89.06144511300005,21.883912597000062],[89.08345983900006,21.857361596000032],[89.07600112700004,21.818693532000054],[89.08359076900007,21.796602218000032],[89.13035948900006,21.769892662000075],[89.13468471800007,21.756959809000023]],[[89.28113563200003,21.834966145000067],[89.29406828200007,21.839420008000047],[89.30805574300007,21.869597741000064],[89.29118073900008,21.879804206000074],[89.32114788200005,21.91698064600007],[89.31851682300004,21.920794369000077],[89.30047138400005,21.92822409100006],[89.29037584000008,21.93893719700003],[89.29037355600008,21.951352160000056],[89.29822240800007,21.955894788000023],[89.29341089300004,21.96338806800003],[89.29869264300004,21.965900477000048],[89.30286596700006,21.97162588200007],[89.30314295300008,21.97440958800007],[89.30178338000007,21.98188524400007],[89.29042772700006,21.989190347000033],[89.29978700600003,21.99233097000007],[89.30635731400008,21.998039681000023],[89.34820114100006,21.942281078000065],[89.35981695100008,21.900065580000046],[89.33068465700006,21.885607724000067],[89.31302593900006,21.866842741000028],[89.29717380700004,21.819877315000042],[89.28113563200003,21.834966145000067]],[[89.19073332500005,22.006766970000058],[89.24272692900007,21.985589336000032],[89.20463111800007,21.962328816000024],[89.20185233400008,21.948968077000075],[89.21071426800006,21.935157677000063],[89.24119699900007,21.928308213000037],[89.25384919400005,21.90924386200004],[89.28514783700007,21.904793418000054],[89.26887904100005,21.88428652600004],[89.24808828000005,21.888524821000033],[89.26894925900007,21.88315106400006],[89.27376732100004,21.855694107000033],[89.24812826200008,21.818003433000058],[89.19386821900008,21.830033618000073],[89.20109615100006,21.883754856000053],[89.21361015800005,21.908865346000027],[89.21071457000005,21.91836469200007],[89.18360069900007,21.924877192000054],[89.18299145900005,21.931321096000033],[89.15492321000005,21.92512812900003],[89.14050717600009,21.947821583000064],[89.14456258600006,21.963895253000032],[89.17072197900006,21.994271543000025],[89.16499238900008,22.020700073000057],[89.18530093000004,22.021908103000044],[89.19073332500005,22.006766970000058]],[[89.16253897300004,21.993237082000064],[89.13286561100006,21.962872637000032],[89.13938521600005,21.922390990000054],[89.15407430100004,21.913688954000065],[89.20108869900008,21.911964143000034],[89.18403902500006,21.869668072000024],[89.18486261800007,21.837307618000068],[89.18112342500007,21.833943358000056],[89.18048179900006,21.840094688000022],[89.17066912900003,21.84708125700007],[89.17922646300008,21.838790071000062],[89.16755676400004,21.803076072000067],[89.14947498800007,21.794964465000078],[89.09909054900004,21.81372397900003],[89.10377461600007,21.822019571000055],[89.11539449400004,21.815969016000054],[89.11953710900008,21.818490774000054],[89.12031171200005,21.82744314400003],[89.11667202200005,21.842190981000044],[89.13204433200008,21.848769771000036],[89.13104700600007,21.854469522000045],[89.11894658500006,21.874591817000066],[89.13027397100007,21.851680136000027],[89.11448994500006,21.84126119600006],[89.11912703800004,21.822902855000052],[89.11439450600005,21.817616888000032],[89.10340894000007,21.825244428000076],[89.09846031200004,21.87749240200003],[89.07980212000007,21.90366664800007],[89.09117708800005,21.94728879400003],[89.09870228500006,21.938239319000047],[89.11693451900004,21.951074428000027],[89.11709574300005,21.955839558000037],[89.10832122500005,21.95982043300006],[89.11195238500005,21.968473973000073],[89.10780181500007,21.975098433000028],[89.12085021000007,21.97900203200004],[89.11653292600005,21.988757183000075],[89.13151276200006,21.99755657000003],[89.13305258800006,22.006389986000045],[89.12847972100008,22.026091202000032],[89.11750260300005,22.031968525000025],[89.12533745400003,22.046446624000055],[89.13033345900004,22.059820726000055],[89.14949235100005,22.07666933200005],[89.17350489000006,22.062253240000075],[89.15406754900005,22.05396301600007],[89.14694004200004,22.03968751700006],[89.16247277000008,22.002347481000072],[89.16253897300004,21.993237082000064]],[[89.29562478700007,22.085320155000034],[89.28145070200009,22.072030942000026],[89.27767682400008,22.05436544300005],[89.30560736900009,22.00060559900004],[89.28724841800005,21.987055234000024],[89.29986806500006,21.98234855800007],[89.30217027600008,21.972460566000052],[89.29303940000005,21.96451574400004],[89.29607747000006,21.954689425000026],[89.29122859200004,21.952552882000077],[89.28866325300004,21.949432337000076],[89.28874774400003,21.939501010000072],[89.29555782600005,21.930112442000052],[89.31929233000005,21.916969874000074],[89.29077171500006,21.882572296000035],[89.28987459800004,21.87754876300005],[89.29293546500008,21.874884677000068],[89.30633136000006,21.869109414000036],[89.29220409500005,21.84136936300007],[89.28477421000008,21.842388964000065],[89.27785289100007,21.87462812600006],[89.29527976300005,21.89812889700005],[89.293186,21.912366086000077],[89.27900926100006,21.919979987000033],[89.26145323800006,21.916290115000038],[89.23858871500005,21.941168393000055],[89.21009921600006,21.95163035400003],[89.25077437000004,21.981012390000046],[89.24866756500006,21.99131800500004],[89.21934211800004,22.00820206000003],[89.25361242200006,22.060369003000062],[89.25167599300005,22.069735493000053],[89.22550665500006,22.09598466600005],[89.23075482500008,22.10010098500004],[89.24800743800006,22.095035589000076],[89.26135267100005,22.08076314400006],[89.28598545200003,22.087716689000047],[89.29562478700007,22.085320155000034]],[[89.12781699200008,22.02088868800007],[89.12945627700003,21.997076754000034],[89.11580210700004,21.991166987000042],[89.11882591600005,21.979486063000024],[89.10801789900006,21.978155034000054],[89.10630170900004,21.974431647000074],[89.10639357600007,21.96037457500006],[89.11551539500005,21.95207407600003],[89.09820013700005,21.940182524000022],[89.09374007300005,21.95375652900003],[89.09701128900008,21.979689325000038],[89.09081214600008,22.014967194000064],[89.09573415100004,22.021630884000047],[89.09312447900004,22.038572894000026],[89.09574630900005,22.049322068000038],[89.10573968100005,22.04643109500006],[89.12855153000004,22.07275501400005],[89.13613257900005,22.066387422000048],[89.12714159400008,22.056924767000055],[89.11585270100005,22.030990186000054],[89.12781699200008,22.02088868800007]],[[89.34603626900008,22.119389390000038],[89.38424684000006,22.087927425000032],[89.34232684500006,22.030102011000054],[89.34956115000006,21.983095934000062],[89.34550764200009,21.97280139000003],[89.32501506600005,21.992837602000066],[89.28973323700006,22.060317457000053],[89.30487284100008,22.07194694900005],[89.33562952300008,22.054359657000077],[89.34483462500003,22.057668818000025],[89.34454699100007,22.064352937000024],[89.32652029500008,22.086391854000055],[89.31833966500005,22.108463209000035],[89.27815608100008,22.11929317000005],[89.28944326800007,22.150537061000023],[89.31167045900008,22.166706676000047],[89.32321543700004,22.184453458000064],[89.33181668800006,22.181774244000053],[89.33719993500006,22.15330376000003],[89.32676683500006,22.14001262100004],[89.32696954500005,22.12796118800003],[89.33694799600005,22.12464671200007],[89.34928870200008,22.132166699000038],[89.34603626900008,22.119389390000038]],[[89.33175337200004,22.07406538600003],[89.34209499700006,22.062896789000035],[89.33945258900008,22.057128850000026],[89.30698905800006,22.07699158400004],[89.30735241800005,22.091177470000048],[89.30026162800004,22.098023881000074],[89.26281531000006,22.090643072000034],[89.27709394200008,22.112728941000057],[89.31522362700008,22.10664788100007],[89.33175337200004,22.07406538600003]],[[89.02549043700003,24.093610451000075],[89.06281219200008,23.98737086700004],[89.07275535100007,23.977875315000063],[89.09620426700008,23.97252738800006]],[[89.12488923100005,23.962422357000037],[89.14828067900004,23.950558643000022],[89.17025513800007,23.951068443000054],[89.17935938800008,23.962078569000028]],[[89.34714832900005,23.88922010400006],[89.36076801900003,23.882775294000055],[89.36322092200004,23.87009588500007]],[[89.36322092200004,23.87009588500007],[89.35242787300007,23.862325574000067],[89.35133368400005,23.841130430000078],[89.33646230000005,23.828747831000044],[89.32696037400007,23.795265632000053],[89.33019636800003,23.778542491000053],[89.31107153700003,23.77616417400003],[89.31048082700005,23.76877546700007],[89.32198631700004,23.766013998000062],[89.32113581300007,23.761301094000032],[89.31502689100006,23.747488717000067],[89.29815841000004,23.736022302000038],[89.31098379900004,23.731068228000026],[89.31149245500006,23.71944882100007],[89.32254762800005,23.71316375300006],[89.32160699000008,23.702990985000042],[89.34799616800007,23.682774895000023],[89.34914661800008,23.671099783000045],[89.37515822500006,23.664713145000064],[89.38570057200008,23.676506438000047],[89.41127038700006,23.681866538000065],[89.43951162800005,23.658849920000023],[89.43925805600009,23.64076711100006],[89.48021327300006,23.627453555000045],[89.48212492400006,23.619905911000046],[89.47061362200003,23.597130996000033],[89.48422877700006,23.59276382400003],[89.49731996600008,23.579061368000055],[89.49926343500005,23.55805661200003],[89.52303950100008,23.55054504000003],[89.53750409100007,23.53606132300007],[89.53241183400007,23.52871155300005],[89.50619943200007,23.524289268000075],[89.49691240900006,23.514588914000058],[89.48934077600006,23.48908133300006],[89.49586672900006,23.475008701000036],[89.50762433600005,23.478187972000057],[89.51146748500008,23.510687962000077],[89.52709715300006,23.51299890000007],[89.57239917200008,23.498071120000077],[89.60596144200008,23.47268593700005],[89.60749591900003,23.416497478000053],[89.61759496000008,23.38682453200005],[89.59990025900004,23.377855160000024],[89.60799135900004,23.369971252000028],[89.60426727600003,23.33773620100004],[89.62148328000006,23.310184583000023],[89.64498065700008,23.298926220000055],[89.63492638300005,23.297156937000068],[89.62044963700004,23.307488548000038],[89.62549388300005,23.292907228000047],[89.65771751900007,23.287094109000066],[89.66881717900009,23.278813694000064],[89.64801109700005,23.272415323000075],[89.63682950500004,23.261615068000026],[89.63298246100004,23.237685886000065],[89.64183393300004,23.232456367000054],[89.66841590700005,23.244875423000053],[89.68555500300005,23.227228253000078],[89.68801293900003,23.210391351000055],[89.67903090900006,23.183265213000027],[89.68990979800003,23.16350705900004],[89.69605733700007,23.162023473000033],[89.73250347900006,23.186191991000044],[89.75736867600006,23.18657102700007],[89.76496706800003,23.178915010000026],[89.73227879500007,23.168203581000057],[89.73017671700006,23.158450278000032],[89.74166769600004,23.14229374200005],[89.73856955400004,23.12959853900003],[89.70485967400003,23.113499869000066],[89.69466254000008,23.127609669000037],[89.68050447600007,23.133590449000053],[89.67355591400008,23.129523102000064],[89.67405530100007,23.118893093000054],[89.69063522400006,23.09867944800004],[89.73587850200005,23.073035747000063],[89.72852489500008,23.055618785000036],[89.74688847700008,23.04844962900006],[89.76246506200005,23.007430371000055],[89.79682251000008,22.996307150000064],[89.79247269500007,22.980373201000077],[89.80573701000009,22.963685343000066],[89.80104671600003,22.94125997900005],[89.86408682900009,22.903815612000074],[89.85055696400008,22.88825378200005],[89.91988263000007,22.88081041500004],[89.92231030800008,22.864064902000052],[89.94378017500009,22.85649355000004]],[[89.94378017500009,22.85649355000004],[89.94443541400005,22.82571229100006]],[[89.94443541400005,22.82571229100006],[89.91532273600006,22.807366381000065],[89.91408498600003,22.800466200000074],[89.92783351400004,22.796596691000047],[89.93825779700006,22.784943284000065],[89.92243564900008,22.784255175000055],[89.90537724300003,22.774353433000044],[89.91279194700007,22.75283268800007],[89.93212284300006,22.750831770000048],[89.93144743000005,22.723345807000044]],[[89.93144743000005,22.723345807000044],[89.90272735500008,22.725064562000057],[89.86535281100004,22.704647820000048],[89.86164645700006,22.69703138600005],[89.86729186600007,22.691804155000057],[89.91680862800007,22.692884347000074],[89.93708825100003,22.679443855000045]],[[89.93708825100003,22.679443855000045],[89.91408735100003,22.659757353000032],[89.89665324200007,22.67496210400003],[89.89008292500006,22.663828546000047],[89.92721164900007,22.640876476000074],[89.92063971900006,22.606155063000074],[89.96236277200006,22.593198323000024],[89.95392539600005,22.553497883000034]],[[89.95392539600005,22.553497883000034],[89.92414611400005,22.509482310000067],[89.96463440900004,22.507684108000035]],[[89.96463440900004,22.507684108000035],[89.96962125800007,22.501441726000053],[89.96484880600008,22.492509992000066]],[[89.96484880600008,22.492509992000066],[89.94987190300003,22.49222992500006],[89.91389801400004,22.50538500500005],[89.89163699200003,22.506836218000046]],[[89.89163699200003,22.506836218000046],[89.88193180500008,22.496274494000033],[89.88409385100005,22.485612737000054],[89.89699820500005,22.474935567000045],[89.93067271800004,22.477897831000064],[89.94455517300008,22.466380749000052],[89.93475869700006,22.449039455000047],[89.90163734900005,22.444052200000044],[89.87155144200005,22.420524774000057],[89.87152930600007,22.41157613200005],[89.89820338400006,22.382319824000035],[89.90162346000005,22.36973953100005],[89.89555744200004,22.34692371700004],[89.86762004400003,22.304565896000042],[89.85785879200006,22.269324685000072],[89.86185723000006,22.233471370000075],[89.88587292600005,22.177272801000072]],[[89.88587292600005,22.177272801000072],[89.87674198100007,22.176495170000067],[89.88406360700003,22.114868813000044],[89.87515498800008,22.094590948000075],[89.84639993400003,22.06479773600006],[89.81742019700005,22.06596306600005],[89.80571321100007,22.075463510000077],[89.83486920800004,22.10107255500003],[89.84205635400008,22.119676893000076],[89.83897048900008,22.12612788900003],[89.81349897900003,22.144098842000062],[89.83374936400008,22.15668116100005],[89.83669118300008,22.164751607000028],[89.80789554700004,22.220079334000047],[89.80486968900004,22.20891376900005],[89.83380372000005,22.165107243000023],[89.81614670900007,22.15116424400003],[89.81093980700007,22.139219550000064],[89.83675354500008,22.124070061000054],[89.80098586700007,22.07230251900006],[89.77617873400004,22.091474712000036],[89.75796623900004,22.13466935100007],[89.74404964600006,22.138497636000068],[89.74743531000007,22.186688745000026],[89.73131017400004,22.199655208000024],[89.73857742100006,22.208753053000066],[89.74548764100007,22.197763544000054],[89.75229647600008,22.19868312600005],[89.75669446200004,22.213724624000065],[89.75618494400004,22.229589860000033],[89.74966525000008,22.19833015000006],[89.73718173000003,22.21156669800007],[89.72975747000004,22.200997063000045],[89.74506420700004,22.185614479000037],[89.74160467400009,22.136509879000073],[89.71188985600008,22.13230514600008],[89.69421213100009,22.182303404000038],[89.70901343600008,22.184361546000048],[89.71383464100006,22.19871212000004],[89.70747709500006,22.20354690000005],[89.69206861700007,22.196783396000058],[89.73323111000008,22.263273524000056],[89.73768732400004,22.279896790000066],[89.70356992300003,22.278397131000077],[89.71032383800008,22.303445742000065],[89.70683691400006,22.329296235000072],[89.71404982000007,22.349339045000022],[89.70593086500008,22.342291403000047],[89.70135375600006,22.312202548000073],[89.68221678000003,22.333181683000078],[89.67176040100009,22.359618216000058],[89.661488,22.369832734000056],[89.63981008500008,22.364734750000025],[89.66640254900005,22.363879564000058],[89.67683739800003,22.33669804300007],[89.70550980500008,22.30591245100004],[89.70003210800007,22.276363294000078],[89.73477902500008,22.277214254000057],[89.69430351300008,22.214453381000055],[89.68592304500004,22.21806187900006],[89.67382299100007,22.209535949000042],[89.67857909100007,22.223966699000073],[89.67713736800005,22.238349253000024],[89.63799351800003,22.24851787500006],[89.63957348900004,22.25069327400007],[89.66131510100007,22.249756140000045],[89.67239296200006,22.252932930000043],[89.67578640600004,22.256909162000056],[89.67335517300006,22.25860922800007],[89.65256017400009,22.262457031000054],[89.66407077200006,22.268800689000045],[89.66960234600003,22.27582994100004],[89.66213516500005,22.277687203000028],[89.66588098400007,22.271618585000056],[89.65250753700008,22.263628828000037],[89.65263775600005,22.26051681200005],[89.67346946700007,22.25536079500006],[89.66497310200003,22.250979958000073],[89.63899679000008,22.25158384100007],[89.63677360600008,22.24844852600006],[89.67533719300008,22.238366561000078],[89.67272797200008,22.209353066000062],[89.67743412900006,22.208306291000042],[89.68726295900007,22.217236126000046],[89.69175390100008,22.21429132000003],[89.68984604600007,22.19238482000003],[89.70983423700005,22.19946759800007],[89.70937206300005,22.18789292500003],[89.69669889300008,22.19100191900003],[89.68994096200004,22.181872695000038],[89.70893592100003,22.129646329000025],[89.70382696800004,22.070682848000047],[89.68508205500007,22.06700243000006],[89.67081748100009,22.083061330000078],[89.66910100500007,22.088306876000047],[89.68451274000006,22.09477438500005],[89.68036235300008,22.09960595800004],[89.66595492300007,22.100835752000023],[89.67891185900004,22.12098674200007],[89.68178891500008,22.13218233400005],[89.67713917200007,22.142444458000057],[89.67052204800007,22.145046683000032],[89.65769708400006,22.13936194300004],[89.66196367700007,22.148364554000068],[89.64890495700007,22.149709349000034],[89.64389258200003,22.16017296600006],[89.63164726200006,22.16713099800006],[89.61600224000006,22.16826314900004],[89.60689264000007,22.178973339000038],[89.61958552300007,22.19834475600004],[89.61782193500005,22.201946435000025],[89.60447049500004,22.21161367900004],[89.60283485400004,22.22945233100006],[89.61708098600008,22.214681039000027],[89.62182295000008,22.21496964800008],[89.61530214600003,22.241445318000046],[89.60531011300003,22.24788366300004],[89.62066288200003,22.256664494000063],[89.62015849300008,22.25936623900003],[89.60950507700005,22.26941045500007],[89.61632927800008,22.268058882000048],[89.62078945100006,22.270140163000065],[89.62506003900006,22.277167676000033],[89.61498562400004,22.28023210400005],[89.62544254500006,22.29391004400003],[89.61493039200008,22.30006481600003],[89.63660614600008,22.342685741000025],[89.62882316100007,22.365906670000072],[89.61961505400006,22.36306355200003],[89.62396073700006,22.341871483000034],[89.60624070100005,22.30819277100005],[89.58192730000007,22.279519660000062],[89.57919322700008,22.25965012200004],[89.58643682600007,22.244308040000078],[89.57710782900006,22.241434600000048],[89.57273688800007,22.253644458000053],[89.55606479600004,22.261171536000063],[89.55389006000007,22.304219450000062],[89.53858156900003,22.314758381000047],[89.52840848200003,22.33202822900006],[89.51578876900004,22.32742995500007],[89.51243096600007,22.33141180900003],[89.53488147800005,22.339079949000052],[89.53551686100008,22.34515181000006],[89.50437813200006,22.37065655200007],[89.53457707400008,22.343017924000037],[89.51481548100008,22.337647938000032],[89.51107519900006,22.33034820100005],[89.51600198300008,22.325878428000067],[89.52722057000005,22.330642557000033],[89.53649010100008,22.31393200800005],[89.55253175300004,22.301172062000035],[89.55254621000006,22.264881136000042],[89.55719314700008,22.256330327000057],[89.57053828100004,22.253072334000024],[89.57297815900006,22.24448894300008],[89.57155587700004,22.235995030000026],[89.52893887000005,22.197638005000044],[89.52687969800007,22.205349220000073],[89.53500598000005,22.20919127700006],[89.52853685400004,22.22106166100008],[89.53693914700006,22.23329379300003],[89.52973570100005,22.22726709400007],[89.52693596600005,22.221033582000075],[89.53306056200006,22.211250868000036],[89.52542282800005,22.205552768000075],[89.52456788100005,22.198431323000023],[89.52984045400007,22.196372434000068],[89.54155051400005,22.202515490000053],[89.54519915500003,22.185973326000067],[89.58389767700004,22.123188124000023],[89.53216568800008,21.99479713100004],[89.51017587100006,22.016628379000053],[89.53336708200004,22.058807297000044],[89.53569420000008,22.07952517500007],[89.52674505700008,22.095666450000067],[89.54493168400006,22.095649493000053],[89.55050074400003,22.111919640000053],[89.54095399500005,22.096860828000047],[89.52382888900007,22.09656705900005],[89.51640003000006,22.103394097000034],[89.47607125200005,22.232793767000032],[89.49477469400006,22.26597031800003],[89.49750075200006,22.286721045000036],[89.49321365200007,22.26787870900006],[89.47628337600008,22.299428979000027],[89.48304722200004,22.311242635000042],[89.48258963100005,22.317431463000048],[89.46039914400006,22.333926649000034],[89.45996855700008,22.34235392200003],[89.48393053900008,22.33671518400007],[89.48932460600008,22.34021940100007],[89.49014329200008,22.370353177000027],[89.48795106700004,22.371951482000043],[89.47189128700006,22.37092054200008],[89.47324914100005,22.379195553000045],[89.46787277700008,22.372430448000046],[89.47357855700005,22.369574612000065],[89.48877321500004,22.36974612000006],[89.48484534500005,22.33824032600006],[89.46360958700006,22.34427670200006],[89.45677372900008,22.34184185500004],[89.45660470300004,22.336044016000073],[89.48152556400004,22.31479266900004],[89.47332384700007,22.30574774200005],[89.43361277300005,22.35711742700005],[89.44656211700004,22.374113540000053],[89.44854397500006,22.38735867300005],[89.44587216900004,22.40384686400006],[89.43444379100004,22.413663532000044],[89.42447800800005,22.411541529000033],[89.43875946300005,22.385936341000047],[89.42377850400004,22.362295304000043],[89.42016779900007,22.344999674000064],[89.42388083300006,22.327649676000078],[89.42079476000004,22.324209446000054],[89.39869959900005,22.33425603200004],[89.40268248500007,22.345007572000043],[89.40014804400005,22.350417423000067],[89.38408113400004,22.350651854000034],[89.38433834700004,22.37340463700008],[89.36474144600004,22.374558351000076],[89.36697281300007,22.387435783000058],[89.36276005800005,22.37986329900008],[89.36286501900008,22.373009859000035],[89.38185877800004,22.372705789000065],[89.38205820900004,22.350618741000062],[89.39792630300008,22.34834154600003],[89.39638083500006,22.333775674000037],[89.41619176900008,22.321263961000056],[89.40688296200005,22.310977491000074],[89.41160912700008,22.29387900300003],[89.40632786500004,22.289763709000056],[89.40248749500006,22.29457742900007],[89.39547726200004,22.297811033000073],[89.38364452800005,22.29880994100006],[89.37871818300005,22.315770416000078],[89.36861070800006,22.317754127000057],[89.37635050100005,22.315049344000045],[89.37638997300007,22.304384107000033],[89.38510875700007,22.29586958400006],[89.40865626200008,22.288727938000022],[89.41361496400003,22.29192504200006],[89.42700903500008,22.27877588900003],[89.41773481700005,22.274597422000056],[89.40818822500006,22.278626235000047],[89.40442346200007,22.273912256000074],[89.40236605400008,22.279326785000023],[89.39424528800004,22.276609085000075],[89.39130206400006,22.289434502000063],[89.39401000700008,22.275599226000054],[89.40164191600007,22.277703365000036],[89.40403809600008,22.27186916100004],[89.40871668800008,22.277603648000024],[89.41677219800005,22.273392444000024],[89.42580762000006,22.274886173000027],[89.41414041200005,22.25921651400006],[89.38583572600004,22.27008038100007],[89.38263080600007,22.267885398000033],[89.37823910800006,22.258626048000053],[89.37220145500004,22.268628842000055],[89.36896050700005,22.269722096000066],[89.36002636500007,22.27052165300006],[89.34605330000005,22.26351326300005],[89.37068461400008,22.268147843000065],[89.37841312000006,22.25740712700008],[89.38520314400006,22.268938578000075],[89.41199612300005,22.258417445000077],[89.40893765000004,22.241377214000067],[89.41905252100008,22.22671723800005],[89.41341212600008,22.224630743000034],[89.41052375300006,22.220398858000067],[89.40146186500004,22.224146526000027],[89.39338073300007,22.22268018500006],[89.39293016200008,22.218733172000043],[89.40217613900006,22.209001587000046],[89.39044059600008,22.199763661000077],[89.41025402600008,22.195549667000023],[89.41428617900004,22.18439694500006],[89.42888630500005,22.16684126000007],[89.40618331300004,22.15215310600007],[89.40640521300008,22.133921049000037],[89.37896818400009,22.13833799300005],[89.38529357700008,22.15819067900003],[89.37076557400007,22.163587336000035],[89.38327039500007,22.180049188000055],[89.38291489000005,22.182605330000058],[89.37409426800008,22.185044477000076],[89.36477622200005,22.18289444800007],[89.38220595300004,22.18168484000006],[89.36876545700005,22.162374686000078],[89.38386383000005,22.155994516000078],[89.37812473900004,22.136980514000072],[89.40492192400006,22.129442896000057],[89.38204445200006,22.120439520000048],[89.37992687600007,22.100466039000025],[89.36937681900008,22.100203204000024],[89.35082437200003,22.118413050000072],[89.35301323700008,22.13532451800006],[89.33410415400004,22.127970683000058],[89.32995418700006,22.134304644000053],[89.34050766200005,22.156276665000064],[89.33741581300006,22.178841292000072],[89.32450479900007,22.190319044000034],[89.33428919100004,22.198068989000035],[89.33190840300006,22.21659752100004],[89.32667068300003,22.21163210000003],[89.32937043400005,22.20062123500003],[89.31881646200009,22.21109351900003],[89.30591129900006,22.211160112000073],[89.31006478700004,22.18370438100004],[89.27118563400006,22.148373336000077],[89.26397527600005,22.13651636800006],[89.26446417700004,22.112553423000065],[89.24876247500004,22.100735832000055],[89.23196978600004,22.104550553000024],[89.21852372000006,22.097463764000054],[89.20772554000007,22.126795379000043],[89.22648466900006,22.132620173000078],[89.21354031100003,22.144773816000054],[89.24673237200005,22.162417551000033],[89.22727791600005,22.19986923700003],[89.25259002500007,22.22491377500006],[89.24906252000005,22.22729065300007],[89.22377542000004,22.200826538000058],[89.24209625200007,22.162459305000027],[89.21280283500005,22.148840017000055],[89.20968242200007,22.140302607000024],[89.22422855200006,22.134699968000064],[89.20440408200005,22.128408147000073],[89.19725562100007,22.131777224000075],[89.19190584200004,22.150864462000072],[89.20225343700008,22.144644209000035],[89.20987006400009,22.146807900000056],[89.21155004900004,22.16102261800006],[89.22091646000007,22.16830545600004],[89.22178005900008,22.17352042400006],[89.19701094400006,22.184461328000054],[89.20214666500004,22.214902218000077],[89.19204283800008,22.21935852200005],[89.19289736800005,22.229563565000035],[89.18430770200007,22.229833511000038],[89.19156947200008,22.228152222000062],[89.19027225300005,22.22066244000007],[89.19208977100004,22.218257486000027],[89.19965222100006,22.215936192000072],[89.19454971000005,22.189968829000065],[89.19913338300006,22.178261879000047],[89.19568958500008,22.170191274000047],[89.18205860800003,22.16667874700005],[89.18647090200005,22.176375177000068],[89.17985066200004,22.16740588400006],[89.18201583200005,22.16469391800007],[89.19701223500005,22.169399147000036],[89.20229566400008,22.17805973000003],[89.21935760000008,22.172216150000054],[89.20999307200003,22.16456538400007],[89.20546455900006,22.147160280000037],[89.19153634200006,22.154910634000032],[89.19147138000005,22.13370083600006],[89.20725255000008,22.11650179000003],[89.21462911000003,22.091775459000075],[89.23822768400004,22.07359615100006],[89.24538255300007,22.059212735000074],[89.20562344200005,22.00243118900005],[89.18702767000008,22.025249363000057],[89.16329255300008,22.027877888000035],[89.15490592500004,22.037933896000027],[89.17865357300008,22.06486737700004],[89.15073674500007,22.085616478000077],[89.16019686600004,22.087316842000064],[89.17457128500007,22.079928066000036],[89.17882659600008,22.08220146700006],[89.18074279600006,22.101042197000027],[89.19409344200005,22.118500779000044],[89.18932939500007,22.12320896600005],[89.17366879600007,22.124381649000043],[89.17096772000008,22.14124425400007],[89.16429547000007,22.151383117000023],[89.14316548500005,22.15585444900006],[89.14214283300004,22.16907079400005],[89.15858774500003,22.191125727000042],[89.16036891700008,22.207959670000037],[89.15721589300006,22.191813386000035],[89.14618134200003,22.182894688000033],[89.13888064300005,22.16420163400005],[89.14246679700005,22.15302603600003],[89.16392285100005,22.149154379000038],[89.17012362000008,22.12492489300007],[89.19180525900003,22.120053177000045],[89.17802086000006,22.098999578000075],[89.17608218500004,22.082636816000047],[89.15984527100005,22.08940100800004],[89.14814203800006,22.087027784000043],[89.13072909600004,22.102221300000053],[89.11972767100008,22.126531794000073],[89.13803404100008,22.123896758000058],[89.14335183200006,22.13096459700006],[89.13213235500007,22.136864221000053],[89.12860664700008,22.151996696000026],[89.10901778100003,22.158404159000042],[89.08981603900008,22.17780993200006],[89.10804665400008,22.15582594600005],[89.12658939800008,22.149466347000043],[89.13058908800008,22.134888344000046],[89.13992943100004,22.130107589000033],[89.11685829700008,22.128284087000054],[89.11580230000004,22.120520370000065],[89.14809179400004,22.077930452000032],[89.13923636200008,22.068239341000037],[89.12909487600007,22.073747110000056],[89.11879807900004,22.06978936400003],[89.10338634800007,22.047166336000032],[89.09389386800007,22.050326432000077],[89.08971868200007,22.01869773100003],[89.06785902800004,22.053871382000068],[89.08734279400005,22.054280985000048],[89.09024817600005,22.057461799000066],[89.09834486400007,22.09415118100003],[89.09676305900007,22.09623545100004],[89.07789249000007,22.100375060000033],[89.08155117500007,22.109482712000045],[89.07731008800005,22.104545337000047],[89.07716924300007,22.100116342000035],[89.07965108800005,22.097844812000062],[89.09692476900005,22.09352989300004],[89.08692481800006,22.055516279000074],[89.05573293100008,22.064666588000023],[89.04829095700006,22.098228670000026],[89.09761819700003,22.14208086700006],[89.10189563600005,22.156091428000025],[89.08940435400007,22.16219383600003],[89.07538072800008,22.149159850000046],[89.06732567600005,22.168918202000043],[89.07651829000008,22.190568188000043],[89.07275053300003,22.19881109800008],[89.04284296900005,22.22356854700007],[89.03432380900006,22.258200232000036],[89.01614342200008,22.253432752000037],[89.01933403200007,22.269065228000045],[88.99614893300009,22.28481051800003],[88.99962357700008,22.29621654700003],[89.02532751900009,22.29599793600005],[89.00050654500006,22.32385410300003],[88.98588531500008,22.32448755300004],[88.98868651600009,22.362261427000078],[88.98315405600005,22.377120708000064],[88.99087168800008,22.38939943500003],[88.97347755400006,22.408549019000077],[89.00157897000008,22.428184894000026],[88.99108695000007,22.447236133000047],[88.99723307400006,22.46763518100005],[88.98054038200007,22.485852142000056],[88.96155573500005,22.549831976000064],[88.93918068100004,22.55916994200004],[88.93860845700004,22.590242811000053],[88.96065546600005,22.61661715300005],[88.93474818700008,22.61823111600006],[88.92862609000008,22.65149081000004],[88.94485909400004,22.662322424000024],[88.94767655900006,22.676967254000033],[88.96161114100005,22.685350690000064],[88.96231911100006,22.695107756000027],[88.95608058600004,22.704125517000023],[88.92791871900005,22.718121702000076],[88.91582927800005,22.735881402000075],[88.92017615500004,22.754063916000064],[88.91098367300003,22.75786114300007],[88.91892507200004,22.771053797000036],[88.92576929800003,22.77001066100007],[88.92387164600007,22.77969026100004],[88.93563254700007,22.781980678000025],[88.93804696000007,22.793099019000067],[88.95783217600007,22.79600289700005],[88.95542702000006,22.811581084000068],[88.96283382800004,22.818885555000065],[88.96853256000009,22.843475968000064],[88.94944391700005,22.877422086000024],[88.94466009800004,22.88062525400005],[88.92793276200007,22.872648996000066],[88.90539910900009,22.885914312000068],[88.89559336800005,22.914433066000072],[88.90858508300005,22.919159680000064],[88.88681381700007,22.93469711700004],[88.89303579000006,22.93868382100004],[88.89316071000007,22.952829966000024],[88.86828908400008,22.951373325000077],[88.85889516000003,22.943754520000027],[88.85698134800003,22.96884065000006],[88.87068325500007,22.979363094000064],[88.86378069700004,23.00199036600003],[88.85010279500005,23.003067404000035],[88.84497380500005,23.01054335500004],[88.87661776700008,23.00330073500004],[88.88017625600008,23.00847353300003],[88.87217683600005,23.016747515000077],[88.88164601800008,23.040609717000052],[88.87494681200008,23.04442318200006],[88.87378462100008,23.066256502000044],[88.86098910500004,23.077446289000022],[88.87458915800005,23.08992064800003],[88.87114926100008,23.10228876700006],[88.88180117500008,23.110633144000076],[88.89976993100004,23.11219331600006],[88.90589795700004,23.125218680000046],[88.91787201400007,23.12921800600003],[88.92075828300005,23.143285802000037],[88.93081580800003,23.14332559500008],[88.92803540200003,23.16352908500005],[88.93401435800007,23.161915030000046],[88.93901124200005,23.176917530000026],[88.95617567600004,23.182007560000045],[88.96179801800008,23.193221106000067],[88.97435810800005,23.192959463000022],[88.97745866800005,23.182364436000057],[88.98713718800008,23.205725376000032],[88.97966923600006,23.212647419000064],[88.99563793500005,23.213992903000076],[88.97554483900007,23.224569470000063],[88.94221883500006,23.206358317000024],[88.92929219500007,23.211464056000068],[88.93023575200004,23.216916883000067],[88.91387283000006,23.214980215000026],[88.91492378300006,23.22895730600004],[88.90678354100004,23.23609684200005],[88.88573211600004,23.228706286000033],[88.85630129700007,23.235308591000035],[88.84484711900006,23.230687528000033],[88.83609249500006,23.243734346000053],[88.82423235100003,23.23375273700003],[88.82822167100005,23.245194635000075],[88.81278521600007,23.255517782000027],[88.80589112400008,23.23809899200006],[88.81140032900004,23.22167401200005],[88.78973469600004,23.21848589500007],[88.77390251600008,23.22567257000003],[88.77622841800007,23.238219357000048],[88.76947151500008,23.244963201000076],[88.75390352000005,23.24026041600007],[88.71881313700004,23.254865296000048],[88.72444409500008,23.271901296000067],[88.71094883200004,23.279294382000046],[88.71047041700007,23.288681575000055],[88.69875208500008,23.291332828000066],[88.69624006500004,23.302232376000063],[88.70940756900006,23.313046689000032],[88.70644076100007,23.304132958000025],[88.72589457800007,23.298867865000034],[88.72560301700008,23.318603607000057],[88.73055895200008,23.31986253100007],[88.73407431300006,23.306580865000058],[88.74592769100008,23.308922375000066],[88.74987768000005,23.32090200500005],[88.74437989300009,23.327716225000074],[88.73272943200004,23.328363186000047],[88.73908358900007,23.34327779000006],[88.73193782000004,23.351774830000068],[88.74400168000005,23.348670028000072],[88.74762554100005,23.362391483000067],[88.75789874400004,23.359868695000046],[88.76548779200004,23.367671088000066],[88.74876517700005,23.398148952000042],[88.76114713100009,23.408914980000077],[88.75454018800008,23.414324616000044],[88.76560942600008,23.449008336000077],[88.78219469700008,23.441418699000053],[88.79540900700005,23.44360419700007],[88.78725117300007,23.469580429000075],[88.79962481900003,23.482821025000078],[88.79480223800005,23.485471364000034],[88.80040546100008,23.497120195000036],[88.78195059400008,23.501856711000073],[88.76990764200008,23.495692555000062],[88.77394069600007,23.47983363800006],[88.76239091400004,23.490471553000077],[88.75604423000004,23.48762522100003],[88.76155560200004,23.480046376000075],[88.74665098000008,23.483702761000075],[88.74345661300003,23.479023807000033],[88.72406715200003,23.512600288000044],[88.71248514100006,23.509468767000044],[88.69572284500003,23.517502922000062],[88.68286243300008,23.541695967000067],[88.65966776200008,23.54921590300006],[88.65012189700008,23.585477293000054],[88.63873398000004,23.590860848000034],[88.64343324600009,23.60705351100006],[88.62984649600008,23.60908156000005],[88.60927298200005,23.600505526000063],[88.60145512600008,23.606980016000023],[88.59715928300005,23.602070690000062],[88.58003167000004,23.603060975000062],[88.58527356700006,23.616560443000026],[88.59378296100004,23.616988825000078],[88.59371318000007,23.64091393900003],[88.56215880100007,23.637184456000057],[88.55819021100007,23.64924749900007],[88.57382417900004,23.666752230000043],[88.56513672100004,23.71382303400003],[88.57657250700004,23.733086510000078],[88.57365343000004,23.73822890200006],[88.57199407500008,23.733867789000044],[88.57245280100005,23.747705191000023],[88.58054789300007,23.765196829000047],[88.57875272200005,23.77529697800003],[88.56498554300003,23.77743163400004],[88.55935846500006,23.78630184900004],[88.57887879000003,23.78751509700004],[88.58212737500008,23.797794243000055],[88.59304705100004,23.799980309000034],[88.58758035900007,23.810599593000063],[88.60204174100005,23.818162443000062],[88.58698482600005,23.829541905000042],[88.59021214100005,23.853946979000057],[88.57692597300007,23.852103596000063],[88.57528536400008,23.861722533000034],[88.58744316000008,23.87157320600005],[88.60847014300003,23.86308260100003],[88.60931883500007,23.87368549300004],[88.61949540900008,23.87695496300006],[88.62593264300006,23.865280752000047],[88.63839124400005,23.871436577000054],[88.65414259900007,23.86557177800006],[88.66754045700009,23.86959540500004],[88.66423952000008,23.882498502000033],[88.68418572700006,23.890271230000053],[88.68837410500004,23.90157221800007],[88.70534635600006,23.900711709000063],[88.69950264400006,23.911064660000022],[88.70761034300006,23.91637125400007],[88.73338383700008,23.91108295500004],[88.73471610600006,23.931317230000047],[88.74206368800003,23.933346070000027],[88.74093610100005,23.951258342000074],[88.73263829500007,23.960711436000054],[88.73963964400008,23.984625966000067],[88.76934227000004,23.981498059000046],[88.76132840900004,24.00532185800006],[88.74595026300005,24.005796275000023],[88.72992122600004,23.995420402000036],[88.74216632100007,24.033425374000046],[88.73953516100005,24.045735928000056],[88.72683076400006,24.053057745000046],[88.73716578800008,24.062557097000024],[88.72355022500005,24.068738890000077],[88.72770461100004,24.100923757000032],[88.71717386800003,24.10349912500004],[88.70022772200008,24.09442789600007],[88.70077998700003,24.10825471800007],[88.69304200400006,24.111323362000064],[88.69713714200003,24.12046531200008],[88.70850119400006,24.120086332000028],[88.74639361600003,24.14717154300007],[88.73153928900007,24.171718231000057],[88.73342434600005,24.193875496000032]],[[89.33751756800007,21.71832037300004],[89.34871471200006,21.70294676000003],[89.33602035000007,21.696143376000066],[89.33035109000008,21.701392791000046],[89.33751756800007,21.71832037300004]],[[89.54029421900003,21.849415429000032],[89.60454937200006,21.79880937200005],[89.60471085900008,21.786666252000032],[89.60103120400004,21.77523102200007],[89.58657722400005,21.764342833000057],[89.58859115900003,21.749049210000067],[89.60630265900005,21.719068011000047],[89.57042073800005,21.71465291100003],[89.55539705600006,21.725322294000023],[89.53811643900008,21.76201552400005],[89.53649636100005,21.772385636000024],[89.54783630000009,21.771556193000038],[89.54080404600006,21.78592736400003],[89.54984354500004,21.792597514000022],[89.53085534200005,21.822951052000064],[89.54029421900003,21.849415429000032]],[[89.39182099600004,21.86566422100003],[89.39150838500007,21.860137387000066],[89.39509955600005,21.855622656000037],[89.40620273100006,21.847961146000046],[89.42213801000008,21.846173024000052],[89.44614159500009,21.847522751000042],[89.45560951300007,21.842391047000035],[89.46354844000007,21.818849604000036],[89.45541346600004,21.818289931000038],[89.44321968200006,21.811253701000055],[89.46804653400005,21.816423979000035],[89.47401818800006,21.793447556000046],[89.43330243900004,21.74626990200005],[89.41607900700006,21.74831848900004],[89.42610410200007,21.73548800100008],[89.39786545700008,21.72147560600007],[89.36368698600006,21.744869553000058],[89.36007436200003,21.751787640000032],[89.37808599600004,21.760858360000043],[89.36005321200008,21.757719837000025],[89.35488823400004,21.796902054000043],[89.34866278700008,21.803857298000025],[89.38156810100008,21.877735838000035],[89.38669789300008,21.87156983600005],[89.39716120500003,21.872421546000055],[89.39182099600004,21.86566422100003]],[[89.33579598200004,21.789545219000047],[89.30924650100008,21.842995234000057],[89.31298383800004,21.856232314000067],[89.33347093800006,21.864371952000056],[89.36403784100008,21.883615409000072],[89.35025155700004,21.83432056600003],[89.33762787100005,21.818015797000044],[89.33579598200004,21.789545219000047]],[[89.35714138400004,21.88232184700007],[89.32647363500007,21.86298101500006],[89.31863823000003,21.862901099000055],[89.33353280100005,21.87586981800007],[89.35714138400004,21.88232184700007]],[[89.42023448300006,21.89069942800006],[89.44968505100007,21.871677331000058],[89.42021970200005,21.862684126000033],[89.41823997200004,21.85832677600007],[89.42345766100004,21.84785410300003],[89.40513583000006,21.849487795000073],[89.39221050500004,21.860531280000032],[89.39849846900006,21.868801087000065],[89.39714090500007,21.873798375000035],[89.38201925300007,21.878964234000023],[89.38155976400003,21.921814236000046],[89.40640580000007,21.930158685000038],[89.40820810900004,21.928165197000055],[89.40253526900005,21.919737069000064],[89.40253179800004,21.914113155000052],[89.42023448300006,21.89069942800006]],[[89.41692116600007,21.96994157300003],[89.43265368100003,21.944706659000076],[89.45634087000008,21.93469951700007],[89.44614497300006,21.90794108700004],[89.47069770600007,21.902821145000075],[89.46430103300008,21.88042656300007],[89.46771508900008,21.857537697000055],[89.46007418100004,21.86028587900006],[89.45702973100003,21.85276989700003],[89.42223902700005,21.85083516900005],[89.42127449900005,21.861445029000038],[89.44573240100004,21.867361410000058],[89.44992175900006,21.870052761000068],[89.45144091500003,21.874599630000034],[89.41835407100007,21.89570040900003],[89.40337319600008,21.915933247000055],[89.40958626300005,21.92907810500003],[89.40843298800007,21.93115356000004],[89.38920566300004,21.932057274000044],[89.40000397400007,21.93922768400006],[89.39692643400008,21.944751934000067],[89.37458965100006,21.952978038000026],[89.38080058000008,21.964046007000036],[89.38848378500006,21.959068092000052],[89.40024875600005,21.962828251000076],[89.40362730700008,21.970163726000067],[89.40102011100004,21.980758544000025],[89.41052153000004,21.986842267000043],[89.42447320600007,21.984597075000067],[89.41692116600007,21.96994157300003]],[[89.54766398400005,21.918804924000028],[89.54162274100008,21.957368922000057],[89.54443127700006,21.960532027000056],[89.56941935200007,21.933875047000072],[89.54550341900006,21.881078311000067],[89.54766398400005,21.918804924000028]],[[89.50181022300006,21.968991279000022],[89.46629318500004,21.994423545000075],[89.50314170400009,21.96637928000007],[89.50891758300008,21.93659931600007],[89.50240958600006,21.929312923000055],[89.48794115700008,21.934622834000038],[89.47715603600005,21.935370931000023],[89.48490312300004,21.941316339000025],[89.48427306700006,21.94794818400004],[89.48362939000003,21.94115226300005],[89.46995288400007,21.939356047000047],[89.47698267500004,21.934285681000063],[89.49785310900006,21.92819940800007],[89.50714856800005,21.92947061800004],[89.50338891700005,21.91287001300003],[89.45245041600003,21.909505386000035],[89.46244198200009,21.92961738500003],[89.46079374900006,21.938695540000026],[89.43756182700008,21.950043373000028],[89.42187057500007,21.971501970000077],[89.43906157400005,21.992309843000044],[89.43048254500007,22.043025121000028],[89.44226003400007,22.062404378000053],[89.45684039900004,22.04923794800004],[89.47116138800004,22.04631000200004],[89.47346744500004,22.029218273000026],[89.50181022300006,21.968991279000022]],[[89.41520068600005,22.03728871000004],[89.42694270300007,22.027083359000073],[89.432608,21.98845003300005],[89.41495245500005,21.987622937000026],[89.41589107800007,21.994154140000035],[89.41121537700008,22.00392608800007],[89.420181,22.014787338000076],[89.41946338400004,22.016137402000027],[89.40963336300007,22.003232101000037],[89.41133669900006,21.98927288300007],[89.39813046300009,21.982430328000078],[89.39545703000005,21.99271423600004],[89.39290321700008,21.996848718000024],[89.38848373500008,21.99823543900004],[89.40231743400005,21.968907707000028],[89.38998694500003,21.960442381000064],[89.37978778400009,21.96532138500004],[89.37275121600004,21.955922705000035],[89.37552211100007,21.949853173000065],[89.39796881500007,21.940114643000072],[89.38897030200008,21.934736778000058],[89.38780630800005,21.930466541000044],[89.39079483000006,21.926099367000063],[89.38553175900006,21.92326840800007],[89.36258751000008,21.959652292000044],[89.35366280600005,22.03223938700006],[89.37662741300005,22.063470986000027],[89.39015888700004,22.05570653700005],[89.40184304600007,22.054504903000065],[89.41520068600005,22.03728871000004]],[[89.47956333800005,22.051626518000035],[89.50038806000003,22.062067329000058],[89.51537601200005,22.079874750000045],[89.51804396200004,22.076961723000068],[89.51602379000008,22.05759149900007],[89.49580813000006,22.030143423000027],[89.47963262500008,22.04245238200008],[89.47956333800005,22.051626518000035]],[[89.44596647800006,22.060881988000062],[89.45120257400004,22.071222135000028],[89.47266139800007,22.07741429200007],[89.48921497900005,22.090637979000064],[89.51287949500005,22.080641462000074],[89.47208878500004,22.048079203000043],[89.44596647800006,22.060881988000062]],[[89.46280784300006,22.143095575000075],[89.46062644100004,22.117240648000063],[89.48505242200008,22.089028676000055],[89.45039883700008,22.075806302000046],[89.43796106700006,22.093945441000074],[89.41695429800006,22.103965602000073],[89.41430090400007,22.112418604000027],[89.41772837300005,22.101010511000027],[89.43479850800009,22.094518093000033],[89.44855765000005,22.07498504600005],[89.42732556700008,22.052117828000064],[89.42587474400005,22.02978538900004],[89.41062813100007,22.049643600000024],[89.40335290300004,22.054981042000065],[89.39038673400006,22.057026380000025],[89.37719453900007,22.066133714000046],[89.39115003000006,22.080835189000027],[89.38303783300006,22.11517976300007],[89.40771290600009,22.126782606000063],[89.41182266100003,22.154285551000044],[89.43502766000006,22.163195925000025],[89.46280784300006,22.143095575000075]],[[89.47182612700004,22.12190362700005],[89.47120039300006,22.138884250000046],[89.48392873400007,22.143424888000027],[89.49616545900005,22.129983194000033],[89.50849763000008,22.088052015000073],[89.48665351800008,22.095284587000037],[89.47182612700004,22.12190362700005]],[[89.45733063400007,22.207600270000057],[89.47240030700004,22.164528893000067],[89.46219891000004,22.14823120500006],[89.43309580200008,22.166364721000036],[89.41253527900005,22.197519155000066],[89.39500420600007,22.202298076000034],[89.40592456100006,22.210266528000034],[89.39489434600006,22.220002712000053],[89.41189112800004,22.220060510000053],[89.41870298300006,22.224858362000077],[89.42018119400007,22.227880166000034],[89.41931474600005,22.232107839000037],[89.45940387500008,22.246343720000027],[89.45733063400007,22.207600270000057]],[[89.46157662300004,22.252418163000073],[89.41476061700007,22.238201073000027],[89.41909130700003,22.25592896300003],[89.43370535100007,22.281752658000073],[89.40974780100004,22.304316361000076],[89.42465351800007,22.324215846000072],[89.42412821200008,22.346625510000024],[89.44875573200005,22.323128840000038],[89.47890051600007,22.272539334000044],[89.46157662300004,22.252418163000073]],[[89.85259594600006,21.811169122000024],[89.84092322300006,21.810728005000044],[89.83750021000003,21.826884292000045],[89.84948755300007,21.82149312100006],[89.85259594600006,21.811169122000024]],[[89.86329528800007,21.85253348300006],[89.86366459100003,21.84134645200004],[89.86080289500006,21.835033252000073],[89.85074607100006,21.854674010000053],[89.86329528800007,21.85253348300006]],[[89.64569587300008,21.911468348000028],[89.62642585300006,21.884413910000035],[89.62573719000005,21.863711434000038],[89.66070218900006,21.821500188000073],[89.69467474500004,21.797279382000056],[89.69994128300004,21.775727222000057],[89.68760585200005,21.76379989800006],[89.68345234300006,21.767377690000046],[89.67809773500005,21.758618279000075],[89.65899517200006,21.753177487000073],[89.65041763100004,21.755310999000073],[89.64701968800006,21.763574850000055],[89.63600895100006,21.756547345000058],[89.61016771100003,21.764256963000037],[89.61852897400007,21.786268723000035],[89.61606230500007,21.799410231000024],[89.55776488900005,21.84967862600007],[89.55459098700004,21.857558425000036],[89.57744956800008,21.862235007000038],[89.59282902600006,21.870359706000045],[89.59489473900004,21.872993026000074],[89.59045692100005,21.88248731500005],[89.58255156500007,21.888376944000072],[89.59281373900006,21.87670931100007],[89.58532034000007,21.866529220000075],[89.55761478700003,21.85982775900004],[89.54853770200003,21.877047635000054],[89.55454065600009,21.898529835000033],[89.57531752500006,21.931906742000024],[89.57341176800008,21.935248540000032],[89.58841881300003,21.94647381900006],[89.62065474700006,21.945642854000027],[89.64569587300008,21.911468348000028]],[[89.63089918100007,21.879857267000034],[89.64635162200005,21.896958738000023],[89.65952001900007,21.86347270300007],[89.64780218300007,21.85914531800006],[89.63566937900003,21.867150766000066],[89.63089918100007,21.879857267000034]],[[89.71150509700004,21.962567747000037],[89.71355924600005,21.94779862100006],[89.72694720000004,21.927741925000078],[89.71304112000007,21.91218062100006],[89.71165720900007,21.899843341000064],[89.72845365700005,21.889832109000054],[89.74086787800007,21.865947955000024],[89.74175962200007,21.839988874000028],[89.71880699600007,21.832684587000074],[89.70141283500004,21.837530530000038],[89.70939390100006,21.846366353000064],[89.70222131200006,21.85132999800004],[89.69326559800004,21.852619098000048],[89.69922703800006,21.85921441000005],[89.69676983700003,21.861836468000035],[89.70279134200007,21.863931629000035],[89.70355484800007,21.881462013000032],[89.70060886600004,21.863457028000028],[89.69546380200006,21.86570091300007],[89.69692145000005,21.85692356000004],[89.68853452900004,21.853340065000054],[89.70630524200004,21.845479431000058],[89.68167780800007,21.846577195000066],[89.67296864300005,21.83685490000005],[89.66613030800005,21.848745560000054],[89.66858613100004,21.872033473000045],[89.65848663200006,21.886689941000043],[89.67844874400004,21.90494512400005],[89.69166941100008,21.939249247000078],[89.69486133100008,21.956322713000077],[89.68647916300006,21.99264088800004],[89.69616663300008,22.005280671000037],[89.70472636300008,22.006252277000044],[89.70510516100006,21.984261416000038],[89.72232349400008,21.973582356000065],[89.71150509700004,21.962567747000037]],[[89.57065455700007,21.929547911000043],[89.57053505000005,21.93518910100005],[89.57294905400005,21.933330888000057],[89.57065455700007,21.929547911000043]],[[89.82685606600006,22.03542408800007],[89.83992275400004,22.021094967000067],[89.83935155300009,22.00455260800004],[89.80594052200007,21.99337736500007],[89.80376975400009,21.987542091000023],[89.83026626600008,21.970743208000044],[89.84253348500005,21.955217506000054],[89.81654082500006,21.942234539000026],[89.80644529100005,21.923338496000042],[89.81268460800004,21.912732205000054],[89.84477971700005,21.892207652000025],[89.83672722600005,21.878335481000022],[89.83806132000007,21.853571654000064],[89.77230738800006,21.834848470000054],[89.78792645500005,21.87538453700006],[89.79485828300005,21.871755135000058],[89.79835810400004,21.87337837000007],[89.78774241000008,21.87752101600006],[89.78315658300005,21.873158042000057],[89.78675586700007,21.89835805000007],[89.77936791000008,21.905471615000067],[89.78812315300007,21.909116763000043],[89.78734969100003,21.912462275000053],[89.78265023100005,21.92005769800005],[89.77940001600007,21.91979164600008],[89.77357771400006,21.91025750400007],[89.78042698100006,21.918799205000028],[89.78584167200006,21.910261216000038],[89.77575682700007,21.904988741000068],[89.78470802400005,21.897542543000043],[89.78361643100004,21.886950729000034],[89.77076174000007,21.885690216000057],[89.78377846300003,21.885421249000046],[89.77930736600007,21.86143966900005],[89.77281110700005,21.85288848600004],[89.75389358200005,21.85270238100003],[89.73418103700004,21.89187510900007],[89.71630160300003,21.905422981000072],[89.73314057900006,21.92782549800006],[89.72652129300008,21.93954130900005],[89.72998525900005,21.94602684800003],[89.72496038300005,21.94111157900005],[89.72093868900004,21.944585957000072],[89.71629112200009,21.962458353000045],[89.74848383400007,21.973363361000054],[89.74803358200006,21.981681286000025],[89.73874293400007,21.988551122000047],[89.75105911900005,21.995598053000037],[89.75280242500008,22.00600429600007],[89.74299864300008,22.01593656500006],[89.75834268200003,22.02528526800006],[89.76050034000008,22.03057845400008],[89.75860436300007,22.035433435000073],[89.74532153200005,22.03646499900003],[89.74234366300004,22.05261944800003],[89.75029007200004,22.05420941600005],[89.75286050200003,22.06535259700007],[89.76912711500006,22.076180789000034],[89.77656779900008,22.088726217000044],[89.82363236700007,22.050671280000074],[89.82685606600006,22.03542408800007]],[[89.84674925100006,21.895215524000037],[89.81234771400005,21.916072403000044],[89.80895602700008,21.923670069000025],[89.81562501100007,21.937350835000075],[89.84553081600006,21.956218401000058],[89.83646983200003,21.969452467000053],[89.80576489000003,21.990741590000027],[89.84117375900007,22.003018498000074],[89.84287176300006,22.020470199000044],[89.82800656000006,22.038383276000047],[89.82791611600004,22.049570234000043],[89.84284200600007,22.047433885000032],[89.85784099500006,22.02320892700004],[89.86130964200004,21.962399772000026],[89.87632068600004,21.91015674600004],[89.86466659500007,21.881366554000067],[89.85020440400007,21.873226427000077],[89.84269386000005,21.879482490000044],[89.84674925100006,21.895215524000037]],[[89.54861168400004,21.961089875000027],[89.56847636600008,22.037534718000074],[89.60575899800006,22.021469722000063],[89.60165290900005,22.000639843000044],[89.58688063700004,21.98694852600005],[89.56300406500009,21.976666144000035],[89.56132245600008,21.97345865400007],[89.58190686200004,21.954102565000028],[89.57581683300003,21.942517400000042],[89.56497628900007,21.943301887000075],[89.54861168400004,21.961089875000027]],[[89.64838429200006,22.069033838000053],[89.65797568100004,22.072459029000072],[89.66640215500007,22.055140703000063],[89.65903314600007,22.05375115100003],[89.65513289900008,22.049499884000056],[89.65205377900008,22.03724261800005],[89.65969923000006,22.016462389000026],[89.64091309200006,21.99241676500003],[89.62822123800004,22.003862323000078],[89.62383671400005,22.004330305000053],[89.61985934500007,21.99628946100006],[89.62692953100003,21.978329820000056],[89.64501495300004,21.981764376000058],[89.64462081000005,21.964982976000044],[89.62588046300004,21.948351935000062],[89.58667090800003,21.950313907000066],[89.56343197000007,21.975017924000042],[89.58807596900004,21.985620074000053],[89.60587461400007,22.003857287000073],[89.60842504100003,22.01850913900006],[89.60532840000008,22.02377501600006],[89.59959801300005,22.027853724000067],[89.60388100400007,22.03129807600004],[89.61470139500005,22.025373838000064],[89.63873866200004,22.031091522000054],[89.61525430400008,22.026608341000042],[89.60762536400006,22.03335706200005],[89.59560588200009,22.028261481000072],[89.56873415700005,22.039205353000057],[89.57149845500004,22.04551665500003],[89.57979327400005,22.044911670000033],[89.57227630200003,22.046777012000064],[89.57348433200008,22.05334987300006],[89.59579128200005,22.089505131000067],[89.59967632100006,22.085464743000045],[89.62764244300007,22.09548674000007],[89.63202982300004,22.09862060200004],[89.64903180100004,22.098855909000065],[89.64597455200004,22.07106675600005],[89.64838429200006,22.069033838000053]],[[89.65095005100005,22.147373837000032],[89.65942035200004,22.14660575000005],[89.65667115900004,22.138535965000074],[89.67279452200006,22.14327600100006],[89.67966415000006,22.13402288800006],[89.66414114100007,22.101196800000025],[89.68289335900005,22.09536752500003],[89.66736844000008,22.089244635000057],[89.68069472200006,22.064962017000028],[89.67177847800008,22.053231745000062],[89.67603296800007,22.04290166000004],[89.69851630600004,22.030205082000066],[89.67689051900004,21.990722488000074],[89.68565473900009,21.95650891400004],[89.67694167800005,21.922691564000047],[89.66977533400006,21.90862170500003],[89.65675025700006,21.902858061000074],[89.62846453300006,21.944915627000057],[89.64648671600008,21.96183168300007],[89.64776741300005,21.98277427000005],[89.62565101600006,21.982103906000077],[89.62368205800004,21.999836134000077],[89.63757248500008,21.990736054000024],[89.64203152400006,21.991032691000044],[89.65436106300007,22.001146466000023],[89.66123977300003,22.01544976200006],[89.65388363000005,22.036051401000066],[89.65756428800006,22.051477044000023],[89.66426273000008,22.051670197000078],[89.66797096900007,22.055801152000072],[89.66040721300004,22.073034395000036],[89.64741476600005,22.073413457000072],[89.65209402700003,22.083926010000027],[89.64907729000004,22.100430818000063],[89.62739400900006,22.10149320100004],[89.62774130700006,22.096602714000028],[89.59826138100004,22.08877153000003],[89.60374005100005,22.125295338000058],[89.60721288100007,22.12759309100005],[89.61037477500008,22.13369151300003],[89.61417972400005,22.14867779700006],[89.61446490600008,22.166811207000023],[89.63407297400005,22.164914015000022],[89.65095005100005,22.147373837000032]],[[89.77059801500008,22.094397540000045],[89.76995546200004,22.07943296800005],[89.75148574700006,22.066880171000037],[89.74981170100006,22.056360032000043],[89.73958597900008,22.05318877800005],[89.74302861600006,22.03540974300006],[89.75798167000005,22.032277201000056],[89.75507392100008,22.02352404100003],[89.74157666200006,22.01599728900004],[89.74967965600007,22.000185523000027],[89.73342414300004,21.988829415000055],[89.74531641400006,21.97474472700003],[89.72838719400005,21.968885189000048],[89.72467800400005,21.978679576000047],[89.70818264500008,21.98644368500004],[89.70678170200006,22.007189912000058],[89.69793395200008,22.009086070000023],[89.70446969900007,22.034245042000066],[89.67819019300003,22.052766211000062],[89.70268780200007,22.06356923100003],[89.71071253900004,22.07392217200004],[89.71107854800005,22.119865852000032],[89.71634157200003,22.130543043000046],[89.75505277900004,22.132779347000053],[89.77059801500008,22.094397540000045]],[[89.88928940600005,22.158189925000045],[89.88860240100007,22.15096447800005],[89.88774280300004,22.16523912100007]],[[89.88774280300004,22.16523912100007],[89.88928940600005,22.158189925000045]],[[89.60851398100004,22.269788353000024],[89.61959977300006,22.258145314000046],[89.60419305800008,22.248562182000057],[89.60443650000008,22.24546206200006],[89.61314603800008,22.241413100000045],[89.62065904400004,22.216623597000023],[89.60413254700006,22.23145290700006],[89.60128584500006,22.23023000300003],[89.60351827000005,22.20962834100004],[89.61806906900006,22.198456113000077],[89.60560683400007,22.180580031000034],[89.61339666000003,22.167628258000036],[89.61287044300008,22.15013543400005],[89.60352186700004,22.128441585000076],[89.56012508000003,22.188851060000047],[89.55407845600007,22.209504090000053],[89.58124867000004,22.217607686000065],[89.59310528200007,22.22774594300006],[89.59940046900005,22.252470161000076],[89.59398787100008,22.27671014200007],[89.61349245600007,22.29759224700007],[89.62284311700006,22.293722213000024],[89.61392186000006,22.28164342900004],[89.61629971500008,22.27823244700005],[89.62383566800008,22.275840489000075],[89.60851398100004,22.269788353000024]],[[90.81996583300008,24.588018232000024],[90.80994419700005,24.565653373000032]],[[90.80994419700005,24.565653373000032],[90.81517103900006,24.56058979100004]],[[90.81517103900006,24.56058979100004],[90.80995957800008,24.545277421000037],[90.80415665200007,24.546354964000045],[90.80520664200003,24.531223905000047]],[[90.80520664200003,24.531223905000047],[90.79236723600008,24.51804260600005],[90.79369283900007,24.507794846000024],[90.75856621400004,24.511009384000033],[90.75418473100007,24.503231734000053],[90.74225946100006,24.508627182000055]],[[90.74225946100006,24.508627182000055],[90.72957669600004,24.476693401000034],[90.71867710500004,24.475543344000073],[90.71404293300003,24.49402251400005]],[[90.71404293300003,24.49402251400005],[90.70447809400008,24.50085729500006],[90.70274620700008,24.517659648000063],[90.68250772100004,24.50282430900006],[90.68539116000005,24.488509546000046],[90.67783275000005,24.48022294200007],[90.67761648200008,24.466899802000057],[90.66323614500004,24.467030196000053],[90.64759362500007,24.477823969000042],[90.63632561100007,24.47591315300008],[90.63726000800006,24.481182438000076],[90.63201708100007,24.478654213000027],[90.60284609800004,24.498922589000074],[90.58823601700004,24.49690636400004]],[[90.58823601700004,24.49690636400004],[90.57532708800005,24.483916902000033],[90.57549012600003,24.468091408000078],[90.58743876300008,24.448073962000024],[90.63468863500003,24.434164800000076]],[[90.63468863500003,24.434164800000076],[90.64584817500008,24.416718997000032],[90.64206849800007,24.385603462000063],[90.61792401800005,24.33885195000005],[90.63797539900008,24.312785043000076],[90.64310480500006,24.27959586700007],[90.65100118100008,24.269192229000055],[90.64929343300008,24.257987849000074],[90.62241755700006,24.268610267000042],[90.57707560900008,24.245749103000037],[90.54414230400005,24.266160909000064],[90.54432986400008,24.27593317700007],[90.52106272400005,24.287702955000043],[90.52901084500007,24.303294788000073],[90.48902380600003,24.313616065000076],[90.45556533500007,24.339885210000034],[90.44340939800009,24.341081804000055],[90.42643080700003,24.330487064000067],[90.42811660600006,24.310199685000043],[90.39902150600005,24.282628989000045],[90.37963485000006,24.290428574000032],[90.36174158300008,24.282049973000028],[90.35928419800007,24.30013709800005],[90.34868041600004,24.294460984000068],[90.32441531700005,24.299009237000064],[90.29049776800008,24.27777491200004],[90.28113166200006,24.287204381000038],[90.26228285700006,24.290610387000072],[90.24789516800007,24.33330422800003],[90.23362570700004,24.334800761000054],[90.22946855400005,24.345531367000035],[90.24901177300006,24.415266544000076],[90.23091710000006,24.418983594000053],[90.20961273200004,24.458345833000067],[90.22235241800007,24.46154858700004],[90.24354355900005,24.481354732000057],[90.23481364700007,24.486676956000053],[90.22662972000006,24.483669468000073],[90.21418152400008,24.49954510200007],[90.20708394100006,24.49733093800006],[90.20789217200007,24.509779494000043],[90.19269294200006,24.513676528000076],[90.18746029400006,24.522068501000035],[90.17367726600008,24.518853897000042],[90.16880900500007,24.538068171000077],[90.16125539900008,24.536689506000073],[90.15239300800005,24.55000974400008],[90.14606436000008,24.56716885900005],[90.15013349900005,24.575530437000054],[90.13972782700006,24.575701325000068],[90.12473847800004,24.596311159000038],[90.13041350100008,24.61762662900003],[90.14423784000007,24.623604224000076],[90.14808398200006,24.634901832000025],[90.12670018900008,24.71870979700003],[90.13241375600006,24.734886451000023],[90.09047325300008,24.737119611000026],[90.08864054500003,24.75215640500005],[90.09626213300004,24.75773991500006]],[[90.09626213300004,24.75773991500006],[90.07577902900005,24.787873767000065],[90.04790786500007,24.773940191000065]],[[90.04790786500007,24.773940191000065],[90.02714265800006,24.774246254000047],[90.02044850300007,24.754747853000026],[89.99556664200009,24.74075379100003],[89.99257649000003,24.72833933100003],[89.98180737800004,24.725041915000077],[89.96536919000005,24.72708070300007],[89.95774481200004,24.73336692400005],[89.95809722400008,24.744051827000078],[89.94078069400007,24.744603115000075],[89.93551735200003,24.757028801000047],[89.92126996000007,24.75414547200006],[89.92627628200006,24.743736436000063],[89.91739791000003,24.74617312400005],[89.90742631500007,24.734482267000033],[89.88142482900008,24.74185903800003],[89.87999342900008,24.708265293000068],[89.89514624100008,24.69472937200004],[89.89940953800004,24.681494885000063],[89.89386456800008,24.674955053000076],[89.87723961500006,24.678054316000043],[89.86544657400003,24.661475840000037],[89.86881272200009,24.64900735200007],[89.84382699100007,24.64550913900007],[89.84774962300008,24.63795768400007],[89.84262847100007,24.632238242000028],[89.85323324100005,24.619808504000048],[89.84253734000004,24.623894650000068],[89.84151417300006,24.614069449000056],[89.82706030700007,24.608595619000027],[89.83471497300008,24.60357530400006],[89.82388663400008,24.59631345500003]],[[89.82388663400008,24.59631345500003],[89.82849932400006,24.58881236700006],[89.81693864900006,24.58133636900004],[89.81172617600004,24.585085974000037],[89.81679182800008,24.575117904000024]],[[89.81679182800008,24.575117904000024],[89.80871135800004,24.567722229000026]],[[89.80871135800004,24.567722229000026],[89.79102764300006,24.568208466000044],[89.76502849500008,24.613836238000033]],[[89.78306290500007,24.704486863000056],[89.77240479800008,24.724024196000073]],[[89.78315371200006,24.723942470000054],[89.79047061000006,24.738237238000067],[89.77748258400004,24.742761899000072],[89.78293364500007,24.756197929000052],[89.77300661300006,24.772073410000075],[89.75800173300007,24.767177480000043]],[[89.74257774500006,24.77484142700007],[89.73783158800006,24.765368869000042],[89.71533559800008,24.77734630300006]],[[89.73031622900004,24.798383788000024],[89.70997311300005,24.807016385000054],[89.68285426600005,24.831450274000076],[89.66079207600006,24.88807225900007]],[[89.66090615700006,25.007831447000058],[89.64797280100004,25.042769520000036],[89.65591422800009,25.049989221000033]],[[89.70121427900006,25.23215271600003],[89.74787137000004,25.23508383500007],[89.74935626400008,25.27111756100004]],[[89.82562005100004,25.415218647000074],[89.82136794800005,25.35562572400005],[89.84154970800006,25.308264548000068],[89.83115794900004,25.296140275000027],[89.87653343500006,25.28544541200006],[89.90907190700005,25.308176501000048],[89.93893490600004,25.299128230000065],[89.94383873400005,25.304451097000026],[89.94820169100007,25.293663743000025],[89.96658936100005,25.303816033000032],[89.97688371500004,25.297077683000055],[89.98070445800005,25.28097665200005],[90.00445769800007,25.280524428000035],[90.03366848400003,25.262389400000075],[90.05445678800004,25.26146390200006],[90.07406612000005,25.244057756000075],[90.11226631400007,25.225474890000044],[90.17142418100008,25.223170306000043],[90.22547680600007,25.200568101000044],[90.23392749600004,25.205016348000072],[90.31035707500007,25.188875542000062],[90.33017654700006,25.193889969000054],[90.37053634100005,25.162933500000065],[90.40440638800004,25.160046368000053],[90.44098050800005,25.144625759000064],[90.48583160800007,25.16118974400007],[90.49930096600008,25.17193755200003],[90.50982725700004,25.169719886000053],[90.50901351200008,25.17544035000003],[90.64086562000006,25.17463448500007],[90.64028331600008,25.183705950000046],[90.64833372500004,25.18068898100006],[90.65493659500004,25.190275373000077],[90.65797559300006,25.185347942000078],[90.66281935500007,25.189897208000048],[90.66594035200006,25.16595707700003],[90.68545820900005,25.174630721000028],[90.68183181600006,25.164930522000077],[90.69895031300007,25.156954443000075],[90.70992375300006,25.168211197000062],[90.73319387900005,25.15501402900003],[90.74188380600003,25.16136516000006],[90.73416640200008,25.16694541000004],[90.75907308200004,25.167928132000043],[90.76463252200006,25.179043061000073],[90.78028162200008,25.186223735000056],[90.78723680900004,25.17883021600005],[90.79489605700007,25.181292159000066],[90.80487355200006,25.166462567000053],[90.84977294800007,25.157735573000025],[90.88407237300004,25.166042240000024],[90.92789535100007,25.162337346000072],[90.96484836000008,25.17187864600004]],[[91.11253752700009,24.817381477000026],[91.13241415200008,24.79260454100006],[91.14455762600005,24.794589682000037]],[[91.15284559500003,24.81064894000008],[91.14410780000009,24.828629143000057],[91.15295528000007,24.837460409000073],[91.16552415300004,24.832262582000055],[91.17214863800007,24.80962130200004]],[[91.20507159500005,24.70972101800004],[91.22527540400006,24.727513266000074],[91.22667379800004,24.70721954800007]],[[91.22995021200006,24.654663007000067],[91.20835185100003,24.651038184000072],[91.20345788900005,24.631846325000026],[91.17440688800008,24.641388005000067],[91.16568391400006,24.63266143900006],[91.15433789100007,24.638964702000067]],[[91.15433789100007,24.638964702000067],[91.13844944900006,24.634576844000037],[91.13034594000004,24.642153569000072],[91.12731898800007,24.629160588000047],[91.13467698700003,24.622098751000067],[91.12885690700006,24.610029286000042],[91.10465897400007,24.60799808200005],[91.10577598100008,24.60128075600005]],[[91.10577598100008,24.60128075600005],[91.09353901000009,24.601579554000068],[91.07360350600004,24.61882644800005]],[[91.07360350600004,24.61882644800005],[91.03671595800006,24.611967322000055],[91.04133471700004,24.624359339000023],[91.03098158600005,24.629941616000053],[91.01780259600008,24.60312669900003],[90.98355842200004,24.604744545000074],[90.97730411400005,24.59958750800007],[90.96366772000005,24.611318950000054],[90.95354927100004,24.602425967000045],[90.93972086200006,24.601775231000033],[90.92840338100007,24.615525518000027],[90.91632423200008,24.61372792000003],[90.91480846600007,24.599968998000065],[90.90631522900009,24.59492017100007],[90.90402422300008,24.59979596200003],[90.88476653200007,24.600338788000045],[90.88000487800008,24.592465748000052],[90.85659895200007,24.599320913000042],[90.83976122600006,24.579915553000035],[90.81996583300008,24.588018232000024]],[[89.69271246100004,23.942608687000074],[89.68671829100003,23.93996591000007],[89.68462387700004,23.925678658000038],[89.69542138200006,23.92391880100007],[89.70231088300005,23.89552487900005],[89.69681070400009,23.867219530000057],[89.70383132300003,23.877096608000045],[89.73274126100006,23.83536815800005]],[[89.73274126100006,23.83536815800005],[89.69203092600009,23.81342399300007],[89.62864015800005,23.809273423000036],[89.58348972400006,23.814418382000042]],[[89.58348972400006,23.814418382000042],[89.57152584900007,23.808109212000033]],[[89.57152584900007,23.808109212000033],[89.51496393700006,23.81864170600005],[89.46257429700006,23.842679092000026]],[[89.46257429700006,23.842679092000026],[89.40892953200006,23.88173434400005],[89.39032586100006,23.90480889500003]],[[89.39032586100006,23.90480889500003],[89.37558794700004,23.909474120000027],[89.36459926900005,23.91070432500004]],[[89.36459926900005,23.91070432500004],[89.36513619700008,23.894746819000034],[89.35901578400006,23.89202366300003],[89.35694917700005,23.897992032000047]],[[89.35694917700005,23.897992032000047],[89.35433801700003,23.88343771600006],[89.34714832900005,23.88922010400006]],[[89.34714832900005,23.88922010400006],[89.31202603500003,23.874382638000043],[89.30387331400004,23.88877920300007],[89.27756025000008,23.905728948000046],[89.27105507600004,23.87670385200005],[89.26529003600007,23.877818993000062],[89.25861580400004,23.884741622000035],[89.26236039500003,23.90979061200005],[89.25132882000008,23.933750948000068],[89.23651402600007,23.94396142200003],[89.23700408400003,23.972887293000042],[89.215942,23.972680086000025],[89.21627636300008,23.988491423000028],[89.17776762300008,23.98742278000003],[89.17935938800008,23.962078569000028]],[[89.17935938800008,23.962078569000028],[89.16351631500004,23.949777031000053],[89.12488923100005,23.962422357000037]],[[89.12488923100005,23.962422357000037],[89.09930448300008,23.95987195300006],[89.09620426700008,23.97252738800006]],[[89.09620426700008,23.97252738800006],[89.07027103000007,23.979496692000055],[89.04813192000006,24.01962289900007],[89.02549043700003,24.093610451000075]],[[89.02549043700003,24.093610451000075],[89.00667774600004,24.118116670000063],[88.94991146900009,24.125104203000035],[88.93845735600007,24.131741386000044],[88.92031422600007,24.118389765000074],[88.92191661900006,24.129097907000073],[88.91052564800003,24.12560781800005],[88.91139829500008,24.11289369600007],[88.87437842000008,24.10021054200007],[88.88319210800006,24.106641551000052],[88.88112668000008,24.11522741300007],[88.86294683700004,24.107789895000053],[88.84371990900007,24.12587918400004],[88.81457882800004,24.12171038300005],[88.78454599200006,24.134984486000064],[88.73342434600005,24.193875496000032]],[[88.73342434600005,24.193875496000032],[88.74089625900007,24.254025051000042],[88.73736535600005,24.270121647000053],[88.72474047200006,24.297877975000063],[88.70628415400006,24.31188162500007],[88.65889867100003,24.314517649000038],[88.65254804200003,24.30518737400007],[88.64889364000004,24.31106042500005],[88.62850371100006,24.305189538000036],[88.62366896000003,24.315603201000044],[88.58804442000007,24.31197748200003],[88.58708759400008,24.32420206200004],[88.56758096300007,24.326709357000027],[88.55505209000006,24.293409159000078],[88.52710991700008,24.34446661800007],[88.50786110700005,24.342556237000053],[88.49594225500005,24.354486265000048],[88.43033953700007,24.38377338500004],[88.38938772200004,24.37191441600004],[88.34522955700004,24.37660648800005],[88.32827026200005,24.38497740400004],[88.26330356700004,24.445992595000064],[88.19838854100004,24.462580857000034],[88.17342682300006,24.493143842000052],[88.14951420400007,24.503884595000045],[88.10559208200004,24.546313731000055],[88.04115131000003,24.643425767000053],[88.00862798600008,24.667883810000035],[88.06283936300008,24.721642237000026],[88.07245074400004,24.74375705700004],[88.06570857800006,24.75081490100007],[88.07450642700007,24.760866658000054],[88.06828787700005,24.769268150000073],[88.07783154900005,24.76920818700006],[88.08898044700004,24.78301950900004],[88.10607689500006,24.77966215600003],[88.10498512300006,24.799668703000066],[88.12353621200003,24.823165533000065],[88.13071768800006,24.805077281000024],[88.13625386200005,24.805399574000035],[88.13461370300007,24.83413659200005],[88.14490550700003,24.85119965900003],[88.16042153900008,24.848580646000073],[88.16216318000005,24.858064425000066],[88.17186177200006,24.860693898000022],[88.15927813900004,24.872175881000032],[88.16366757100008,24.878078925000068],[88.15263050800007,24.884531503000062],[88.15772125100005,24.892464876000076],[88.16909220100007,24.890886946000023],[88.14030664200004,24.914156509000065],[88.13800382400007,24.93625756600005],[88.15746437300004,24.93358495700005],[88.15834482500009,24.941483106000078],[88.17015018700005,24.950490005000063],[88.17544373200008,24.94633746200003],[88.18354085300007,24.95564935400006],[88.18662426200007,24.951814959000046],[88.22498525300006,24.96009013300005],[88.26134452700006,24.923101510000038],[88.26491204400008,24.892793391000055],[88.25902848400005,24.878141218000053],[88.26574887600003,24.87725699300006],[88.27031939000005,24.893787816000042],[88.27722917600005,24.897520018000023],[88.27807023600008,24.88815221300007],[88.30082072200008,24.884504970000023],[88.30125050500004,24.873460223000052],[88.31849314100003,24.88364671100004],[88.32132353700007,24.875636539000027],[88.33295079300007,24.870912677000035],[88.34681043000006,24.892513619000056],[88.34388657900007,24.899671331000036],[88.32800483100004,24.90430298900003],[88.32428806400009,24.917747534000057],[88.33553470600003,24.918255741000053],[88.33975344900006,24.939668684000026],[88.35370097300006,24.942135875000076],[88.35952447100004,24.95347554700004],[88.37157847300006,24.94227502900003],[88.39501987600005,24.94170764000006],[88.40179783900004,24.95085830900007],[88.39343607400008,24.960381226000038],[88.39545191100007,24.96982472600007],[88.40473320400008,24.979649935000054],[88.41739495200005,24.974967568000068],[88.41177305800005,24.985422957000026],[88.415275,24.99836975100004],[88.42202086900005,25.007039587000065],[88.43608813000003,25.00622126600007],[88.44193150500007,25.01328883900004],[88.43880081200007,25.022655158000077],[88.45262173700007,25.037062502000026],[88.43777218900004,25.043177055000058],[88.43537026900003,25.050434705000043],[88.45105772300008,25.07529122400007],[88.44135006100004,25.127643496000076],[88.46000113000008,25.140065639000056],[88.45922429000007,25.160965013000066],[88.44290599000004,25.174356559000046],[88.44693320500005,25.197598034000066],[88.46337065900008,25.195024302000036],[88.47543225000004,25.21348273800004],[88.49909937500007,25.21049384300005],[88.50059646900007,25.20340783900008],[88.53675839800007,25.196577743000034],[88.53392272600007,25.188080427000045],[88.54802940100006,25.195317052000064],[88.55756866600007,25.19271677100005],[88.55556200900008,25.17906557300006],[88.56480780500004,25.17461496800007],[88.57957488800008,25.176907404000076],[88.59066430600006,25.192270664000034],[88.60399913700007,25.194420962000038],[88.61225960300004,25.203580441000042],[88.64281649700007,25.20642788400005],[88.67266473400008,25.198528141000054],[88.67999565200006,25.209020483000074],[88.70448215700009,25.208287520000056],[88.73333643900008,25.20001737000007],[88.73453353800005,25.18469882100004],[88.74261842700008,25.18678324900003],[88.75000606400005,25.17705718800005],[88.75909349400007,25.185796482000057],[88.76695924400008,25.183256463000077],[88.76931884900006,25.189913218000072],[88.77360850400004,25.179465253000046],[88.80584010400008,25.170549236000056],[88.81334300600008,25.17436163800005],[88.81785902500008,25.188992445000054],[88.82691938200009,25.19258994300003],[88.83041635800004,25.205453159000058],[88.84370693500006,25.213918813000078],[88.84967909800008,25.201855841000054],[88.86487738300008,25.200702310000054],[88.86407381600009,25.190238845000067],[88.87388941100005,25.19157271100005],[88.87582266600003,25.17897222600004],[88.88981656600004,25.178469329000052],[88.88936558100005,25.184757408000053],[88.91092701600007,25.180413421000026],[88.91233034600003,25.16806454400006],[88.92302151900003,25.165007159000027],[88.93328390800008,25.181349709000074],[88.94322226600008,25.173582993000025],[88.94841317000004,25.176431139000044],[88.94349829400005,25.183135960000072],[88.94749951500006,25.19455357000004],[88.93781601600006,25.193614638000042],[88.93382855000004,25.19990234900007],[88.93671261400004,25.209932484000035],[88.96104749700004,25.208275102000073],[88.95059189700004,25.244068869000046],[88.95624606500007,25.25515602200005],[88.97457528100006,25.260222842000076],[88.98676012600004,25.27456720300006],[89.00758797900005,25.263744915000075],[89.03263781000004,25.277095648000056]],[[89.14023057800006,25.246726657000067],[89.14685022900005,25.256408185000055],[89.15930583400007,25.252885595000066],[89.17459790000004,25.234597524000037]],[[89.64096440200007,25.038955779000048],[89.64783476100007,25.046738883000046],[89.66090615700006,25.007831447000058]],[[89.66090615700006,25.007831447000058],[89.66075628900006,24.989436522000062],[89.67650626300008,24.96577286200005],[89.67785822200005,24.94318555700005],[89.67224360100005,24.929916156000047],[89.68605979600005,24.90284840700008],[89.67837380100008,24.903141919000063],[89.66079207600006,24.88807225900007]],[[89.66079207600006,24.88807225900007],[89.66848755300003,24.864986008000074],[89.68680016900004,24.826395994000052],[89.73031622900004,24.798383788000024]],[[89.73031622900004,24.798383788000024],[89.71533559800008,24.77734630300006]],[[89.71533559800008,24.77734630300006],[89.73505620600008,24.76565355500003],[89.74257774500006,24.77484142700007]],[[89.74257774500006,24.77484142700007],[89.75800173300007,24.767177480000043]],[[89.75800173300007,24.767177480000043],[89.77095903100007,24.772915855000065],[89.78122944200004,24.763406468000028],[89.78320603100008,24.751870015000065],[89.77748258400004,24.742761899000072],[89.79078050200008,24.734768468000027],[89.78315371200006,24.723942470000054]],[[89.78315371200006,24.723942470000054],[89.77240479800008,24.724024196000073]],[[89.77240479800008,24.724024196000073],[89.77364162600009,24.716554796000025],[89.78306290500007,24.704486863000056]],[[89.78306290500007,24.704486863000056],[89.79248603600007,24.703255538000064],[89.79013690200009,24.686417001000052],[89.79919876400004,24.68073276800004],[89.78341716100005,24.669510629000058],[89.78453991400005,24.62557545100003],[89.76591359500009,24.623463585000025],[89.76502849500008,24.613836238000033]],[[89.76502849500008,24.613836238000033],[89.78906852000006,24.572289169000044],[89.76746442900009,24.556788994000044],[89.76927211600008,24.539755237000065]],[[89.76927211600008,24.539755237000065],[89.74742387700007,24.537714635000043],[89.74790685400006,24.52220692900005],[89.73468004900008,24.51962885100005],[89.75803149400008,24.499844076000045],[89.74740952000008,24.483011876000035],[89.75719436100007,24.482496741000034],[89.74257091000004,24.47120487600006],[89.74289644500004,24.455310676000067],[89.75448225700006,24.45562064300003],[89.74657818600008,24.430542161000062],[89.76542891900004,24.38290369200007],[89.75135694000005,24.35251046600007],[89.77150872500005,24.33034850300004],[89.77421413400003,24.301509613000064],[89.78697072000006,24.288572239000075],[89.79030020200008,24.274638253000035],[89.78307553100007,24.23748564500005],[89.79854838900008,24.175161279000065],[89.77997927400008,24.16647438600006],[89.78637743100006,24.158987378000063],[89.80256746500004,24.16009812300007],[89.80686033300003,24.14887835600007],[89.81984297700006,24.14067722300007],[89.81684154100003,24.109404797000025]],[[89.81684154100003,24.109404797000025],[89.82426597300008,24.079623553000033],[89.81657585600004,24.063172448000046],[89.77462017300007,24.027453653000066],[89.73288058700007,24.019423492000044],[89.69826763000003,23.99620841600006],[89.69141889200006,23.975792537000075],[89.69271246100004,23.942608687000074]],[[89.17459790000004,25.234597524000037],[89.15024977400003,25.256260729000076],[89.14121551500006,25.255098876000034],[89.14023057800006,25.246726657000067]],[[89.14023057800006,25.246726657000067],[89.12951264600008,25.244514691000063],[89.12356047000009,25.25287417800007],[89.11747193300005,25.241898422000077],[89.09594623500004,25.241102278000028],[89.07010251800006,25.269782272000043],[89.05851417100007,25.261728494000067],[89.03263781000004,25.277095648000056]],[[89.03263781000004,25.277095648000056],[89.02144389000006,25.267767796000044],[89.00783317500003,25.267657777000068],[89.00887664500004,25.303140665000058],[89.00117232200006,25.296030460000054],[88.98645468100005,25.299637138000037],[88.98392004600004,25.305761523000058],[88.93916904200006,25.300769752000065],[88.92943667900005,25.304212371000062],[88.92793938100004,25.315295743000036],[88.91505440200007,25.312598989000037],[88.90638899800007,25.33792866400006],[88.88762402200007,25.337211207000053],[88.88851199000004,25.326178878000064],[88.88380729400006,25.326410934000023],[88.86671734900006,25.342814229000055],[88.86887836100004,25.35230798500004],[88.85562422100008,25.354298163000067],[88.85477855100004,25.36351458200005],[88.84010651600005,25.36387029200006],[88.84079713700004,25.397732146000067],[88.81238093500008,25.41051036400006],[88.82994585700004,25.41704926600005],[88.83426752300005,25.431779320000032],[88.82579257900005,25.440772620000075],[88.83927637700003,25.458676050000065],[88.82964755700004,25.490354701000058],[88.81374335000004,25.48799258200006],[88.81059072500005,25.523202753000078],[88.79232982400003,25.52280631600007],[88.78061309700007,25.51544576300006],[88.76162467800003,25.52595864600005],[88.75913282200008,25.509706528000038],[88.77080003500004,25.503866103000064],[88.76477508800008,25.494955599000036],[88.74002545700006,25.48941595900004],[88.74213170700006,25.505120125000076],[88.70750736500008,25.499945204000028],[88.71032919700008,25.480708828000047],[88.69951242400003,25.471310209000023],[88.66296953400007,25.47376869900006],[88.66023355400006,25.48183803300003],[88.64634722200003,25.478527589000066],[88.64267701700004,25.492795258000058],[88.64845565500008,25.49630695600007],[88.62244116300008,25.497024662000058],[88.60905883700008,25.51643466200005],[88.59632504500007,25.506176395000068],[88.55998357600004,25.51255692500007],[88.55302090700008,25.51544873000006],[88.55485451000004,25.520999310000036],[88.54795703400004,25.518248801000027],[88.54630025300008,25.50842704100006],[88.53989683700007,25.50838715900005],[88.54049850500007,25.530297826000037],[88.53307647800005,25.542199355000037],[88.52766836900008,25.543408056000033],[88.52345332900006,25.535293488000036],[88.51901154000006,25.545190842000068],[88.49750334300006,25.555720687000075],[88.49989552600005,25.584054243000026],[88.47330550500004,25.58460145600003],[88.45704857400005,25.598978244000023],[88.44430914000003,25.597029124000073],[88.44958244800006,25.60507545200005],[88.44506041600005,25.61384821400003],[88.45576400900006,25.628680401000054],[88.45436863600008,25.663554017000024],[88.40165327200003,25.672669143000064],[88.40177254200006,25.68605947700007],[88.39012496300006,25.684100923000074],[88.39145302500003,25.693589845000076],[88.37143231900006,25.69664602100005],[88.37464855800005,25.712432333000038],[88.35672591800005,25.72141705100006],[88.35878670300008,25.72817043400005],[88.34406220300008,25.72954273600004],[88.32802294700008,25.740171055000076],[88.32089129300005,25.73757849900005],[88.31634027000007,25.753187355000023],[88.28900619000007,25.76789499700004],[88.29074043600008,25.773851656000033],[88.26845996100008,25.78079801000007],[88.27086021800005,25.805037802000072],[88.25957849100007,25.81392443200008],[88.24898156300009,25.812186927000027],[88.24685405300005,25.80605117400006],[88.23781325500005,25.80843896300007],[88.22825379700004,25.796713415000056],[88.21490793500004,25.80091042600003],[88.20960951400008,25.78783674300007],[88.19942957800004,25.790065094000056],[88.19341258700007,25.801642982000033],[88.18499532500005,25.800978559000043],[88.17235286600004,25.786734503000048],[88.15931329400007,25.787594307000063],[88.15214725000004,25.775763563000055],[88.14162888400006,25.780232218000037],[88.14418185500006,25.793728260000023],[88.11551976100003,25.798336507000045],[88.12006787500007,25.812577219000048],[88.10853451600008,25.815638954000065],[88.11022472100007,25.820853068000076],[88.10109057100004,25.829097493000063],[88.10771270900005,25.83876330800007],[88.10143138900008,25.843506728000023],[88.11381686900006,25.85457499000006],[88.10891638700008,25.86913551600003],[88.10096987700007,25.863279718000058],[88.10003923600004,25.87323500900004],[88.09385517500004,25.87440173500005],[88.10293199800003,25.889312764000067],[88.09032064300004,25.896470055000066],[88.09364096100006,25.911176408000074],[88.08578273300003,25.91567729800005],[88.09464162200004,25.931501496000067],[88.11114710500004,25.93319546200007],[88.11290790300006,25.943757150000067],[88.12231612700003,25.94846307800003],[88.11514943600008,25.962845172000073],[88.12459799600003,25.968003190000047],[88.11929102500005,25.97168262300005],[88.12780471600007,25.97671086500003],[88.12963543500007,25.997037716000023],[88.14364373000006,26.00047203500003],[88.13962495800007,26.013021767000055],[88.18278918700008,26.026728500000047],[88.17270114400009,26.03160818200007],[88.17536128100005,26.039794621000055],[88.16949265100004,26.04533211100005],[88.18546675200008,26.06343645000004],[88.18229257500008,26.07207097500003],[88.16761585900008,26.082865018000064],[88.15841274800005,26.080786278000062],[88.16429809100003,26.085706258000073],[88.15833051900006,26.094962155000076],[88.16242256100008,26.105475854000076],[88.17761579700004,26.122262281000076],[88.17714860200005,26.14806658200007],[88.19611963000006,26.163390467000056],[88.20399681400005,26.159180303000028],[88.21559193500008,26.16496004000004],[88.21283129600005,26.16919202200006],[88.22154509800004,26.166254929000047],[88.23266838000006,26.172211937000043],[88.23702139900007,26.177446872000075],[88.23317431900006,26.18111883800003],[88.24343991300003,26.188995980000072],[88.27626462800004,26.188608504000058],[88.28557427700008,26.20024729000005],[88.31975844100003,26.202947754000036],[88.32305829700005,26.210343719000036],[88.35127013200008,26.22181673800003],[88.35922132600007,26.242939626000066],[88.34825041700003,26.25495419500004],[88.34943662700005,26.281448217000047],[88.37150663900007,26.30598958300004],[88.38871518000008,26.315178544000048],[88.41512808600004,26.316963526000052],[88.41561225300006,26.32443910300003],[88.40373340900004,26.32820648300003],[88.41268328300004,26.33697483000003],[88.43554522400007,26.335864826000034],[88.44645555700004,26.365033193000045],[88.45764787400003,26.376757293000026],[88.46315511800003,26.357359850000023],[88.47767960700008,26.35729217100004],[88.48354519000009,26.34967230500007],[88.49185583100007,26.351501581000036],[88.48831575200006,26.36036365700005],[88.50566741300008,26.363695837000023],[88.50570507600008,26.35079888200005],[88.51851878200006,26.351854540000033],[88.52321046600008,26.36159148400003],[88.51534015600004,26.36406734700006],[88.52478133500006,26.374666094000077],[88.51570806800004,26.372049135000054],[88.51281621000004,26.378244594000023],[88.51887742800005,26.388538933000063],[88.50482032500008,26.39897853100007],[88.51012344900005,26.405614616000037],[88.50185863000007,26.403347161000056],[88.49533375200008,26.410395616000073],[88.50222385500007,26.41810872900004],[88.49332084400004,26.42021842200006],[88.49817259100007,26.424276630000065],[88.48993201700006,26.432074664000027],[88.49616159500005,26.437195201000065],[88.47881774300004,26.453870727000037],[88.48520113700005,26.460349878000045],[88.43706922700005,26.46608309800007],[88.42838566100005,26.47302245800006],[88.41951578100009,26.46590391700005],[88.40552594200005,26.48514693900006],[88.38768332600006,26.47893940700004],[88.37440162500008,26.48851825400004],[88.36066728000009,26.48485056900006],[88.36603234300009,26.470853245000058],[88.35488959400004,26.44711329100005],[88.34625432600006,26.468699909000065],[88.34046386300008,26.46910027000007],[88.34068098800003,26.478436695000028],[88.33371987000004,26.478808232000063],[88.33206271900008,26.493200907000073],[88.35042847500006,26.51067168700007],[88.35937514000005,26.530286287000024],[88.35801209200008,26.543880570000056],[88.37041140800005,26.55965406400003],[88.37591231800008,26.594266074000075],[88.39846961500007,26.603725290000057],[88.38765841300005,26.612043451000034],[88.41055313800007,26.634513010000035],[88.41798084100003,26.62165008000005],[88.42112035300005,26.571095263000075],[88.43725414800008,26.544142642000054],[88.44816718800007,26.535377398000037],[88.45643054400006,26.536987020000026],[88.45883505700004,26.547228045000054],[88.48431351300007,26.53989255500005],[88.48938376500007,26.514242789000036],[88.50804023700005,26.516284007000024],[88.52135339000006,26.510592340000073],[88.51862541400004,26.501329188000057],[88.52645257500006,26.481489929000077],[88.55646017600003,26.484872892000055],[88.55226701400005,26.477164549000065],[88.56297050400008,26.457640484000024],[88.59319993100007,26.449515672000075],[88.59584852100005,26.469276294000053],[88.62285124800007,26.471157379000033],[88.62824083500004,26.441124969000043],[88.62372836800006,26.434861211000054],[88.64976060100008,26.429687037000065],[88.65100870500004,26.421763894000037],[88.64497082500003,26.41994356300006],[88.66039449500005,26.41640829800008],[88.66774148400003,26.40730691300007],[88.68170363800004,26.40803610900008],[88.68357180300006,26.413789448000045],[88.68735627800004,26.401072921000036],[88.67574043400003,26.401138442000047],[88.67417384200007,26.395411911000053],[88.68617425100007,26.395718180000074],[88.68737978100006,26.386906877000058],[88.70224839400004,26.38855344500007],[88.68103115800005,26.380220587000053],[88.68656658000003,26.378900733000023],[88.68914485000005,26.363759538000068],[88.69623222400008,26.362039974000027],[88.69145211800009,26.360045545000048],[88.69776327300008,26.355670217000068],[88.69505754600004,26.344244090000075],[88.70394275600006,26.34198569700004],[88.70463757900006,26.332581180000034],[88.71278456000005,26.34372862600003],[88.74581724800004,26.34717462100008],[88.73382727000006,26.32858556700006],[88.74867880100004,26.33202312000003],[88.74645214500003,26.322474552000074],[88.73057966600004,26.323750166000025],[88.72439681600008,26.314754067000024],[88.69320586600008,26.314082274000043],[88.69568857400003,26.328820637000035],[88.67926660400008,26.322249275000047],[88.67524081000005,26.311448963000032],[88.68250346100007,26.31260922900003],[88.67823987900005,26.304373068000075],[88.68596854000003,26.29483076500003],[88.70647900700004,26.291489038000066],[88.70460578900008,26.285803086000044],[88.68619601100005,26.282120447000068],[88.68067144200006,26.29528056600003],[88.66798370500004,26.297266027000035],[88.667605,26.272042503000023],[88.67204221700007,26.272329588000048],[88.66734096800008,26.263474420000023],[88.67805573300006,26.26424955400006],[88.67942716300007,26.259009484000046],[88.69579113000003,26.27953844500007],[88.72194675400004,26.282926645000032],[88.71974630600005,26.29309802800003],[88.74546123500005,26.291100827000037],[88.74077736500004,26.295686169000078],[88.74662755700007,26.31111156700007],[88.75655862000008,26.310574862000067],[88.76403243100003,26.298981292000065],[88.79347037900004,26.310073768000052],[88.81906717900006,26.29459068600005],[88.81029639000008,26.274346344000037],[88.81282072000005,26.256934259000047],[88.82909712600008,26.249805405000075],[88.82757704900007,26.239727421000055],[88.84389307200007,26.230672301000027],[88.87781568200006,26.233494973000063],[88.87768899100007,26.242295408000075],[88.87169065900008,26.24049671000006],[88.86140162000004,26.25211521500006],[88.86133500200003,26.272734170000035],[88.87579110200005,26.286649983000075],[88.89820319200004,26.288743889000045],[88.92622102500007,26.283892902000048],[88.95677408100005,26.240635601000065],[89.01891644900007,26.242229604000045],[89.02747051700004,26.247725777000028],[89.04895882200003,26.242110538000077],[89.05194321600004,26.256106677000048],[89.06287399000007,26.255867127000045],[89.05859180200008,26.293343408000055],[89.04635047000005,26.295734199000037],[89.04508111900003,26.275260178000053],[89.01969510500004,26.289898891000064],[89.02600908200003,26.304166920000057],[89.02259652900005,26.30825960800007],[89.01553748300006,26.30218922100005],[89.01683402600008,26.289494051000077],[89.00763440000009,26.30422238700004],[88.99566409100004,26.290342354000074],[88.98287216300008,26.310182961000066],[88.98500163200003,26.318154222000032],[88.99331541200007,26.31504269800007],[88.99148171200005,26.32244203700003],[89.00090138600007,26.329857696000033],[88.98479219600006,26.334030338000048],[88.98508217700004,26.350043508000056],[88.96052370900009,26.35153207600007],[88.96282637200005,26.336381102000075],[88.95592844000004,26.330108401000075],[88.95205107800007,26.34133411700003],[88.95873168400004,26.34282945800004],[88.94609737800005,26.343979791000038],[88.95807615200005,26.357517077000068],[88.95329986100006,26.366066432000025],[88.94766631500005,26.355963048000035],[88.91188482100006,26.366197972000066],[88.91319758200007,26.374335331000054],[88.92002392400008,26.374688942000034],[88.91208909500006,26.38258862300006],[88.91877254100007,26.39504346500007],[88.91719856400005,26.40327027400008],[88.90989667800005,26.40087094000006],[88.90670578300006,26.406744291000052],[88.92650556600006,26.40689210900007],[88.93122162200007,26.41426525600008],[88.92295459400003,26.42342300300004],[88.93271571000008,26.427566567000042],[88.92614867100008,26.43216364600005],[88.94471786400004,26.42568441900005],[88.95114234400006,26.433716005000065],[88.94613139600006,26.448036520000073],[88.96521691900006,26.451983147000078],[88.95713951500005,26.45953088300007],[88.98320573400008,26.446594453000046],[88.98084768200005,26.426699323000037],[88.99397031200004,26.412897024000074],[88.99839957000006,26.413275284000065],[88.99595959100003,26.41976384700007],[89.00588128800007,26.421524176000048],[89.00716589300004,26.41283469900003],[89.02170567500008,26.414171384000042],[89.02197404900005,26.405868691000023],[89.02798490100008,26.407837266000058],[89.03350641000009,26.395526290000078],[89.06721875200003,26.400108918000058],[89.08726909100005,26.397763646000044],[89.08126577700006,26.39028330700006],[89.09570491600005,26.391528823000044],[89.08835797800003,26.365788664000036],[89.07988697200005,26.366775677000078],[89.09821814300005,26.358189851000077],[89.10016675900005,26.336552340000026],[89.08720414800007,26.323229058000038],[89.09185021800005,26.320416272000045],[89.09673248800004,26.329322184000034],[89.09865138500004,26.324171243000023],[89.10781198400008,26.326691749000076],[89.11267156200006,26.318509438000035],[89.13624486300006,26.32021687500003],[89.13532318300008,26.308869745000038],[89.12901249300006,26.30585954600008],[89.13240809200005,26.298822834000077],[89.12190929000008,26.287594899000055],[89.10824357300004,26.31312698800008],[89.09919529800004,26.30412142800003],[89.10731557900004,26.29932844800004],[89.10491370200003,26.27556734500007],[89.12515959700005,26.263562644000046],[89.11978669000007,26.252728863000073],[89.14087926200006,26.235874645000024],[89.14207466500005,26.214642320000053],[89.14897688900004,26.21034947100003],[89.13608764200006,26.181943408000052],[89.14096335300007,26.169394914000065],[89.15722284700007,26.163289035000048],[89.14845245000004,26.158193554000036],[89.15523298800008,26.140723336000065],[89.19291469300003,26.12387476200007],[89.20284293400005,26.129358328000023],[89.22348617800003,26.125118341000075],[89.24201852300007,26.113060243000064],[89.25155357100004,26.09145641500004],[89.26563185800006,26.092399785000055],[89.25435170700007,26.064214265000032],[89.26696255200005,26.060895901000038],[89.28097800600005,26.065694502000042],[89.27850506200008,26.048646631000054],[89.30615165400008,26.04660849000004],[89.32291652900005,26.03772543900004],[89.34643384500004,26.01160606600007],[89.39376215300007,26.00872719800003],[89.39080755400005,26.023039994000044],[89.40313108500004,26.02766861300006],[89.40739436500007,26.04161288100005],[89.42582835900004,26.044329823000055],[89.43262865500003,26.038908438000078],[89.42734444200005,26.01925019400005],[89.43096143200006,26.01114548000004],[89.46158974000008,25.99846057600007],[89.50906520900008,26.00207845600005],[89.52116260800005,26.00867481100005],[89.54083072300006,26.006009152000047],[89.54817380700007,26.000697565000053],[89.53639954200008,25.99009177000005],[89.54087781500004,25.96963162700007],[89.55759025000003,25.96545889300006],[89.56640829100007,25.98036565500007],[89.56884160100003,25.967858625000076],[89.57782905600004,25.96938196800005],[89.57666200500006,25.97813124100003],[89.58668669200006,25.98096631100003],[89.57865848000006,26.026359213000035],[89.58353470900005,26.024414250000063],[89.58681239100008,26.03842256300004],[89.59503616900008,26.03532180600007],[89.59827701200004,26.044456412000045],[89.61321602700008,26.05362916300004],[89.60498710400003,26.063291313000036],[89.61772546300006,26.060225295000066],[89.61934890200007,26.053519187000063],[89.63172052000004,26.063028819000067],[89.65000396000005,26.064484589000074],[89.63398965800008,26.080107225000063],[89.63934385800007,26.090969216000076],[89.63014348800004,26.106946899000036],[89.62355473900004,26.107503394000048],[89.62145688300006,26.100431032000074],[89.61390149800008,26.103700481000033],[89.61724027000008,26.094802111000035],[89.60943387500004,26.09547907700005],[89.60825030400008,26.08850409200005],[89.59384869100006,26.102240798000025],[89.59999235800007,26.103547880000065],[89.59785057300007,26.113069405000033],[89.61406223000006,26.106897608000054],[89.63028552600008,26.11852370400004],[89.62630291500005,26.128522544000077],[89.62044011800003,26.119834886000035],[89.61234498100004,26.127855621000037],[89.60419362800008,26.11760058300007],[89.59554445200007,26.140000618000045],[89.59785316500006,26.154007110000066],[89.59108655500006,26.15732067400006],[89.59982950700004,26.160956594000027],[89.61028559400006,26.153948093000054],[89.61008605500007,26.161948127000073],[89.61881218100007,26.166973770000027],[89.61117125600003,26.168703567000023],[89.60738622500008,26.179236984000056],[89.63699334400008,26.178913484000077],[89.63207665500005,26.171985095000025],[89.64923797400007,26.164532181000027],[89.65862414500003,26.176535028000046],[89.65544179700004,26.18152636900004],[89.63903526300004,26.178719148000027],[89.62769865500007,26.18405671100004],[89.63010969500004,26.19587254000004],[89.64495403300003,26.184802046000073],[89.64994160500004,26.190297171000054],[89.63941938400006,26.19983314500007],[89.63833409500006,26.211088275000066],[89.63213502100007,26.211975506000044],[89.63379926900006,26.23034584000004],[89.65040311400008,26.22107774600005],[89.67184059900006,26.219950621000066],[89.67793123800004,26.235643938000067],[89.68690864100006,26.219981886000028],[89.67862918500003,26.219529271000056],[89.68032472500005,26.210369394000054],[89.67344408100007,26.205783350000047],[89.69174330000004,26.177635577000046],[89.70198649700006,26.174063129000047],[89.67425294500003,26.16704644400005],[89.70131142400004,26.15185716600007],[89.70989158100008,26.156309409000073],[89.71263823700008,26.16811369000004],[89.72036240200003,26.15639882800008],[89.74759690300004,26.157444032000058],[89.75412031600007,26.14030554800007],[89.76636520800008,26.130980518000058],[89.75581149800007,26.110154759000068],[89.78411969300004,26.105400775000078],[89.78209765900004,26.08323976400004],[89.79484820800008,26.08743228900005],[89.79031021900005,26.075953492000053],[89.79476010500008,26.077144365000038],[89.79872496200005,26.059663115000035],[89.78460152700006,26.055996553000057],[89.78782124100007,26.047812950000036],[89.77357499600004,26.037731219000023],[89.78472904500006,26.040841887000056],[89.79006791900008,26.03441614600007],[89.79233786900005,26.04092292400003],[89.80177142600007,26.040353349000043],[89.79139648500006,26.018151389000025],[89.80597982300009,26.044623857000033],[89.81922141800004,26.025914963000048],[89.81529946100005,26.020311021000055],[89.82055892600005,25.999652250000054],[89.81480905100005,25.997947169000042],[89.82015492900007,25.987741623000034],[89.83589156500005,25.982534607000048],[89.83086717200007,26.001967759000024],[89.83580171600005,26.012667660000034],[89.85076161800004,25.989766298000063],[89.87319813900007,25.975862821000078],[89.85520467000003,25.968853796000076],[89.84187471400008,25.97073981500006],[89.84619166600004,25.950465377000057],[89.82562876400004,25.951626132000058],[89.825349,25.945571096000037],[89.84500533100004,25.940112748000047],[89.88700592900005,25.94532507300005],[89.87852971800004,25.924335167000038],[89.83250586100007,25.870712989000026],[89.83522753300008,25.84082752300003],[89.81699159400006,25.814382498000043],[89.82579363500008,25.811225660000048],[89.84127211900005,25.75909398400006],[89.82732798900008,25.72995268300008],[89.83429627100008,25.71649053400006],[89.85104642800007,25.711808034000057],[89.84657511400007,25.695855589000075],[89.86248105000004,25.667182741000033],[89.87102956600006,25.662647030000073],[89.88181023000004,25.62481484700004],[89.86628151300005,25.547803312000042],[89.85122013800003,25.538718996000057],[89.86018051300005,25.517723685000078],[89.84897100400008,25.490036563000046],[89.85212207100005,25.465950132000046],[89.83266613300003,25.438871208000023],[89.82562005100004,25.415218647000074]],[[89.82562005100004,25.415218647000074],[89.76692355200004,25.43273976300003],[89.77335259800003,25.426467914000057],[89.77157595300008,25.415256491000036],[89.78393132600007,25.41340583300007],[89.78027194400005,25.387958860000026],[89.74869243300003,25.37909552700006],[89.72183110600008,25.356040497000038],[89.75633312200006,25.280859340000063],[89.74935626400008,25.27111756100004]],[[89.74935626400008,25.27111756100004],[89.74965646300006,25.24004648300007],[89.74102491400004,25.23371849800003],[89.70121427900006,25.23215271600003]],[[89.70121427900006,25.23215271600003],[89.67198346300006,25.169701270000076],[89.65173760900007,25.14351292400005],[89.64981805400004,25.10613061600003],[89.63856297000007,25.090077102000066],[89.65306719200004,25.07801193800003],[89.65591422800009,25.049989221000033]],[[89.65591422800009,25.049989221000033],[89.64096440200007,25.038955779000048]],[[89.64096440200007,25.038955779000048],[89.61042536200006,25.050859572000036],[89.56413904600004,25.037921708000056],[89.51513608100004,25.040399586000035],[89.49291826200005,25.050680459000034],[89.48809807800006,25.061629089000064],[89.46247278800007,25.054537950000054],[89.46510089700007,25.061326777000033],[89.45360909400006,25.065423311000075],[89.45385625300008,25.05642782500007],[89.44910082400008,25.06149461600006],[89.45327514400003,25.075042155000062],[89.44295324400008,25.069084089000057],[89.42958366900007,25.073276667000073],[89.42669911400003,25.065970935000053],[89.41319998400007,25.083134229000052],[89.40958962300004,25.077365059000044],[89.39910866300005,25.078880239000057],[89.40333945300006,25.067796247000047],[89.39136207000007,25.066487275000043],[89.38429796100007,25.051244147000034],[89.36949317300008,25.067706602000044],[89.36020943700004,25.06631735800005],[89.35562638000005,25.08122247500006],[89.35979024100004,25.088897962000033],[89.34497282700005,25.100955833000057],[89.33950971300004,25.097387638000043],[89.34004868400007,25.109971992000055],[89.33210655800008,25.12292078200005],[89.29645729900005,25.115557930000023],[89.28009092800005,25.087631309000074],[89.25158461500007,25.097400736000054],[89.24814557700006,25.117764127000044],[89.23130075900008,25.14443280100005],[89.21764279300004,25.14490143300003],[89.22288471100006,25.155000795000035],[89.19780584300008,25.170826039000076],[89.19618939100008,25.180838168000037],[89.18390630500005,25.18453603100005],[89.19244765600007,25.19393552300005],[89.19459500700003,25.216915339000025],[89.20385143100003,25.224495088000026],[89.19561256800006,25.23996568000007],[89.17459790000004,25.234597524000037]],[[89.17762938300007,26.244749607000074],[89.18539619300003,26.244718798000065],[89.18100887800006,26.239577764000046],[89.17762938300007,26.244749607000074]],[[89.14173072700004,26.262902353000072],[89.14014077400003,26.255199584000025],[89.14671192500003,26.254787887000077],[89.15295092300005,26.26547677900004],[89.17029694100006,26.263842225000076],[89.16634397000007,26.25120296500006],[89.17048140200006,26.239898853000057],[89.16305201000006,26.23895286800007],[89.15964676600004,26.250772873000074],[89.15648464100008,26.238319680000075],[89.14705291900003,26.239285976000076],[89.13342663700007,26.26251841000004],[89.14026956200007,26.27081258800007],[89.14755783300006,26.262876117000076],[89.14173072700004,26.262902353000072]],[[89.00585277400006,26.253658552000047],[88.99836625400008,26.255474930000048],[89.00110923200003,26.263155504000053],[89.00511081500008,26.256493528000078],[89.00906847800007,26.267451351000034],[89.01360504100006,26.262695078000036],[89.00585277400006,26.253658552000047]],[[89.03678518300006,26.264281243000028],[89.02884646400008,26.25718981500006],[89.02302882500004,26.27175894900006],[89.03678518300006,26.264281243000028]],[[89.00040618100007,26.27753849000004],[88.99569267100009,26.277196355000058],[88.99293901700008,26.280114785000023],[88.99898045100008,26.283865598000034],[89.00040618100007,26.27753849000004]],[[89.11274713300008,26.27989527400007],[89.11776249800005,26.284677658000078],[89.11674994900005,26.278272182000023],[89.11274713300008,26.27989527400007]],[[88.93754409800005,26.323213446000068],[88.93756146300007,26.31298564100007],[88.94902903400003,26.318453643000055],[88.95342272900007,26.30363032300005],[88.96391111100007,26.304140044000064],[88.96083534700006,26.29503718600006],[88.98359747900008,26.299584208000056],[88.98151432900005,26.283055542000056],[88.95445894700003,26.274720932000037],[88.94337632700007,26.286766714000066],[88.92796741100005,26.291884120000077],[88.92364908900004,26.29606319800007],[88.93071067200003,26.307418150000046],[88.91812191100007,26.32565730700003],[88.92333156200004,26.326691505000042],[88.92132796700008,26.335525731000075],[88.93840104400005,26.33502459600004],[88.94216419500003,26.323208915000066],[88.93754409800005,26.323213446000068]],[[88.94125091400008,26.35522014600008],[88.93862793800008,26.350877757000035],[88.93812915600006,26.354708935000076],[88.94125091400008,26.35522014600008]],[[89.07595959400004,26.40121207800007],[89.07245904200005,26.40340371900004],[89.07578000600006,26.403973139000072],[89.07595959400004,26.40121207800007]],[[89.05925917300004,26.404255384000066],[89.05608878200007,26.401362818000052],[89.05416398400007,26.40753079700005],[89.05925917300004,26.404255384000066]],[[89.51502395200004,26.015701654000054],[89.51158102100004,26.022842153000056],[89.52110349200007,26.025988701000074],[89.52129117700008,26.02237574700007],[89.51502395200004,26.015701654000054]],[[89.56976286800005,26.05385453100007],[89.55841367200009,26.050137850000056],[89.55164942600004,26.063061635000054],[89.57238333700008,26.063127352000038],[89.56976286800005,26.05385453100007]],[[89.51102974600008,26.057423390000054],[89.50266046100006,26.060003814000027],[89.49859610800007,26.06958882500004],[89.51384387200005,26.065981153000052],[89.51102974600008,26.057423390000054]],[[89.61159216900006,26.07207711800004],[89.61883788900008,26.07484936700007],[89.61888595600004,26.06714319300005],[89.61159216900006,26.07207711800004]],[[89.41613682500008,26.07690601300004],[89.39626165600004,26.083061384000075],[89.39790397800004,26.094360780000045],[89.41989039500004,26.088683256000024],[89.41613682500008,26.07690601300004]],[[89.41438684500008,26.09942929300007],[89.41730671800008,26.106038307000063],[89.42540314700005,26.10514413900006],[89.42393090200005,26.099131941000053],[89.41438684500008,26.09942929300007]],[[89.70278900200003,26.181766930000038],[89.69970620100008,26.178275658000075],[89.69930675700004,26.18367115500007],[89.70278900200003,26.181766930000038]],[[89.60708185100003,26.17613326600008],[89.58897551900003,26.175771747000056],[89.58946112700005,26.18837049800004],[89.60388943100008,26.192454490000046],[89.60602085800008,26.184202241000037],[89.59939941500005,26.180364455000074],[89.60708185100003,26.17613326600008]],[[89.58585088200005,26.183712756000034],[89.58579881200006,26.189505628000063],[89.58772876300009,26.18846261400006],[89.58585088200005,26.183712756000034]],[[89.61373943900008,26.196897854000042],[89.62311399600009,26.199149070000033],[89.61974344700008,26.187198033000072],[89.61521443500004,26.189779738000027],[89.61373943900008,26.196897854000042]],[[89.59147709900003,26.20093633600004],[89.59860596000004,26.193430275000026],[89.59155828100006,26.194521640000062],[89.59147709900003,26.20093633600004]],[[89.61064458100003,26.20533609200004],[89.61670369700005,26.20223209200003],[89.60914032900007,26.203834236000034],[89.61064458100003,26.20533609200004]],[[91.30793103100007,24.017661118000035],[91.30386963600006,24.024446228000045],[91.31238854500003,24.028571648000025]],[[91.31238854500003,24.028571648000025],[91.31160978000008,24.03926844500006],[91.30343076700007,24.045325666000053],[91.30406762400008,24.05628975600007]],[[91.30406762400008,24.05628975600007],[91.28409763500008,24.06377184300004],[91.29305977700005,24.093188456000064],[91.27940698600008,24.08886754100007],[91.26911992000004,24.094980188000022],[91.27083773200007,24.11254370300003]],[[91.27083773200007,24.11254370300003],[91.29185738300004,24.11582390700005],[91.27160070000008,24.123667167000065]],[[91.27160070000008,24.123667167000065],[91.27182176000008,24.140609767000058]],[[91.27182176000008,24.140609767000058],[91.26239264000009,24.141398646000027],[91.26697999800007,24.158137431000057]],[[91.26697999800007,24.158137431000057],[91.27523539000003,24.156481507000024],[91.27730878800008,24.18156149500004],[91.30524816800005,24.19070591600007],[91.31316460300008,24.183320905000073]],[[91.31316460300008,24.183320905000073],[91.31476704100004,24.192714102000025],[91.31282170200006,24.203073103000065]],[[91.31282170200006,24.203073103000065],[91.28400709900006,24.195639277000055],[91.27754634400009,24.203739867000024],[91.28373204800005,24.21750750500007],[91.29813495800005,24.21369303700004],[91.29853479400003,24.223023270000056],[91.32401530800007,24.22954225500007],[91.32883813900008,24.249628555000072]],[[91.32883813900008,24.249628555000072],[91.32516912300008,24.26035994800003],[91.30172955800003,24.266389881000066]],[[91.30172955800003,24.266389881000066],[91.28433383600003,24.246020415000032],[91.28085429900005,24.23276351800007],[91.28668524700004,24.22587593800006],[91.26568851200005,24.225186138000026],[91.19488236800004,24.239842943000042],[91.17355789400006,24.26519860600007]],[[91.17355789400006,24.26519860600007],[91.19330629500007,24.280174775000035],[91.19597578900004,24.293151245000047]],[[91.19597578900004,24.293151245000047],[91.15896046500006,24.283951838000064],[91.17500791200007,24.320195401000035]],[[91.17500791200007,24.320195401000035],[91.23376944000006,24.31544361500005],[91.23407756700004,24.333463335000033],[91.21372467200007,24.36346629800005],[91.23022646600003,24.36585619600004]],[[91.23022646600003,24.36585619600004],[91.24120499200006,24.378540928000064],[91.25557847000005,24.37914156100004],[91.23723076500005,24.40692468000003],[91.22129566000007,24.40936135900006],[91.22099157100007,24.402288399000042],[91.21384422800008,24.40340864500007],[91.21993645700007,24.41948028400003],[91.21710544600006,24.432475965000037],[91.22590809300004,24.434642754000038],[91.24201925600005,24.42689640900005]],[[91.24201925600005,24.42689640900005],[91.22801827600006,24.48061769800006],[91.21649726500004,24.484504266000044],[91.21807832000007,24.474613912000052]],[[91.21807832000007,24.474613912000052],[91.20532080800007,24.480937656000037],[91.19899244700008,24.46659002800004],[91.19031487400008,24.465723402000037],[91.18410014100004,24.471437184000024],[91.19437572500004,24.47764549200008],[91.19163918800007,24.481745501000034],[91.16499790000006,24.485147874000063],[91.15007198200004,24.479093242000033],[91.16930253500004,24.500732920000075],[91.18285840800007,24.494944876000034],[91.21318595300005,24.523436230000073],[91.23396119200004,24.56896290700007],[91.20584488100008,24.577224767000075],[91.20706454800006,24.585929287000056],[91.19672121700006,24.588805612000044],[91.20383992400008,24.59332838000006],[91.20002492000003,24.60941196500005]],[[91.20002492000003,24.60941196500005],[91.17733564800005,24.619635232000064],[91.18196566800003,24.629894094000065],[91.19197232200008,24.626021810000054],[91.19859154600005,24.63422121900004],[91.20534820400007,24.633292397000048],[91.21025918800007,24.652675939000062],[91.22995021200006,24.654663007000067]],[[91.22995021200006,24.654663007000067],[91.23274113600007,24.666434710000033],[91.22252540000005,24.669382469000027],[91.22421833600004,24.675519381000072],[91.23344949400007,24.672270302000072],[91.24179836300004,24.679517633000046],[91.24087651700006,24.692093535000026],[91.21998659800005,24.70196714900004],[91.22667379800004,24.70721954800007]],[[91.22667379800004,24.70721954800007],[91.22930117200008,24.723741274000076],[91.22205126200004,24.728226996000046],[91.22037078900007,24.72033816800007],[91.20507159500005,24.70972101800004]],[[91.20507159500005,24.70972101800004],[91.18149912500007,24.723589339000057],[91.16756248400009,24.724286022000058],[91.16005477300007,24.717149969000047],[91.15967957000004,24.723734259000025],[91.14132690600007,24.72420917900007],[91.15130017700005,24.729522905000067],[91.14761550800006,24.747108871000023],[91.15414559400006,24.741484783000033],[91.15945608900006,24.747215830000073],[91.13522539800005,24.757196401000044],[91.15831701800005,24.76467616800005],[91.17120756600008,24.77993630900005],[91.17029472400009,24.789186981000057],[91.16075300500006,24.793187729000067],[91.17214863800007,24.80962130200004]],[[91.17214863800007,24.80962130200004],[91.17068783700006,24.82696161000007],[91.15295528000007,24.837460409000073],[91.14272935900004,24.825400100000024],[91.15284559500003,24.81064894000008]],[[91.15284559500003,24.81064894000008],[91.14224054000005,24.799738255000022],[91.14455762600005,24.794589682000037]],[[91.14455762600005,24.794589682000037],[91.12882100800005,24.794945692000056],[91.11253752700009,24.817381477000026]],[[91.11253752700009,24.817381477000026],[91.12071595700007,24.83761758600008],[91.13018081600006,24.839753638000047],[91.12349976800004,24.848716841000055],[91.11381036500006,24.847542650000037],[91.10345686900007,24.863662272000056],[91.10891687000009,24.871370892000073],[91.10127900700007,24.884494724000035],[91.08880545600005,24.887581457000067],[91.07523545600009,24.901242162000074],[91.05136395600005,24.902219389000038],[91.04555501600004,24.908005181000078],[91.03909553900007,24.905642615000033],[91.03015194000005,24.884290320000048],[91.01651023700003,24.885728246000042],[91.01576670900005,24.898306410000032],[90.99805530300006,24.89213513900006],[90.99286753400008,24.914100639000026],[90.98008086800007,24.917160178000074],[90.96403026800004,24.91149492200003],[90.95341560000008,24.918929751000064],[90.95514067200008,24.93983489200008],[90.94906895200006,24.939455464000048],[90.96888898900005,24.946646487000066],[90.97256364200007,24.95988591200006],[90.96013240900004,24.972722556000065],[90.94365821000008,24.97592475400006],[90.94732173100005,25.004896897000037],[90.93629244700008,25.009055239000077],[90.93404784100005,25.019939097000076],[90.94510244600008,25.03140774800005],[90.96498834700003,25.03468212200005],[90.95129552700007,25.044525967000027],[90.93257791300005,25.045253063000075],[90.92958908600008,25.06396175800006],[90.93569530100007,25.065713661000075],[90.92777781100006,25.077852679000046],[90.94501134900008,25.081252776000042],[90.95656635600005,25.070438945000035],[90.97466440600004,25.074280415000032],[90.97083821200005,25.095694706000074],[90.94755347600005,25.113436181000054],[90.95589987900007,25.119526534000045],[90.94923736600003,25.137860602000046],[90.95231907000004,25.149401158000046],[90.97026229400007,25.160580280000033],[90.96229103800005,25.167350166000062],[90.96484836000008,25.17187864600004]],[[90.96484836000008,25.17187864600004],[91.01903405900003,25.187086719000035],[91.06780835700005,25.191642006000052],[91.06957432200005,25.19852065500004],[91.12517294500003,25.194120446000056],[91.19461246700007,25.20192531600003],[91.25074565500006,25.19577577900003],[91.26794715300008,25.20736202200004],[91.29214076200003,25.193437364000033],[91.29240728500008,25.183923254000035],[91.31768401600004,25.183791358000065],[91.35366493500004,25.171333971000024],[91.36444008800004,25.178014228000052],[91.37614639700007,25.16809267900004],[91.39901266500004,25.164964007000037],[91.41084653800004,25.16378031200003],[91.41456896700004,25.17124231500003],[91.42514726000007,25.157044865000046],[91.44049313800008,25.14975450600008],[91.46854994700004,25.15192257600006],[91.46642936000006,25.13440543300004],[91.47432439500005,25.13351835900005],[91.50008821900008,25.135777637000047],[91.50946733200004,25.147551044000068],[91.55591408400005,25.149813169000026],[91.56298986600007,25.160771840000052],[91.57396569800005,25.159805034000044],[91.57697016600008,25.172102362000032],[91.60935705300005,25.177136227000062],[91.61536176900006,25.169770044000074],[91.60396860300006,25.16755356500005],[91.60057615300008,25.14593423200006],[91.60371062700005,25.140325804000042],[91.61103982700007,25.146385244000044],[91.61331883200006,25.14113573800006],[91.62141264200005,25.143515566000076],[91.62258544200006,25.12891623200005],[91.63785247500005,25.12265463500006],[91.65268682900006,25.131305218000023],[91.66494889500007,25.128551338000022],[91.66389927700004,25.13523364100007],[91.66988755100004,25.138001519000056],[91.69231713700003,25.137668879000046],[91.70374870000006,25.15102997300005],[91.70352014000008,25.160013899000035],[91.73540052700008,25.149828477000028],[91.74575891500007,25.140486945000077],[91.74924790700004,25.16079391200003],[91.74471514800007,25.170387380000022],[91.75359126700005,25.176950857000065],[91.75846997100007,25.16849640500004],[91.77573638800004,25.163322549000043],[91.82646695100004,25.177780678000033],[91.88056130800004,25.17302907900006],[91.92070258500007,25.181344258000024],[91.98050708600005,25.171788424000056],[92.00341755900007,25.186241394000035],[92.02611074100008,25.17930566900003],[92.04046192100003,25.186493812000037],[92.07376461200005,25.185059033000073],[92.13283405500005,25.160271132000048],[92.13964473600004,25.154677110000023],[92.13380688600006,25.148468026000046],[92.13607578900007,25.13983627500005],[92.16184963500007,25.135980360000076],[92.16405473000003,25.125492330000043],[92.17896065600007,25.126097972000025],[92.18382413600006,25.11819564700005],[92.19141800300008,25.135369780000076],[92.19354917000004,25.126459193000073],[92.21932531300007,25.117132585000036],[92.20033911400003,25.120119557000066],[92.19609127700005,25.10816496700005],[92.21517194100005,25.106585820000078],[92.22640481200006,25.09573112700008],[92.31096238200007,25.069323931000042],[92.33284788400005,25.079000762000078],[92.34847894200004,25.072772754000027],[92.34898666700008,25.061256241000024],[92.33810035300007,25.051640207000048],[92.34184076500009,25.048922154000024],[92.36224572500004,25.04994706100007],[92.36981632600003,25.04189251400004],[92.42369303400005,25.030140790000075],[92.42480399700008,25.013406962000033],[92.41647556400005,24.991928517000076],[92.42211296100004,24.98732287100006],[92.41943229600008,24.967567213000052],[92.45738990800004,24.970679715000074],[92.46777410600004,24.963510043000042],[92.46607732300004,24.95719243700006],[92.45128408600004,24.952118866000035],[92.44890660100003,24.93909276000005],[92.48763854800006,24.94667352600004],[92.48393657000008,24.92860451300004],[92.49672878000007,24.902214052000033],[92.49011465200005,24.873390823000022],[92.47660170100005,24.868839235000053],[92.44517311800007,24.87309640500007],[92.43642184300006,24.857200313000078],[92.42500505800007,24.854127771000037],[92.40720589500006,24.86012933300003],[92.40021766000007,24.849690246000023],[92.38508795500007,24.854102775000058],[92.37619786700003,24.873425346000033],[92.36319083000006,24.872593857000027],[92.34868329400007,24.892337894000036],[92.34468564600007,24.880828965000035],[92.33834525700007,24.879375922000065],[92.32637718900008,24.896000181000034],[92.30717618500006,24.901741453000056],[92.29890127500005,24.916095101000053],[92.28003239500003,24.905697402000044],[92.24749849600005,24.909450020000065],[92.23474997200003,24.90394574000004],[92.23653271600006,24.892097351000075],[92.24713402500004,24.887656239000023],[92.24674680200008,24.872125883000024],[92.23581111600004,24.859129594000024],[92.24242122800007,24.84058052900008],[92.25117786700008,24.83948732500005],[92.24924461300003,24.830146841000044],[92.27190786000006,24.82810416500007],[92.27349835600006,24.799314587000026],[92.28883247100003,24.784631638000064],[92.28015385100008,24.766331064000042],[92.28886171400006,24.761162281000054],[92.27962959100006,24.744489892000047],[92.29588223900004,24.73663313800006],[92.25840970100006,24.68532657700007],[92.24700588900004,24.654918544000054],[92.24893979200004,24.641047452000066],[92.23529115400004,24.597638484000072],[92.23083358900004,24.53022829300005],[92.21253438000008,24.503768367000077],[92.16939743200004,24.531877145000067],[92.15990808200007,24.529045217000032],[92.15180200600008,24.487501601000076],[92.16775515500007,24.425257140000042],[92.16298077600004,24.419247160000054],[92.13669930100008,24.42509768000008],[92.13453367000005,24.406845136000072],[92.12008334100005,24.392465790000074],[92.12287347800003,24.38415083600006],[92.10084961400008,24.38061461600006],[92.09031217600005,24.372036098000024],[92.04501233300005,24.375203792000036],[92.01986964900004,24.386665747000052],[92.00997794400007,24.381879226000024],[91.99565870900005,24.39212102500005],[91.98467611600006,24.376746206000064],[91.97332060800005,24.384330890000058],[91.96711720400003,24.379040905000068],[91.97872462900006,24.370223516000067],[91.98425984700003,24.35962302100006],[91.97814581200004,24.357807877000027],[91.99678056200008,24.336944845000062],[91.99585731400003,24.322179034000044],[91.97704300400005,24.327567870000053],[91.95774762800005,24.356199858000025],[91.94029145400003,24.343135480000058],[91.91989658800009,24.33760118300006],[91.94074254600008,24.268238576000044],[91.90570151800006,24.138815699000077],[91.88456388400004,24.138759407000066],[91.87396839300004,24.174004413000034],[91.84816361700007,24.18491286400007],[91.84371391000008,24.200262848000023],[91.85168077500003,24.213262342000064],[91.84407629900005,24.226278947000026],[91.82069204000004,24.209373154000048],[91.74497450800004,24.24708623300006],[91.75973807900004,24.14232095500006],[91.72832924300008,24.143407074000038],[91.70213154600003,24.164021518000027],[91.69490061100004,24.159670064000068],[91.68477801500006,24.16588097700003],[91.67960423800008,24.193275248000077],[91.66660138600008,24.212324934000037],[91.66534360000009,24.23365543700004],[91.64767004600003,24.21862636000003],[91.66006899200005,24.189667689000032],[91.65503160000009,24.17580766900005],[91.64668278200008,24.17875626400007],[91.64652755200007,24.156755962000034],[91.63435922400004,24.13817814400005],[91.63835271000005,24.104552787000046],[91.61375725400006,24.092926807000026],[91.59917431000008,24.09724460800004],[91.59121699000008,24.09275741500005],[91.59838188100008,24.08677737100004],[91.59111318000004,24.074963455000045],[91.57440202300006,24.080146822000074],[91.57255752200007,24.074999914000045],[91.54521117600007,24.074345314000027],[91.49757474200004,24.087434733000066],[91.49210958100008,24.097184304000052],[91.44212846000005,24.097447791000036],[91.44089820800008,24.10236885100005],[91.43084281100005,24.100137765000056],[91.42784548900005,24.106764800000064],[91.41437318000004,24.109679623000034],[91.37432299400007,24.10613551700004],[91.37707510800004,24.079991738000047],[91.39653445100004,24.049753640000063],[91.39080838200005,24.02591135700004],[91.37421858500005,24.004453149000028],[91.37946250900006,23.975454907000028],[91.37356452800003,23.975365561000046],[91.36158089700007,23.986398733000044],[91.34116401400007,23.982126040000026],[91.32363984300008,23.994616120000046],[91.31488150800004,23.990572517000032],[91.29651757600004,23.998196851000046],[91.29552558500006,24.005643796000072],[91.30793103100007,24.017661118000035]]]}