CustomerID,Age,Gender,Division,DeviceBrand,PlanType,TenureMonths,NPS_Score,Segment,IsChurned,RiskScore,Network
CUST-10000,22,Male,Rajshahi,Vivo Y20,Family Bundle,56,7,Postpaid,0,34.0,4G
CUST-10001,54,Male,Rajshahi,Realme 11,Family Bundle,10,6,Postpaid,0,22.0,5G
CUST-10002,48,Female,Chattogram,iPhone 15 Pro,Student Special 4G,22,4,Prepaid,0,22.0,5G
CUST-10003,38,Female,Barishal,Vivo Y20,Prepaid Saver 30D,11,5,Prepaid,0,29.0,5G
CUST-10004,38,Male,Dhaka,Vivo Y20,Prepaid Saver 30D,32,5,Prepaid,0,29.0,3G
CUST-10005,58,Female,Chattogram,Samsung S23 Ultra,Prepaid Saver 30D,22,5,Prepaid,0,22.0,5G
CUST-10006,22,Female,Dhaka,Samsung S23 Ultra,Unlimited Data Max,59,10,Prepaid,1,16.0,3G
CUST-10007,50,Male,Sylhet,iPhone 15 Pro,Student Special 4G,55,4,Prepaid,0,15.0,5G
CUST-10008,27,Female,Chattogram,Realme 11,Postpaid Corporate,63,7,Postpaid,0,15.0,4G
CUST-10009,22,Male,Dhaka,Xiaomi Redmi Note 12,Postpaid Corporate,30,10,Postpaid,0,9.0,5G
CUST-10010,42,Female,Rajshahi,Xiaomi Redmi Note 12,Unlimited Data Max,38,5,Prepaid,0,15.0,4G
CUST-10011,63,Male,Dhaka,Xiaomi Redmi Note 12,Unlimited Data Max,62,10,Prepaid,0,9.0,4G
CUST-10012,52,Female,Barishal,Xiaomi Redmi Note 12,Student Special 4G,51,6,Prepaid,0,15.0,4G
CUST-10013,53,Female,Chattogram,Realme 11,Unlimited Data Max,68,7,Prepaid,0,22.0,4G
CUST-10014,51,Female,Sylhet,Samsung S23 Ultra,Unlimited Data Max,70,8,Prepaid,0,16.0,5G
CUST-10015,54,Female,Chattogram,Xiaomi Redmi Note 12,Postpaid Corporate,6,9,Postpaid,0,21.0,4G
CUST-10016,42,Female,Mymensingh,iPhone 15 Pro,Postpaid Corporate,17,10,Postpaid,0,9.0,4G
CUST-10017,24,Female,Rajshahi,Realme 11,Unlimited Data Max,51,10,Prepaid,0,9.0,4G
CUST-10018,57,Female,Dhaka,Samsung S23 Ultra,Unlimited Data Max,7,4,Prepaid,0,15.0,3G
CUST-10019,39,Male,Rajshahi,Samsung S23 Ultra,Student Special 4G,7,5,Prepaid,0,15.0,3G
CUST-10020,41,Male,Chattogram,Xiaomi Redmi Note 12,Family Bundle,10,10,Postpaid,0,9.0,4G
CUST-10021,35,Male,Dhaka,Xiaomi Redmi Note 12,Prepaid Saver 30D,6,6,Prepaid,1,15.0,4G
CUST-10022,26,Female,Dhaka,Xiaomi Redmi Note 12,Student Special 4G,48,4,Prepaid,0,15.0,4G
CUST-10023,61,Female,Sylhet,Vivo Y20,Prepaid Saver 30D,20,9,Prepaid,0,23.0,4G
CUST-10024,54,Male,Chattogram,Realme 11,Postpaid Corporate,67,7,Postpaid,0,29.0,4G
CUST-10025,48,Male,Chattogram,iPhone 15 Pro,Prepaid Saver 30D,8,10,Prepaid,0,9.0,4G
CUST-10026,36,Female,Sylhet,Realme 11,Student Special 4G,33,10,Prepaid,0,16.0,4G
CUST-10027,56,Female,Chattogram,Xiaomi Redmi Note 12,Student Special 4G,48,5,Prepaid,0,15.0,3G
CUST-10028,43,Female,Rangpur,iPhone 15 Pro,Prepaid Saver 30D,26,10,Prepaid,0,16.0,4G
CUST-10029,38,Male,Mymensingh,Samsung S23 Ultra,Unlimited Data Max,51,10,Prepaid,0,9.0,3G
CUST-10030,39,Male,Khulna,Samsung S23 Ultra,Student Special 4G,60,10,Prepaid,0,9.0,4G
CUST-10031,28,Male,Rajshahi,iPhone 15 Pro,Unlimited Data Max,46,10,Prepaid,0,9.0,4G
CUST-10032,22,Female,Rajshahi,Vivo Y20,Postpaid Corporate,44,8,Postpaid,0,9.0,4G
CUST-10033,44,Female,Chattogram,Xiaomi Redmi Note 12,Prepaid Saver 30D,41,8,Prepaid,0,16.0,4G
CUST-10034,59,Female,Sylhet,Xiaomi Redmi Note 12,Unlimited Data Max,71,4,Prepaid,0,20.0,3G
CUST-10035,20,Male,Sylhet,iPhone 15 Pro,Postpaid Corporate,56,5,Postpaid,0,15.0,5G
CUST-10036,58,Male,Rangpur,iPhone 15 Pro,Prepaid Saver 30D,5,10,Prepaid,0,9.0,4G
CUST-10037,56,Female,Khulna,Realme 11,Student Special 4G,55,9,Prepaid,0,16.0,4G
CUST-10038,31,Female,Dhaka,Samsung S23 Ultra,Unlimited Data Max,12,5,Prepaid,0,15.0,5G
CUST-10039,47,Male,Khulna,Realme 11,Unlimited Data Max,62,7,Prepaid,1,22.0,5G
CUST-10040,25,Female,Barishal,Vivo Y20,Unlimited Data Max,24,10,Prepaid,0,16.0,5G
CUST-10041,53,Female,Dhaka,Vivo Y20,Prepaid Saver 30D,50,5,Prepaid,1,29.0,4G
CUST-10042,50,Male,Khulna,iPhone 15 Pro,Postpaid Corporate,53,6,Postpaid,0,29.0,4G
CUST-10043,34,Female,Mymensingh,Vivo Y20,Prepaid Saver 30D,26,10,Prepaid,0,9.0,4G
CUST-10044,21,Female,Dhaka,iPhone 15 Pro,Unlimited Data Max,69,8,Prepaid,0,16.0,4G
CUST-10045,63,Female,Dhaka,iPhone 15 Pro,Family Bundle,38,8,Postpaid,0,14.0,4G
CUST-10046,38,Male,Mymensingh,iPhone 15 Pro,Unlimited Data Max,31,4,Prepaid,0,15.0,3G
CUST-10047,59,Female,Dhaka,Samsung S23 Ultra,Prepaid Saver 30D,35,4,Prepaid,1,15.0,4G
CUST-10048,49,Male,Sylhet,iPhone 15 Pro,Student Special 4G,22,10,Prepaid,1,9.0,4G
CUST-10049,54,Female,Mymensingh,Vivo Y20,Postpaid Corporate,8,7,Postpaid,0,20.0,4G
CUST-10050,53,Male,Barishal,Realme 11,Prepaid Saver 30D,70,6,Prepaid,0,15.0,5G
CUST-10051,27,Female,Barishal,iPhone 15 Pro,Family Bundle,58,5,Postpaid,1,22.0,4G
CUST-10052,35,Female,Mymensingh,iPhone 15 Pro,Prepaid Saver 30D,58,10,Prepaid,0,16.0,4G
CUST-10053,39,Male,Dhaka,iPhone 15 Pro,Unlimited Data Max,65,10,Prepaid,1,23.0,5G
CUST-10054,41,Male,Rangpur,Samsung S23 Ultra,Unlimited Data Max,44,6,Prepaid,0,15.0,5G
CUST-10055,20,Male,Chattogram,Samsung S23 Ultra,Family Bundle,70,6,Postpaid,0,15.0,4G
CUST-10056,43,Female,Barishal,Vivo Y20,Prepaid Saver 30D,70,10,Prepaid,0,9.0,4G
CUST-10057,25,Female,Dhaka,Realme 11,Student Special 4G,18,9,Prepaid,0,9.0,4G
CUST-10058,52,Female,Rajshahi,Realme 11,Unlimited Data Max,32,10,Prepaid,0,9.0,4G
CUST-10059,50,Male,Sylhet,iPhone 15 Pro,Unlimited Data Max,7,10,Prepaid,0,16.0,4G
CUST-10060,61,Male,Rangpur,Vivo Y20,Student Special 4G,50,10,Prepaid,0,16.0,4G
CUST-10061,53,Male,Dhaka,Samsung S23 Ultra,Family Bundle,8,5,Postpaid,0,15.0,3G
CUST-10062,35,Female,Rajshahi,Vivo Y20,Unlimited Data Max,55,9,Prepaid,0,9.0,3G
CUST-10063,63,Female,Chattogram,Xiaomi Redmi Note 12,Unlimited Data Max,58,8,Prepaid,0,9.0,4G
CUST-10064,37,Male,Khulna,iPhone 15 Pro,Postpaid Corporate,30,10,Postpaid,0,14.0,4G
CUST-10065,33,Male,Sylhet,Realme 11,Prepaid Saver 30D,45,10,Prepaid,0,9.0,5G
CUST-10066,60,Female,Dhaka,Xiaomi Redmi Note 12,Prepaid Saver 30D,68,10,Prepaid,1,14.0,4G
CUST-10067,35,Female,Sylhet,iPhone 15 Pro,Unlimited Data Max,54,10,Prepaid,0,30.0,5G
CUST-10068,21,Male,Chattogram,Realme 11,Family Bundle,32,10,Postpaid,0,14.0,5G
CUST-10069,40,Female,Chattogram,Realme 11,Unlimited Data Max,65,10,Prepaid,0,23.0,4G
CUST-10070,55,Male,Dhaka,Realme 11,Prepaid Saver 30D,3,9,Prepaid,0,16.0,4G
CUST-10071,26,Male,Rangpur,Xiaomi Redmi Note 12,Prepaid Saver 30D,17,4,Prepaid,0,22.0,4G
CUST-10072,39,Male,Dhaka,iPhone 15 Pro,Unlimited Data Max,24,10,Prepaid,1,9.0,5G
CUST-10073,24,Female,Rajshahi,Xiaomi Redmi Note 12,Prepaid Saver 30D,26,7,Prepaid,1,27.0,5G
CUST-10074,50,Female,Chattogram,Vivo Y20,Prepaid Saver 30D,48,5,Prepaid,0,22.0,5G
CUST-10075,40,Male,Rajshahi,iPhone 15 Pro,Postpaid Corporate,57,7,Postpaid,0,22.0,4G
CUST-10076,33,Female,Khulna,Vivo Y20,Prepaid Saver 30D,4,7,Prepaid,0,15.0,5G
CUST-10077,28,Female,Chattogram,Samsung S23 Ultra,Unlimited Data Max,19,7,Prepaid,0,15.0,4G
CUST-10078,44,Female,Rajshahi,Samsung S23 Ultra,Student Special 4G,59,6,Prepaid,1,22.0,4G
CUST-10079,49,Female,Rajshahi,iPhone 15 Pro,Prepaid Saver 30D,36,10,Prepaid,0,9.0,4G
CUST-10080,62,Male,Dhaka,Samsung S23 Ultra,Prepaid Saver 30D,23,10,Prepaid,0,9.0,4G
CUST-10081,38,Male,Chattogram,Vivo Y20,Unlimited Data Max,32,4,Prepaid,0,22.0,4G
CUST-10082,25,Male,Chattogram,iPhone 15 Pro,Prepaid Saver 30D,44,8,Prepaid,0,16.0,3G
CUST-10083,57,Male,Sylhet,Samsung S23 Ultra,Student Special 4G,43,7,Prepaid,0,15.0,5G
CUST-10084,47,Male,Mymensingh,Realme 11,Postpaid Corporate,59,10,Postpaid,0,9.0,4G
CUST-10085,50,Male,Rajshahi,Vivo Y20,Student Special 4G,71,8,Prepaid,0,16.0,4G
CUST-10086,22,Female,Mymensingh,Vivo Y20,Unlimited Data Max,58,10,Prepaid,0,9.0,4G
CUST-10087,32,Male,Rangpur,Samsung S23 Ultra,Family Bundle,8,4,Postpaid,1,20.0,4G
CUST-10088,54,Male,Chattogram,Realme 11,Unlimited Data Max,30,10,Prepaid,1,16.0,4G
CUST-10089,57,Male,Dhaka,iPhone 15 Pro,Prepaid Saver 30D,35,8,Prepaid,0,9.0,4G
CUST-10090,38,Male,Mymensingh,Vivo Y20,Prepaid Saver 30D,45,10,Prepaid,0,16.0,4G
CUST-10091,55,Female,Chattogram,Realme 11,Unlimited Data Max,69,5,Prepaid,0,15.0,4G
CUST-10092,57,Female,Chattogram,Realme 11,Prepaid Saver 30D,32,7,Prepaid,0,15.0,5G
CUST-10093,36,Male,Mymensingh,Vivo Y20,Unlimited Data Max,25,10,Prepaid,0,9.0,5G
CUST-10094,60,Female,Rangpur,Vivo Y20,Postpaid Corporate,64,6,Postpaid,0,20.0,4G
CUST-10095,31,Female,Mymensingh,Samsung S23 Ultra,Student Special 4G,53,6,Prepaid,0,15.0,4G
CUST-10096,29,Female,Barishal,Realme 11,Postpaid Corporate,33,7,Postpaid,0,22.0,4G
CUST-10097,50,Male,Sylhet,Samsung S23 Ultra,Prepaid Saver 30D,66,9,Prepaid,0,16.0,4G
CUST-10098,47,Female,Chattogram,Vivo Y20,Prepaid Saver 30D,22,4,Prepaid,0,22.0,4G
CUST-10099,24,Female,Chattogram,Realme 11,Student Special 4G,18,10,Prepaid,0,16.0,4G
CUST-10100,57,Female,Sylhet,Samsung S23 Ultra,Prepaid Saver 30D,2,10,Prepaid,0,14.0,4G
CUST-10101,27,Male,Rajshahi,iPhone 15 Pro,Prepaid Saver 30D,6,7,Prepaid,0,15.0,5G
CUST-10102,55,Female,Sylhet,Vivo Y20,Unlimited Data Max,62,5,Prepaid,0,15.0,3G
CUST-10103,18,Male,Rajshahi,Realme 11,Unlimited Data Max,6,7,Prepaid,0,22.0,4G
CUST-10104,55,Male,Mymensingh,iPhone 15 Pro,Prepaid Saver 30D,55,10,Prepaid,0,9.0,4G
CUST-10105,54,Female,Dhaka,Vivo Y20,Postpaid Corporate,6,9,Postpaid,0,23.0,5G
CUST-10106,54,Female,Dhaka,Realme 11,Student Special 4G,17,10,Prepaid,0,16.0,4G
CUST-10107,49,Male,Sylhet,Samsung S23 Ultra,Family Bundle,25,10,Postpaid,0,21.0,5G
CUST-10108,40,Female,Rangpur,iPhone 15 Pro,Prepaid Saver 30D,16,10,Prepaid,1,9.0,5G
CUST-10109,51,Female,Dhaka,Vivo Y20,Prepaid Saver 30D,9,8,Prepaid,1,9.0,4G
CUST-10110,31,Female,Dhaka,iPhone 15 Pro,Student Special 4G,71,10,Prepaid,0,9.0,4G
CUST-10111,54,Male,Dhaka,Samsung S23 Ultra,Prepaid Saver 30D,29,8,Prepaid,0,9.0,4G
CUST-10112,44,Male,Dhaka,Realme 11,Prepaid Saver 30D,31,5,Prepaid,0,20.0,5G
CUST-10113,39,Female,Rangpur,Vivo Y20,Postpaid Corporate,54,9,Postpaid,0,9.0,4G
CUST-10114,41,Female,Barishal,Xiaomi Redmi Note 12,Unlimited Data Max,65,10,Prepaid,0,9.0,5G
CUST-10115,44,Female,Dhaka,Vivo Y20,Prepaid Saver 30D,22,8,Prepaid,0,16.0,5G
CUST-10116,19,Female,Sylhet,Samsung S23 Ultra,Prepaid Saver 30D,33,9,Prepaid,0,9.0,4G
CUST-10117,24,Female,Khulna,Realme 11,Prepaid Saver 30D,35,10,Prepaid,0,9.0,4G
CUST-10118,29,Female,Dhaka,Realme 11,Prepaid Saver 30D,19,10,Prepaid,0,30.0,4G
CUST-10119,23,Male,Dhaka,Vivo Y20,Unlimited Data Max,10,4,Prepaid,1,22.0,4G
CUST-10120,38,Female,Chattogram,Xiaomi Redmi Note 12,Unlimited Data Max,66,4,Prepaid,0,22.0,5G
CUST-10121,49,Male,Chattogram,Vivo Y20,Student Special 4G,50,8,Prepaid,0,9.0,5G
CUST-10122,48,Female,Chattogram,Samsung S23 Ultra,Student Special 4G,49,5,Prepaid,0,22.0,4G
CUST-10123,40,Male,Chattogram,Samsung S23 Ultra,Family Bundle,23,10,Postpaid,0,9.0,4G
CUST-10124,58,Female,Chattogram,Realme 11,Student Special 4G,47,10,Prepaid,0,9.0,5G
CUST-10125,44,Male,Dhaka,Samsung S23 Ultra,Unlimited Data Max,10,10,Prepaid,0,16.0,5G
CUST-10126,21,Male,Barishal,Vivo Y20,Unlimited Data Max,9,9,Prepaid,0,14.0,5G
CUST-10127,53,Male,Sylhet,Samsung S23 Ultra,Prepaid Saver 30D,68,8,Prepaid,0,9.0,5G
CUST-10128,45,Male,Chattogram,Realme 11,Prepaid Saver 30D,17,4,Prepaid,0,22.0,5G
CUST-10129,47,Female,Dhaka,Xiaomi Redmi Note 12,Postpaid Corporate,55,10,Postpaid,0,16.0,4G
CUST-10130,44,Male,Rangpur,Realme 11,Unlimited Data Max,20,8,Prepaid,1,16.0,5G
CUST-10131,44,Female,Chattogram,Realme 11,Family Bundle,47,7,Postpaid,0,15.0,4G
CUST-10132,22,Female,Dhaka,Xiaomi Redmi Note 12,Prepaid Saver 30D,44,8,Prepaid,0,16.0,5G
CUST-10133,44,Female,Rangpur,Xiaomi Redmi Note 12,Prepaid Saver 30D,52,8,Prepaid,0,16.0,4G
CUST-10134,55,Male,Khulna,Xiaomi Redmi Note 12,Student Special 4G,68,10,Prepaid,0,16.0,5G
CUST-10135,32,Male,Chattogram,Realme 11,Prepaid Saver 30D,31,5,Prepaid,0,22.0,3G
CUST-10136,46,Male,Rajshahi,Realme 11,Student Special 4G,62,5,Prepaid,1,15.0,4G
CUST-10137,19,Male,Mymensingh,Xiaomi Redmi Note 12,Postpaid Corporate,22,5,Postpaid,0,15.0,4G
CUST-10138,34,Male,Dhaka,iPhone 15 Pro,Student Special 4G,69,10,Prepaid,0,16.0,3G
CUST-10139,38,Female,Barishal,Samsung S23 Ultra,Student Special 4G,36,4,Prepaid,1,15.0,4G
CUST-10140,64,Male,Barishal,Realme 11,Prepaid Saver 30D,60,10,Prepaid,0,21.0,4G
CUST-10141,28,Male,Rangpur,iPhone 15 Pro,Prepaid Saver 30D,59,10,Prepaid,0,9.0,4G
CUST-10142,30,Male,Dhaka,Xiaomi Redmi Note 12,Student Special 4G,46,10,Prepaid,0,16.0,4G
CUST-10143,37,Male,Chattogram,Vivo Y20,Prepaid Saver 30D,69,8,Prepaid,0,16.0,5G
CUST-10144,64,Male,Dhaka,Realme 11,Postpaid Corporate,48,8,Postpaid,0,9.0,5G
CUST-10145,58,Male,Sylhet,iPhone 15 Pro,Prepaid Saver 30D,43,10,Prepaid,0,9.0,5G
CUST-10146,19,Female,Barishal,Xiaomi Redmi Note 12,Unlimited Data Max,18,10,Prepaid,0,9.0,4G
CUST-10147,28,Female,Barishal,iPhone 15 Pro,Prepaid Saver 30D,27,5,Prepaid,1,34.0,4G
CUST-10148,56,Female,Dhaka,Realme 11,Family Bundle,1,6,Postpaid,0,15.0,4G
CUST-10149,20,Female,Mymensingh,Samsung S23 Ultra,Prepaid Saver 30D,51,6,Prepaid,1,27.0,4G
CUST-10150,58,Female,Dhaka,Vivo Y20,Prepaid Saver 30D,44,8,Prepaid,0,14.0,4G
CUST-10151,31,Male,Rangpur,Vivo Y20,Unlimited Data Max,50,10,Prepaid,0,9.0,4G
CUST-10152,61,Male,Barishal,iPhone 15 Pro,Prepaid Saver 30D,45,6,Prepaid,0,22.0,3G
CUST-10153,31,Male,Dhaka,iPhone 15 Pro,Prepaid Saver 30D,18,4,Prepaid,0,15.0,3G
CUST-10154,38,Male,Dhaka,Xiaomi Redmi Note 12,Postpaid Corporate,71,7,Postpaid,1,22.0,4G
CUST-10155,49,Male,Dhaka,Realme 11,Unlimited Data Max,31,9,Prepaid,0,16.0,5G
CUST-10156,23,Male,Dhaka,Realme 11,Unlimited Data Max,50,10,Prepaid,0,16.0,4G
CUST-10157,44,Male,Rajshahi,Samsung S23 Ultra,Unlimited Data Max,10,5,Prepaid,0,22.0,4G
CUST-10158,41,Female,Dhaka,Realme 11,Unlimited Data Max,43,10,Prepaid,0,23.0,4G
CUST-10159,54,Female,Rajshahi,Samsung S23 Ultra,Student Special 4G,29,5,Prepaid,0,15.0,4G
CUST-10160,64,Female,Chattogram,iPhone 15 Pro,Family Bundle,66,6,Postpaid,0,15.0,4G
CUST-10161,49,Male,Khulna,Realme 11,Student Special 4G,55,9,Prepaid,0,30.0,4G
CUST-10162,37,Male,Dhaka,Vivo Y20,Student Special 4G,67,5,Prepaid,0,15.0,3G
CUST-10163,37,Female,Khulna,Realme 11,Unlimited Data Max,23,9,Prepaid,0,16.0,4G
CUST-10164,37,Male,Chattogram,Samsung S23 Ultra,Student Special 4G,47,4,Prepaid,1,22.0,5G
CUST-10165,56,Male,Sylhet,Realme 11,Prepaid Saver 30D,45,6,Prepaid,1,41.0,3G
CUST-10166,33,Male,Rangpur,Samsung S23 Ultra,Student Special 4G,18,9,Prepaid,0,16.0,5G
CUST-10167,25,Male,Rangpur,iPhone 15 Pro,Postpaid Corporate,24,6,Postpaid,1,15.0,4G
CUST-10168,33,Female,Rangpur,Samsung S23 Ultra,Prepaid Saver 30D,48,8,Prepaid,0,16.0,3G
CUST-10169,19,Female,Chattogram,Vivo Y20,Prepaid Saver 30D,11,6,Prepaid,0,34.0,5G
CUST-10170,22,Male,Dhaka,iPhone 15 Pro,Unlimited Data Max,29,9,Prepaid,1,16.0,4G
CUST-10171,22,Male,Dhaka,Xiaomi Redmi Note 12,Prepaid Saver 30D,53,5,Prepaid,0,22.0,4G
CUST-10172,54,Female,Rangpur,Realme 11,Prepaid Saver 30D,60,5,Prepaid,0,15.0,5G
CUST-10173,51,Female,Chattogram,Vivo Y20,Family Bundle,42,10,Postpaid,0,16.0,4G
CUST-10174,50,Female,Chattogram,Vivo Y20,Unlimited Data Max,48,7,Prepaid,1,15.0,5G
CUST-10175,39,Male,Mymensingh,Samsung S23 Ultra,Prepaid Saver 30D,59,10,Prepaid,0,16.0,4G
CUST-10176,51,Female,Chattogram,iPhone 15 Pro,Prepaid Saver 30D,17,4,Prepaid,1,22.0,4G
CUST-10177,25,Female,Rajshahi,Xiaomi Redmi Note 12,Unlimited Data Max,49,5,Prepaid,0,15.0,4G
CUST-10178,60,Female,Dhaka,Realme 11,Prepaid Saver 30D,53,10,Prepaid,0,9.0,4G
CUST-10179,41,Male,Mymensingh,iPhone 15 Pro,Prepaid Saver 30D,59,7,Prepaid,0,15.0,4G
CUST-10180,62,Female,Rangpur,iPhone 15 Pro,Prepaid Saver 30D,44,7,Prepaid,0,20.0,4G
CUST-10181,25,Male,Khulna,Realme 11,Unlimited Data Max,12,5,Prepaid,0,20.0,4G
CUST-10182,41,Male,Chattogram,Xiaomi Redmi Note 12,Unlimited Data Max,4,6,Prepaid,0,15.0,3G
CUST-10183,50,Female,Barishal,Realme 11,Prepaid Saver 30D,44,6,Prepaid,0,22.0,4G
CUST-10184,41,Female,Barishal,iPhone 15 Pro,Student Special 4G,20,10,Prepaid,0,9.0,4G
CUST-10185,38,Male,Chattogram,Xiaomi Redmi Note 12,Student Special 4G,27,10,Prepaid,0,9.0,4G
CUST-10186,25,Male,Khulna,Samsung S23 Ultra,Unlimited Data Max,33,4,Prepaid,0,22.0,4G
CUST-10187,35,Male,Dhaka,Samsung S23 Ultra,Postpaid Corporate,54,5,Postpaid,0,29.0,4G
CUST-10188,29,Male,Chattogram,Samsung S23 Ultra,Family Bundle,26,10,Postpaid,0,9.0,4G
CUST-10189,32,Female,Chattogram,Samsung S23 Ultra,Unlimited Data Max,42,10,Prepaid,0,16.0,4G
CUST-10190,50,Male,Sylhet,iPhone 15 Pro,Unlimited Data Max,36,7,Prepaid,0,22.0,4G
CUST-10191,47,Female,Chattogram,Samsung S23 Ultra,Unlimited Data Max,4,10,Prepaid,1,16.0,4G
CUST-10192,46,Male,Dhaka,Samsung S23 Ultra,Unlimited Data Max,50,4,Prepaid,0,22.0,5G
CUST-10193,35,Female,Dhaka,Vivo Y20,Student Special 4G,38,10,Prepaid,0,9.0,3G
CUST-10194,63,Female,Barishal,Vivo Y20,Student Special 4G,16,10,Prepaid,0,16.0,5G
CUST-10195,22,Female,Sylhet,iPhone 15 Pro,Prepaid Saver 30D,53,8,Prepaid,0,9.0,5G
CUST-10196,34,Female,Chattogram,Vivo Y20,Prepaid Saver 30D,8,9,Prepaid,0,9.0,4G
CUST-10197,23,Female,Mymensingh,Samsung S23 Ultra,Student Special 4G,19,6,Prepaid,0,22.0,4G
CUST-10198,33,Female,Khulna,Samsung S23 Ultra,Unlimited Data Max,17,10,Prepaid,0,16.0,5G
CUST-10199,63,Female,Rajshahi,iPhone 15 Pro,Unlimited Data Max,47,10,Prepaid,0,16.0,4G
CUST-10200,35,Male,Mymensingh,iPhone 15 Pro,Unlimited Data Max,71,10,Prepaid,0,9.0,4G
CUST-10201,60,Female,Rajshahi,Samsung S23 Ultra,Student Special 4G,60,10,Prepaid,0,9.0,3G
CUST-10202,41,Female,Dhaka,Vivo Y20,Postpaid Corporate,10,4,Postpaid,0,15.0,3G
CUST-10203,50,Male,Dhaka,Vivo Y20,Postpaid Corporate,5,9,Postpaid,0,9.0,4G
CUST-10204,39,Female,Mymensingh,iPhone 15 Pro,Postpaid Corporate,57,9,Postpaid,0,16.0,4G
CUST-10205,30,Male,Khulna,iPhone 15 Pro,Unlimited Data Max,42,4,Prepaid,0,22.0,4G
CUST-10206,53,Female,Dhaka,Realme 11,Prepaid Saver 30D,26,10,Prepaid,0,16.0,4G
CUST-10207,63,Female,Chattogram,Vivo Y20,Student Special 4G,64,5,Prepaid,0,22.0,4G
CUST-10208,30,Female,Dhaka,iPhone 15 Pro,Family Bundle,13,8,Postpaid,0,9.0,5G
CUST-10209,54,Female,Dhaka,Realme 11,Prepaid Saver 30D,9,4,Prepaid,1,15.0,5G
CUST-10210,30,Male,Barishal,Samsung S23 Ultra,Unlimited Data Max,36,10,Prepaid,0,9.0,4G
CUST-10211,51,Male,Dhaka,Xiaomi Redmi Note 12,Family Bundle,20,5,Postpaid,1,22.0,4G
CUST-10212,55,Female,Barishal,Vivo Y20,Prepaid Saver 30D,17,9,Prepaid,0,16.0,5G
CUST-10213,39,Male,Khulna,Xiaomi Redmi Note 12,Prepaid Saver 30D,45,9,Prepaid,0,9.0,4G
CUST-10214,52,Female,Mymensingh,Realme 11,Unlimited Data Max,22,4,Prepaid,0,22.0,5G
CUST-10215,30,Male,Khulna,Realme 11,Unlimited Data Max,42,10,Prepaid,0,16.0,4G
CUST-10216,21,Female,Mymensingh,Realme 11,Postpaid Corporate,41,4,Postpaid,0,29.0,4G
CUST-10217,22,Female,Barishal,Realme 11,Postpaid Corporate,57,10,Postpaid,0,9.0,4G
CUST-10218,39,Female,Barishal,Vivo Y20,Unlimited Data Max,70,5,Prepaid,0,15.0,4G
CUST-10219,60,Female,Mymensingh,Samsung S23 Ultra,Unlimited Data Max,45,10,Prepaid,0,16.0,4G
CUST-10220,23,Male,Rajshahi,Vivo Y20,Prepaid Saver 30D,21,6,Prepaid,0,22.0,4G
CUST-10221,39,Male,Rajshahi,Vivo Y20,Prepaid Saver 30D,41,10,Prepaid,0,16.0,4G
CUST-10222,51,Male,Mymensingh,Vivo Y20,Prepaid Saver 30D,35,9,Prepaid,0,9.0,5G
CUST-10223,27,Female,Mymensingh,iPhone 15 Pro,Unlimited Data Max,33,10,Prepaid,0,9.0,5G
CUST-10224,51,Female,Rajshahi,Xiaomi Redmi Note 12,Student Special 4G,25,10,Prepaid,0,9.0,3G
CUST-10225,32,Female,Rajshahi,iPhone 15 Pro,Family Bundle,6,8,Postpaid,0,16.0,4G
CUST-10226,56,Male,Rajshahi,Vivo Y20,Prepaid Saver 30D,18,10,Prepaid,0,9.0,4G
CUST-10227,45,Female,Chattogram,Xiaomi Redmi Note 12,Postpaid Corporate,42,10,Postpaid,0,9.0,4G
CUST-10228,43,Male,Chattogram,iPhone 15 Pro,Student Special 4G,6,7,Prepaid,0,22.0,4G
CUST-10229,26,Male,Dhaka,Realme 11,Unlimited Data Max,12,7,Prepaid,0,20.0,3G
CUST-10230,39,Male,Dhaka,Samsung S23 Ultra,Family Bundle,41,10,Postpaid,0,16.0,4G
CUST-10231,58,Female,Rajshahi,iPhone 15 Pro,Prepaid Saver 30D,71,10,Prepaid,0,9.0,4G
CUST-10232,18,Male,Dhaka,iPhone 15 Pro,Prepaid Saver 30D,12,4,Prepaid,0,22.0,4G
CUST-10233,53,Female,Dhaka,iPhone 15 Pro,Prepaid Saver 30D,6,5,Prepaid,0,22.0,5G
CUST-10234,41,Female,Rajshahi,Xiaomi Redmi Note 12,Unlimited Data Max,25,5,Prepaid,0,15.0,4G
CUST-10235,51,Female,Chattogram,Samsung S23 Ultra,Student Special 4G,6,10,Prepaid,0,14.0,5G
CUST-10236,49,Female,Rangpur,Vivo Y20,Postpaid Corporate,64,8,Postpaid,0,9.0,4G
CUST-10237,38,Male,Chattogram,Xiaomi Redmi Note 12,Unlimited Data Max,56,9,Prepaid,0,9.0,4G
CUST-10238,32,Male,Dhaka,iPhone 15 Pro,Prepaid Saver 30D,9,7,Prepaid,0,15.0,4G
CUST-10239,47,Female,Dhaka,Samsung S23 Ultra,Family Bundle,8,8,Postpaid,1,16.0,5G
CUST-10240,24,Female,Dhaka,Vivo Y20,Student Special 4G,39,10,Prepaid,0,16.0,4G
CUST-10241,45,Female,Barishal,Vivo Y20,Postpaid Corporate,29,8,Postpaid,0,9.0,4G
CUST-10242,22,Female,Chattogram,Xiaomi Redmi Note 12,Unlimited Data Max,50,7,Prepaid,0,15.0,4G
CUST-10243,48,Male,Dhaka,iPhone 15 Pro,Prepaid Saver 30D,66,4,Prepaid,1,15.0,4G
CUST-10244,47,Male,Dhaka,Xiaomi Redmi Note 12,Unlimited Data Max,24,7,Prepaid,0,22.0,4G
CUST-10245,21,Male,Rajshahi,Vivo Y20,Student Special 4G,56,10,Prepaid,0,9.0,4G
CUST-10246,53,Male,Barishal,iPhone 15 Pro,Student Special 4G,24,5,Prepaid,0,20.0,4G
CUST-10247,37,Female,Dhaka,Realme 11,Family Bundle,17,7,Postpaid,0,15.0,4G
CUST-10248,54,Female,Barishal,Vivo Y20,Unlimited Data Max,69,6,Prepaid,1,15.0,4G
CUST-10249,19,Female,Sylhet,Realme 11,Family Bundle,18,8,Postpaid,0,9.0,4G
CUST-10250,26,Female,Rajshahi,Vivo Y20,Family Bundle,11,10,Postpaid,0,9.0,4G
CUST-10251,41,Male,Sylhet,Vivo Y20,Postpaid Corporate,43,10,Postpaid,0,9.0,5G
CUST-10252,26,Female,Rangpur,Samsung S23 Ultra,Student Special 4G,43,7,Prepaid,0,22.0,4G
CUST-10253,33,Male,Dhaka,iPhone 15 Pro,Prepaid Saver 30D,35,9,Prepaid,1,9.0,5G
CUST-10254,49,Male,Mymensingh,Samsung S23 Ultra,Prepaid Saver 30D,7,10,Prepaid,0,16.0,4G
CUST-10255,24,Male,Dhaka,Xiaomi Redmi Note 12,Unlimited Data Max,9,10,Prepaid,0,9.0,5G
CUST-10256,49,Female,Rangpur,Xiaomi Redmi Note 12,Unlimited Data Max,54,10,Prepaid,0,9.0,4G
CUST-10257,22,Female,Dhaka,Samsung S23 Ultra,Unlimited Data Max,12,5,Prepaid,0,22.0,3G
CUST-10258,26,Female,Dhaka,Xiaomi Redmi Note 12,Postpaid Corporate,20,7,Postpaid,0,15.0,4G
CUST-10259,45,Female,Rangpur,Samsung S23 Ultra,Prepaid Saver 30D,58,6,Prepaid,0,15.0,4G
CUST-10260,55,Male,Rangpur,Xiaomi Redmi Note 12,Unlimited Data Max,25,10,Prepaid,0,21.0,4G
CUST-10261,26,Male,Sylhet,iPhone 15 Pro,Unlimited Data Max,25,6,Prepaid,0,15.0,5G
CUST-10262,32,Female,Chattogram,Vivo Y20,Postpaid Corporate,66,4,Postpaid,0,22.0,5G
CUST-10263,61,Male,Chattogram,Realme 11,Family Bundle,57,10,Postpaid,0,9.0,4G
CUST-10264,64,Female,Dhaka,Realme 11,Prepaid Saver 30D,51,5,Prepaid,0,15.0,4G
CUST-10265,45,Male,Dhaka,Vivo Y20,Student Special 4G,14,10,Prepaid,0,16.0,5G
CUST-10266,39,Male,Dhaka,Samsung S23 Ultra,Family Bundle,21,10,Postpaid,1,23.0,5G
CUST-10267,34,Male,Dhaka,iPhone 15 Pro,Postpaid Corporate,43,10,Postpaid,0,14.0,4G
CUST-10268,46,Male,Rajshahi,Realme 11,Postpaid Corporate,60,8,Postpaid,0,9.0,5G
CUST-10269,45,Female,Chattogram,Realme 11,Postpaid Corporate,36,9,Postpaid,0,9.0,5G
CUST-10270,31,Female,Mymensingh,Samsung S23 Ultra,Family Bundle,53,10,Postpaid,0,9.0,5G
CUST-10271,19,Female,Rangpur,iPhone 15 Pro,Prepaid Saver 30D,24,6,Prepaid,0,22.0,4G
CUST-10272,25,Female,Khulna,iPhone 15 Pro,Student Special 4G,26,8,Prepaid,0,16.0,5G
CUST-10273,63,Male,Dhaka,Samsung S23 Ultra,Prepaid Saver 30D,44,7,Prepaid,0,15.0,4G
CUST-10274,37,Male,Chattogram,Realme 11,Unlimited Data Max,41,6,Prepaid,1,22.0,4G
CUST-10275,40,Male,Chattogram,Samsung S23 Ultra,Postpaid Corporate,9,9,Postpaid,0,14.0,4G
CUST-10276,39,Female,Rajshahi,Vivo Y20,Student Special 4G,28,8,Prepaid,0,23.0,4G
CUST-10277,54,Male,Dhaka,Xiaomi Redmi Note 12,Student Special 4G,61,4,Prepaid,0,15.0,4G
CUST-10278,21,Male,Barishal,Realme 11,Family Bundle,38,4,Postpaid,1,15.0,4G
CUST-10279,21,Female,Sylhet,Xiaomi Redmi Note 12,Postpaid Corporate,53,10,Postpaid,0,9.0,4G
CUST-10280,30,Female,Mymensingh,Vivo Y20,Prepaid Saver 30D,59,9,Prepaid,0,16.0,4G
CUST-10281,40,Female,Rangpur,iPhone 15 Pro,Family Bundle,21,10,Postpaid,0,16.0,4G
CUST-10282,49,Male,Dhaka,Xiaomi Redmi Note 12,Unlimited Data Max,17,4,Prepaid,1,15.0,5G
CUST-10283,41,Female,Sylhet,Samsung S23 Ultra,Unlimited Data Max,42,7,Prepaid,0,15.0,4G
CUST-10284,38,Female,Chattogram,Vivo Y20,Prepaid Saver 30D,35,7,Prepaid,0,15.0,5G
CUST-10285,62,Male,Chattogram,Xiaomi Redmi Note 12,Prepaid Saver 30D,65,10,Prepaid,0,23.0,5G
CUST-10286,25,Female,Rangpur,Samsung S23 Ultra,Postpaid Corporate,13,8,Postpaid,0,9.0,5G
CUST-10287,44,Female,Rangpur,Vivo Y20,Student Special 4G,30,8,Prepaid,0,16.0,4G
CUST-10288,43,Male,Dhaka,Vivo Y20,Unlimited Data Max,4,10,Prepaid,0,16.0,4G
CUST-10289,40,Male,Chattogram,Samsung S23 Ultra,Student Special 4G,26,4,Prepaid,0,15.0,5G
CUST-10290,55,Male,Dhaka,Vivo Y20,Postpaid Corporate,42,10,Postpaid,0,9.0,4G
CUST-10291,30,Female,Rajshahi,Realme 11,Family Bundle,57,6,Postpaid,0,22.0,3G
CUST-10292,62,Male,Rangpur,iPhone 15 Pro,Prepaid Saver 30D,60,4,Prepaid,1,22.0,5G
CUST-10293,33,Female,Dhaka,Realme 11,Postpaid Corporate,1,9,Postpaid,0,9.0,3G
CUST-10294,43,Female,Chattogram,Realme 11,Student Special 4G,62,6,Prepaid,0,22.0,5G
CUST-10295,42,Male,Mymensingh,Xiaomi Redmi Note 12,Prepaid Saver 30D,49,10,Prepaid,0,9.0,5G
CUST-10296,57,Female,Rajshahi,Realme 11,Unlimited Data Max,15,10,Prepaid,0,14.0,4G
CUST-10297,38,Female,Dhaka,Samsung S23 Ultra,Unlimited Data Max,16,8,Prepaid,0,9.0,4G
CUST-10298,31,Female,Khulna,Vivo Y20,Unlimited Data Max,56,10,Prepaid,0,9.0,4G
CUST-10299,19,Male,Sylhet,Vivo Y20,Prepaid Saver 30D,50,5,Prepaid,0,22.0,5G
CUST-10300,35,Male,Chattogram,iPhone 15 Pro,Postpaid Corporate,15,7,Postpaid,0,22.0,4G
CUST-10301,56,Female,Khulna,Xiaomi Redmi Note 12,Prepaid Saver 30D,32,4,Prepaid,0,20.0,5G
CUST-10302,18,Male,Khulna,iPhone 15 Pro,Postpaid Corporate,61,10,Postpaid,1,16.0,4G
CUST-10303,60,Male,Khulna,iPhone 15 Pro,Unlimited Data Max,2,10,Prepaid,1,9.0,5G
CUST-10304,43,Female,Rangpur,iPhone 15 Pro,Unlimited Data Max,37,10,Prepaid,0,14.0,4G
CUST-10305,24,Male,Khulna,Vivo Y20,Student Special 4G,63,7,Prepaid,0,15.0,4G
CUST-10306,32,Female,Dhaka,Realme 11,Student Special 4G,1,10,Prepaid,0,9.0,4G
CUST-10307,44,Male,Chattogram,Vivo Y20,Postpaid Corporate,39,10,Postpaid,0,9.0,4G
CUST-10308,32,Male,Mymensingh,Realme 11,Postpaid Corporate,40,9,Postpaid,0,9.0,5G
CUST-10309,23,Male,Chattogram,Realme 11,Family Bundle,23,6,Postpaid,0,22.0,3G
CUST-10310,49,Male,Barishal,Samsung S23 Ultra,Family Bundle,39,10,Postpaid,0,9.0,4G
CUST-10311,49,Male,Dhaka,Vivo Y20,Postpaid Corporate,50,10,Postpaid,0,9.0,4G
CUST-10312,23,Male,Khulna,Realme 11,Prepaid Saver 30D,21,10,Prepaid,0,9.0,5G
CUST-10313,31,Male,Sylhet,Samsung S23 Ultra,Unlimited Data Max,36,7,Prepaid,0,15.0,4G
CUST-10314,29,Female,Rajshahi,Samsung S23 Ultra,Postpaid Corporate,39,9,Postpaid,0,16.0,4G
CUST-10315,48,Female,Rangpur,Realme 11,Prepaid Saver 30D,3,4,Prepaid,1,15.0,4G
CUST-10316,52,Male,Dhaka,iPhone 15 Pro,Unlimited Data Max,16,9,Prepaid,0,9.0,4G
CUST-10317,52,Male,Dhaka,iPhone 15 Pro,Unlimited Data Max,47,9,Prepaid,1,28.0,4G
CUST-10318,62,Male,Sylhet,iPhone 15 Pro,Family Bundle,35,10,Postpaid,0,14.0,4G
CUST-10319,54,Male,Dhaka,Vivo Y20,Unlimited Data Max,69,10,Prepaid,0,14.0,5G
CUST-10320,33,Female,Rajshahi,iPhone 15 Pro,Student Special 4G,61,10,Prepaid,1,16.0,5G
CUST-10321,23,Female,Dhaka,iPhone 15 Pro,Family Bundle,16,10,Postpaid,0,9.0,4G
CUST-10322,46,Male,Chattogram,iPhone 15 Pro,Postpaid Corporate,71,5,Postpaid,0,22.0,4G
CUST-10323,61,Female,Khulna,Samsung S23 Ultra,Unlimited Data Max,62,10,Prepaid,0,9.0,4G
CUST-10324,63,Female,Chattogram,Samsung S23 Ultra,Student Special 4G,30,4,Prepaid,0,15.0,4G
CUST-10325,28,Male,Barishal,Xiaomi Redmi Note 12,Postpaid Corporate,45,8,Postpaid,0,9.0,4G
CUST-10326,29,Female,Chattogram,Samsung S23 Ultra,Prepaid Saver 30D,20,10,Prepaid,0,9.0,5G
CUST-10327,19,Male,Chattogram,Realme 11,Postpaid Corporate,6,10,Postpaid,0,16.0,3G
CUST-10328,24,Female,Dhaka,Xiaomi Redmi Note 12,Unlimited Data Max,17,10,Prepaid,0,16.0,4G
CUST-10329,44,Female,Rangpur,Xiaomi Redmi Note 12,Postpaid Corporate,52,9,Postpaid,0,14.0,4G
CUST-10330,43,Male,Dhaka,iPhone 15 Pro,Family Bundle,41,10,Postpaid,0,9.0,5G
CUST-10331,35,Female,Rangpur,Realme 11,Prepaid Saver 30D,32,9,Prepaid,1,16.0,4G
CUST-10332,32,Female,Khulna,Xiaomi Redmi Note 12,Family Bundle,35,10,Postpaid,0,9.0,4G
CUST-10333,57,Male,Barishal,Samsung S23 Ultra,Prepaid Saver 30D,57,5,Prepaid,0,29.0,5G
CUST-10334,39,Male,Chattogram,Xiaomi Redmi Note 12,Student Special 4G,50,7,Prepaid,0,29.0,5G
CUST-10335,55,Female,Sylhet,Samsung S23 Ultra,Student Special 4G,46,10,Prepaid,0,14.0,4G
CUST-10336,63,Male,Khulna,Xiaomi Redmi Note 12,Unlimited Data Max,36,8,Prepaid,0,9.0,4G
CUST-10337,32,Male,Sylhet,Xiaomi Redmi Note 12,Family Bundle,1,10,Postpaid,0,16.0,5G
CUST-10338,27,Female,Dhaka,Xiaomi Redmi Note 12,Family Bundle,24,9,Postpaid,0,35.0,4G
CUST-10339,62,Male,Rajshahi,iPhone 15 Pro,Prepaid Saver 30D,9,5,Prepaid,0,22.0,4G
CUST-10340,47,Female,Rajshahi,Xiaomi Redmi Note 12,Student Special 4G,55,10,Prepaid,0,16.0,4G
CUST-10341,31,Female,Sylhet,Realme 11,Unlimited Data Max,26,7,Prepaid,0,36.0,4G
CUST-10342,47,Female,Barishal,Vivo Y20,Unlimited Data Max,18,8,Prepaid,0,14.0,4G
CUST-10343,42,Female,Sylhet,Vivo Y20,Unlimited Data Max,35,4,Prepaid,0,20.0,4G
CUST-10344,60,Female,Dhaka,Samsung S23 Ultra,Prepaid Saver 30D,35,10,Prepaid,0,9.0,4G
CUST-10345,30,Female,Rangpur,Realme 11,Unlimited Data Max,67,8,Prepaid,0,30.0,4G
CUST-10346,64,Female,Khulna,Samsung S23 Ultra,Unlimited Data Max,13,10,Prepaid,0,9.0,3G
CUST-10347,61,Male,Khulna,Xiaomi Redmi Note 12,Family Bundle,59,8,Postpaid,0,14.0,4G
CUST-10348,26,Female,Dhaka,Realme 11,Prepaid Saver 30D,16,10,Prepaid,1,23.0,4G
CUST-10349,25,Male,Rangpur,Xiaomi Redmi Note 12,Student Special 4G,57,7,Prepaid,0,15.0,5G
CUST-10350,43,Female,Dhaka,Vivo Y20,Unlimited Data Max,39,5,Prepaid,0,36.0,4G
CUST-10351,20,Male,Dhaka,Vivo Y20,Unlimited Data Max,39,8,Prepaid,1,16.0,4G
CUST-10352,32,Male,Khulna,Vivo Y20,Student Special 4G,51,4,Prepaid,0,15.0,4G
CUST-10353,38,Male,Rajshahi,Realme 11,Prepaid Saver 30D,7,10,Prepaid,0,9.0,4G
CUST-10354,63,Female,Dhaka,Realme 11,Prepaid Saver 30D,57,10,Prepaid,0,9.0,4G
CUST-10355,64,Male,Mymensingh,Vivo Y20,Family Bundle,53,6,Postpaid,0,22.0,4G
CUST-10356,25,Male,Dhaka,iPhone 15 Pro,Prepaid Saver 30D,15,4,Prepaid,1,15.0,4G
CUST-10357,59,Female,Mymensingh,iPhone 15 Pro,Prepaid Saver 30D,7,10,Prepaid,0,9.0,4G
CUST-10358,22,Female,Mymensingh,iPhone 15 Pro,Postpaid Corporate,52,10,Postpaid,0,16.0,4G
CUST-10359,53,Female,Mymensingh,Realme 11,Unlimited Data Max,7,10,Prepaid,0,16.0,4G
CUST-10360,57,Male,Rangpur,iPhone 15 Pro,Postpaid Corporate,42,9,Postpaid,0,9.0,4G
CUST-10361,59,Female,Khulna,Samsung S23 Ultra,Prepaid Saver 30D,19,9,Prepaid,1,9.0,4G
CUST-10362,28,Female,Chattogram,Realme 11,Unlimited Data Max,51,6,Prepaid,0,15.0,4G
CUST-10363,59,Male,Mymensingh,Realme 11,Prepaid Saver 30D,66,7,Prepaid,0,15.0,4G
CUST-10364,23,Female,Chattogram,Xiaomi Redmi Note 12,Prepaid Saver 30D,60,10,Prepaid,0,9.0,4G
CUST-10365,42,Male,Chattogram,Vivo Y20,Postpaid Corporate,54,10,Postpaid,0,9.0,5G
CUST-10366,40,Male,Rajshahi,Realme 11,Family Bundle,46,7,Postpaid,0,15.0,4G
CUST-10367,32,Female,Dhaka,Vivo Y20,Student Special 4G,6,7,Prepaid,0,27.0,4G
CUST-10368,19,Male,Dhaka,iPhone 15 Pro,Prepaid Saver 30D,68,9,Prepaid,0,14.0,4G
CUST-10369,54,Male,Sylhet,Samsung S23 Ultra,Family Bundle,66,4,Postpaid,0,22.0,4G
CUST-10370,33,Male,Chattogram,iPhone 15 Pro,Student Special 4G,5,10,Prepaid,0,9.0,4G
CUST-10371,49,Female,Barishal,Vivo Y20,Unlimited Data Max,56,5,Prepaid,0,15.0,5G
CUST-10372,37,Male,Chattogram,Vivo Y20,Unlimited Data Max,8,10,Prepaid,0,9.0,4G
CUST-10373,35,Male,Chattogram,Samsung S23 Ultra,Unlimited Data Max,43,10,Prepaid,0,9.0,5G
CUST-10374,59,Female,Rajshahi,Vivo Y20,Unlimited Data Max,18,10,Prepaid,0,16.0,3G
CUST-10375,22,Female,Rajshahi,Xiaomi Redmi Note 12,Prepaid Saver 30D,10,5,Prepaid,0,15.0,4G
CUST-10376,52,Male,Khulna,Vivo Y20,Prepaid Saver 30D,17,9,Prepaid,0,9.0,4G
CUST-10377,53,Female,Dhaka,Realme 11,Family Bundle,23,8,Postpaid,0,9.0,4G
CUST-10378,35,Male,Dhaka,Samsung S23 Ultra,Prepaid Saver 30D,25,8,Prepaid,0,16.0,4G
CUST-10379,30,Female,Barishal,Xiaomi Redmi Note 12,Unlimited Data Max,22,10,Prepaid,0,35.0,4G
CUST-10380,18,Female,Mymensingh,Samsung S23 Ultra,Family Bundle,33,10,Postpaid,0,9.0,4G
CUST-10381,62,Female,Khulna,iPhone 15 Pro,Prepaid Saver 30D,46,9,Prepaid,0,23.0,4G
CUST-10382,62,Male,Barishal,Realme 11,Unlimited Data Max,33,9,Prepaid,0,9.0,5G
CUST-10383,29,Female,Rajshahi,Realme 11,Unlimited Data Max,42,10,Prepaid,0,9.0,4G
CUST-10384,19,Female,Rajshahi,Realme 11,Postpaid Corporate,28,9,Postpaid,0,21.0,3G
CUST-10385,23,Male,Dhaka,Realme 11,Prepaid Saver 30D,20,7,Prepaid,0,20.0,4G
CUST-10386,21,Male,Mymensingh,Samsung S23 Ultra,Postpaid Corporate,11,10,Postpaid,1,16.0,3G
CUST-10387,57,Female,Khulna,Xiaomi Redmi Note 12,Student Special 4G,23,10,Prepaid,0,9.0,5G
CUST-10388,59,Male,Chattogram,Xiaomi Redmi Note 12,Postpaid Corporate,14,9,Postpaid,0,9.0,4G
CUST-10389,25,Female,Chattogram,Xiaomi Redmi Note 12,Student Special 4G,37,4,Prepaid,1,22.0,4G
CUST-10390,53,Male,Mymensingh,iPhone 15 Pro,Postpaid Corporate,47,6,Postpaid,0,15.0,4G
CUST-10391,26,Female,Sylhet,Realme 11,Postpaid Corporate,61,6,Postpaid,1,15.0,3G
CUST-10392,35,Female,Khulna,Realme 11,Unlimited Data Max,21,10,Prepaid,0,16.0,4G
CUST-10393,46,Male,Khulna,Xiaomi Redmi Note 12,Prepaid Saver 30D,9,5,Prepaid,0,15.0,4G
CUST-10394,51,Male,Mymensingh,Samsung S23 Ultra,Prepaid Saver 30D,58,7,Prepaid,0,15.0,4G
CUST-10395,59,Male,Dhaka,Samsung S23 Ultra,Prepaid Saver 30D,52,8,Prepaid,0,16.0,5G
CUST-10396,20,Female,Barishal,iPhone 15 Pro,Prepaid Saver 30D,23,10,Prepaid,0,16.0,4G
CUST-10397,27,Female,Dhaka,Xiaomi Redmi Note 12,Postpaid Corporate,71,5,Postpaid,1,27.0,4G
CUST-10398,31,Male,Rangpur,Vivo Y20,Prepaid Saver 30D,46,10,Prepaid,0,16.0,4G
CUST-10399,32,Female,Rajshahi,Realme 11,Prepaid Saver 30D,54,9,Prepaid,0,14.0,5G
CUST-10400,64,Female,Sylhet,Xiaomi Redmi Note 12,Prepaid Saver 30D,25,10,Prepaid,0,9.0,4G
CUST-10401,54,Male,Chattogram,iPhone 15 Pro,Family Bundle,32,5,Postpaid,0,36.0,4G
CUST-10402,33,Female,Dhaka,Samsung S23 Ultra,Prepaid Saver 30D,25,9,Prepaid,0,14.0,4G
CUST-10403,63,Male,Khulna,Samsung S23 Ultra,Postpaid Corporate,52,8,Postpaid,0,16.0,3G
CUST-10404,41,Female,Chattogram,Samsung S23 Ultra,Postpaid Corporate,58,6,Postpaid,0,20.0,5G
CUST-10405,41,Male,Chattogram,Vivo Y20,Prepaid Saver 30D,62,4,Prepaid,1,29.0,3G
CUST-10406,38,Male,Rajshahi,Samsung S23 Ultra,Student Special 4G,24,7,Prepaid,0,22.0,4G
CUST-10407,24,Male,Mymensingh,Vivo Y20,Family Bundle,55,8,Postpaid,0,16.0,5G
CUST-10408,61,Male,Mymensingh,Xiaomi Redmi Note 12,Student Special 4G,49,4,Prepaid,0,15.0,4G
CUST-10409,18,Male,Dhaka,Realme 11,Family Bundle,1,10,Postpaid,0,9.0,4G
CUST-10410,26,Female,Dhaka,Vivo Y20,Prepaid Saver 30D,57,10,Prepaid,0,9.0,4G
CUST-10411,28,Male,Barishal,Realme 11,Family Bundle,10,7,Postpaid,0,22.0,5G
CUST-10412,31,Female,Chattogram,Samsung S23 Ultra,Student Special 4G,10,4,Prepaid,0,22.0,4G
CUST-10413,24,Male,Dhaka,Vivo Y20,Student Special 4G,8,10,Prepaid,1,23.0,5G
CUST-10414,18,Male,Dhaka,Samsung S23 Ultra,Student Special 4G,39,4,Prepaid,0,22.0,4G
CUST-10415,49,Female,Sylhet,Xiaomi Redmi Note 12,Postpaid Corporate,3,8,Postpaid,0,16.0,4G
CUST-10416,63,Male,Dhaka,Realme 11,Prepaid Saver 30D,36,6,Prepaid,0,15.0,5G
CUST-10417,23,Male,Chattogram,iPhone 15 Pro,Prepaid Saver 30D,51,6,Prepaid,0,22.0,4G
CUST-10418,31,Female,Barishal,Realme 11,Prepaid Saver 30D,39,10,Prepaid,0,9.0,4G
CUST-10419,41,Male,Rajshahi,Realme 11,Postpaid Corporate,19,7,Postpaid,0,15.0,4G
CUST-10420,61,Female,Chattogram,Vivo Y20,Prepaid Saver 30D,24,6,Prepaid,0,15.0,4G
CUST-10421,50,Male,Chattogram,Vivo Y20,Postpaid Corporate,52,7,Postpaid,0,15.0,5G
CUST-10422,54,Female,Dhaka,iPhone 15 Pro,Prepaid Saver 30D,25,5,Prepaid,0,15.0,5G
CUST-10423,45,Male,Dhaka,Realme 11,Prepaid Saver 30D,48,10,Prepaid,0,21.0,4G
CUST-10424,37,Male,Khulna,Vivo Y20,Unlimited Data Max,49,8,Prepaid,1,23.0,4G
CUST-10425,27,Female,Dhaka,Samsung S23 Ultra,Prepaid Saver 30D,38,6,Prepaid,0,15.0,4G
CUST-10426,58,Female,Chattogram,Realme 11,Postpaid Corporate,27,7,Postpaid,1,15.0,4G
CUST-10427,55,Female,Rajshahi,Vivo Y20,Prepaid Saver 30D,5,10,Prepaid,1,23.0,4G
CUST-10428,19,Male,Dhaka,Samsung S23 Ultra,Unlimited Data Max,53,9,Prepaid,0,9.0,4G
CUST-10429,51,Male,Khulna,Realme 11,Prepaid Saver 30D,22,10,Prepaid,0,14.0,4G
CUST-10430,21,Female,Barishal,Samsung S23 Ultra,Prepaid Saver 30D,33,10,Prepaid,1,9.0,5G
CUST-10431,52,Male,Khulna,Xiaomi Redmi Note 12,Unlimited Data Max,2,8,Prepaid,0,16.0,4G
CUST-10432,56,Male,Dhaka,Vivo Y20,Prepaid Saver 30D,53,7,Prepaid,0,22.0,4G
CUST-10433,24,Male,Dhaka,Vivo Y20,Postpaid Corporate,65,10,Postpaid,0,9.0,4G
CUST-10434,38,Female,Dhaka,Realme 11,Postpaid Corporate,63,9,Postpaid,0,16.0,4G
CUST-10435,23,Male,Sylhet,Realme 11,Family Bundle,22,6,Postpaid,1,27.0,4G
CUST-10436,44,Male,Chattogram,iPhone 15 Pro,Unlimited Data Max,7,10,Prepaid,0,16.0,4G
CUST-10437,61,Male,Rangpur,Vivo Y20,Prepaid Saver 30D,7,10,Prepaid,0,9.0,4G
CUST-10438,21,Male,Rangpur,Realme 11,Unlimited Data Max,27,8,Prepaid,0,9.0,5G
CUST-10439,36,Male,Dhaka,Vivo Y20,Postpaid Corporate,1,6,Postpaid,0,15.0,4G
CUST-10440,63,Male,Dhaka,Realme 11,Unlimited Data Max,13,10,Prepaid,0,9.0,4G
CUST-10441,32,Male,Dhaka,Samsung S23 Ultra,Unlimited Data Max,44,9,Prepaid,0,16.0,4G
CUST-10442,24,Male,Sylhet,Xiaomi Redmi Note 12,Prepaid Saver 30D,3,6,Prepaid,0,22.0,4G
CUST-10443,40,Female,Khulna,Realme 11,Prepaid Saver 30D,45,4,Prepaid,1,15.0,3G
CUST-10444,41,Female,Khulna,Realme 11,Prepaid Saver 30D,62,10,Prepaid,0,14.0,4G
CUST-10445,49,Male,Barishal,iPhone 15 Pro,Postpaid Corporate,71,10,Postpaid,0,9.0,4G
CUST-10446,32,Male,Rangpur,Samsung S23 Ultra,Student Special 4G,69,10,Prepaid,0,14.0,4G
CUST-10447,62,Male,Chattogram,Vivo Y20,Prepaid Saver 30D,21,7,Prepaid,0,22.0,4G
CUST-10448,42,Male,Barishal,Vivo Y20,Prepaid Saver 30D,46,10,Prepaid,0,9.0,4G
CUST-10449,31,Male,Dhaka,Vivo Y20,Prepaid Saver 30D,4,9,Prepaid,0,23.0,4G
CUST-10450,63,Female,Dhaka,Realme 11,Unlimited Data Max,17,6,Prepaid,0,22.0,4G
CUST-10451,61,Male,Rangpur,Vivo Y20,Unlimited Data Max,56,10,Prepaid,0,9.0,4G
CUST-10452,41,Female,Rajshahi,Xiaomi Redmi Note 12,Prepaid Saver 30D,15,7,Prepaid,0,15.0,4G
CUST-10453,19,Male,Chattogram,Realme 11,Unlimited Data Max,22,4,Prepaid,0,20.0,4G
CUST-10454,46,Male,Dhaka,Xiaomi Redmi Note 12,Unlimited Data Max,30,5,Prepaid,0,15.0,4G
CUST-10455,44,Male,Rajshahi,Realme 11,Postpaid Corporate,24,10,Postpaid,0,23.0,4G
CUST-10456,24,Male,Dhaka,Samsung S23 Ultra,Student Special 4G,53,4,Prepaid,1,15.0,5G
CUST-10457,47,Male,Chattogram,iPhone 15 Pro,Unlimited Data Max,65,9,Prepaid,0,16.0,4G
CUST-10458,57,Male,Dhaka,iPhone 15 Pro,Prepaid Saver 30D,39,8,Prepaid,0,9.0,4G
CUST-10459,22,Male,Khulna,Xiaomi Redmi Note 12,Family Bundle,41,10,Postpaid,0,9.0,4G
CUST-10460,51,Female,Sylhet,Vivo Y20,Prepaid Saver 30D,52,10,Prepaid,0,14.0,4G
CUST-10461,24,Female,Mymensingh,Samsung S23 Ultra,Postpaid Corporate,29,8,Postpaid,0,9.0,3G
CUST-10462,53,Male,Barishal,Realme 11,Unlimited Data Max,33,10,Prepaid,0,14.0,4G
CUST-10463,37,Female,Mymensingh,Vivo Y20,Family Bundle,68,10,Postpaid,1,16.0,4G
CUST-10464,18,Male,Dhaka,Realme 11,Unlimited Data Max,28,10,Prepaid,0,9.0,3G
CUST-10465,63,Male,Rangpur,Realme 11,Prepaid Saver 30D,19,10,Prepaid,0,16.0,4G
CUST-10466,25,Male,Dhaka,Samsung S23 Ultra,Family Bundle,2,10,Postpaid,0,14.0,5G
CUST-10467,46,Male,Chattogram,Realme 11,Postpaid Corporate,2,7,Postpaid,0,15.0,4G
CUST-10468,26,Female,Dhaka,iPhone 15 Pro,Unlimited Data Max,55,9,Prepaid,0,9.0,4G
CUST-10469,61,Female,Dhaka,iPhone 15 Pro,Student Special 4G,17,10,Prepaid,0,30.0,4G
CUST-10470,52,Female,Chattogram,Vivo Y20,Student Special 4G,53,6,Prepaid,0,15.0,3G
CUST-10471,55,Female,Khulna,Realme 11,Prepaid Saver 30D,4,10,Prepaid,0,9.0,4G
CUST-10472,38,Female,Rajshahi,Vivo Y20,Unlimited Data Max,57,8,Prepaid,0,23.0,4G
CUST-10473,39,Male,Rangpur,Xiaomi Redmi Note 12,Prepaid Saver 30D,29,10,Prepaid,0,9.0,4G
CUST-10474,47,Male,Dhaka,iPhone 15 Pro,Family Bundle,58,9,Postpaid,0,9.0,5G
CUST-10475,54,Male,Chattogram,Vivo Y20,Unlimited Data Max,60,10,Prepaid,0,9.0,4G
CUST-10476,57,Female,Dhaka,Realme 11,Prepaid Saver 30D,41,10,Prepaid,0,9.0,4G
CUST-10477,18,Male,Dhaka,Vivo Y20,Unlimited Data Max,70,10,Prepaid,0,21.0,4G
CUST-10478,49,Female,Chattogram,Samsung S23 Ultra,Unlimited Data Max,68,10,Prepaid,0,9.0,4G
CUST-10479,23,Female,Rangpur,Xiaomi Redmi Note 12,Prepaid Saver 30D,50,7,Prepaid,0,15.0,4G
CUST-10480,31,Male,Sylhet,Vivo Y20,Prepaid Saver 30D,35,7,Prepaid,0,15.0,4G
CUST-10481,56,Male,Barishal,Vivo Y20,Unlimited Data Max,66,10,Prepaid,0,9.0,4G
CUST-10482,29,Female,Rajshahi,Realme 11,Unlimited Data Max,69,8,Prepaid,0,9.0,4G
CUST-10483,55,Male,Mymensingh,Samsung S23 Ultra,Unlimited Data Max,30,10,Prepaid,1,16.0,5G
CUST-10484,39,Male,Dhaka,Xiaomi Redmi Note 12,Unlimited Data Max,24,9,Prepaid,0,16.0,5G
CUST-10485,28,Male,Mymensingh,Samsung S23 Ultra,Unlimited Data Max,22,4,Prepaid,1,22.0,4G
CUST-10486,33,Female,Chattogram,Vivo Y20,Postpaid Corporate,67,8,Postpaid,0,16.0,5G
CUST-10487,42,Male,Chattogram,Realme 11,Unlimited Data Max,11,5,Prepaid,0,22.0,4G
CUST-10488,53,Female,Sylhet,Samsung S23 Ultra,Prepaid Saver 30D,1,4,Prepaid,1,29.0,5G
CUST-10489,46,Male,Mymensingh,Realme 11,Prepaid Saver 30D,36,6,Prepaid,0,15.0,5G
CUST-10490,61,Female,Dhaka,Realme 11,Postpaid Corporate,68,6,Postpaid,0,29.0,4G
CUST-10491,58,Female,Dhaka,Samsung S23 Ultra,Postpaid Corporate,24,10,Postpaid,0,23.0,4G
CUST-10492,53,Male,Sylhet,Samsung S23 Ultra,Family Bundle,36,6,Postpaid,0,22.0,5G
CUST-10493,46,Female,Dhaka,iPhone 15 Pro,Prepaid Saver 30D,8,10,Prepaid,0,9.0,3G
CUST-10494,31,Male,Rangpur,Samsung S23 Ultra,Unlimited Data Max,59,6,Prepaid,1,22.0,4G
CUST-10495,37,Male,Rangpur,Xiaomi Redmi Note 12,Unlimited Data Max,67,10,Prepaid,0,14.0,4G
CUST-10496,23,Female,Dhaka,Vivo Y20,Unlimited Data Max,46,9,Prepaid,0,16.0,4G
CUST-10497,35,Male,Mymensingh,Samsung S23 Ultra,Family Bundle,9,4,Postpaid,1,22.0,4G
CUST-10498,61,Female,Mymensingh,Realme 11,Prepaid Saver 30D,7,5,Prepaid,0,15.0,5G
CUST-10499,38,Female,Rajshahi,Xiaomi Redmi Note 12,Student Special 4G,53,4,Prepaid,0,22.0,4G
CUST-10500,23,Male,Dhaka,Vivo Y20,Family Bundle,10,8,Postpaid,0,9.0,5G
CUST-10501,48,Male,Barishal,Xiaomi Redmi Note 12,Student Special 4G,5,6,Prepaid,1,29.0,4G
CUST-10502,63,Female,Chattogram,Realme 11,Prepaid Saver 30D,64,4,Prepaid,0,15.0,4G
CUST-10503,58,Male,Khulna,Vivo Y20,Student Special 4G,38,10,Prepaid,1,16.0,4G
CUST-10504,30,Male,Rajshahi,Samsung S23 Ultra,Prepaid Saver 30D,43,10,Prepaid,1,9.0,4G
CUST-10505,39,Male,Rajshahi,iPhone 15 Pro,Unlimited Data Max,48,10,Prepaid,1,9.0,5G
CUST-10506,42,Male,Khulna,iPhone 15 Pro,Prepaid Saver 30D,25,5,Prepaid,0,15.0,4G
CUST-10507,29,Female,Chattogram,Samsung S23 Ultra,Family Bundle,17,10,Postpaid,0,14.0,4G
CUST-10508,30,Male,Barishal,Realme 11,Student Special 4G,37,8,Prepaid,0,14.0,5G
CUST-10509,29,Female,Rajshahi,Samsung S23 Ultra,Prepaid Saver 30D,6,6,Prepaid,0,22.0,4G
CUST-10510,64,Female,Khulna,iPhone 15 Pro,Student Special 4G,21,5,Prepaid,0,36.0,4G
CUST-10511,53,Female,Rajshahi,Samsung S23 Ultra,Prepaid Saver 30D,43,10,Prepaid,0,23.0,4G
CUST-10512,57,Female,Chattogram,Realme 11,Postpaid Corporate,67,6,Postpaid,0,15.0,4G
CUST-10513,56,Female,Dhaka,Realme 11,Prepaid Saver 30D,43,10,Prepaid,0,9.0,3G
CUST-10514,63,Male,Rangpur,Xiaomi Redmi Note 12,Unlimited Data Max,54,9,Prepaid,0,14.0,4G
CUST-10515,22,Male,Chattogram,Xiaomi Redmi Note 12,Prepaid Saver 30D,23,10,Prepaid,0,9.0,4G
CUST-10516,59,Female,Chattogram,Xiaomi Redmi Note 12,Student Special 4G,5,10,Prepaid,0,9.0,5G
CUST-10517,21,Male,Mymensingh,Samsung S23 Ultra,Family Bundle,27,10,Postpaid,1,16.0,5G
CUST-10518,40,Female,Khulna,iPhone 15 Pro,Prepaid Saver 30D,50,8,Prepaid,0,9.0,3G
CUST-10519,45,Male,Sylhet,Vivo Y20,Unlimited Data Max,4,9,Prepaid,1,9.0,5G
CUST-10520,34,Female,Rangpur,Samsung S23 Ultra,Unlimited Data Max,62,5,Prepaid,0,15.0,4G
CUST-10521,24,Female,Rajshahi,Realme 11,Student Special 4G,22,10,Prepaid,0,16.0,3G
CUST-10522,27,Male,Barishal,Samsung S23 Ultra,Prepaid Saver 30D,49,10,Prepaid,1,16.0,5G
CUST-10523,56,Female,Dhaka,Samsung S23 Ultra,Prepaid Saver 30D,63,7,Prepaid,0,29.0,4G
CUST-10524,32,Male,Rangpur,iPhone 15 Pro,Unlimited Data Max,44,5,Prepaid,0,15.0,4G
CUST-10525,32,Male,Dhaka,iPhone 15 Pro,Unlimited Data Max,13,10,Prepaid,0,9.0,4G
CUST-10526,61,Female,Sylhet,iPhone 15 Pro,Family Bundle,19,10,Postpaid,0,14.0,3G
CUST-10527,24,Female,Mymensingh,Vivo Y20,Prepaid Saver 30D,34,10,Prepaid,1,9.0,5G
CUST-10528,61,Female,Chattogram,Vivo Y20,Unlimited Data Max,70,4,Prepaid,0,22.0,4G
CUST-10529,61,Male,Dhaka,Realme 11,Unlimited Data Max,49,10,Prepaid,0,9.0,4G
CUST-10530,46,Male,Mymensingh,Samsung S23 Ultra,Unlimited Data Max,44,7,Prepaid,1,41.0,4G
CUST-10531,25,Male,Chattogram,Vivo Y20,Unlimited Data Max,58,6,Prepaid,0,15.0,4G
CUST-10532,25,Female,Dhaka,Vivo Y20,Unlimited Data Max,11,9,Prepaid,0,9.0,4G
CUST-10533,31,Male,Rajshahi,Samsung S23 Ultra,Postpaid Corporate,6,10,Postpaid,0,9.0,4G
CUST-10534,45,Female,Chattogram,iPhone 15 Pro,Prepaid Saver 30D,42,10,Prepaid,0,9.0,4G
CUST-10535,25,Female,Dhaka,Realme 11,Prepaid Saver 30D,43,5,Prepaid,0,15.0,4G
CUST-10536,39,Male,Mymensingh,Samsung S23 Ultra,Prepaid Saver 30D,19,10,Prepaid,0,9.0,5G
CUST-10537,23,Female,Rajshahi,Samsung S23 Ultra,Prepaid Saver 30D,45,10,Prepaid,0,9.0,4G
CUST-10538,43,Male,Dhaka,Realme 11,Prepaid Saver 30D,11,10,Prepaid,1,9.0,3G
CUST-10539,18,Male,Sylhet,iPhone 15 Pro,Student Special 4G,15,10,Prepaid,0,9.0,4G
CUST-10540,51,Male,Sylhet,Xiaomi Redmi Note 12,Unlimited Data Max,64,9,Prepaid,0,9.0,4G
CUST-10541,20,Female,Dhaka,Realme 11,Student Special 4G,3,4,Prepaid,0,15.0,5G
CUST-10542,27,Female,Chattogram,Xiaomi Redmi Note 12,Prepaid Saver 30D,40,4,Prepaid,1,22.0,4G
CUST-10543,26,Female,Rajshahi,Realme 11,Unlimited Data Max,60,10,Prepaid,1,21.0,4G
CUST-10544,57,Female,Chattogram,Samsung S23 Ultra,Unlimited Data Max,51,4,Prepaid,0,15.0,5G
CUST-10545,20,Female,Rangpur,Samsung S23 Ultra,Postpaid Corporate,32,10,Postpaid,0,9.0,4G
CUST-10546,38,Female,Khulna,iPhone 15 Pro,Prepaid Saver 30D,23,5,Prepaid,0,29.0,3G
CUST-10547,45,Female,Dhaka,iPhone 15 Pro,Student Special 4G,5,10,Prepaid,0,9.0,4G
CUST-10548,42,Male,Khulna,iPhone 15 Pro,Unlimited Data Max,9,6,Prepaid,0,15.0,4G
CUST-10549,49,Male,Khulna,Realme 11,Postpaid Corporate,42,5,Postpaid,0,15.0,4G
CUST-10550,55,Female,Sylhet,Samsung S23 Ultra,Unlimited Data Max,38,7,Prepaid,0,22.0,4G
CUST-10551,36,Female,Chattogram,Samsung S23 Ultra,Unlimited Data Max,27,10,Prepaid,0,9.0,4G
CUST-10552,56,Female,Sylhet,iPhone 15 Pro,Postpaid Corporate,21,9,Postpaid,0,9.0,3G
CUST-10553,32,Female,Barishal,iPhone 15 Pro,Unlimited Data Max,6,10,Prepaid,0,9.0,4G
CUST-10554,64,Female,Rajshahi,Samsung S23 Ultra,Prepaid Saver 30D,9,6,Prepaid,1,15.0,4G
CUST-10555,41,Female,Rangpur,Samsung S23 Ultra,Prepaid Saver 30D,21,10,Prepaid,0,21.0,4G
CUST-10556,52,Female,Dhaka,Xiaomi Redmi Note 12,Postpaid Corporate,66,5,Postpaid,0,22.0,5G
CUST-10557,59,Male,Chattogram,Samsung S23 Ultra,Postpaid Corporate,24,8,Postpaid,0,16.0,3G
CUST-10558,55,Female,Rajshahi,Samsung S23 Ultra,Unlimited Data Max,9,7,Prepaid,0,22.0,4G
CUST-10559,58,Female,Rangpur,Vivo Y20,Unlimited Data Max,41,10,Prepaid,0,16.0,4G
CUST-10560,43,Female,Dhaka,Samsung S23 Ultra,Prepaid Saver 30D,9,10,Prepaid,0,9.0,4G
CUST-10561,20,Female,Dhaka,Samsung S23 Ultra,Unlimited Data Max,29,4,Prepaid,0,20.0,4G
CUST-10562,41,Male,Rajshahi,Samsung S23 Ultra,Prepaid Saver 30D,52,10,Prepaid,0,23.0,3G
CUST-10563,26,Male,Chattogram,Xiaomi Redmi Note 12,Prepaid Saver 30D,8,10,Prepaid,0,9.0,4G
CUST-10564,59,Female,Khulna,Realme 11,Prepaid Saver 30D,66,7,Prepaid,0,22.0,4G
CUST-10565,29,Female,Dhaka,Realme 11,Prepaid Saver 30D,46,4,Prepaid,1,27.0,4G
CUST-10566,28,Male,Chattogram,Realme 11,Unlimited Data Max,65,8,Prepaid,0,9.0,5G
CUST-10567,29,Male,Rangpur,Samsung S23 Ultra,Prepaid Saver 30D,52,7,Prepaid,0,29.0,5G
CUST-10568,48,Female,Dhaka,iPhone 15 Pro,Prepaid Saver 30D,69,10,Prepaid,0,9.0,5G
CUST-10569,44,Male,Sylhet,Realme 11,Unlimited Data Max,37,5,Prepaid,0,20.0,4G
CUST-10570,62,Female,Khulna,Realme 11,Student Special 4G,2,6,Prepaid,0,15.0,4G
CUST-10571,37,Male,Dhaka,iPhone 15 Pro,Prepaid Saver 30D,5,10,Prepaid,0,30.0,4G
CUST-10572,31,Male,Dhaka,Vivo Y20,Unlimited Data Max,14,10,Prepaid,0,9.0,4G
CUST-10573,20,Female,Dhaka,Vivo Y20,Student Special 4G,8,9,Prepaid,0,16.0,4G
CUST-10574,18,Female,Rajshahi,Realme 11,Prepaid Saver 30D,58,4,Prepaid,0,22.0,4G
CUST-10575,35,Female,Mymensingh,Realme 11,Unlimited Data Max,68,10,Prepaid,0,9.0,4G
CUST-10576,61,Female,Rajshahi,Vivo Y20,Student Special 4G,45,4,Prepaid,1,22.0,5G
CUST-10577,42,Male,Dhaka,Realme 11,Postpaid Corporate,14,4,Postpaid,0,15.0,5G
CUST-10578,59,Female,Dhaka,Xiaomi Redmi Note 12,Family Bundle,70,10,Postpaid,0,16.0,5G
CUST-10579,22,Female,Chattogram,iPhone 15 Pro,Student Special 4G,22,7,Prepaid,0,15.0,4G
CUST-10580,22,Female,Rajshahi,iPhone 15 Pro,Postpaid Corporate,63,4,Postpaid,0,15.0,3G
CUST-10581,57,Male,Dhaka,Vivo Y20,Unlimited Data Max,49,8,Prepaid,1,16.0,4G
CUST-10582,23,Female,Dhaka,iPhone 15 Pro,Prepaid Saver 30D,32,7,Prepaid,0,27.0,4G
CUST-10583,20,Male,Dhaka,Realme 11,Unlimited Data Max,57,10,Prepaid,0,9.0,4G
CUST-10584,36,Female,Dhaka,Xiaomi Redmi Note 12,Prepaid Saver 30D,48,10,Prepaid,0,9.0,5G
CUST-10585,61,Female,Mymensingh,iPhone 15 Pro,Family Bundle,65,5,Postpaid,0,15.0,4G
CUST-10586,50,Male,Khulna,Xiaomi Redmi Note 12,Unlimited Data Max,44,10,Prepaid,0,9.0,5G
CUST-10587,22,Female,Sylhet,Samsung S23 Ultra,Student Special 4G,29,10,Prepaid,0,16.0,4G
CUST-10588,57,Female,Chattogram,Realme 11,Prepaid Saver 30D,7,10,Prepaid,1,28.0,4G
CUST-10589,57,Female,Khulna,Samsung S23 Ultra,Unlimited Data Max,71,7,Prepaid,0,22.0,5G
CUST-10590,55,Female,Chattogram,Samsung S23 Ultra,Student Special 4G,56,5,Prepaid,1,22.0,4G
CUST-10591,60,Female,Rajshahi,iPhone 15 Pro,Prepaid Saver 30D,8,10,Prepaid,0,21.0,4G
CUST-10592,29,Male,Khulna,Xiaomi Redmi Note 12,Prepaid Saver 30D,44,4,Prepaid,1,22.0,4G
CUST-10593,64,Female,Dhaka,iPhone 15 Pro,Prepaid Saver 30D,59,8,Prepaid,0,9.0,4G
CUST-10594,33,Female,Rajshahi,Vivo Y20,Unlimited Data Max,50,10,Prepaid,0,9.0,5G
CUST-10595,55,Male,Dhaka,Vivo Y20,Unlimited Data Max,20,5,Prepaid,0,15.0,4G
CUST-10596,45,Male,Chattogram,iPhone 15 Pro,Postpaid Corporate,10,6,Postpaid,0,36.0,4G
CUST-10597,54,Male,Dhaka,Vivo Y20,Student Special 4G,67,5,Prepaid,0,27.0,4G
CUST-10598,47,Female,Chattogram,Samsung S23 Ultra,Postpaid Corporate,27,10,Postpaid,0,16.0,4G
CUST-10599,48,Male,Rangpur,Samsung S23 Ultra,Student Special 4G,62,6,Prepaid,1,29.0,4G
CUST-10600,46,Female,Rajshahi,iPhone 15 Pro,Student Special 4G,34,10,Prepaid,0,16.0,4G
CUST-10601,54,Female,Rajshahi,Vivo Y20,Unlimited Data Max,55,6,Prepaid,0,20.0,4G
CUST-10602,52,Male,Rangpur,Xiaomi Redmi Note 12,Student Special 4G,18,10,Prepaid,0,9.0,4G
CUST-10603,24,Female,Rajshahi,Realme 11,Student Special 4G,43,10,Prepaid,0,16.0,4G
CUST-10604,56,Female,Dhaka,Realme 11,Prepaid Saver 30D,40,4,Prepaid,0,20.0,5G
CUST-10605,43,Female,Chattogram,Xiaomi Redmi Note 12,Prepaid Saver 30D,16,10,Prepaid,1,16.0,4G
CUST-10606,33,Female,Dhaka,Vivo Y20,Postpaid Corporate,49,10,Postpaid,0,16.0,4G
CUST-10607,42,Male,Sylhet,Vivo Y20,Family Bundle,33,4,Postpaid,1,20.0,4G
CUST-10608,63,Male,Sylhet,Xiaomi Redmi Note 12,Family Bundle,47,6,Postpaid,0,15.0,4G
CUST-10609,58,Male,Rajshahi,Realme 11,Prepaid Saver 30D,3,10,Prepaid,0,9.0,4G
CUST-10610,57,Male,Chattogram,Realme 11,Student Special 4G,9,8,Prepaid,0,9.0,4G
CUST-10611,39,Female,Chattogram,Xiaomi Redmi Note 12,Prepaid Saver 30D,51,4,Prepaid,0,15.0,4G
CUST-10612,54,Male,Rangpur,Samsung S23 Ultra,Student Special 4G,71,10,Prepaid,0,14.0,5G
CUST-10613,36,Female,Chattogram,iPhone 15 Pro,Postpaid Corporate,9,10,Postpaid,1,16.0,4G
CUST-10614,50,Female,Khulna,Vivo Y20,Family Bundle,2,8,Postpaid,0,9.0,4G
CUST-10615,48,Male,Dhaka,iPhone 15 Pro,Family Bundle,19,5,Postpaid,0,15.0,4G
CUST-10616,29,Female,Dhaka,Realme 11,Prepaid Saver 30D,4,5,Prepaid,0,15.0,5G
CUST-10617,30,Male,Mymensingh,Vivo Y20,Family Bundle,18,7,Postpaid,0,29.0,5G
CUST-10618,20,Female,Sylhet,Realme 11,Postpaid Corporate,50,8,Postpaid,1,9.0,4G
CUST-10619,24,Male,Rajshahi,iPhone 15 Pro,Unlimited Data Max,56,10,Prepaid,0,9.0,4G
CUST-10620,38,Male,Dhaka,Vivo Y20,Unlimited Data Max,45,10,Prepaid,0,16.0,4G
CUST-10621,40,Male,Dhaka,Samsung S23 Ultra,Postpaid Corporate,29,6,Postpaid,0,15.0,5G
CUST-10622,25,Female,Rangpur,Realme 11,Unlimited Data Max,11,10,Prepaid,1,16.0,3G
CUST-10623,37,Male,Khulna,iPhone 15 Pro,Unlimited Data Max,38,5,Prepaid,0,15.0,4G
CUST-10624,46,Female,Dhaka,Realme 11,Prepaid Saver 30D,69,5,Prepaid,1,22.0,4G
CUST-10625,28,Male,Mymensingh,Xiaomi Redmi Note 12,Unlimited Data Max,15,10,Prepaid,0,30.0,5G
CUST-10626,33,Male,Chattogram,Xiaomi Redmi Note 12,Prepaid Saver 30D,39,10,Prepaid,0,23.0,4G
CUST-10627,35,Female,Chattogram,iPhone 15 Pro,Student Special 4G,24,10,Prepaid,0,14.0,3G
CUST-10628,41,Female,Rangpur,Xiaomi Redmi Note 12,Unlimited Data Max,26,8,Prepaid,0,9.0,4G
CUST-10629,35,Male,Khulna,Vivo Y20,Postpaid Corporate,37,10,Postpaid,0,9.0,4G
CUST-10630,52,Male,Chattogram,Vivo Y20,Unlimited Data Max,13,7,Prepaid,0,22.0,5G
CUST-10631,33,Male,Dhaka,Xiaomi Redmi Note 12,Student Special 4G,14,10,Prepaid,1,28.0,4G
CUST-10632,38,Female,Sylhet,Vivo Y20,Prepaid Saver 30D,3,10,Prepaid,1,16.0,5G
CUST-10633,35,Male,Mymensingh,Vivo Y20,Student Special 4G,49,4,Prepaid,0,15.0,4G
CUST-10634,26,Male,Mymensingh,Realme 11,Postpaid Corporate,65,10,Postpaid,0,16.0,5G
CUST-10635,50,Female,Chattogram,Xiaomi Redmi Note 12,Student Special 4G,32,10,Prepaid,0,9.0,3G
CUST-10636,29,Male,Sylhet,Samsung S23 Ultra,Prepaid Saver 30D,45,6,Prepaid,0,15.0,4G
CUST-10637,31,Male,Rangpur,Xiaomi Redmi Note 12,Prepaid Saver 30D,70,10,Prepaid,0,23.0,3G
CUST-10638,55,Female,Khulna,iPhone 15 Pro,Unlimited Data Max,54,7,Prepaid,1,15.0,4G
CUST-10639,62,Male,Dhaka,Samsung S23 Ultra,Prepaid Saver 30D,18,4,Prepaid,0,29.0,4G
CUST-10640,49,Male,Mymensingh,Vivo Y20,Prepaid Saver 30D,56,10,Prepaid,0,9.0,5G
CUST-10641,61,Male,Rangpur,iPhone 15 Pro,Postpaid Corporate,29,5,Postpaid,1,15.0,4G
CUST-10642,58,Female,Rajshahi,Realme 11,Unlimited Data Max,69,9,Prepaid,0,9.0,4G
CUST-10643,40,Female,Sylhet,Vivo Y20,Prepaid Saver 30D,66,10,Prepaid,0,14.0,4G
CUST-10644,54,Female,Mymensingh,Xiaomi Redmi Note 12,Prepaid Saver 30D,3,5,Prepaid,1,15.0,3G
CUST-10645,33,Female,Dhaka,Realme 11,Prepaid Saver 30D,63,10,Prepaid,0,9.0,3G
CUST-10646,39,Male,Dhaka,Realme 11,Postpaid Corporate,18,8,Postpaid,0,9.0,4G
CUST-10647,43,Male,Rajshahi,Xiaomi Redmi Note 12,Prepaid Saver 30D,35,7,Prepaid,0,15.0,4G
CUST-10648,63,Male,Dhaka,Vivo Y20,Prepaid Saver 30D,54,5,Prepaid,1,15.0,5G
CUST-10649,57,Male,Chattogram,Vivo Y20,Prepaid Saver 30D,9,10,Prepaid,0,16.0,4G
CUST-10650,40,Female,Rajshahi,iPhone 15 Pro,Student Special 4G,2,5,Prepaid,0,15.0,3G
CUST-10651,48,Male,Dhaka,Vivo Y20,Student Special 4G,30,5,Prepaid,0,15.0,4G
CUST-10652,27,Female,Rajshahi,Samsung S23 Ultra,Prepaid Saver 30D,42,6,Prepaid,0,22.0,4G
CUST-10653,55,Female,Chattogram,Samsung S23 Ultra,Prepaid Saver 30D,42,8,Prepaid,0,9.0,5G
CUST-10654,43,Male,Dhaka,Xiaomi Redmi Note 12,Postpaid Corporate,68,10,Postpaid,0,9.0,5G
CUST-10655,43,Female,Dhaka,Realme 11,Student Special 4G,19,10,Prepaid,0,9.0,5G
CUST-10656,54,Female,Mymensingh,Xiaomi Redmi Note 12,Unlimited Data Max,51,10,Prepaid,0,9.0,4G
CUST-10657,47,Male,Rajshahi,Realme 11,Prepaid Saver 30D,14,5,Prepaid,1,22.0,4G
CUST-10658,21,Male,Dhaka,iPhone 15 Pro,Prepaid Saver 30D,32,10,Prepaid,0,23.0,4G
CUST-10659,31,Male,Dhaka,Vivo Y20,Student Special 4G,38,7,Prepaid,0,15.0,4G
CUST-10660,26,Female,Chattogram,Vivo Y20,Unlimited Data Max,31,8,Prepaid,0,9.0,4G
CUST-10661,52,Female,Mymensingh,Samsung S23 Ultra,Student Special 4G,13,10,Prepaid,0,9.0,4G
CUST-10662,19,Male,Sylhet,Xiaomi Redmi Note 12,Postpaid Corporate,14,5,Postpaid,0,15.0,4G
CUST-10663,27,Female,Rajshahi,iPhone 15 Pro,Student Special 4G,63,7,Prepaid,0,15.0,4G
CUST-10664,46,Male,Chattogram,Realme 11,Family Bundle,68,7,Postpaid,0,22.0,4G
CUST-10665,50,Male,Khulna,Xiaomi Redmi Note 12,Prepaid Saver 30D,6,10,Prepaid,0,16.0,5G
CUST-10666,41,Male,Dhaka,iPhone 15 Pro,Postpaid Corporate,17,10,Postpaid,0,23.0,4G
CUST-10667,58,Male,Barishal,iPhone 15 Pro,Postpaid Corporate,71,10,Postpaid,0,9.0,4G
CUST-10668,61,Male,Chattogram,iPhone 15 Pro,Student Special 4G,9,9,Prepaid,0,23.0,4G
CUST-10669,24,Male,Chattogram,Samsung S23 Ultra,Prepaid Saver 30D,39,10,Prepaid,0,16.0,4G
CUST-10670,62,Male,Chattogram,Samsung S23 Ultra,Unlimited Data Max,21,10,Prepaid,0,9.0,4G
CUST-10671,46,Female,Rajshahi,Realme 11,Family Bundle,70,10,Postpaid,0,9.0,5G
CUST-10672,47,Male,Dhaka,Vivo Y20,Unlimited Data Max,53,10,Prepaid,0,9.0,4G
CUST-10673,22,Female,Rajshahi,Xiaomi Redmi Note 12,Family Bundle,54,10,Postpaid,0,9.0,3G
CUST-10674,47,Female,Sylhet,Vivo Y20,Prepaid Saver 30D,5,7,Prepaid,0,27.0,5G
CUST-10675,52,Female,Khulna,Samsung S23 Ultra,Prepaid Saver 30D,11,10,Prepaid,0,16.0,4G
CUST-10676,45,Male,Dhaka,Vivo Y20,Family Bundle,57,10,Postpaid,0,9.0,4G
CUST-10677,21,Female,Rajshahi,Xiaomi Redmi Note 12,Postpaid Corporate,17,10,Postpaid,0,16.0,4G
CUST-10678,42,Male,Chattogram,Realme 11,Prepaid Saver 30D,31,10,Prepaid,0,16.0,4G
CUST-10679,61,Male,Dhaka,Samsung S23 Ultra,Prepaid Saver 30D,8,4,Prepaid,0,22.0,5G
CUST-10680,52,Female,Dhaka,Realme 11,Prepaid Saver 30D,2,10,Prepaid,0,9.0,4G
CUST-10681,24,Male,Rangpur,iPhone 15 Pro,Unlimited Data Max,52,10,Prepaid,0,14.0,3G
CUST-10682,63,Female,Rajshahi,Vivo Y20,Prepaid Saver 30D,13,10,Prepaid,0,9.0,4G
CUST-10683,63,Male,Rangpur,Realme 11,Prepaid Saver 30D,12,6,Prepaid,0,15.0,4G
CUST-10684,25,Female,Mymensingh,Vivo Y20,Unlimited Data Max,60,9,Prepaid,0,9.0,5G
CUST-10685,55,Female,Khulna,Vivo Y20,Prepaid Saver 30D,51,4,Prepaid,0,22.0,5G
CUST-10686,37,Female,Rangpur,Realme 11,Family Bundle,16,4,Postpaid,0,22.0,4G
CUST-10687,45,Female,Rangpur,iPhone 15 Pro,Student Special 4G,62,9,Prepaid,0,9.0,5G
CUST-10688,38,Female,Dhaka,iPhone 15 Pro,Prepaid Saver 30D,69,10,Prepaid,0,9.0,4G
CUST-10689,54,Male,Sylhet,Vivo Y20,Family Bundle,30,6,Postpaid,1,22.0,4G
CUST-10690,64,Male,Rangpur,Realme 11,Prepaid Saver 30D,33,10,Prepaid,0,9.0,4G
CUST-10691,55,Male,Dhaka,Vivo Y20,Prepaid Saver 30D,47,4,Prepaid,0,15.0,4G
CUST-10692,61,Female,Chattogram,Realme 11,Prepaid Saver 30D,11,4,Prepaid,0,15.0,4G
CUST-10693,62,Female,Chattogram,Realme 11,Student Special 4G,64,10,Prepaid,0,16.0,4G
CUST-10694,22,Female,Rajshahi,Samsung S23 Ultra,Prepaid Saver 30D,9,6,Prepaid,0,15.0,5G
CUST-10695,29,Female,Chattogram,Vivo Y20,Unlimited Data Max,54,4,Prepaid,0,15.0,4G
CUST-10696,51,Male,Dhaka,iPhone 15 Pro,Family Bundle,41,10,Postpaid,0,9.0,4G
CUST-10697,45,Female,Khulna,iPhone 15 Pro,Postpaid Corporate,10,10,Postpaid,0,9.0,5G
CUST-10698,20,Female,Rangpur,Samsung S23 Ultra,Student Special 4G,32,4,Prepaid,1,22.0,4G
CUST-10699,22,Male,Rangpur,Samsung S23 Ultra,Postpaid Corporate,21,10,Postpaid,0,9.0,4G
CUST-10700,42,Male,Rajshahi,iPhone 15 Pro,Postpaid Corporate,67,4,Postpaid,0,20.0,5G
CUST-10701,46,Female,Dhaka,Vivo Y20,Unlimited Data Max,39,10,Prepaid,0,9.0,4G
CUST-10702,25,Male,Chattogram,Vivo Y20,Student Special 4G,27,10,Prepaid,1,14.0,4G
CUST-10703,26,Female,Mymensingh,Xiaomi Redmi Note 12,Unlimited Data Max,19,6,Prepaid,1,15.0,5G
CUST-10704,24,Female,Chattogram,iPhone 15 Pro,Unlimited Data Max,11,5,Prepaid,1,29.0,4G
CUST-10705,44,Female,Khulna,iPhone 15 Pro,Family Bundle,36,9,Postpaid,0,16.0,4G
CUST-10706,18,Female,Sylhet,Vivo Y20,Unlimited Data Max,37,10,Prepaid,0,9.0,4G
CUST-10707,44,Female,Khulna,Samsung S23 Ultra,Unlimited Data Max,68,4,Prepaid,0,20.0,5G
CUST-10708,40,Female,Mymensingh,Samsung S23 Ultra,Prepaid Saver 30D,47,10,Prepaid,0,9.0,5G
CUST-10709,39,Female,Mymensingh,Samsung S23 Ultra,Student Special 4G,33,10,Prepaid,0,16.0,4G
CUST-10710,49,Male,Rangpur,Vivo Y20,Family Bundle,27,10,Postpaid,0,9.0,4G
CUST-10711,42,Female,Dhaka,Samsung S23 Ultra,Unlimited Data Max,19,6,Prepaid,0,22.0,4G
CUST-10712,52,Female,Dhaka,Vivo Y20,Prepaid Saver 30D,46,10,Prepaid,0,16.0,4G
CUST-10713,53,Female,Chattogram,Samsung S23 Ultra,Postpaid Corporate,11,8,Postpaid,1,16.0,4G
CUST-10714,61,Male,Khulna,Xiaomi Redmi Note 12,Postpaid Corporate,1,10,Postpaid,0,9.0,4G
CUST-10715,55,Male,Dhaka,Vivo Y20,Unlimited Data Max,64,5,Prepaid,0,15.0,4G
CUST-10716,42,Female,Dhaka,Samsung S23 Ultra,Prepaid Saver 30D,3,8,Prepaid,0,9.0,4G
CUST-10717,41,Male,Rajshahi,iPhone 15 Pro,Prepaid Saver 30D,17,10,Prepaid,0,9.0,4G
CUST-10718,29,Male,Barishal,Realme 11,Unlimited Data Max,40,10,Prepaid,0,14.0,4G
CUST-10719,46,Female,Khulna,Vivo Y20,Student Special 4G,14,6,Prepaid,0,22.0,5G
CUST-10720,24,Male,Chattogram,Vivo Y20,Prepaid Saver 30D,48,4,Prepaid,0,15.0,3G
CUST-10721,61,Female,Dhaka,Samsung S23 Ultra,Student Special 4G,40,8,Prepaid,1,16.0,4G
CUST-10722,57,Male,Barishal,Realme 11,Postpaid Corporate,6,6,Postpaid,0,22.0,5G
CUST-10723,23,Male,Chattogram,iPhone 15 Pro,Postpaid Corporate,33,6,Postpaid,0,15.0,4G
CUST-10724,54,Female,Sylhet,Xiaomi Redmi Note 12,Student Special 4G,59,5,Prepaid,0,22.0,4G
CUST-10725,23,Male,Sylhet,Vivo Y20,Unlimited Data Max,28,9,Prepaid,0,9.0,4G
CUST-10726,51,Female,Rajshahi,Vivo Y20,Prepaid Saver 30D,49,4,Prepaid,0,15.0,4G
CUST-10727,22,Female,Khulna,Samsung S23 Ultra,Prepaid Saver 30D,42,10,Prepaid,0,23.0,4G
CUST-10728,40,Male,Rajshahi,Xiaomi Redmi Note 12,Student Special 4G,33,4,Prepaid,0,20.0,4G
CUST-10729,48,Female,Rangpur,iPhone 15 Pro,Student Special 4G,41,5,Prepaid,0,15.0,4G
CUST-10730,52,Male,Dhaka,Realme 11,Prepaid Saver 30D,35,9,Prepaid,0,23.0,4G
CUST-10731,37,Female,Barishal,Vivo Y20,Student Special 4G,5,5,Prepaid,0,15.0,5G
CUST-10732,61,Male,Mymensingh,iPhone 15 Pro,Unlimited Data Max,31,9,Prepaid,1,16.0,4G
CUST-10733,54,Male,Sylhet,Samsung S23 Ultra,Unlimited Data Max,30,4,Prepaid,1,22.0,4G
CUST-10734,27,Male,Dhaka,Samsung S23 Ultra,Unlimited Data Max,56,10,Prepaid,0,21.0,5G
CUST-10735,49,Female,Dhaka,Samsung S23 Ultra,Family Bundle,52,9,Postpaid,0,16.0,4G
CUST-10736,52,Male,Dhaka,iPhone 15 Pro,Prepaid Saver 30D,41,7,Prepaid,1,15.0,4G
CUST-10737,33,Female,Dhaka,Vivo Y20,Prepaid Saver 30D,28,10,Prepaid,0,16.0,4G
CUST-10738,52,Male,Rajshahi,iPhone 15 Pro,Postpaid Corporate,45,9,Postpaid,1,21.0,3G
CUST-10739,60,Male,Dhaka,Xiaomi Redmi Note 12,Unlimited Data Max,71,10,Prepaid,0,9.0,5G
CUST-10740,56,Female,Sylhet,Realme 11,Unlimited Data Max,60,10,Prepaid,1,9.0,5G
CUST-10741,53,Male,Rajshahi,Realme 11,Unlimited Data Max,17,10,Prepaid,0,9.0,5G
CUST-10742,47,Male,Barishal,iPhone 15 Pro,Unlimited Data Max,20,10,Prepaid,0,9.0,4G
CUST-10743,30,Female,Rajshahi,Samsung S23 Ultra,Prepaid Saver 30D,36,5,Prepaid,0,22.0,4G
CUST-10744,55,Female,Rajshahi,Samsung S23 Ultra,Prepaid Saver 30D,47,10,Prepaid,0,23.0,3G
CUST-10745,35,Male,Dhaka,iPhone 15 Pro,Student Special 4G,48,10,Prepaid,0,16.0,4G
CUST-10746,43,Female,Dhaka,Samsung S23 Ultra,Student Special 4G,56,5,Prepaid,0,20.0,3G
CUST-10747,32,Female,Rangpur,Xiaomi Redmi Note 12,Family Bundle,39,10,Postpaid,0,9.0,5G
CUST-10748,32,Male,Dhaka,Realme 11,Unlimited Data Max,59,10,Prepaid,0,16.0,5G
CUST-10749,25,Female,Chattogram,Realme 11,Prepaid Saver 30D,3,10,Prepaid,0,9.0,4G
CUST-10750,63,Female,Dhaka,Vivo Y20,Unlimited Data Max,16,10,Prepaid,0,9.0,5G
CUST-10751,24,Female,Dhaka,iPhone 15 Pro,Unlimited Data Max,37,7,Prepaid,0,27.0,4G
CUST-10752,22,Male,Mymensingh,Realme 11,Postpaid Corporate,38,10,Postpaid,0,9.0,5G
CUST-10753,61,Male,Chattogram,Vivo Y20,Prepaid Saver 30D,69,10,Prepaid,0,9.0,4G
CUST-10754,44,Female,Mymensingh,Samsung S23 Ultra,Postpaid Corporate,47,8,Postpaid,0,9.0,3G
CUST-10755,38,Female,Dhaka,Realme 11,Student Special 4G,29,10,Prepaid,0,16.0,4G
CUST-10756,52,Male,Rangpur,Samsung S23 Ultra,Unlimited Data Max,42,10,Prepaid,0,23.0,4G
CUST-10757,36,Male,Dhaka,Xiaomi Redmi Note 12,Family Bundle,9,7,Postpaid,0,15.0,4G
CUST-10758,24,Female,Sylhet,Vivo Y20,Unlimited Data Max,28,10,Prepaid,0,9.0,5G
CUST-10759,52,Female,Rangpur,Xiaomi Redmi Note 12,Family Bundle,2,4,Postpaid,0,20.0,4G
CUST-10760,26,Male,Chattogram,Xiaomi Redmi Note 12,Postpaid Corporate,11,10,Postpaid,1,16.0,4G
CUST-10761,43,Male,Mymensingh,Realme 11,Unlimited Data Max,30,9,Prepaid,0,9.0,4G
CUST-10762,62,Female,Chattogram,Xiaomi Redmi Note 12,Prepaid Saver 30D,1,10,Prepaid,0,9.0,5G
CUST-10763,61,Female,Rangpur,Realme 11,Prepaid Saver 30D,14,9,Prepaid,0,9.0,4G
CUST-10764,34,Female,Mymensingh,Vivo Y20,Student Special 4G,64,8,Prepaid,0,9.0,5G
CUST-10765,54,Female,Dhaka,Samsung S23 Ultra,Unlimited Data Max,60,5,Prepaid,0,15.0,5G
CUST-10766,46,Female,Chattogram,Xiaomi Redmi Note 12,Student Special 4G,41,6,Prepaid,0,15.0,4G
CUST-10767,40,Male,Dhaka,Vivo Y20,Prepaid Saver 30D,68,10,Prepaid,0,9.0,4G
CUST-10768,24,Male,Rajshahi,iPhone 15 Pro,Family Bundle,3,8,Postpaid,0,9.0,3G
CUST-10769,35,Male,Rajshahi,Xiaomi Redmi Note 12,Prepaid Saver 30D,67,5,Prepaid,1,15.0,5G
CUST-10770,48,Male,Barishal,Realme 11,Postpaid Corporate,36,5,Postpaid,0,22.0,4G
CUST-10771,64,Female,Dhaka,Vivo Y20,Student Special 4G,27,6,Prepaid,0,15.0,5G
CUST-10772,18,Female,Dhaka,iPhone 15 Pro,Unlimited Data Max,57,10,Prepaid,0,21.0,4G
CUST-10773,51,Male,Khulna,Vivo Y20,Unlimited Data Max,33,7,Prepaid,0,15.0,5G
CUST-10774,57,Male,Chattogram,Realme 11,Prepaid Saver 30D,43,8,Prepaid,0,9.0,5G
CUST-10775,62,Male,Dhaka,Samsung S23 Ultra,Postpaid Corporate,23,10,Postpaid,0,9.0,5G
CUST-10776,37,Male,Rangpur,Vivo Y20,Student Special 4G,38,10,Prepaid,0,9.0,3G
CUST-10777,23,Male,Dhaka,iPhone 15 Pro,Prepaid Saver 30D,10,4,Prepaid,0,15.0,4G
CUST-10778,30,Male,Rajshahi,iPhone 15 Pro,Student Special 4G,16,7,Prepaid,0,15.0,4G
CUST-10779,57,Female,Dhaka,Xiaomi Redmi Note 12,Family Bundle,40,10,Postpaid,0,9.0,3G
CUST-10780,59,Male,Dhaka,Xiaomi Redmi Note 12,Student Special 4G,68,10,Prepaid,0,16.0,5G
CUST-10781,47,Female,Khulna,Xiaomi Redmi Note 12,Unlimited Data Max,14,8,Prepaid,0,9.0,4G
CUST-10782,23,Male,Dhaka,Samsung S23 Ultra,Unlimited Data Max,42,6,Prepaid,0,15.0,4G
CUST-10783,23,Male,Chattogram,Vivo Y20,Family Bundle,5,5,Postpaid,0,15.0,5G
CUST-10784,40,Female,Sylhet,iPhone 15 Pro,Postpaid Corporate,36,4,Postpaid,0,15.0,4G
CUST-10785,45,Female,Rangpur,Samsung S23 Ultra,Postpaid Corporate,61,5,Postpaid,1,29.0,3G
CUST-10786,19,Male,Rajshahi,Xiaomi Redmi Note 12,Family Bundle,25,10,Postpaid,0,9.0,4G
CUST-10787,50,Male,Chattogram,Realme 11,Unlimited Data Max,57,8,Prepaid,0,16.0,4G
CUST-10788,43,Male,Barishal,Samsung S23 Ultra,Student Special 4G,28,7,Prepaid,1,15.0,4G
CUST-10789,18,Male,Chattogram,Vivo Y20,Postpaid Corporate,66,8,Postpaid,0,9.0,4G
CUST-10790,22,Female,Sylhet,Realme 11,Student Special 4G,45,9,Prepaid,0,9.0,4G
CUST-10791,39,Male,Rajshahi,Vivo Y20,Student Special 4G,24,5,Prepaid,0,22.0,5G
CUST-10792,51,Male,Dhaka,Realme 11,Prepaid Saver 30D,19,10,Prepaid,0,9.0,5G
CUST-10793,56,Male,Sylhet,Samsung S23 Ultra,Unlimited Data Max,62,8,Prepaid,0,16.0,4G
CUST-10794,38,Male,Chattogram,iPhone 15 Pro,Family Bundle,35,9,Postpaid,0,16.0,4G
CUST-10795,31,Male,Khulna,Vivo Y20,Student Special 4G,29,9,Prepaid,0,9.0,4G
CUST-10796,63,Male,Chattogram,Xiaomi Redmi Note 12,Prepaid Saver 30D,42,10,Prepaid,0,16.0,4G
CUST-10797,39,Female,Dhaka,Samsung S23 Ultra,Family Bundle,6,10,Postpaid,0,16.0,3G
CUST-10798,32,Male,Sylhet,Samsung S23 Ultra,Prepaid Saver 30D,14,5,Prepaid,0,15.0,4G
CUST-10799,38,Male,Rangpur,Xiaomi Redmi Note 12,Prepaid Saver 30D,33,10,Prepaid,1,9.0,4G
CUST-10800,18,Female,Chattogram,Xiaomi Redmi Note 12,Family Bundle,21,5,Postpaid,1,29.0,4G
CUST-10801,32,Female,Chattogram,iPhone 15 Pro,Postpaid Corporate,40,4,Postpaid,0,22.0,4G
CUST-10802,42,Male,Khulna,Samsung S23 Ultra,Student Special 4G,25,9,Prepaid,0,14.0,5G
CUST-10803,61,Male,Chattogram,Realme 11,Student Special 4G,31,8,Prepaid,0,9.0,4G
CUST-10804,52,Female,Khulna,Xiaomi Redmi Note 12,Prepaid Saver 30D,56,8,Prepaid,1,9.0,4G
CUST-10805,54,Male,Khulna,Samsung S23 Ultra,Prepaid Saver 30D,56,4,Prepaid,0,15.0,4G
CUST-10806,43,Female,Dhaka,Samsung S23 Ultra,Student Special 4G,21,10,Prepaid,1,16.0,4G
CUST-10807,23,Male,Dhaka,iPhone 15 Pro,Prepaid Saver 30D,25,9,Prepaid,0,16.0,3G
CUST-10808,36,Male,Chattogram,Xiaomi Redmi Note 12,Prepaid Saver 30D,46,4,Prepaid,0,22.0,5G
CUST-10809,64,Female,Sylhet,iPhone 15 Pro,Prepaid Saver 30D,66,7,Prepaid,1,36.0,3G
CUST-10810,20,Male,Dhaka,Samsung S23 Ultra,Unlimited Data Max,39,5,Prepaid,0,22.0,4G
CUST-10811,59,Female,Khulna,Vivo Y20,Unlimited Data Max,6,10,Prepaid,0,9.0,5G
CUST-10812,50,Female,Dhaka,Realme 11,Postpaid Corporate,43,10,Postpaid,0,9.0,4G
CUST-10813,31,Male,Mymensingh,Xiaomi Redmi Note 12,Student Special 4G,52,8,Prepaid,0,9.0,4G
CUST-10814,54,Male,Chattogram,iPhone 15 Pro,Prepaid Saver 30D,67,4,Prepaid,0,15.0,4G
CUST-10815,57,Male,Chattogram,Realme 11,Unlimited Data Max,66,10,Prepaid,0,9.0,4G
CUST-10816,20,Female,Rajshahi,Vivo Y20,Prepaid Saver 30D,50,7,Prepaid,0,29.0,4G
CUST-10817,23,Male,Rajshahi,Realme 11,Student Special 4G,40,9,Prepaid,1,9.0,3G
CUST-10818,49,Female,Dhaka,iPhone 15 Pro,Unlimited Data Max,12,10,Prepaid,0,9.0,3G
CUST-10819,64,Female,Dhaka,iPhone 15 Pro,Prepaid Saver 30D,63,7,Prepaid,0,20.0,4G
CUST-10820,19,Female,Sylhet,Vivo Y20,Postpaid Corporate,34,10,Postpaid,0,9.0,4G
CUST-10821,49,Male,Chattogram,Samsung S23 Ultra,Prepaid Saver 30D,50,6,Prepaid,0,15.0,4G
CUST-10822,24,Male,Chattogram,iPhone 15 Pro,Postpaid Corporate,53,7,Postpaid,0,29.0,3G
CUST-10823,48,Female,Dhaka,Samsung S23 Ultra,Student Special 4G,2,5,Prepaid,0,15.0,4G
CUST-10824,47,Female,Dhaka,Realme 11,Unlimited Data Max,27,7,Prepaid,0,22.0,4G
CUST-10825,22,Male,Mymensingh,Xiaomi Redmi Note 12,Unlimited Data Max,48,10,Prepaid,0,9.0,4G
CUST-10826,49,Female,Mymensingh,Samsung S23 Ultra,Unlimited Data Max,34,8,Prepaid,0,9.0,5G
CUST-10827,60,Male,Dhaka,Vivo Y20,Postpaid Corporate,47,10,Postpaid,0,9.0,5G
CUST-10828,58,Female,Khulna,Xiaomi Redmi Note 12,Family Bundle,40,10,Postpaid,0,30.0,4G
CUST-10829,19,Female,Dhaka,iPhone 15 Pro,Postpaid Corporate,1,7,Postpaid,0,15.0,4G
CUST-10830,29,Male,Rajshahi,Vivo Y20,Family Bundle,22,10,Postpaid,0,9.0,5G
CUST-10831,29,Male,Barishal,Realme 11,Postpaid Corporate,30,8,Postpaid,0,9.0,5G
CUST-10832,39,Male,Dhaka,Samsung S23 Ultra,Prepaid Saver 30D,28,8,Prepaid,0,9.0,3G
CUST-10833,24,Male,Mymensingh,Vivo Y20,Prepaid Saver 30D,3,6,Prepaid,0,22.0,4G
CUST-10834,58,Male,Dhaka,Samsung S23 Ultra,Postpaid Corporate,2,4,Postpaid,0,22.0,3G
CUST-10835,54,Female,Chattogram,Vivo Y20,Postpaid Corporate,21,8,Postpaid,0,9.0,4G
CUST-10836,55,Male,Dhaka,iPhone 15 Pro,Prepaid Saver 30D,61,10,Prepaid,0,9.0,4G
CUST-10837,27,Male,Rajshahi,iPhone 15 Pro,Prepaid Saver 30D,71,10,Prepaid,0,9.0,4G
CUST-10838,18,Male,Chattogram,Samsung S23 Ultra,Prepaid Saver 30D,60,8,Prepaid,0,9.0,5G
CUST-10839,60,Male,Rajshahi,Vivo Y20,Prepaid Saver 30D,67,5,Prepaid,0,15.0,4G
CUST-10840,31,Female,Rajshahi,Xiaomi Redmi Note 12,Postpaid Corporate,66,8,Postpaid,0,16.0,4G
CUST-10841,48,Male,Mymensingh,Realme 11,Postpaid Corporate,49,6,Postpaid,0,15.0,4G
CUST-10842,60,Female,Chattogram,Vivo Y20,Student Special 4G,9,10,Prepaid,0,9.0,4G
CUST-10843,19,Male,Rajshahi,Xiaomi Redmi Note 12,Prepaid Saver 30D,27,10,Prepaid,0,16.0,5G
CUST-10844,18,Female,Chattogram,iPhone 15 Pro,Student Special 4G,53,10,Prepaid,0,16.0,4G
CUST-10845,18,Female,Rangpur,Realme 11,Prepaid Saver 30D,29,7,Prepaid,0,22.0,5G
CUST-10846,25,Male,Mymensingh,Xiaomi Redmi Note 12,Prepaid Saver 30D,20,8,Prepaid,0,9.0,5G
CUST-10847,20,Male,Barishal,iPhone 15 Pro,Student Special 4G,3,4,Prepaid,0,15.0,4G
CUST-10848,56,Female,Rajshahi,Vivo Y20,Family Bundle,25,5,Postpaid,0,15.0,4G
CUST-10849,46,Female,Dhaka,Vivo Y20,Family Bundle,25,7,Postpaid,0,29.0,4G
CUST-10850,64,Male,Dhaka,iPhone 15 Pro,Unlimited Data Max,58,7,Prepaid,0,15.0,4G
CUST-10851,55,Female,Dhaka,Realme 11,Prepaid Saver 30D,56,10,Prepaid,0,9.0,4G
CUST-10852,63,Female,Khulna,Vivo Y20,Student Special 4G,9,6,Prepaid,0,22.0,3G
CUST-10853,29,Female,Rajshahi,Realme 11,Student Special 4G,37,10,Prepaid,1,23.0,4G
CUST-10854,31,Male,Rangpur,Samsung S23 Ultra,Prepaid Saver 30D,65,10,Prepaid,0,9.0,4G
CUST-10855,57,Female,Dhaka,Vivo Y20,Unlimited Data Max,34,10,Prepaid,1,9.0,4G
CUST-10856,29,Female,Mymensingh,Samsung S23 Ultra,Prepaid Saver 30D,68,7,Prepaid,0,15.0,4G
CUST-10857,20,Female,Mymensingh,Realme 11,Unlimited Data Max,7,9,Prepaid,0,16.0,5G
CUST-10858,49,Male,Mymensingh,Xiaomi Redmi Note 12,Prepaid Saver 30D,23,9,Prepaid,1,23.0,5G
CUST-10859,55,Female,Dhaka,Samsung S23 Ultra,Postpaid Corporate,66,10,Postpaid,0,16.0,4G
CUST-10860,63,Male,Dhaka,Realme 11,Unlimited Data Max,51,10,Prepaid,0,16.0,4G
CUST-10861,61,Male,Rajshahi,iPhone 15 Pro,Postpaid Corporate,21,9,Postpaid,0,9.0,5G
CUST-10862,23,Male,Dhaka,Vivo Y20,Postpaid Corporate,64,10,Postpaid,0,9.0,5G
CUST-10863,54,Male,Chattogram,Vivo Y20,Prepaid Saver 30D,28,8,Prepaid,0,9.0,4G
CUST-10864,57,Female,Khulna,Xiaomi Redmi Note 12,Prepaid Saver 30D,57,6,Prepaid,0,22.0,4G
CUST-10865,50,Female,Dhaka,Realme 11,Family Bundle,24,5,Postpaid,0,15.0,4G
CUST-10866,56,Male,Barishal,Samsung S23 Ultra,Prepaid Saver 30D,25,7,Prepaid,0,15.0,4G
CUST-10867,57,Male,Barishal,Vivo Y20,Student Special 4G,24,6,Prepaid,0,15.0,4G
CUST-10868,38,Male,Mymensingh,Realme 11,Prepaid Saver 30D,26,6,Prepaid,0,15.0,4G
CUST-10869,19,Female,Sylhet,iPhone 15 Pro,Prepaid Saver 30D,43,8,Prepaid,0,16.0,4G
CUST-10870,39,Male,Dhaka,Samsung S23 Ultra,Family Bundle,58,6,Postpaid,0,22.0,4G
CUST-10871,27,Male,Chattogram,Xiaomi Redmi Note 12,Unlimited Data Max,45,10,Prepaid,0,9.0,4G
CUST-10872,23,Female,Rajshahi,Vivo Y20,Prepaid Saver 30D,2,7,Prepaid,0,22.0,4G
CUST-10873,23,Female,Dhaka,Vivo Y20,Family Bundle,43,10,Postpaid,0,14.0,4G
CUST-10874,50,Male,Sylhet,Samsung S23 Ultra,Prepaid Saver 30D,31,10,Prepaid,0,16.0,4G
CUST-10875,41,Male,Khulna,Realme 11,Prepaid Saver 30D,5,10,Prepaid,0,9.0,5G
CUST-10876,43,Male,Chattogram,Samsung S23 Ultra,Family Bundle,24,10,Postpaid,0,14.0,4G
CUST-10877,53,Female,Dhaka,iPhone 15 Pro,Unlimited Data Max,69,6,Prepaid,1,20.0,4G
CUST-10878,43,Female,Dhaka,Xiaomi Redmi Note 12,Postpaid Corporate,25,9,Postpaid,0,9.0,4G
CUST-10879,47,Male,Rajshahi,Samsung S23 Ultra,Student Special 4G,51,4,Prepaid,0,22.0,5G
CUST-10880,22,Male,Chattogram,Samsung S23 Ultra,Student Special 4G,15,6,Prepaid,0,22.0,4G
CUST-10881,58,Male,Rangpur,Vivo Y20,Prepaid Saver 30D,63,10,Prepaid,1,9.0,4G
CUST-10882,39,Male,Rajshahi,Realme 11,Unlimited Data Max,58,4,Prepaid,0,29.0,4G
CUST-10883,25,Female,Rangpur,Realme 11,Student Special 4G,12,7,Prepaid,0,15.0,4G
CUST-10884,56,Male,Rangpur,Xiaomi Redmi Note 12,Student Special 4G,50,4,Prepaid,0,15.0,4G
CUST-10885,52,Female,Chattogram,Xiaomi Redmi Note 12,Unlimited Data Max,67,9,Prepaid,0,14.0,4G
CUST-10886,20,Male,Dhaka,Samsung S23 Ultra,Prepaid Saver 30D,65,10,Prepaid,0,9.0,3G
CUST-10887,27,Female,Rangpur,Xiaomi Redmi Note 12,Prepaid Saver 30D,52,4,Prepaid,0,15.0,4G
CUST-10888,18,Male,Dhaka,Realme 11,Unlimited Data Max,52,5,Prepaid,0,15.0,4G
CUST-10889,30,Female,Chattogram,iPhone 15 Pro,Student Special 4G,36,10,Prepaid,0,9.0,3G
CUST-10890,22,Male,Dhaka,Xiaomi Redmi Note 12,Family Bundle,11,6,Postpaid,1,15.0,5G
CUST-10891,51,Male,Chattogram,Xiaomi Redmi Note 12,Prepaid Saver 30D,2,4,Prepaid,0,22.0,4G
CUST-10892,42,Male,Rangpur,Vivo Y20,Family Bundle,21,4,Postpaid,0,15.0,4G
CUST-10893,64,Female,Dhaka,Samsung S23 Ultra,Student Special 4G,18,10,Prepaid,0,30.0,4G
CUST-10894,53,Male,Mymensingh,Samsung S23 Ultra,Postpaid Corporate,65,10,Postpaid,0,16.0,5G
CUST-10895,46,Male,Sylhet,iPhone 15 Pro,Family Bundle,60,5,Postpaid,0,15.0,4G
CUST-10896,41,Female,Dhaka,Samsung S23 Ultra,Prepaid Saver 30D,24,6,Prepaid,0,15.0,4G
CUST-10897,20,Female,Rajshahi,Vivo Y20,Family Bundle,27,5,Postpaid,0,22.0,5G
CUST-10898,21,Female,Barishal,iPhone 15 Pro,Unlimited Data Max,53,8,Prepaid,0,9.0,4G
CUST-10899,46,Male,Chattogram,iPhone 15 Pro,Prepaid Saver 30D,49,10,Prepaid,0,9.0,4G
CUST-10900,18,Male,Chattogram,iPhone 15 Pro,Prepaid Saver 30D,63,10,Prepaid,0,16.0,3G
CUST-10901,19,Male,Dhaka,Vivo Y20,Unlimited Data Max,52,7,Prepaid,1,15.0,4G
CUST-10902,28,Male,Dhaka,Realme 11,Postpaid Corporate,50,10,Postpaid,0,9.0,4G
CUST-10903,59,Female,Dhaka,Xiaomi Redmi Note 12,Prepaid Saver 30D,56,6,Prepaid,0,22.0,3G
CUST-10904,39,Female,Chattogram,Realme 11,Prepaid Saver 30D,64,10,Prepaid,1,9.0,4G
CUST-10905,51,Female,Chattogram,Samsung S23 Ultra,Prepaid Saver 30D,28,9,Prepaid,0,9.0,4G
CUST-10906,37,Female,Mymensingh,Realme 11,Unlimited Data Max,18,10,Prepaid,1,23.0,4G
CUST-10907,26,Male,Barishal,iPhone 15 Pro,Unlimited Data Max,65,6,Prepaid,0,15.0,5G
CUST-10908,35,Female,Rajshahi,iPhone 15 Pro,Unlimited Data Max,12,10,Prepaid,0,14.0,4G
CUST-10909,22,Female,Sylhet,Samsung S23 Ultra,Family Bundle,21,6,Postpaid,0,15.0,4G
CUST-10910,54,Female,Rajshahi,Samsung S23 Ultra,Student Special 4G,10,10,Prepaid,0,9.0,4G
CUST-10911,26,Female,Khulna,Realme 11,Prepaid Saver 30D,60,4,Prepaid,0,15.0,4G
CUST-10912,35,Male,Mymensingh,Vivo Y20,Postpaid Corporate,66,6,Postpaid,0,15.0,5G
CUST-10913,64,Male,Mymensingh,Vivo Y20,Postpaid Corporate,31,9,Postpaid,0,9.0,5G
CUST-10914,45,Male,Sylhet,iPhone 15 Pro,Prepaid Saver 30D,8,9,Prepaid,1,16.0,4G
CUST-10915,39,Female,Sylhet,Realme 11,Unlimited Data Max,17,5,Prepaid,0,20.0,4G
CUST-10916,43,Male,Dhaka,Samsung S23 Ultra,Prepaid Saver 30D,42,4,Prepaid,0,22.0,4G
CUST-10917,54,Male,Khulna,Realme 11,Prepaid Saver 30D,25,10,Prepaid,0,9.0,3G
CUST-10918,29,Male,Rajshahi,Xiaomi Redmi Note 12,Student Special 4G,54,6,Prepaid,0,15.0,5G
CUST-10919,47,Male,Barishal,Vivo Y20,Unlimited Data Max,57,10,Prepaid,0,9.0,5G
CUST-10920,59,Female,Dhaka,Samsung S23 Ultra,Prepaid Saver 30D,32,5,Prepaid,0,41.0,4G
CUST-10921,44,Female,Mymensingh,Realme 11,Prepaid Saver 30D,44,6,Prepaid,0,22.0,5G
CUST-10922,38,Female,Rajshahi,Xiaomi Redmi Note 12,Postpaid Corporate,5,4,Postpaid,0,15.0,4G
CUST-10923,24,Male,Dhaka,Xiaomi Redmi Note 12,Family Bundle,10,9,Postpaid,0,9.0,4G
CUST-10924,29,Male,Dhaka,Xiaomi Redmi Note 12,Prepaid Saver 30D,24,9,Prepaid,0,16.0,4G
CUST-10925,62,Male,Chattogram,Realme 11,Unlimited Data Max,9,9,Prepaid,0,14.0,4G
CUST-10926,43,Female,Khulna,Xiaomi Redmi Note 12,Postpaid Corporate,2,10,Postpaid,0,9.0,4G
CUST-10927,32,Female,Rangpur,Xiaomi Redmi Note 12,Unlimited Data Max,49,10,Prepaid,1,14.0,4G
CUST-10928,37,Male,Rangpur,Xiaomi Redmi Note 12,Unlimited Data Max,2,6,Prepaid,0,15.0,4G
CUST-10929,45,Male,Dhaka,Samsung S23 Ultra,Postpaid Corporate,18,8,Postpaid,0,14.0,4G
CUST-10930,43,Male,Dhaka,Realme 11,Unlimited Data Max,52,4,Prepaid,0,22.0,5G
CUST-10931,50,Female,Rajshahi,Realme 11,Unlimited Data Max,15,10,Prepaid,1,16.0,5G
CUST-10932,30,Male,Rajshahi,Xiaomi Redmi Note 12,Prepaid Saver 30D,17,7,Prepaid,1,29.0,5G
CUST-10933,48,Female,Dhaka,Realme 11,Prepaid Saver 30D,54,5,Prepaid,0,22.0,5G
CUST-10934,38,Male,Dhaka,iPhone 15 Pro,Family Bundle,2,10,Postpaid,0,16.0,5G
CUST-10935,62,Male,Chattogram,iPhone 15 Pro,Prepaid Saver 30D,23,8,Prepaid,0,9.0,4G
CUST-10936,25,Female,Rajshahi,Vivo Y20,Prepaid Saver 30D,39,4,Prepaid,0,15.0,4G
CUST-10937,24,Female,Khulna,Vivo Y20,Postpaid Corporate,5,4,Postpaid,0,22.0,4G
CUST-10938,39,Female,Dhaka,Vivo Y20,Student Special 4G,47,6,Prepaid,0,34.0,4G
CUST-10939,41,Male,Rangpur,Samsung S23 Ultra,Prepaid Saver 30D,31,10,Prepaid,0,9.0,3G
CUST-10940,50,Male,Mymensingh,Xiaomi Redmi Note 12,Postpaid Corporate,23,4,Postpaid,0,15.0,4G
CUST-10941,36,Female,Sylhet,Realme 11,Postpaid Corporate,41,8,Postpaid,0,21.0,4G
CUST-10942,60,Female,Dhaka,Samsung S23 Ultra,Prepaid Saver 30D,3,7,Prepaid,1,15.0,4G
CUST-10943,40,Male,Dhaka,Vivo Y20,Unlimited Data Max,43,10,Prepaid,0,9.0,4G
CUST-10944,24,Female,Sylhet,Realme 11,Postpaid Corporate,33,9,Postpaid,0,16.0,4G
CUST-10945,23,Female,Sylhet,iPhone 15 Pro,Prepaid Saver 30D,5,8,Prepaid,0,14.0,4G
CUST-10946,63,Female,Sylhet,Xiaomi Redmi Note 12,Prepaid Saver 30D,56,10,Prepaid,0,9.0,4G
CUST-10947,24,Male,Rajshahi,Vivo Y20,Prepaid Saver 30D,33,4,Prepaid,0,15.0,4G
CUST-10948,62,Female,Dhaka,Vivo Y20,Unlimited Data Max,5,7,Prepaid,0,22.0,4G
CUST-10949,31,Female,Chattogram,Vivo Y20,Unlimited Data Max,26,4,Prepaid,0,15.0,5G
CUST-10950,22,Male,Dhaka,Vivo Y20,Prepaid Saver 30D,53,7,Prepaid,0,22.0,4G
CUST-10951,32,Male,Sylhet,Realme 11,Student Special 4G,32,6,Prepaid,0,22.0,4G
CUST-10952,46,Female,Dhaka,Vivo Y20,Student Special 4G,28,10,Prepaid,0,21.0,5G
CUST-10953,38,Male,Rajshahi,Vivo Y20,Prepaid Saver 30D,3,10,Prepaid,0,9.0,4G
CUST-10954,54,Male,Sylhet,Samsung S23 Ultra,Prepaid Saver 30D,5,6,Prepaid,1,22.0,5G
CUST-10955,46,Male,Sylhet,Realme 11,Family Bundle,21,10,Postpaid,0,16.0,4G
CUST-10956,36,Female,Sylhet,iPhone 15 Pro,Postpaid Corporate,20,10,Postpaid,1,16.0,4G
CUST-10957,47,Female,Khulna,Xiaomi Redmi Note 12,Postpaid Corporate,46,5,Postpaid,0,15.0,4G
CUST-10958,63,Female,Dhaka,Samsung S23 Ultra,Unlimited Data Max,34,9,Prepaid,0,9.0,4G
CUST-10959,37,Female,Sylhet,Realme 11,Unlimited Data Max,9,8,Prepaid,0,9.0,4G
CUST-10960,25,Female,Chattogram,Vivo Y20,Prepaid Saver 30D,47,10,Prepaid,0,14.0,4G
CUST-10961,37,Male,Chattogram,Xiaomi Redmi Note 12,Student Special 4G,69,7,Prepaid,0,15.0,4G
CUST-10962,57,Male,Sylhet,Realme 11,Family Bundle,61,10,Postpaid,1,9.0,4G
CUST-10963,28,Male,Mymensingh,iPhone 15 Pro,Unlimited Data Max,71,9,Prepaid,0,9.0,4G
CUST-10964,62,Male,Khulna,Realme 11,Postpaid Corporate,35,7,Postpaid,0,22.0,4G
CUST-10965,45,Male,Chattogram,Samsung S23 Ultra,Student Special 4G,26,7,Prepaid,0,29.0,5G
CUST-10966,46,Female,Dhaka,Vivo Y20,Student Special 4G,4,10,Prepaid,0,9.0,4G
CUST-10967,32,Male,Sylhet,iPhone 15 Pro,Prepaid Saver 30D,49,10,Prepaid,0,9.0,4G
CUST-10968,61,Male,Khulna,Xiaomi Redmi Note 12,Prepaid Saver 30D,32,6,Prepaid,1,29.0,4G
CUST-10969,19,Female,Dhaka,Vivo Y20,Family Bundle,46,8,Postpaid,0,16.0,5G
CUST-10970,32,Male,Khulna,Samsung S23 Ultra,Prepaid Saver 30D,22,5,Prepaid,1,15.0,4G
CUST-10971,37,Female,Rangpur,Vivo Y20,Prepaid Saver 30D,12,8,Prepaid,0,9.0,4G
CUST-10972,40,Female,Rangpur,Realme 11,Unlimited Data Max,49,10,Prepaid,0,9.0,5G
CUST-10973,40,Female,Dhaka,Vivo Y20,Prepaid Saver 30D,28,10,Prepaid,0,16.0,5G
CUST-10974,24,Female,Khulna,Xiaomi Redmi Note 12,Unlimited Data Max,38,8,Prepaid,0,16.0,5G
CUST-10975,28,Male,Dhaka,iPhone 15 Pro,Prepaid Saver 30D,70,10,Prepaid,0,16.0,4G
CUST-10976,22,Female,Dhaka,Xiaomi Redmi Note 12,Family Bundle,20,9,Postpaid,0,23.0,4G
CUST-10977,44,Male,Chattogram,Xiaomi Redmi Note 12,Prepaid Saver 30D,10,8,Prepaid,0,9.0,5G
CUST-10978,34,Female,Khulna,Vivo Y20,Family Bundle,51,4,Postpaid,0,29.0,4G
CUST-10979,44,Female,Khulna,Xiaomi Redmi Note 12,Family Bundle,41,5,Postpaid,0,22.0,4G
CUST-10980,45,Female,Dhaka,Xiaomi Redmi Note 12,Student Special 4G,29,9,Prepaid,0,9.0,4G
CUST-10981,50,Male,Dhaka,Samsung S23 Ultra,Postpaid Corporate,43,4,Postpaid,0,15.0,4G
CUST-10982,43,Female,Chattogram,iPhone 15 Pro,Student Special 4G,66,4,Prepaid,0,20.0,4G
CUST-10983,48,Female,Chattogram,Xiaomi Redmi Note 12,Prepaid Saver 30D,12,7,Prepaid,0,15.0,4G
CUST-10984,45,Female,Rajshahi,iPhone 15 Pro,Unlimited Data Max,57,9,Prepaid,0,30.0,4G
CUST-10985,48,Male,Chattogram,iPhone 15 Pro,Family Bundle,39,10,Postpaid,0,23.0,4G
CUST-10986,46,Female,Chattogram,Samsung S23 Ultra,Prepaid Saver 30D,58,10,Prepaid,0,9.0,5G
CUST-10987,32,Male,Sylhet,Vivo Y20,Family Bundle,66,10,Postpaid,0,14.0,3G
CUST-10988,29,Male,Dhaka,Vivo Y20,Prepaid Saver 30D,12,10,Prepaid,0,9.0,3G
CUST-10989,55,Female,Rangpur,iPhone 15 Pro,Prepaid Saver 30D,9,6,Prepaid,0,15.0,4G
CUST-10990,34,Male,Khulna,Samsung S23 Ultra,Student Special 4G,1,10,Prepaid,0,9.0,5G
CUST-10991,43,Male,Rajshahi,Vivo Y20,Postpaid Corporate,14,4,Postpaid,0,15.0,5G
CUST-10992,27,Female,Khulna,Vivo Y20,Prepaid Saver 30D,25,5,Prepaid,0,15.0,4G
CUST-10993,38,Female,Chattogram,Vivo Y20,Student Special 4G,19,10,Prepaid,1,9.0,5G
CUST-10994,42,Male,Rangpur,Xiaomi Redmi Note 12,Prepaid Saver 30D,59,7,Prepaid,0,29.0,5G
CUST-10995,47,Male,Rangpur,Realme 11,Unlimited Data Max,54,9,Prepaid,0,14.0,4G
CUST-10996,42,Male,Dhaka,Realme 11,Postpaid Corporate,25,10,Postpaid,0,30.0,4G
CUST-10997,34,Male,Rajshahi,iPhone 15 Pro,Unlimited Data Max,41,10,Prepaid,0,16.0,4G
CUST-10998,63,Female,Khulna,Xiaomi Redmi Note 12,Prepaid Saver 30D,23,7,Prepaid,1,15.0,4G
CUST-10999,42,Male,Rangpur,iPhone 15 Pro,Unlimited Data Max,36,10,Prepaid,0,21.0,4G
CUST-11000,55,Female,Rajshahi,Realme 11,Unlimited Data Max,21,10,Prepaid,0,9.0,4G
CUST-11001,52,Male,Barishal,Vivo Y20,Family Bundle,57,6,Postpaid,0,15.0,5G
CUST-11002,44,Female,Rangpur,Samsung S23 Ultra,Unlimited Data Max,17,9,Prepaid,0,9.0,4G
CUST-11003,59,Female,Sylhet,Samsung S23 Ultra,Student Special 4G,70,10,Prepaid,0,16.0,3G
CUST-11004,24,Female,Rajshahi,iPhone 15 Pro,Postpaid Corporate,67,10,Postpaid,0,9.0,5G
CUST-11005,61,Male,Chattogram,Samsung S23 Ultra,Unlimited Data Max,14,8,Prepaid,0,9.0,3G
CUST-11006,57,Male,Rajshahi,Samsung S23 Ultra,Family Bundle,41,8,Postpaid,0,9.0,5G
CUST-11007,41,Female,Mymensingh,Vivo Y20,Unlimited Data Max,58,9,Prepaid,0,14.0,4G
CUST-11008,52,Male,Dhaka,Xiaomi Redmi Note 12,Prepaid Saver 30D,60,8,Prepaid,0,9.0,4G
CUST-11009,42,Female,Rangpur,Realme 11,Student Special 4G,27,7,Prepaid,1,15.0,3G
CUST-11010,30,Female,Khulna,Xiaomi Redmi Note 12,Student Special 4G,39,10,Prepaid,0,16.0,3G
CUST-11011,55,Male,Rangpur,Realme 11,Prepaid Saver 30D,11,10,Prepaid,0,16.0,3G
CUST-11012,29,Male,Mymensingh,Realme 11,Student Special 4G,18,10,Prepaid,0,9.0,4G
CUST-11013,32,Male,Dhaka,Samsung S23 Ultra,Family Bundle,19,5,Postpaid,1,22.0,4G
CUST-11014,42,Male,Sylhet,Samsung S23 Ultra,Prepaid Saver 30D,21,9,Prepaid,1,9.0,3G
CUST-11015,57,Male,Khulna,Xiaomi Redmi Note 12,Postpaid Corporate,29,6,Postpaid,0,27.0,4G
CUST-11016,36,Female,Dhaka,iPhone 15 Pro,Prepaid Saver 30D,49,5,Prepaid,0,15.0,4G
CUST-11017,41,Female,Dhaka,Vivo Y20,Prepaid Saver 30D,64,6,Prepaid,0,22.0,4G
CUST-11018,19,Male,Chattogram,iPhone 15 Pro,Prepaid Saver 30D,42,5,Prepaid,0,29.0,5G
CUST-11019,23,Female,Mymensingh,iPhone 15 Pro,Unlimited Data Max,34,10,Prepaid,1,9.0,4G
CUST-11020,20,Male,Dhaka,Xiaomi Redmi Note 12,Postpaid Corporate,50,9,Postpaid,0,9.0,5G
CUST-11021,21,Male,Sylhet,Samsung S23 Ultra,Unlimited Data Max,44,10,Prepaid,0,9.0,4G
CUST-11022,58,Female,Sylhet,Vivo Y20,Unlimited Data Max,32,10,Prepaid,0,23.0,5G
CUST-11023,57,Female,Rajshahi,Samsung S23 Ultra,Prepaid Saver 30D,3,6,Prepaid,0,27.0,4G
CUST-11024,56,Male,Chattogram,Vivo Y20,Unlimited Data Max,39,5,Prepaid,0,15.0,4G
CUST-11025,20,Male,Rajshahi,Realme 11,Prepaid Saver 30D,5,5,Prepaid,0,20.0,3G
CUST-11026,21,Female,Barishal,Vivo Y20,Prepaid Saver 30D,44,4,Prepaid,0,22.0,4G
CUST-11027,31,Male,Rangpur,iPhone 15 Pro,Unlimited Data Max,67,4,Prepaid,0,15.0,4G
CUST-11028,44,Male,Dhaka,Vivo Y20,Unlimited Data Max,57,9,Prepaid,0,9.0,4G
CUST-11029,33,Male,Sylhet,Vivo Y20,Unlimited Data Max,60,10,Prepaid,0,9.0,3G
CUST-11030,40,Male,Dhaka,Xiaomi Redmi Note 12,Prepaid Saver 30D,33,6,Prepaid,1,22.0,4G
CUST-11031,26,Female,Dhaka,iPhone 15 Pro,Prepaid Saver 30D,35,9,Prepaid,0,9.0,5G
CUST-11032,52,Female,Sylhet,Samsung S23 Ultra,Postpaid Corporate,38,6,Postpaid,0,20.0,5G
CUST-11033,32,Male,Khulna,Samsung S23 Ultra,Postpaid Corporate,15,10,Postpaid,0,16.0,3G
CUST-11034,21,Male,Rangpur,Xiaomi Redmi Note 12,Prepaid Saver 30D,70,10,Prepaid,0,9.0,4G
CUST-11035,52,Male,Rangpur,Vivo Y20,Unlimited Data Max,3,10,Prepaid,0,16.0,3G
CUST-11036,60,Male,Dhaka,Xiaomi Redmi Note 12,Prepaid Saver 30D,71,9,Prepaid,0,14.0,4G
CUST-11037,18,Male,Dhaka,Vivo Y20,Prepaid Saver 30D,70,10,Prepaid,0,16.0,4G
CUST-11038,38,Female,Khulna,Realme 11,Prepaid Saver 30D,67,4,Prepaid,0,15.0,4G
CUST-11039,56,Female,Rangpur,Realme 11,Family Bundle,1,8,Postpaid,0,9.0,4G
CUST-11040,51,Female,Sylhet,Realme 11,Unlimited Data Max,68,4,Prepaid,0,15.0,5G
CUST-11041,58,Male,Dhaka,Vivo Y20,Prepaid Saver 30D,17,10,Prepaid,0,9.0,5G
CUST-11042,37,Male,Rajshahi,Vivo Y20,Student Special 4G,19,4,Prepaid,0,22.0,4G
CUST-11043,35,Male,Dhaka,Samsung S23 Ultra,Family Bundle,49,8,Postpaid,0,9.0,5G
CUST-11044,51,Male,Khulna,Xiaomi Redmi Note 12,Prepaid Saver 30D,29,5,Prepaid,0,15.0,4G
CUST-11045,25,Male,Rajshahi,Xiaomi Redmi Note 12,Prepaid Saver 30D,67,10,Prepaid,0,14.0,4G
CUST-11046,29,Male,Rangpur,Vivo Y20,Unlimited Data Max,36,8,Prepaid,0,14.0,4G
CUST-11047,46,Female,Dhaka,iPhone 15 Pro,Student Special 4G,9,9,Prepaid,0,14.0,3G
CUST-11048,49,Male,Dhaka,Vivo Y20,Prepaid Saver 30D,18,10,Prepaid,0,9.0,4G
CUST-11049,23,Male,Dhaka,Xiaomi Redmi Note 12,Prepaid Saver 30D,55,10,Prepaid,0,16.0,4G
CUST-11050,41,Female,Chattogram,Vivo Y20,Prepaid Saver 30D,41,8,Prepaid,0,9.0,5G
CUST-11051,35,Female,Dhaka,Realme 11,Prepaid Saver 30D,24,7,Prepaid,0,15.0,4G
CUST-11052,41,Female,Rangpur,iPhone 15 Pro,Postpaid Corporate,16,6,Postpaid,0,22.0,5G
CUST-11053,63,Male,Dhaka,Vivo Y20,Unlimited Data Max,49,10,Prepaid,0,9.0,3G
CUST-11054,21,Male,Dhaka,Samsung S23 Ultra,Prepaid Saver 30D,19,10,Prepaid,0,9.0,5G
CUST-11055,64,Male,Rajshahi,Samsung S23 Ultra,Unlimited Data Max,7,9,Prepaid,0,9.0,4G
CUST-11056,39,Male,Chattogram,Xiaomi Redmi Note 12,Student Special 4G,40,9,Prepaid,0,9.0,4G
CUST-11057,54,Female,Dhaka,iPhone 15 Pro,Unlimited Data Max,62,10,Prepaid,0,16.0,5G
CUST-11058,37,Female,Sylhet,Samsung S23 Ultra,Family Bundle,22,5,Postpaid,0,15.0,4G
CUST-11059,32,Female,Chattogram,Vivo Y20,Prepaid Saver 30D,51,4,Prepaid,1,15.0,5G
CUST-11060,54,Female,Dhaka,Samsung S23 Ultra,Prepaid Saver 30D,32,4,Prepaid,0,29.0,5G
CUST-11061,50,Male,Khulna,Xiaomi Redmi Note 12,Prepaid Saver 30D,68,9,Prepaid,0,9.0,4G
CUST-11062,24,Male,Chattogram,iPhone 15 Pro,Prepaid Saver 30D,44,10,Prepaid,0,23.0,4G
CUST-11063,51,Female,Dhaka,iPhone 15 Pro,Prepaid Saver 30D,36,6,Prepaid,0,15.0,4G
CUST-11064,53,Female,Chattogram,iPhone 15 Pro,Prepaid Saver 30D,17,10,Prepaid,0,9.0,4G
CUST-11065,36,Female,Dhaka,iPhone 15 Pro,Unlimited Data Max,64,10,Prepaid,0,14.0,4G
CUST-11066,61,Female,Rangpur,Realme 11,Prepaid Saver 30D,4,10,Prepaid,0,16.0,4G
CUST-11067,48,Male,Dhaka,iPhone 15 Pro,Student Special 4G,39,10,Prepaid,0,16.0,4G
CUST-11068,33,Male,Dhaka,Realme 11,Unlimited Data Max,19,7,Prepaid,0,22.0,3G
CUST-11069,18,Female,Dhaka,Xiaomi Redmi Note 12,Student Special 4G,37,10,Prepaid,0,16.0,4G
CUST-11070,49,Male,Sylhet,Realme 11,Student Special 4G,70,9,Prepaid,0,9.0,4G
CUST-11071,27,Female,Chattogram,Xiaomi Redmi Note 12,Postpaid Corporate,7,8,Postpaid,0,16.0,4G
CUST-11072,53,Male,Rangpur,iPhone 15 Pro,Unlimited Data Max,4,10,Prepaid,0,14.0,4G
CUST-11073,42,Male,Dhaka,Xiaomi Redmi Note 12,Prepaid Saver 30D,58,10,Prepaid,1,16.0,4G
CUST-11074,39,Male,Sylhet,Realme 11,Student Special 4G,50,10,Prepaid,0,9.0,4G
CUST-11075,25,Female,Dhaka,Xiaomi Redmi Note 12,Prepaid Saver 30D,30,9,Prepaid,0,16.0,5G
CUST-11076,51,Male,Chattogram,Vivo Y20,Prepaid Saver 30D,16,10,Prepaid,0,9.0,4G
CUST-11077,25,Male,Dhaka,Xiaomi Redmi Note 12,Prepaid Saver 30D,43,6,Prepaid,0,27.0,5G
CUST-11078,37,Female,Chattogram,iPhone 15 Pro,Prepaid Saver 30D,19,8,Prepaid,0,9.0,3G
CUST-11079,57,Male,Rajshahi,Samsung S23 Ultra,Unlimited Data Max,47,10,Prepaid,0,9.0,4G
CUST-11080,61,Male,Mymensingh,iPhone 15 Pro,Unlimited Data Max,29,10,Prepaid,0,9.0,5G
CUST-11081,64,Female,Mymensingh,Samsung S23 Ultra,Postpaid Corporate,56,9,Postpaid,0,14.0,4G
CUST-11082,63,Female,Chattogram,Samsung S23 Ultra,Prepaid Saver 30D,47,9,Prepaid,0,14.0,4G
CUST-11083,44,Female,Mymensingh,iPhone 15 Pro,Unlimited Data Max,41,6,Prepaid,0,34.0,4G
CUST-11084,27,Male,Dhaka,iPhone 15 Pro,Family Bundle,7,7,Postpaid,0,34.0,4G
CUST-11085,57,Female,Sylhet,Vivo Y20,Prepaid Saver 30D,45,10,Prepaid,0,9.0,5G
CUST-11086,55,Male,Rajshahi,Realme 11,Unlimited Data Max,50,5,Prepaid,0,15.0,4G
CUST-11087,64,Female,Khulna,Realme 11,Unlimited Data Max,37,4,Prepaid,1,36.0,4G
CUST-11088,48,Male,Rangpur,Xiaomi Redmi Note 12,Prepaid Saver 30D,43,9,Prepaid,0,16.0,4G
CUST-11089,24,Female,Khulna,Samsung S23 Ultra,Prepaid Saver 30D,44,10,Prepaid,0,16.0,4G
CUST-11090,41,Female,Khulna,Vivo Y20,Unlimited Data Max,17,10,Prepaid,0,16.0,4G
CUST-11091,39,Male,Chattogram,Xiaomi Redmi Note 12,Student Special 4G,32,8,Prepaid,0,14.0,4G
CUST-11092,57,Male,Mymensingh,Xiaomi Redmi Note 12,Student Special 4G,9,5,Prepaid,0,15.0,4G
CUST-11093,36,Female,Dhaka,Realme 11,Prepaid Saver 30D,56,10,Prepaid,0,16.0,4G
CUST-11094,33,Female,Barishal,Samsung S23 Ultra,Student Special 4G,11,7,Prepaid,0,20.0,5G
CUST-11095,21,Female,Rajshahi,Xiaomi Redmi Note 12,Prepaid Saver 30D,58,5,Prepaid,0,15.0,4G
CUST-11096,57,Female,Barishal,Realme 11,Student Special 4G,46,10,Prepaid,0,9.0,3G
CUST-11097,53,Female,Mymensingh,Realme 11,Prepaid Saver 30D,37,10,Prepaid,1,21.0,4G
CUST-11098,19,Male,Chattogram,Xiaomi Redmi Note 12,Postpaid Corporate,36,4,Postpaid,0,22.0,4G
CUST-11099,38,Male,Dhaka,Vivo Y20,Unlimited Data Max,11,10,Prepaid,0,9.0,5G
CUST-11100,40,Female,Rangpur,Vivo Y20,Unlimited Data Max,47,9,Prepaid,0,16.0,5G
CUST-11101,40,Male,Chattogram,Samsung S23 Ultra,Student Special 4G,27,10,Prepaid,1,14.0,5G
CUST-11102,61,Female,Mymensingh,Samsung S23 Ultra,Prepaid Saver 30D,56,10,Prepaid,0,16.0,4G
CUST-11103,25,Male,Khulna,Xiaomi Redmi Note 12,Prepaid Saver 30D,60,8,Prepaid,0,16.0,4G
CUST-11104,32,Male,Rangpur,Vivo Y20,Unlimited Data Max,66,7,Prepaid,0,34.0,4G
CUST-11105,26,Male,Chattogram,Xiaomi Redmi Note 12,Student Special 4G,66,10,Prepaid,0,9.0,5G
CUST-11106,29,Female,Rajshahi,iPhone 15 Pro,Prepaid Saver 30D,55,5,Prepaid,0,22.0,4G
CUST-11107,60,Male,Dhaka,Xiaomi Redmi Note 12,Unlimited Data Max,19,9,Prepaid,0,9.0,4G
CUST-11108,62,Male,Dhaka,Vivo Y20,Postpaid Corporate,20,10,Postpaid,0,9.0,4G
CUST-11109,20,Female,Dhaka,Samsung S23 Ultra,Unlimited Data Max,67,6,Prepaid,0,29.0,4G
CUST-11110,47,Male,Dhaka,Xiaomi Redmi Note 12,Prepaid Saver 30D,69,4,Prepaid,0,22.0,5G
CUST-11111,28,Female,Dhaka,Realme 11,Postpaid Corporate,20,4,Postpaid,1,29.0,4G
CUST-11112,27,Female,Chattogram,iPhone 15 Pro,Family Bundle,47,9,Postpaid,0,14.0,4G
CUST-11113,31,Male,Dhaka,Samsung S23 Ultra,Student Special 4G,66,8,Prepaid,0,9.0,4G
CUST-11114,27,Female,Mymensingh,Realme 11,Unlimited Data Max,61,10,Prepaid,0,9.0,4G
CUST-11115,41,Male,Dhaka,Realme 11,Prepaid Saver 30D,67,10,Prepaid,0,9.0,5G
CUST-11116,64,Male,Chattogram,Realme 11,Student Special 4G,25,10,Prepaid,1,9.0,4G
CUST-11117,45,Female,Dhaka,Realme 11,Prepaid Saver 30D,36,7,Prepaid,0,15.0,5G
CUST-11118,51,Male,Dhaka,Realme 11,Postpaid Corporate,43,5,Postpaid,0,34.0,4G
CUST-11119,41,Male,Mymensingh,iPhone 15 Pro,Prepaid Saver 30D,68,10,Prepaid,0,9.0,4G
CUST-11120,18,Male,Rangpur,Samsung S23 Ultra,Student Special 4G,70,4,Prepaid,0,20.0,4G
CUST-11121,21,Female,Khulna,Vivo Y20,Prepaid Saver 30D,39,10,Prepaid,0,9.0,4G
CUST-11122,30,Male,Mymensingh,iPhone 15 Pro,Family Bundle,61,6,Postpaid,1,29.0,3G
CUST-11123,29,Male,Chattogram,Vivo Y20,Prepaid Saver 30D,27,7,Prepaid,0,15.0,3G
CUST-11124,57,Female,Sylhet,Xiaomi Redmi Note 12,Postpaid Corporate,43,5,Postpaid,1,15.0,3G
CUST-11125,57,Male,Dhaka,Xiaomi Redmi Note 12,Unlimited Data Max,58,4,Prepaid,0,20.0,4G
CUST-11126,58,Male,Dhaka,Samsung S23 Ultra,Prepaid Saver 30D,63,5,Prepaid,0,15.0,4G
CUST-11127,47,Male,Chattogram,Vivo Y20,Prepaid Saver 30D,8,8,Prepaid,1,16.0,5G
CUST-11128,44,Female,Chattogram,Xiaomi Redmi Note 12,Unlimited Data Max,6,6,Prepaid,1,22.0,5G
CUST-11129,48,Female,Rajshahi,Vivo Y20,Prepaid Saver 30D,16,7,Prepaid,0,15.0,4G
CUST-11130,37,Female,Chattogram,Realme 11,Unlimited Data Max,8,5,Prepaid,0,15.0,4G
CUST-11131,49,Male,Dhaka,Samsung S23 Ultra,Family Bundle,16,5,Postpaid,0,15.0,5G
CUST-11132,55,Female,Chattogram,Vivo Y20,Student Special 4G,68,10,Prepaid,0,16.0,4G
CUST-11133,53,Female,Sylhet,Xiaomi Redmi Note 12,Postpaid Corporate,45,10,Postpaid,0,9.0,5G
CUST-11134,46,Female,Rajshahi,Samsung S23 Ultra,Prepaid Saver 30D,7,10,Prepaid,0,9.0,4G
CUST-11135,20,Male,Sylhet,Xiaomi Redmi Note 12,Prepaid Saver 30D,51,10,Prepaid,0,14.0,5G
CUST-11136,52,Female,Rangpur,Realme 11,Prepaid Saver 30D,67,10,Prepaid,0,9.0,4G
CUST-11137,35,Male,Rangpur,Realme 11,Unlimited Data Max,60,5,Prepaid,1,22.0,4G
CUST-11138,52,Female,Dhaka,iPhone 15 Pro,Prepaid Saver 30D,61,10,Prepaid,0,9.0,5G
CUST-11139,43,Female,Chattogram,Vivo Y20,Student Special 4G,64,6,Prepaid,0,27.0,5G
CUST-11140,59,Male,Dhaka,iPhone 15 Pro,Unlimited Data Max,54,10,Prepaid,1,21.0,3G
CUST-11141,33,Male,Dhaka,Xiaomi Redmi Note 12,Unlimited Data Max,63,10,Prepaid,0,9.0,4G
CUST-11142,61,Female,Rajshahi,Vivo Y20,Unlimited Data Max,57,10,Prepaid,1,14.0,4G
CUST-11143,57,Male,Barishal,Samsung S23 Ultra,Prepaid Saver 30D,49,10,Prepaid,0,9.0,4G
CUST-11144,33,Female,Chattogram,Xiaomi Redmi Note 12,Unlimited Data Max,15,10,Prepaid,0,9.0,3G
CUST-11145,40,Female,Mymensingh,Xiaomi Redmi Note 12,Prepaid Saver 30D,65,10,Prepaid,0,9.0,5G
CUST-11146,42,Male,Chattogram,Realme 11,Unlimited Data Max,7,9,Prepaid,0,9.0,5G
CUST-11147,54,Female,Barishal,Realme 11,Unlimited Data Max,20,10,Prepaid,0,9.0,4G
CUST-11148,50,Female,Chattogram,Realme 11,Postpaid Corporate,52,4,Postpaid,0,22.0,5G
CUST-11149,58,Male,Mymensingh,iPhone 15 Pro,Family Bundle,52,8,Postpaid,0,9.0,4G
CUST-11150,35,Male,Chattogram,Xiaomi Redmi Note 12,Unlimited Data Max,63,10,Prepaid,0,9.0,3G
CUST-11151,41,Male,Chattogram,Samsung S23 Ultra,Unlimited Data Max,6,10,Prepaid,0,16.0,4G
CUST-11152,38,Male,Chattogram,Vivo Y20,Prepaid Saver 30D,56,10,Prepaid,0,9.0,5G
CUST-11153,60,Female,Rajshahi,iPhone 15 Pro,Student Special 4G,9,7,Prepaid,0,15.0,5G
CUST-11154,32,Female,Chattogram,Xiaomi Redmi Note 12,Prepaid Saver 30D,44,10,Prepaid,0,14.0,4G
CUST-11155,45,Female,Barishal,Realme 11,Prepaid Saver 30D,17,4,Prepaid,0,15.0,4G
CUST-11156,23,Male,Rangpur,Realme 11,Prepaid Saver 30D,41,5,Prepaid,0,15.0,4G
CUST-11157,57,Female,Rangpur,Samsung S23 Ultra,Family Bundle,8,10,Postpaid,1,30.0,3G
CUST-11158,36,Female,Chattogram,Realme 11,Unlimited Data Max,3,7,Prepaid,0,22.0,5G
CUST-11159,34,Female,Dhaka,iPhone 15 Pro,Unlimited Data Max,69,9,Prepaid,0,9.0,4G
CUST-11160,45,Male,Chattogram,Xiaomi Redmi Note 12,Prepaid Saver 30D,37,6,Prepaid,1,22.0,5G
CUST-11161,41,Female,Rajshahi,Samsung S23 Ultra,Prepaid Saver 30D,34,10,Prepaid,0,9.0,4G
CUST-11162,57,Female,Dhaka,Realme 11,Unlimited Data Max,28,4,Prepaid,0,15.0,5G
CUST-11163,42,Male,Sylhet,Xiaomi Redmi Note 12,Student Special 4G,65,10,Prepaid,0,9.0,4G
CUST-11164,42,Female,Rangpur,Samsung S23 Ultra,Postpaid Corporate,56,10,Postpaid,0,9.0,5G
CUST-11165,22,Male,Khulna,Samsung S23 Ultra,Family Bundle,34,10,Postpaid,0,16.0,4G
CUST-11166,19,Female,Barishal,Realme 11,Family Bundle,9,6,Postpaid,0,15.0,4G
CUST-11167,36,Female,Rangpur,Samsung S23 Ultra,Prepaid Saver 30D,50,7,Prepaid,0,15.0,3G
CUST-11168,64,Female,Rajshahi,Xiaomi Redmi Note 12,Student Special 4G,15,9,Prepaid,0,9.0,4G
CUST-11169,61,Female,Rajshahi,Realme 11,Postpaid Corporate,23,6,Postpaid,0,22.0,5G
CUST-11170,47,Male,Chattogram,Vivo Y20,Prepaid Saver 30D,47,10,Prepaid,0,9.0,4G
CUST-11171,47,Female,Mymensingh,Samsung S23 Ultra,Postpaid Corporate,68,10,Postpaid,0,21.0,3G
CUST-11172,36,Male,Rajshahi,iPhone 15 Pro,Family Bundle,16,10,Postpaid,0,9.0,4G
CUST-11173,26,Female,Sylhet,Samsung S23 Ultra,Student Special 4G,3,8,Prepaid,1,9.0,4G
CUST-11174,18,Male,Khulna,Vivo Y20,Postpaid Corporate,31,10,Postpaid,0,14.0,4G
CUST-11175,33,Male,Dhaka,Xiaomi Redmi Note 12,Unlimited Data Max,50,5,Prepaid,1,15.0,5G
CUST-11176,32,Female,Dhaka,Vivo Y20,Student Special 4G,47,5,Prepaid,0,15.0,4G
CUST-11177,27,Male,Mymensingh,Samsung S23 Ultra,Prepaid Saver 30D,68,7,Prepaid,0,15.0,4G
CUST-11178,30,Female,Sylhet,Realme 11,Postpaid Corporate,15,6,Postpaid,0,22.0,4G
CUST-11179,19,Female,Khulna,Samsung S23 Ultra,Postpaid Corporate,56,10,Postpaid,0,14.0,3G
CUST-11180,46,Male,Chattogram,Samsung S23 Ultra,Prepaid Saver 30D,55,6,Prepaid,0,15.0,4G
CUST-11181,61,Male,Barishal,Xiaomi Redmi Note 12,Unlimited Data Max,59,10,Prepaid,0,9.0,4G
CUST-11182,50,Female,Khulna,iPhone 15 Pro,Postpaid Corporate,65,8,Postpaid,0,23.0,4G
CUST-11183,39,Female,Rangpur,iPhone 15 Pro,Unlimited Data Max,22,10,Prepaid,1,9.0,5G
CUST-11184,37,Male,Chattogram,Samsung S23 Ultra,Prepaid Saver 30D,22,4,Prepaid,0,22.0,4G
CUST-11185,32,Female,Dhaka,Xiaomi Redmi Note 12,Unlimited Data Max,33,10,Prepaid,0,9.0,5G
CUST-11186,24,Female,Sylhet,iPhone 15 Pro,Postpaid Corporate,25,8,Postpaid,0,9.0,4G
CUST-11187,46,Male,Dhaka,Vivo Y20,Unlimited Data Max,10,10,Prepaid,0,9.0,5G
CUST-11188,44,Female,Chattogram,Realme 11,Prepaid Saver 30D,24,5,Prepaid,1,29.0,4G
CUST-11189,18,Female,Dhaka,Xiaomi Redmi Note 12,Student Special 4G,27,6,Prepaid,0,15.0,4G
CUST-11190,37,Male,Dhaka,Realme 11,Prepaid Saver 30D,54,10,Prepaid,0,16.0,4G
CUST-11191,31,Female,Chattogram,Xiaomi Redmi Note 12,Student Special 4G,1,9,Prepaid,0,9.0,5G
CUST-11192,26,Female,Mymensingh,Xiaomi Redmi Note 12,Prepaid Saver 30D,54,9,Prepaid,1,16.0,4G
CUST-11193,51,Female,Khulna,Vivo Y20,Unlimited Data Max,56,9,Prepaid,0,9.0,5G
CUST-11194,42,Male,Mymensingh,Xiaomi Redmi Note 12,Student Special 4G,10,7,Prepaid,0,34.0,4G
CUST-11195,47,Male,Khulna,Xiaomi Redmi Note 12,Prepaid Saver 30D,68,10,Prepaid,0,9.0,4G
CUST-11196,51,Male,Barishal,Xiaomi Redmi Note 12,Family Bundle,52,9,Postpaid,0,9.0,4G
CUST-11197,64,Female,Chattogram,Realme 11,Prepaid Saver 30D,50,4,Prepaid,0,15.0,3G
CUST-11198,55,Female,Chattogram,Realme 11,Student Special 4G,55,6,Prepaid,0,15.0,5G
CUST-11199,47,Male,Chattogram,Xiaomi Redmi Note 12,Prepaid Saver 30D,58,10,Prepaid,0,9.0,4G
CUST-11200,59,Female,Rajshahi,Samsung S23 Ultra,Student Special 4G,29,8,Prepaid,0,9.0,5G
CUST-11201,40,Female,Chattogram,Realme 11,Unlimited Data Max,37,10,Prepaid,1,9.0,4G
CUST-11202,64,Male,Mymensingh,Xiaomi Redmi Note 12,Postpaid Corporate,44,4,Postpaid,1,15.0,5G
CUST-11203,53,Male,Chattogram,Vivo Y20,Unlimited Data Max,14,4,Prepaid,0,15.0,4G
CUST-11204,48,Male,Chattogram,Vivo Y20,Student Special 4G,5,6,Prepaid,0,20.0,4G
CUST-11205,60,Female,Chattogram,Samsung S23 Ultra,Unlimited Data Max,52,9,Prepaid,0,9.0,4G
CUST-11206,42,Male,Dhaka,Vivo Y20,Prepaid Saver 30D,18,10,Prepaid,1,16.0,4G
CUST-11207,51,Female,Mymensingh,Vivo Y20,Postpaid Corporate,22,4,Postpaid,0,22.0,5G
CUST-11208,31,Female,Rajshahi,Vivo Y20,Prepaid Saver 30D,8,10,Prepaid,0,9.0,4G
CUST-11209,63,Female,Chattogram,Xiaomi Redmi Note 12,Student Special 4G,33,10,Prepaid,0,9.0,4G
CUST-11210,47,Male,Khulna,iPhone 15 Pro,Postpaid Corporate,41,7,Postpaid,0,15.0,4G
CUST-11211,54,Female,Rajshahi,Realme 11,Unlimited Data Max,64,8,Prepaid,0,14.0,4G
CUST-11212,39,Male,Dhaka,Vivo Y20,Student Special 4G,35,9,Prepaid,0,9.0,5G
CUST-11213,58,Male,Chattogram,Xiaomi Redmi Note 12,Prepaid Saver 30D,27,10,Prepaid,0,14.0,4G
CUST-11214,21,Male,Chattogram,Vivo Y20,Prepaid Saver 30D,57,4,Prepaid,0,20.0,4G
CUST-11215,23,Female,Chattogram,iPhone 15 Pro,Unlimited Data Max,21,9,Prepaid,0,9.0,5G
CUST-11216,41,Female,Rangpur,Vivo Y20,Prepaid Saver 30D,1,9,Prepaid,0,9.0,4G
CUST-11217,52,Male,Dhaka,Samsung S23 Ultra,Student Special 4G,3,10,Prepaid,0,9.0,4G
CUST-11218,56,Male,Dhaka,Vivo Y20,Family Bundle,60,7,Postpaid,0,22.0,4G
CUST-11219,38,Female,Rajshahi,Vivo Y20,Family Bundle,50,7,Postpaid,0,22.0,4G
CUST-11220,48,Female,Dhaka,Realme 11,Postpaid Corporate,13,10,Postpaid,0,16.0,4G
CUST-11221,43,Male,Mymensingh,Realme 11,Unlimited Data Max,16,10,Prepaid,0,9.0,4G
CUST-11222,63,Male,Chattogram,Xiaomi Redmi Note 12,Prepaid Saver 30D,60,10,Prepaid,0,14.0,4G
CUST-11223,48,Female,Dhaka,Vivo Y20,Unlimited Data Max,46,10,Prepaid,0,9.0,4G
CUST-11224,37,Female,Chattogram,Samsung S23 Ultra,Postpaid Corporate,35,5,Postpaid,0,22.0,3G
CUST-11225,63,Male,Chattogram,iPhone 15 Pro,Unlimited Data Max,27,10,Prepaid,0,21.0,4G
CUST-11226,23,Female,Dhaka,Samsung S23 Ultra,Family Bundle,28,10,Postpaid,0,9.0,4G
CUST-11227,64,Female,Rajshahi,iPhone 15 Pro,Unlimited Data Max,56,6,Prepaid,0,15.0,4G
CUST-11228,25,Male,Mymensingh,Xiaomi Redmi Note 12,Unlimited Data Max,15,8,Prepaid,0,9.0,3G
CUST-11229,31,Female,Rajshahi,iPhone 15 Pro,Student Special 4G,64,10,Prepaid,0,16.0,3G
CUST-11230,56,Female,Chattogram,Xiaomi Redmi Note 12,Unlimited Data Max,17,5,Prepaid,0,22.0,4G
CUST-11231,52,Male,Sylhet,iPhone 15 Pro,Unlimited Data Max,17,10,Prepaid,1,30.0,5G
CUST-11232,63,Male,Barishal,iPhone 15 Pro,Prepaid Saver 30D,27,7,Prepaid,0,15.0,5G
CUST-11233,53,Male,Rangpur,Xiaomi Redmi Note 12,Family Bundle,57,10,Postpaid,0,9.0,4G
CUST-11234,47,Male,Rajshahi,iPhone 15 Pro,Prepaid Saver 30D,1,9,Prepaid,0,9.0,4G
CUST-11235,34,Female,Khulna,Vivo Y20,Prepaid Saver 30D,11,4,Prepaid,0,15.0,4G
CUST-11236,18,Female,Dhaka,Vivo Y20,Unlimited Data Max,27,5,Prepaid,1,22.0,4G
CUST-11237,23,Female,Rajshahi,Vivo Y20,Prepaid Saver 30D,11,10,Prepaid,1,21.0,5G
CUST-11238,31,Female,Rajshahi,Samsung S23 Ultra,Prepaid Saver 30D,28,10,Prepaid,0,16.0,4G
CUST-11239,19,Male,Chattogram,Xiaomi Redmi Note 12,Prepaid Saver 30D,31,6,Prepaid,0,15.0,5G
CUST-11240,41,Female,Rajshahi,Realme 11,Prepaid Saver 30D,44,10,Prepaid,0,9.0,4G
CUST-11241,54,Male,Chattogram,iPhone 15 Pro,Family Bundle,24,9,Postpaid,0,9.0,4G
CUST-11242,63,Male,Dhaka,iPhone 15 Pro,Postpaid Corporate,39,4,Postpaid,0,15.0,5G
CUST-11243,41,Male,Mymensingh,Realme 11,Postpaid Corporate,71,10,Postpaid,0,23.0,4G
CUST-11244,59,Female,Rangpur,Samsung S23 Ultra,Prepaid Saver 30D,33,5,Prepaid,0,20.0,4G
CUST-11245,64,Female,Dhaka,Realme 11,Prepaid Saver 30D,58,8,Prepaid,0,9.0,4G
CUST-11246,58,Male,Chattogram,Xiaomi Redmi Note 12,Prepaid Saver 30D,20,4,Prepaid,1,15.0,4G
CUST-11247,39,Female,Dhaka,Realme 11,Prepaid Saver 30D,64,6,Prepaid,0,15.0,4G
CUST-11248,33,Female,Dhaka,Realme 11,Unlimited Data Max,41,10,Prepaid,1,16.0,4G
CUST-11249,63,Male,Dhaka,Xiaomi Redmi Note 12,Unlimited Data Max,10,9,Prepaid,0,14.0,5G
CUST-11250,29,Female,Dhaka,Xiaomi Redmi Note 12,Prepaid Saver 30D,65,10,Prepaid,0,16.0,4G
CUST-11251,37,Female,Rajshahi,Samsung S23 Ultra,Unlimited Data Max,51,6,Prepaid,0,15.0,4G
CUST-11252,21,Male,Chattogram,Vivo Y20,Unlimited Data Max,25,4,Prepaid,0,15.0,4G
CUST-11253,55,Female,Chattogram,Samsung S23 Ultra,Prepaid Saver 30D,43,10,Prepaid,0,23.0,4G
CUST-11254,48,Female,Dhaka,Vivo Y20,Student Special 4G,68,6,Prepaid,0,22.0,5G
CUST-11255,21,Female,Barishal,Vivo Y20,Unlimited Data Max,8,5,Prepaid,1,20.0,4G
CUST-11256,28,Male,Chattogram,Realme 11,Student Special 4G,3,8,Prepaid,0,16.0,4G
CUST-11257,44,Male,Dhaka,Realme 11,Unlimited Data Max,57,8,Prepaid,0,9.0,5G
CUST-11258,43,Female,Dhaka,Samsung S23 Ultra,Family Bundle,21,5,Postpaid,1,22.0,5G
CUST-11259,55,Male,Dhaka,Vivo Y20,Prepaid Saver 30D,61,9,Prepaid,0,9.0,4G
CUST-11260,30,Male,Khulna,Xiaomi Redmi Note 12,Prepaid Saver 30D,55,8,Prepaid,0,9.0,5G
CUST-11261,61,Male,Rangpur,iPhone 15 Pro,Postpaid Corporate,65,10,Postpaid,1,21.0,5G
CUST-11262,38,Female,Khulna,Realme 11,Prepaid Saver 30D,54,4,Prepaid,0,22.0,4G
CUST-11263,56,Male,Dhaka,Xiaomi Redmi Note 12,Prepaid Saver 30D,67,8,Prepaid,0,23.0,4G
CUST-11264,29,Female,Chattogram,iPhone 15 Pro,Prepaid Saver 30D,44,10,Prepaid,0,16.0,4G
CUST-11265,19,Male,Chattogram,iPhone 15 Pro,Family Bundle,8,8,Postpaid,1,23.0,5G
CUST-11266,20,Male,Khulna,Samsung S23 Ultra,Student Special 4G,15,6,Prepaid,0,27.0,5G
CUST-11267,35,Male,Mymensingh,Vivo Y20,Prepaid Saver 30D,63,10,Prepaid,0,16.0,4G
CUST-11268,62,Female,Barishal,Realme 11,Student Special 4G,21,7,Prepaid,0,27.0,4G
CUST-11269,20,Male,Chattogram,iPhone 15 Pro,Unlimited Data Max,68,10,Prepaid,0,14.0,4G
CUST-11270,35,Male,Dhaka,Realme 11,Prepaid Saver 30D,63,10,Prepaid,0,9.0,4G
CUST-11271,23,Female,Dhaka,Realme 11,Prepaid Saver 30D,50,10,Prepaid,0,23.0,3G
CUST-11272,61,Female,Sylhet,Samsung S23 Ultra,Prepaid Saver 30D,10,10,Prepaid,0,16.0,4G
CUST-11273,49,Male,Chattogram,Samsung S23 Ultra,Family Bundle,14,9,Postpaid,0,9.0,4G
CUST-11274,53,Male,Chattogram,iPhone 15 Pro,Student Special 4G,53,10,Prepaid,0,9.0,4G
CUST-11275,51,Female,Dhaka,Samsung S23 Ultra,Family Bundle,29,6,Postpaid,0,15.0,4G
CUST-11276,48,Male,Chattogram,Vivo Y20,Postpaid Corporate,29,4,Postpaid,1,15.0,4G
CUST-11277,54,Male,Chattogram,Samsung S23 Ultra,Prepaid Saver 30D,7,10,Prepaid,0,23.0,4G
CUST-11278,18,Male,Dhaka,Vivo Y20,Student Special 4G,33,10,Prepaid,0,28.0,4G
CUST-11279,58,Female,Dhaka,Xiaomi Redmi Note 12,Unlimited Data Max,1,10,Prepaid,0,9.0,5G
CUST-11280,52,Male,Chattogram,Samsung S23 Ultra,Student Special 4G,11,10,Prepaid,0,9.0,4G
CUST-11281,52,Male,Khulna,Vivo Y20,Unlimited Data Max,66,10,Prepaid,0,14.0,3G
CUST-11282,36,Male,Dhaka,Samsung S23 Ultra,Student Special 4G,54,9,Prepaid,0,9.0,4G
CUST-11283,55,Female,Chattogram,Vivo Y20,Postpaid Corporate,70,5,Postpaid,0,15.0,4G
CUST-11284,35,Female,Rangpur,Samsung S23 Ultra,Unlimited Data Max,65,6,Prepaid,0,15.0,4G
CUST-11285,20,Female,Dhaka,Realme 11,Unlimited Data Max,66,6,Prepaid,0,15.0,4G
CUST-11286,60,Male,Sylhet,iPhone 15 Pro,Prepaid Saver 30D,29,10,Prepaid,0,30.0,4G
CUST-11287,29,Male,Sylhet,Xiaomi Redmi Note 12,Prepaid Saver 30D,19,10,Prepaid,1,9.0,3G
CUST-11288,22,Male,Dhaka,Vivo Y20,Student Special 4G,49,10,Prepaid,0,23.0,3G
CUST-11289,47,Female,Chattogram,Realme 11,Unlimited Data Max,45,10,Prepaid,0,16.0,4G
CUST-11290,28,Female,Rangpur,iPhone 15 Pro,Prepaid Saver 30D,31,7,Prepaid,0,22.0,5G
CUST-11291,58,Male,Dhaka,Samsung S23 Ultra,Prepaid Saver 30D,36,10,Prepaid,0,21.0,5G
CUST-11292,38,Female,Chattogram,iPhone 15 Pro,Unlimited Data Max,15,5,Prepaid,0,22.0,5G
CUST-11293,18,Female,Khulna,Vivo Y20,Prepaid Saver 30D,36,5,Prepaid,0,15.0,4G
CUST-11294,62,Female,Dhaka,Xiaomi Redmi Note 12,Student Special 4G,69,10,Prepaid,0,9.0,5G
CUST-11295,42,Male,Rangpur,Realme 11,Postpaid Corporate,31,10,Postpaid,0,9.0,4G
CUST-11296,30,Female,Rajshahi,Xiaomi Redmi Note 12,Family Bundle,37,9,Postpaid,0,9.0,4G
CUST-11297,49,Male,Rangpur,Xiaomi Redmi Note 12,Prepaid Saver 30D,67,8,Prepaid,0,9.0,4G
CUST-11298,42,Male,Rajshahi,Samsung S23 Ultra,Unlimited Data Max,61,10,Prepaid,1,9.0,3G
CUST-11299,19,Male,Mymensingh,Samsung S23 Ultra,Unlimited Data Max,57,7,Prepaid,0,20.0,4G
CUST-11300,53,Female,Dhaka,Realme 11,Prepaid Saver 30D,1,6,Prepaid,0,15.0,5G
CUST-11301,36,Female,Sylhet,iPhone 15 Pro,Unlimited Data Max,61,6,Prepaid,0,15.0,3G
CUST-11302,50,Male,Sylhet,iPhone 15 Pro,Unlimited Data Max,6,7,Prepaid,0,27.0,4G
CUST-11303,60,Male,Rangpur,iPhone 15 Pro,Postpaid Corporate,3,7,Postpaid,0,15.0,4G
CUST-11304,46,Female,Rajshahi,Realme 11,Unlimited Data Max,26,5,Prepaid,1,15.0,4G
CUST-11305,49,Female,Khulna,Vivo Y20,Prepaid Saver 30D,30,9,Prepaid,0,21.0,3G
CUST-11306,29,Male,Dhaka,Realme 11,Prepaid Saver 30D,9,8,Prepaid,0,16.0,3G
CUST-11307,29,Male,Rangpur,Realme 11,Postpaid Corporate,43,5,Postpaid,0,15.0,4G
CUST-11308,37,Male,Barishal,Vivo Y20,Prepaid Saver 30D,66,10,Prepaid,0,9.0,5G
CUST-11309,58,Male,Chattogram,Xiaomi Redmi Note 12,Postpaid Corporate,47,9,Postpaid,1,9.0,4G
CUST-11310,42,Female,Dhaka,Samsung S23 Ultra,Prepaid Saver 30D,69,5,Prepaid,0,15.0,4G
CUST-11311,34,Male,Khulna,Xiaomi Redmi Note 12,Unlimited Data Max,64,4,Prepaid,0,20.0,3G
CUST-11312,54,Female,Khulna,Vivo Y20,Prepaid Saver 30D,58,4,Prepaid,0,29.0,4G
CUST-11313,58,Female,Chattogram,Realme 11,Unlimited Data Max,12,8,Prepaid,0,9.0,5G
CUST-11314,60,Female,Chattogram,iPhone 15 Pro,Prepaid Saver 30D,46,6,Prepaid,1,22.0,4G
CUST-11315,32,Female,Chattogram,iPhone 15 Pro,Postpaid Corporate,7,10,Postpaid,0,9.0,4G
CUST-11316,51,Male,Dhaka,Vivo Y20,Student Special 4G,55,8,Prepaid,0,9.0,5G
CUST-11317,45,Male,Barishal,Samsung S23 Ultra,Unlimited Data Max,64,10,Prepaid,0,16.0,4G
CUST-11318,39,Female,Mymensingh,Vivo Y20,Unlimited Data Max,9,6,Prepaid,1,29.0,4G
CUST-11319,36,Female,Chattogram,Realme 11,Unlimited Data Max,36,4,Prepaid,0,29.0,4G
CUST-11320,23,Female,Dhaka,Vivo Y20,Family Bundle,10,7,Postpaid,1,27.0,5G
CUST-11321,30,Male,Dhaka,iPhone 15 Pro,Prepaid Saver 30D,39,10,Prepaid,0,9.0,4G
CUST-11322,43,Female,Dhaka,Realme 11,Prepaid Saver 30D,33,10,Prepaid,0,21.0,4G
CUST-11323,59,Male,Rangpur,iPhone 15 Pro,Unlimited Data Max,64,5,Prepaid,0,15.0,5G
CUST-11324,58,Male,Chattogram,Samsung S23 Ultra,Student Special 4G,20,6,Prepaid,0,15.0,5G
CUST-11325,26,Female,Dhaka,Xiaomi Redmi Note 12,Prepaid Saver 30D,54,8,Prepaid,0,9.0,4G
CUST-11326,49,Male,Mymensingh,Vivo Y20,Unlimited Data Max,47,7,Prepaid,1,29.0,4G
CUST-11327,21,Male,Barishal,iPhone 15 Pro,Prepaid Saver 30D,52,6,Prepaid,0,15.0,4G
CUST-11328,49,Male,Rangpur,Samsung S23 Ultra,Postpaid Corporate,69,10,Postpaid,0,14.0,4G
CUST-11329,34,Male,Sylhet,Vivo Y20,Prepaid Saver 30D,14,10,Prepaid,0,16.0,5G
CUST-11330,39,Female,Khulna,Vivo Y20,Family Bundle,1,7,Postpaid,1,22.0,4G
CUST-11331,51,Female,Sylhet,Vivo Y20,Student Special 4G,45,4,Prepaid,0,15.0,4G
CUST-11332,37,Female,Dhaka,Vivo Y20,Prepaid Saver 30D,9,7,Prepaid,0,15.0,4G
CUST-11333,55,Male,Dhaka,Vivo Y20,Family Bundle,32,10,Postpaid,0,14.0,3G
CUST-11334,43,Female,Chattogram,Vivo Y20,Student Special 4G,38,10,Prepaid,0,16.0,4G
CUST-11335,64,Female,Barishal,Vivo Y20,Prepaid Saver 30D,44,10,Prepaid,0,9.0,4G
CUST-11336,47,Male,Chattogram,Realme 11,Student Special 4G,1,10,Prepaid,0,9.0,5G
CUST-11337,31,Female,Dhaka,iPhone 15 Pro,Prepaid Saver 30D,41,7,Prepaid,0,22.0,4G
CUST-11338,54,Female,Dhaka,Xiaomi Redmi Note 12,Prepaid Saver 30D,56,8,Prepaid,1,16.0,4G
CUST-11339,37,Female,Chattogram,iPhone 15 Pro,Prepaid Saver 30D,2,10,Prepaid,0,9.0,5G
CUST-11340,43,Female,Khulna,Xiaomi Redmi Note 12,Student Special 4G,29,6,Prepaid,1,29.0,4G
CUST-11341,24,Female,Chattogram,Realme 11,Family Bundle,25,8,Postpaid,0,16.0,4G
CUST-11342,23,Female,Dhaka,iPhone 15 Pro,Prepaid Saver 30D,25,10,Prepaid,0,9.0,4G
CUST-11343,45,Female,Chattogram,Samsung S23 Ultra,Postpaid Corporate,33,10,Postpaid,0,9.0,5G
CUST-11344,26,Female,Mymensingh,Realme 11,Postpaid Corporate,11,5,Postpaid,0,20.0,4G
CUST-11345,64,Male,Dhaka,Vivo Y20,Student Special 4G,36,10,Prepaid,0,16.0,4G
CUST-11346,58,Female,Rajshahi,Vivo Y20,Prepaid Saver 30D,6,4,Prepaid,0,22.0,4G
CUST-11347,50,Female,Barishal,Samsung S23 Ultra,Unlimited Data Max,8,6,Prepaid,0,15.0,4G
CUST-11348,52,Male,Dhaka,Xiaomi Redmi Note 12,Unlimited Data Max,39,10,Prepaid,0,9.0,4G
CUST-11349,45,Female,Sylhet,Xiaomi Redmi Note 12,Unlimited Data Max,64,4,Prepaid,0,15.0,4G
CUST-11350,20,Female,Barishal,Xiaomi Redmi Note 12,Unlimited Data Max,51,5,Prepaid,1,20.0,5G
CUST-11351,36,Female,Dhaka,Realme 11,Prepaid Saver 30D,24,10,Prepaid,0,9.0,4G
CUST-11352,41,Female,Barishal,Xiaomi Redmi Note 12,Unlimited Data Max,25,10,Prepaid,0,9.0,4G
CUST-11353,61,Male,Chattogram,Vivo Y20,Student Special 4G,35,6,Prepaid,0,15.0,4G
CUST-11354,28,Female,Dhaka,Vivo Y20,Prepaid Saver 30D,3,7,Prepaid,1,15.0,3G
CUST-11355,41,Female,Chattogram,Realme 11,Prepaid Saver 30D,48,10,Prepaid,0,16.0,4G
CUST-11356,34,Male,Dhaka,Xiaomi Redmi Note 12,Student Special 4G,10,10,Prepaid,0,16.0,4G
CUST-11357,24,Female,Sylhet,Xiaomi Redmi Note 12,Prepaid Saver 30D,52,7,Prepaid,0,20.0,4G
CUST-11358,22,Male,Chattogram,Vivo Y20,Postpaid Corporate,27,5,Postpaid,0,22.0,4G
CUST-11359,35,Male,Chattogram,iPhone 15 Pro,Student Special 4G,27,8,Prepaid,0,9.0,3G
CUST-11360,21,Female,Rangpur,Vivo Y20,Prepaid Saver 30D,32,7,Prepaid,0,15.0,4G
CUST-11361,21,Female,Dhaka,Xiaomi Redmi Note 12,Prepaid Saver 30D,10,8,Prepaid,0,9.0,4G
CUST-11362,34,Female,Rangpur,Samsung S23 Ultra,Prepaid Saver 30D,18,4,Prepaid,1,22.0,3G
CUST-11363,27,Male,Dhaka,Realme 11,Prepaid Saver 30D,15,8,Prepaid,0,16.0,4G
CUST-11364,44,Female,Khulna,iPhone 15 Pro,Prepaid Saver 30D,61,6,Prepaid,0,22.0,4G
CUST-11365,18,Male,Sylhet,Xiaomi Redmi Note 12,Prepaid Saver 30D,12,10,Prepaid,0,9.0,3G
CUST-11366,32,Female,Chattogram,Vivo Y20,Prepaid Saver 30D,10,6,Prepaid,0,15.0,5G
CUST-11367,39,Female,Rajshahi,Realme 11,Prepaid Saver 30D,18,6,Prepaid,0,15.0,5G
CUST-11368,63,Female,Mymensingh,Realme 11,Unlimited Data Max,31,7,Prepaid,0,20.0,5G
CUST-11369,47,Male,Rajshahi,Samsung S23 Ultra,Unlimited Data Max,43,10,Prepaid,0,9.0,5G
CUST-11370,59,Female,Chattogram,Vivo Y20,Prepaid Saver 30D,31,10,Prepaid,0,9.0,5G
CUST-11371,34,Male,Dhaka,iPhone 15 Pro,Unlimited Data Max,39,6,Prepaid,0,22.0,5G
CUST-11372,39,Female,Chattogram,Samsung S23 Ultra,Postpaid Corporate,37,10,Postpaid,0,9.0,4G
CUST-11373,37,Male,Sylhet,Vivo Y20,Family Bundle,12,5,Postpaid,0,22.0,4G
CUST-11374,59,Female,Chattogram,Samsung S23 Ultra,Student Special 4G,1,5,Prepaid,0,29.0,4G
CUST-11375,63,Male,Chattogram,iPhone 15 Pro,Prepaid Saver 30D,49,6,Prepaid,0,22.0,4G
CUST-11376,63,Female,Rangpur,Samsung S23 Ultra,Prepaid Saver 30D,68,10,Prepaid,0,9.0,5G
CUST-11377,53,Female,Dhaka,Realme 11,Postpaid Corporate,5,9,Postpaid,0,16.0,4G
CUST-11378,41,Male,Khulna,Vivo Y20,Postpaid Corporate,66,8,Postpaid,0,9.0,4G
CUST-11379,43,Female,Dhaka,Xiaomi Redmi Note 12,Family Bundle,65,10,Postpaid,0,9.0,3G
CUST-11380,64,Male,Mymensingh,Vivo Y20,Prepaid Saver 30D,56,5,Prepaid,0,20.0,5G
CUST-11381,31,Female,Chattogram,Vivo Y20,Unlimited Data Max,41,6,Prepaid,0,15.0,4G
CUST-11382,34,Male,Dhaka,Vivo Y20,Prepaid Saver 30D,25,10,Prepaid,0,9.0,4G
CUST-11383,60,Male,Khulna,Samsung S23 Ultra,Family Bundle,42,10,Postpaid,0,14.0,4G
CUST-11384,36,Male,Dhaka,iPhone 15 Pro,Postpaid Corporate,1,4,Postpaid,0,15.0,4G
CUST-11385,29,Female,Dhaka,iPhone 15 Pro,Student Special 4G,21,7,Prepaid,1,22.0,3G
CUST-11386,44,Female,Chattogram,Realme 11,Postpaid Corporate,28,10,Postpaid,0,9.0,5G
CUST-11387,33,Female,Mymensingh,Vivo Y20,Family Bundle,37,10,Postpaid,0,16.0,4G
CUST-11388,59,Male,Chattogram,iPhone 15 Pro,Prepaid Saver 30D,20,6,Prepaid,1,15.0,3G
CUST-11389,60,Female,Dhaka,Realme 11,Family Bundle,31,4,Postpaid,0,15.0,4G
CUST-11390,32,Male,Dhaka,Samsung S23 Ultra,Student Special 4G,52,9,Prepaid,0,16.0,3G
CUST-11391,42,Male,Dhaka,Xiaomi Redmi Note 12,Student Special 4G,68,10,Prepaid,0,16.0,4G
CUST-11392,64,Male,Mymensingh,Realme 11,Family Bundle,59,6,Postpaid,0,22.0,4G
CUST-11393,52,Male,Dhaka,iPhone 15 Pro,Prepaid Saver 30D,6,7,Prepaid,0,15.0,5G
CUST-11394,28,Female,Rangpur,Samsung S23 Ultra,Postpaid Corporate,42,10,Postpaid,0,23.0,5G
CUST-11395,45,Female,Mymensingh,Xiaomi Redmi Note 12,Prepaid Saver 30D,33,9,Prepaid,0,9.0,4G
CUST-11396,47,Female,Rangpur,Realme 11,Student Special 4G,38,6,Prepaid,0,22.0,4G
CUST-11397,48,Female,Rajshahi,Vivo Y20,Student Special 4G,57,10,Prepaid,0,21.0,4G
CUST-11398,19,Female,Chattogram,Realme 11,Student Special 4G,24,10,Prepaid,0,9.0,4G
CUST-11399,32,Male,Sylhet,Realme 11,Prepaid Saver 30D,39,10,Prepaid,0,9.0,4G
CUST-11400,58,Male,Rajshahi,Xiaomi Redmi Note 12,Student Special 4G,63,10,Prepaid,0,23.0,4G
CUST-11401,29,Female,Khulna,Vivo Y20,Student Special 4G,41,7,Prepaid,0,22.0,4G
CUST-11402,32,Male,Chattogram,Vivo Y20,Postpaid Corporate,40,5,Postpaid,1,22.0,5G
CUST-11403,33,Male,Chattogram,Vivo Y20,Prepaid Saver 30D,65,10,Prepaid,1,21.0,5G
CUST-11404,26,Female,Khulna,Vivo Y20,Student Special 4G,3,9,Prepaid,0,16.0,4G
CUST-11405,25,Male,Dhaka,Xiaomi Redmi Note 12,Student Special 4G,27,8,Prepaid,0,21.0,4G
CUST-11406,34,Female,Mymensingh,Vivo Y20,Prepaid Saver 30D,35,6,Prepaid,0,15.0,4G
CUST-11407,59,Female,Dhaka,Realme 11,Prepaid Saver 30D,1,4,Prepaid,0,15.0,4G
CUST-11408,18,Female,Dhaka,Realme 11,Postpaid Corporate,34,5,Postpaid,0,22.0,4G
CUST-11409,31,Female,Chattogram,Realme 11,Postpaid Corporate,66,10,Postpaid,0,16.0,5G
CUST-11410,20,Male,Chattogram,Samsung S23 Ultra,Prepaid Saver 30D,56,6,Prepaid,0,15.0,5G
CUST-11411,44,Male,Chattogram,Vivo Y20,Prepaid Saver 30D,3,10,Prepaid,0,16.0,5G
CUST-11412,29,Female,Rajshahi,iPhone 15 Pro,Student Special 4G,63,8,Prepaid,0,16.0,5G
CUST-11413,55,Female,Khulna,Realme 11,Family Bundle,57,4,Postpaid,0,15.0,4G
CUST-11414,45,Male,Sylhet,Vivo Y20,Prepaid Saver 30D,63,10,Prepaid,0,9.0,4G
CUST-11415,54,Female,Rajshahi,Samsung S23 Ultra,Family Bundle,10,10,Postpaid,0,9.0,5G
CUST-11416,47,Female,Rajshahi,iPhone 15 Pro,Prepaid Saver 30D,64,5,Prepaid,0,15.0,3G
CUST-11417,38,Male,Dhaka,Vivo Y20,Unlimited Data Max,2,10,Prepaid,0,14.0,4G
CUST-11418,58,Female,Rajshahi,iPhone 15 Pro,Postpaid Corporate,3,10,Postpaid,0,16.0,4G
CUST-11419,40,Female,Sylhet,Realme 11,Unlimited Data Max,26,9,Prepaid,0,9.0,5G
CUST-11420,62,Female,Rajshahi,Xiaomi Redmi Note 12,Unlimited Data Max,58,5,Prepaid,0,22.0,4G
CUST-11421,64,Female,Chattogram,Vivo Y20,Family Bundle,62,8,Postpaid,0,21.0,5G
CUST-11422,45,Female,Mymensingh,Xiaomi Redmi Note 12,Prepaid Saver 30D,45,10,Prepaid,0,16.0,4G
CUST-11423,49,Female,Chattogram,Xiaomi Redmi Note 12,Prepaid Saver 30D,3,6,Prepaid,0,22.0,4G
CUST-11424,30,Male,Chattogram,Samsung S23 Ultra,Prepaid Saver 30D,63,10,Prepaid,0,9.0,4G
CUST-11425,56,Female,Mymensingh,Xiaomi Redmi Note 12,Prepaid Saver 30D,19,5,Prepaid,0,22.0,4G
CUST-11426,49,Female,Rangpur,Xiaomi Redmi Note 12,Postpaid Corporate,53,10,Postpaid,0,9.0,4G
CUST-11427,60,Female,Chattogram,Realme 11,Prepaid Saver 30D,20,7,Prepaid,0,15.0,4G
CUST-11428,30,Female,Chattogram,Realme 11,Prepaid Saver 30D,41,4,Prepaid,0,15.0,5G
CUST-11429,55,Male,Rangpur,Realme 11,Prepaid Saver 30D,7,10,Prepaid,0,9.0,4G
CUST-11430,40,Male,Chattogram,Xiaomi Redmi Note 12,Postpaid Corporate,71,8,Postpaid,0,9.0,5G
CUST-11431,26,Male,Barishal,Samsung S23 Ultra,Family Bundle,7,7,Postpaid,1,22.0,4G
CUST-11432,26,Female,Rajshahi,iPhone 15 Pro,Prepaid Saver 30D,68,6,Prepaid,1,20.0,4G
CUST-11433,44,Female,Rangpur,Xiaomi Redmi Note 12,Student Special 4G,65,8,Prepaid,0,14.0,5G
CUST-11434,33,Male,Dhaka,Vivo Y20,Family Bundle,11,5,Postpaid,0,15.0,5G
CUST-11435,22,Female,Khulna,Realme 11,Prepaid Saver 30D,50,9,Prepaid,0,9.0,4G
CUST-11436,38,Male,Dhaka,Vivo Y20,Unlimited Data Max,25,4,Prepaid,0,15.0,4G
CUST-11437,48,Male,Chattogram,Vivo Y20,Postpaid Corporate,23,6,Postpaid,0,15.0,3G
CUST-11438,32,Female,Rajshahi,Samsung S23 Ultra,Family Bundle,24,9,Postpaid,0,16.0,4G
CUST-11439,62,Male,Rangpur,Samsung S23 Ultra,Unlimited Data Max,17,10,Prepaid,0,30.0,5G
CUST-11440,54,Female,Dhaka,Xiaomi Redmi Note 12,Unlimited Data Max,69,7,Prepaid,0,15.0,4G
CUST-11441,42,Female,Dhaka,iPhone 15 Pro,Postpaid Corporate,4,10,Postpaid,0,16.0,4G
CUST-11442,61,Male,Dhaka,Vivo Y20,Student Special 4G,26,10,Prepaid,0,9.0,4G
CUST-11443,38,Male,Barishal,Xiaomi Redmi Note 12,Unlimited Data Max,26,9,Prepaid,0,14.0,4G
CUST-11444,24,Male,Dhaka,Samsung S23 Ultra,Prepaid Saver 30D,30,10,Prepaid,0,14.0,4G
CUST-11445,19,Male,Barishal,iPhone 15 Pro,Unlimited Data Max,22,8,Prepaid,0,16.0,5G
CUST-11446,62,Female,Rajshahi,iPhone 15 Pro,Family Bundle,48,6,Postpaid,0,27.0,4G
CUST-11447,63,Female,Dhaka,Samsung S23 Ultra,Postpaid Corporate,66,7,Postpaid,0,15.0,3G
CUST-11448,52,Female,Mymensingh,iPhone 15 Pro,Prepaid Saver 30D,48,7,Prepaid,0,15.0,4G
CUST-11449,22,Female,Khulna,Xiaomi Redmi Note 12,Student Special 4G,16,9,Prepaid,0,16.0,4G
CUST-11450,31,Female,Rangpur,Vivo Y20,Prepaid Saver 30D,71,5,Prepaid,0,22.0,4G
CUST-11451,19,Female,Sylhet,Realme 11,Family Bundle,29,10,Postpaid,0,21.0,3G
CUST-11452,20,Female,Dhaka,Samsung S23 Ultra,Unlimited Data Max,23,5,Prepaid,0,22.0,5G
CUST-11453,29,Female,Chattogram,Xiaomi Redmi Note 12,Unlimited Data Max,49,10,Prepaid,0,9.0,4G
CUST-11454,44,Female,Rajshahi,Realme 11,Prepaid Saver 30D,70,8,Prepaid,0,16.0,3G
CUST-11455,21,Male,Barishal,iPhone 15 Pro,Unlimited Data Max,23,10,Prepaid,0,16.0,4G
CUST-11456,64,Male,Chattogram,Xiaomi Redmi Note 12,Student Special 4G,15,5,Prepaid,0,15.0,4G
CUST-11457,39,Female,Barishal,Vivo Y20,Prepaid Saver 30D,56,6,Prepaid,1,22.0,4G
CUST-11458,30,Male,Rangpur,Samsung S23 Ultra,Prepaid Saver 30D,34,6,Prepaid,0,15.0,5G
CUST-11459,42,Male,Barishal,Xiaomi Redmi Note 12,Student Special 4G,52,10,Prepaid,0,9.0,4G
CUST-11460,55,Male,Dhaka,Realme 11,Prepaid Saver 30D,33,6,Prepaid,0,15.0,5G
CUST-11461,32,Male,Dhaka,Realme 11,Prepaid Saver 30D,3,7,Prepaid,0,15.0,4G
CUST-11462,20,Female,Mymensingh,Vivo Y20,Unlimited Data Max,26,5,Prepaid,0,15.0,3G
CUST-11463,20,Female,Dhaka,iPhone 15 Pro,Family Bundle,61,6,Postpaid,0,15.0,5G
CUST-11464,58,Male,Rangpur,Xiaomi Redmi Note 12,Postpaid Corporate,67,10,Postpaid,0,14.0,4G
CUST-11465,23,Female,Rajshahi,Vivo Y20,Student Special 4G,26,5,Prepaid,0,15.0,4G
CUST-11466,47,Female,Dhaka,Vivo Y20,Student Special 4G,50,10,Prepaid,0,9.0,3G
CUST-11467,36,Female,Dhaka,Vivo Y20,Prepaid Saver 30D,7,10,Prepaid,1,14.0,4G
CUST-11468,54,Female,Rajshahi,Realme 11,Unlimited Data Max,16,10,Prepaid,0,23.0,4G
CUST-11469,20,Male,Rajshahi,iPhone 15 Pro,Postpaid Corporate,50,10,Postpaid,0,9.0,5G
CUST-11470,60,Male,Dhaka,iPhone 15 Pro,Unlimited Data Max,3,10,Prepaid,0,14.0,4G
CUST-11471,50,Female,Dhaka,Realme 11,Family Bundle,54,10,Postpaid,0,9.0,4G
CUST-11472,39,Female,Barishal,iPhone 15 Pro,Unlimited Data Max,69,10,Prepaid,0,9.0,5G
CUST-11473,27,Female,Chattogram,Realme 11,Prepaid Saver 30D,6,9,Prepaid,0,16.0,4G
CUST-11474,63,Female,Barishal,Xiaomi Redmi Note 12,Prepaid Saver 30D,42,8,Prepaid,0,16.0,4G
CUST-11475,32,Female,Barishal,Xiaomi Redmi Note 12,Prepaid Saver 30D,26,10,Prepaid,0,28.0,5G
CUST-11476,41,Male,Chattogram,iPhone 15 Pro,Postpaid Corporate,46,7,Postpaid,0,15.0,3G
CUST-11477,36,Female,Rangpur,Realme 11,Student Special 4G,64,9,Prepaid,0,16.0,4G
CUST-11478,28,Male,Rajshahi,Xiaomi Redmi Note 12,Student Special 4G,6,4,Prepaid,1,20.0,4G
CUST-11479,37,Male,Rangpur,iPhone 15 Pro,Family Bundle,48,10,Postpaid,0,16.0,4G
CUST-11480,25,Male,Khulna,iPhone 15 Pro,Prepaid Saver 30D,13,5,Prepaid,0,15.0,3G
CUST-11481,18,Female,Khulna,Xiaomi Redmi Note 12,Prepaid Saver 30D,38,4,Prepaid,0,15.0,5G
CUST-11482,31,Male,Chattogram,Realme 11,Student Special 4G,32,6,Prepaid,0,36.0,5G
CUST-11483,23,Female,Mymensingh,Vivo Y20,Prepaid Saver 30D,36,10,Prepaid,0,9.0,4G
CUST-11484,37,Female,Dhaka,iPhone 15 Pro,Unlimited Data Max,55,10,Prepaid,0,9.0,4G
CUST-11485,58,Female,Dhaka,Samsung S23 Ultra,Unlimited Data Max,44,9,Prepaid,0,23.0,4G
CUST-11486,25,Male,Sylhet,Vivo Y20,Postpaid Corporate,25,10,Postpaid,1,14.0,4G
CUST-11487,18,Female,Rangpur,Samsung S23 Ultra,Postpaid Corporate,47,6,Postpaid,0,15.0,3G
CUST-11488,23,Male,Chattogram,Vivo Y20,Prepaid Saver 30D,43,5,Prepaid,0,15.0,5G
CUST-11489,41,Female,Rajshahi,Samsung S23 Ultra,Unlimited Data Max,5,5,Prepaid,0,22.0,4G
CUST-11490,30,Female,Chattogram,iPhone 15 Pro,Unlimited Data Max,44,4,Prepaid,0,15.0,5G
CUST-11491,41,Male,Barishal,Vivo Y20,Prepaid Saver 30D,24,7,Prepaid,0,15.0,3G
CUST-11492,19,Male,Barishal,Samsung S23 Ultra,Unlimited Data Max,11,10,Prepaid,0,9.0,3G
CUST-11493,33,Male,Chattogram,Samsung S23 Ultra,Student Special 4G,38,4,Prepaid,0,15.0,5G
CUST-11494,37,Female,Mymensingh,Realme 11,Family Bundle,37,7,Postpaid,0,22.0,4G
CUST-11495,38,Female,Dhaka,Samsung S23 Ultra,Student Special 4G,52,10,Prepaid,0,16.0,5G
CUST-11496,43,Male,Barishal,Samsung S23 Ultra,Student Special 4G,31,4,Prepaid,0,22.0,4G
CUST-11497,54,Female,Sylhet,Realme 11,Family Bundle,53,9,Postpaid,0,16.0,3G
CUST-11498,39,Male,Khulna,Vivo Y20,Postpaid Corporate,21,7,Postpaid,1,22.0,4G
CUST-11499,57,Female,Dhaka,Realme 11,Prepaid Saver 30D,43,10,Prepaid,0,9.0,3G
CUST-11500,42,Male,Dhaka,Vivo Y20,Student Special 4G,69,8,Prepaid,0,9.0,3G
CUST-11501,30,Male,Dhaka,Xiaomi Redmi Note 12,Prepaid Saver 30D,42,9,Prepaid,0,9.0,3G
CUST-11502,28,Female,Dhaka,Realme 11,Prepaid Saver 30D,49,10,Prepaid,0,16.0,5G
CUST-11503,33,Male,Khulna,Vivo Y20,Unlimited Data Max,27,10,Prepaid,0,9.0,5G
CUST-11504,46,Male,Rangpur,Xiaomi Redmi Note 12,Postpaid Corporate,48,9,Postpaid,0,9.0,5G
CUST-11505,29,Female,Dhaka,Samsung S23 Ultra,Student Special 4G,60,10,Prepaid,0,9.0,3G
CUST-11506,60,Male,Dhaka,iPhone 15 Pro,Postpaid Corporate,62,8,Postpaid,0,9.0,4G
CUST-11507,40,Female,Barishal,Realme 11,Prepaid Saver 30D,66,10,Prepaid,1,14.0,4G
CUST-11508,58,Male,Rangpur,Vivo Y20,Postpaid Corporate,22,7,Postpaid,0,15.0,4G
CUST-11509,50,Male,Dhaka,Realme 11,Student Special 4G,61,7,Prepaid,1,29.0,5G
CUST-11510,33,Male,Dhaka,Xiaomi Redmi Note 12,Student Special 4G,25,10,Prepaid,0,9.0,4G
CUST-11511,28,Female,Sylhet,iPhone 15 Pro,Prepaid Saver 30D,62,8,Prepaid,0,9.0,4G
CUST-11512,52,Male,Khulna,Realme 11,Prepaid Saver 30D,1,9,Prepaid,0,14.0,5G
CUST-11513,33,Male,Chattogram,Vivo Y20,Prepaid Saver 30D,65,5,Prepaid,0,15.0,3G
CUST-11514,29,Female,Dhaka,iPhone 15 Pro,Family Bundle,16,7,Postpaid,0,22.0,4G
CUST-11515,61,Male,Dhaka,Xiaomi Redmi Note 12,Unlimited Data Max,15,10,Prepaid,0,9.0,4G
CUST-11516,40,Male,Sylhet,Xiaomi Redmi Note 12,Student Special 4G,40,9,Prepaid,0,9.0,5G
CUST-11517,20,Male,Dhaka,iPhone 15 Pro,Unlimited Data Max,37,7,Prepaid,0,22.0,3G
CUST-11518,41,Male,Chattogram,Xiaomi Redmi Note 12,Family Bundle,12,4,Postpaid,0,15.0,3G
CUST-11519,39,Male,Khulna,Samsung S23 Ultra,Prepaid Saver 30D,38,9,Prepaid,0,9.0,4G
CUST-11520,58,Female,Dhaka,Xiaomi Redmi Note 12,Postpaid Corporate,57,7,Postpaid,0,36.0,5G
CUST-11521,51,Male,Barishal,Samsung S23 Ultra,Postpaid Corporate,35,10,Postpaid,0,14.0,3G
CUST-11522,26,Male,Rangpur,Xiaomi Redmi Note 12,Student Special 4G,42,4,Prepaid,0,22.0,3G
CUST-11523,25,Female,Barishal,Vivo Y20,Student Special 4G,61,10,Prepaid,0,16.0,4G
CUST-11524,46,Male,Rangpur,Samsung S23 Ultra,Unlimited Data Max,13,7,Prepaid,0,15.0,5G
CUST-11525,20,Female,Rajshahi,iPhone 15 Pro,Prepaid Saver 30D,24,6,Prepaid,0,22.0,3G
CUST-11526,32,Male,Chattogram,Realme 11,Unlimited Data Max,64,10,Prepaid,0,16.0,4G
CUST-11527,24,Female,Rajshahi,Vivo Y20,Postpaid Corporate,12,9,Postpaid,0,9.0,4G
CUST-11528,18,Female,Rajshahi,Vivo Y20,Postpaid Corporate,19,4,Postpaid,0,15.0,5G
CUST-11529,61,Male,Khulna,Samsung S23 Ultra,Prepaid Saver 30D,20,10,Prepaid,0,9.0,4G
CUST-11530,22,Female,Khulna,iPhone 15 Pro,Student Special 4G,59,5,Prepaid,0,15.0,4G
CUST-11531,18,Male,Barishal,Vivo Y20,Prepaid Saver 30D,11,10,Prepaid,0,23.0,5G
CUST-11532,61,Female,Barishal,Xiaomi Redmi Note 12,Prepaid Saver 30D,27,6,Prepaid,1,15.0,4G
CUST-11533,26,Male,Rajshahi,Vivo Y20,Prepaid Saver 30D,29,10,Prepaid,0,9.0,4G
CUST-11534,56,Female,Chattogram,Samsung S23 Ultra,Postpaid Corporate,6,7,Postpaid,0,15.0,4G
CUST-11535,19,Female,Chattogram,Samsung S23 Ultra,Unlimited Data Max,9,7,Prepaid,0,15.0,4G
CUST-11536,25,Female,Dhaka,iPhone 15 Pro,Family Bundle,27,4,Postpaid,0,22.0,5G
CUST-11537,23,Male,Chattogram,Samsung S23 Ultra,Postpaid Corporate,7,10,Postpaid,0,9.0,4G
CUST-11538,51,Female,Rajshahi,Vivo Y20,Prepaid Saver 30D,70,9,Prepaid,0,16.0,4G
CUST-11539,47,Female,Rajshahi,Vivo Y20,Unlimited Data Max,33,5,Prepaid,1,22.0,4G
CUST-11540,40,Female,Rangpur,iPhone 15 Pro,Student Special 4G,1,4,Prepaid,1,29.0,3G
CUST-11541,29,Female,Barishal,Samsung S23 Ultra,Student Special 4G,43,6,Prepaid,0,22.0,5G
CUST-11542,22,Male,Dhaka,Samsung S23 Ultra,Prepaid Saver 30D,54,8,Prepaid,0,9.0,4G
CUST-11543,44,Female,Rangpur,iPhone 15 Pro,Prepaid Saver 30D,44,4,Prepaid,0,22.0,3G
CUST-11544,28,Female,Dhaka,Realme 11,Prepaid Saver 30D,41,7,Prepaid,0,15.0,4G
CUST-11545,45,Male,Mymensingh,Vivo Y20,Prepaid Saver 30D,7,7,Prepaid,0,20.0,5G
CUST-11546,50,Female,Khulna,Xiaomi Redmi Note 12,Prepaid Saver 30D,52,10,Prepaid,0,16.0,3G
CUST-11547,57,Female,Dhaka,Vivo Y20,Postpaid Corporate,69,8,Postpaid,0,16.0,5G
CUST-11548,41,Male,Dhaka,Vivo Y20,Prepaid Saver 30D,26,5,Prepaid,0,15.0,4G
CUST-11549,18,Male,Mymensingh,Realme 11,Student Special 4G,9,6,Prepaid,0,15.0,4G
CUST-11550,31,Male,Chattogram,Samsung S23 Ultra,Prepaid Saver 30D,16,10,Prepaid,0,9.0,4G
CUST-11551,58,Male,Rangpur,Vivo Y20,Postpaid Corporate,47,4,Postpaid,0,22.0,3G
CUST-11552,43,Female,Khulna,Vivo Y20,Family Bundle,46,5,Postpaid,0,15.0,4G
CUST-11553,47,Female,Chattogram,Xiaomi Redmi Note 12,Prepaid Saver 30D,64,4,Prepaid,0,22.0,4G
CUST-11554,39,Female,Mymensingh,Xiaomi Redmi Note 12,Unlimited Data Max,29,4,Prepaid,0,15.0,4G
CUST-11555,25,Female,Dhaka,Realme 11,Prepaid Saver 30D,63,10,Prepaid,0,9.0,4G
CUST-11556,60,Male,Chattogram,Xiaomi Redmi Note 12,Prepaid Saver 30D,20,10,Prepaid,0,9.0,4G
CUST-11557,54,Female,Sylhet,iPhone 15 Pro,Student Special 4G,37,10,Prepaid,0,16.0,4G
CUST-11558,64,Female,Rajshahi,Realme 11,Student Special 4G,47,4,Prepaid,0,22.0,5G
CUST-11559,58,Male,Khulna,Realme 11,Postpaid Corporate,20,10,Postpaid,0,9.0,4G
CUST-11560,31,Male,Rangpur,Samsung S23 Ultra,Family Bundle,27,10,Postpaid,0,21.0,4G
CUST-11561,29,Female,Khulna,Realme 11,Prepaid Saver 30D,59,10,Prepaid,0,16.0,4G
CUST-11562,29,Female,Dhaka,Samsung S23 Ultra,Unlimited Data Max,42,10,Prepaid,0,16.0,4G
CUST-11563,61,Female,Chattogram,Xiaomi Redmi Note 12,Prepaid Saver 30D,44,10,Prepaid,0,9.0,4G
CUST-11564,44,Male,Chattogram,Samsung S23 Ultra,Postpaid Corporate,45,8,Postpaid,0,9.0,3G
CUST-11565,39,Male,Dhaka,Vivo Y20,Unlimited Data Max,57,4,Prepaid,1,15.0,4G
CUST-11566,63,Male,Dhaka,Realme 11,Unlimited Data Max,69,10,Prepaid,0,23.0,4G
CUST-11567,46,Female,Rajshahi,Xiaomi Redmi Note 12,Family Bundle,29,10,Postpaid,0,9.0,4G
CUST-11568,60,Female,Dhaka,Xiaomi Redmi Note 12,Prepaid Saver 30D,26,9,Prepaid,0,16.0,4G
CUST-11569,64,Male,Khulna,Realme 11,Unlimited Data Max,65,8,Prepaid,0,9.0,4G
CUST-11570,21,Male,Rangpur,Samsung S23 Ultra,Prepaid Saver 30D,35,10,Prepaid,0,14.0,3G
CUST-11571,34,Female,Sylhet,Xiaomi Redmi Note 12,Unlimited Data Max,67,8,Prepaid,1,23.0,4G
CUST-11572,52,Female,Dhaka,Realme 11,Unlimited Data Max,63,7,Prepaid,0,15.0,4G
CUST-11573,56,Female,Rangpur,iPhone 15 Pro,Prepaid Saver 30D,53,10,Prepaid,0,9.0,5G
CUST-11574,24,Female,Rajshahi,Xiaomi Redmi Note 12,Prepaid Saver 30D,52,10,Prepaid,0,9.0,4G
CUST-11575,32,Female,Chattogram,iPhone 15 Pro,Student Special 4G,67,6,Prepaid,0,15.0,4G
CUST-11576,43,Female,Dhaka,Samsung S23 Ultra,Prepaid Saver 30D,20,6,Prepaid,0,27.0,4G
CUST-11577,55,Female,Chattogram,Vivo Y20,Postpaid Corporate,33,7,Postpaid,0,22.0,4G
CUST-11578,23,Female,Mymensingh,Xiaomi Redmi Note 12,Postpaid Corporate,39,5,Postpaid,0,15.0,4G
CUST-11579,46,Male,Khulna,iPhone 15 Pro,Student Special 4G,14,10,Prepaid,0,9.0,4G
CUST-11580,31,Female,Dhaka,iPhone 15 Pro,Family Bundle,37,10,Postpaid,0,9.0,4G
CUST-11581,28,Female,Rajshahi,Realme 11,Prepaid Saver 30D,47,9,Prepaid,0,9.0,4G
CUST-11582,42,Male,Dhaka,Samsung S23 Ultra,Unlimited Data Max,36,10,Prepaid,0,9.0,5G
CUST-11583,37,Female,Dhaka,Xiaomi Redmi Note 12,Unlimited Data Max,47,8,Prepaid,0,9.0,4G
CUST-11584,47,Male,Rangpur,iPhone 15 Pro,Unlimited Data Max,8,10,Prepaid,0,9.0,5G
CUST-11585,32,Male,Sylhet,Vivo Y20,Student Special 4G,35,10,Prepaid,0,23.0,4G
CUST-11586,56,Male,Rajshahi,Realme 11,Prepaid Saver 30D,66,10,Prepaid,0,9.0,4G
CUST-11587,21,Male,Chattogram,Realme 11,Unlimited Data Max,19,10,Prepaid,0,9.0,4G
CUST-11588,58,Female,Chattogram,Samsung S23 Ultra,Unlimited Data Max,33,5,Prepaid,0,15.0,3G
CUST-11589,19,Female,Chattogram,Samsung S23 Ultra,Student Special 4G,45,10,Prepaid,0,23.0,3G
CUST-11590,52,Male,Dhaka,Xiaomi Redmi Note 12,Prepaid Saver 30D,45,8,Prepaid,1,16.0,4G
CUST-11591,34,Female,Chattogram,iPhone 15 Pro,Unlimited Data Max,13,6,Prepaid,0,15.0,4G
CUST-11592,36,Female,Rangpur,Realme 11,Student Special 4G,9,10,Prepaid,0,9.0,3G
CUST-11593,18,Female,Mymensingh,Realme 11,Postpaid Corporate,54,10,Postpaid,1,9.0,4G
CUST-11594,50,Female,Dhaka,iPhone 15 Pro,Prepaid Saver 30D,38,5,Prepaid,0,22.0,4G
CUST-11595,25,Female,Dhaka,Samsung S23 Ultra,Prepaid Saver 30D,65,10,Prepaid,0,9.0,5G
CUST-11596,48,Female,Dhaka,iPhone 15 Pro,Postpaid Corporate,71,10,Postpaid,1,9.0,4G
CUST-11597,52,Female,Dhaka,Xiaomi Redmi Note 12,Prepaid Saver 30D,12,10,Prepaid,1,9.0,4G
CUST-11598,57,Female,Rajshahi,iPhone 15 Pro,Family Bundle,26,8,Postpaid,1,14.0,4G
CUST-11599,51,Male,Chattogram,iPhone 15 Pro,Student Special 4G,59,4,Prepaid,1,15.0,4G
CUST-11600,32,Female,Rangpur,iPhone 15 Pro,Postpaid Corporate,21,8,Postpaid,0,9.0,4G
CUST-11601,52,Male,Chattogram,Samsung S23 Ultra,Postpaid Corporate,15,9,Postpaid,1,16.0,4G
CUST-11602,56,Female,Dhaka,Realme 11,Family Bundle,12,10,Postpaid,0,9.0,4G
CUST-11603,32,Female,Sylhet,Vivo Y20,Unlimited Data Max,36,6,Prepaid,0,22.0,4G
CUST-11604,23,Female,Chattogram,Vivo Y20,Unlimited Data Max,28,6,Prepaid,0,29.0,4G
CUST-11605,59,Female,Chattogram,Vivo Y20,Student Special 4G,66,10,Prepaid,0,23.0,5G
CUST-11606,24,Female,Mymensingh,Realme 11,Unlimited Data Max,69,10,Prepaid,0,28.0,4G
CUST-11607,45,Female,Dhaka,Realme 11,Postpaid Corporate,6,9,Postpaid,0,23.0,5G
CUST-11608,29,Female,Chattogram,Samsung S23 Ultra,Prepaid Saver 30D,65,8,Prepaid,0,9.0,4G
CUST-11609,23,Female,Barishal,iPhone 15 Pro,Prepaid Saver 30D,7,10,Prepaid,0,16.0,4G
CUST-11610,54,Male,Chattogram,Realme 11,Unlimited Data Max,52,5,Prepaid,0,15.0,5G
CUST-11611,24,Female,Dhaka,Vivo Y20,Student Special 4G,69,6,Prepaid,1,15.0,4G
CUST-11612,49,Female,Chattogram,Vivo Y20,Unlimited Data Max,25,9,Prepaid,0,16.0,4G
CUST-11613,50,Female,Rajshahi,Realme 11,Unlimited Data Max,12,8,Prepaid,0,9.0,4G
CUST-11614,20,Female,Rangpur,Samsung S23 Ultra,Prepaid Saver 30D,5,5,Prepaid,0,15.0,5G
CUST-11615,26,Female,Chattogram,Vivo Y20,Unlimited Data Max,25,9,Prepaid,1,23.0,5G
CUST-11616,55,Male,Dhaka,iPhone 15 Pro,Postpaid Corporate,68,10,Postpaid,0,9.0,5G
CUST-11617,41,Male,Chattogram,Samsung S23 Ultra,Family Bundle,33,10,Postpaid,0,16.0,4G
CUST-11618,23,Male,Dhaka,Realme 11,Postpaid Corporate,30,10,Postpaid,0,16.0,4G
CUST-11619,64,Female,Chattogram,Samsung S23 Ultra,Postpaid Corporate,1,10,Postpaid,0,16.0,4G
CUST-11620,30,Female,Rajshahi,iPhone 15 Pro,Prepaid Saver 30D,48,9,Prepaid,1,9.0,3G
CUST-11621,18,Female,Dhaka,Realme 11,Family Bundle,14,5,Postpaid,0,15.0,3G
CUST-11622,61,Female,Dhaka,Vivo Y20,Student Special 4G,49,7,Prepaid,0,15.0,4G
CUST-11623,18,Male,Mymensingh,Vivo Y20,Student Special 4G,59,8,Prepaid,0,23.0,4G
CUST-11624,44,Female,Rangpur,Samsung S23 Ultra,Unlimited Data Max,55,9,Prepaid,1,14.0,3G
CUST-11625,64,Female,Dhaka,Samsung S23 Ultra,Unlimited Data Max,37,6,Prepaid,1,15.0,4G
CUST-11626,45,Female,Chattogram,Vivo Y20,Unlimited Data Max,47,10,Prepaid,0,9.0,5G
CUST-11627,45,Female,Sylhet,iPhone 15 Pro,Prepaid Saver 30D,28,9,Prepaid,0,9.0,4G
CUST-11628,36,Male,Dhaka,Samsung S23 Ultra,Unlimited Data Max,51,7,Prepaid,0,15.0,4G
CUST-11629,23,Female,Mymensingh,Xiaomi Redmi Note 12,Student Special 4G,49,8,Prepaid,0,9.0,4G
CUST-11630,44,Female,Mymensingh,Realme 11,Unlimited Data Max,14,10,Prepaid,1,16.0,4G
CUST-11631,60,Female,Dhaka,Vivo Y20,Unlimited Data Max,24,4,Prepaid,0,22.0,4G
CUST-11632,22,Male,Chattogram,Xiaomi Redmi Note 12,Student Special 4G,56,7,Prepaid,0,20.0,5G
CUST-11633,59,Male,Chattogram,Realme 11,Family Bundle,32,6,Postpaid,0,15.0,5G
CUST-11634,37,Male,Dhaka,Xiaomi Redmi Note 12,Unlimited Data Max,17,7,Prepaid,0,20.0,5G
CUST-11635,43,Male,Dhaka,Vivo Y20,Prepaid Saver 30D,71,10,Prepaid,0,23.0,4G
CUST-11636,25,Male,Rajshahi,Xiaomi Redmi Note 12,Student Special 4G,62,6,Prepaid,0,15.0,4G
CUST-11637,47,Male,Mymensingh,Realme 11,Family Bundle,55,9,Postpaid,1,23.0,4G
CUST-11638,26,Male,Rangpur,Vivo Y20,Postpaid Corporate,30,7,Postpaid,0,15.0,4G
CUST-11639,30,Male,Sylhet,Vivo Y20,Prepaid Saver 30D,40,4,Prepaid,0,15.0,4G
CUST-11640,51,Female,Rajshahi,Xiaomi Redmi Note 12,Postpaid Corporate,68,10,Postpaid,0,9.0,3G
CUST-11641,20,Female,Chattogram,Xiaomi Redmi Note 12,Student Special 4G,38,9,Prepaid,0,16.0,4G
CUST-11642,39,Male,Dhaka,Xiaomi Redmi Note 12,Unlimited Data Max,59,6,Prepaid,0,15.0,4G
CUST-11643,45,Female,Khulna,Samsung S23 Ultra,Prepaid Saver 30D,60,9,Prepaid,0,9.0,4G
CUST-11644,24,Male,Khulna,iPhone 15 Pro,Student Special 4G,58,10,Prepaid,0,16.0,5G
CUST-11645,31,Female,Chattogram,Realme 11,Postpaid Corporate,43,5,Postpaid,0,15.0,4G
CUST-11646,34,Male,Khulna,Samsung S23 Ultra,Unlimited Data Max,25,10,Prepaid,0,9.0,3G
CUST-11647,49,Male,Dhaka,Realme 11,Student Special 4G,25,4,Prepaid,0,15.0,5G
CUST-11648,63,Male,Dhaka,Xiaomi Redmi Note 12,Postpaid Corporate,58,10,Postpaid,0,14.0,5G
CUST-11649,57,Male,Rangpur,Xiaomi Redmi Note 12,Prepaid Saver 30D,30,7,Prepaid,0,15.0,4G
CUST-11650,26,Male,Dhaka,Vivo Y20,Prepaid Saver 30D,18,6,Prepaid,1,15.0,4G
CUST-11651,18,Male,Dhaka,iPhone 15 Pro,Prepaid Saver 30D,14,10,Prepaid,0,9.0,4G
CUST-11652,20,Male,Khulna,Realme 11,Family Bundle,44,5,Postpaid,0,15.0,4G
CUST-11653,45,Female,Khulna,Realme 11,Unlimited Data Max,69,5,Prepaid,0,20.0,4G
CUST-11654,25,Female,Chattogram,Vivo Y20,Student Special 4G,27,8,Prepaid,1,9.0,4G
CUST-11655,28,Male,Khulna,Vivo Y20,Prepaid Saver 30D,47,10,Prepaid,1,14.0,4G
CUST-11656,57,Male,Dhaka,Xiaomi Redmi Note 12,Student Special 4G,22,7,Prepaid,0,36.0,4G
CUST-11657,59,Female,Mymensingh,iPhone 15 Pro,Family Bundle,29,9,Postpaid,0,9.0,4G
CUST-11658,57,Female,Chattogram,Realme 11,Family Bundle,29,7,Postpaid,0,15.0,5G
CUST-11659,29,Female,Sylhet,Vivo Y20,Student Special 4G,26,10,Prepaid,0,9.0,5G
CUST-11660,47,Male,Rajshahi,iPhone 15 Pro,Prepaid Saver 30D,61,10,Prepaid,0,16.0,4G
CUST-11661,46,Female,Dhaka,iPhone 15 Pro,Prepaid Saver 30D,65,10,Prepaid,0,23.0,4G
CUST-11662,26,Female,Dhaka,Xiaomi Redmi Note 12,Prepaid Saver 30D,20,6,Prepaid,0,15.0,4G
CUST-11663,44,Male,Dhaka,Samsung S23 Ultra,Postpaid Corporate,26,6,Postpaid,0,29.0,4G
CUST-11664,42,Female,Rajshahi,iPhone 15 Pro,Prepaid Saver 30D,2,10,Prepaid,0,23.0,4G
CUST-11665,36,Male,Mymensingh,Samsung S23 Ultra,Prepaid Saver 30D,54,9,Prepaid,1,23.0,5G
CUST-11666,53,Male,Mymensingh,Realme 11,Unlimited Data Max,51,7,Prepaid,0,15.0,4G
CUST-11667,49,Female,Rangpur,Xiaomi Redmi Note 12,Student Special 4G,60,7,Prepaid,0,15.0,4G
CUST-11668,43,Female,Dhaka,Realme 11,Unlimited Data Max,40,5,Prepaid,0,22.0,4G
CUST-11669,52,Female,Mymensingh,Samsung S23 Ultra,Prepaid Saver 30D,65,4,Prepaid,0,20.0,4G
CUST-11670,53,Male,Dhaka,Xiaomi Redmi Note 12,Prepaid Saver 30D,11,7,Prepaid,0,15.0,4G
CUST-11671,44,Male,Mymensingh,Realme 11,Prepaid Saver 30D,27,10,Prepaid,0,9.0,3G
CUST-11672,30,Female,Dhaka,Realme 11,Student Special 4G,32,10,Prepaid,0,9.0,5G
CUST-11673,53,Female,Rajshahi,Realme 11,Postpaid Corporate,55,4,Postpaid,0,15.0,4G
CUST-11674,51,Female,Barishal,Samsung S23 Ultra,Student Special 4G,16,4,Prepaid,0,15.0,4G
CUST-11675,64,Female,Chattogram,Xiaomi Redmi Note 12,Prepaid Saver 30D,24,10,Prepaid,0,14.0,4G
CUST-11676,25,Female,Dhaka,Xiaomi Redmi Note 12,Unlimited Data Max,7,10,Prepaid,0,14.0,5G
CUST-11677,37,Male,Sylhet,Vivo Y20,Postpaid Corporate,68,10,Postpaid,0,9.0,4G
CUST-11678,61,Male,Dhaka,Realme 11,Unlimited Data Max,33,10,Prepaid,0,9.0,3G
CUST-11679,42,Male,Dhaka,Vivo Y20,Student Special 4G,1,10,Prepaid,0,9.0,4G
CUST-11680,62,Male,Dhaka,Samsung S23 Ultra,Family Bundle,17,7,Postpaid,0,15.0,4G
CUST-11681,18,Male,Dhaka,Xiaomi Redmi Note 12,Prepaid Saver 30D,41,9,Prepaid,0,9.0,4G
CUST-11682,19,Female,Rangpur,Realme 11,Student Special 4G,35,10,Prepaid,0,9.0,4G
CUST-11683,55,Male,Sylhet,Samsung S23 Ultra,Prepaid Saver 30D,37,10,Prepaid,1,28.0,5G
CUST-11684,34,Female,Rangpur,Realme 11,Prepaid Saver 30D,5,9,Prepaid,0,9.0,4G
CUST-11685,42,Male,Rangpur,iPhone 15 Pro,Prepaid Saver 30D,63,4,Prepaid,0,22.0,5G
CUST-11686,38,Female,Chattogram,Samsung S23 Ultra,Postpaid Corporate,59,10,Postpaid,1,14.0,5G
CUST-11687,37,Female,Dhaka,Realme 11,Family Bundle,16,10,Postpaid,0,9.0,5G
CUST-11688,62,Male,Khulna,Xiaomi Redmi Note 12,Prepaid Saver 30D,27,10,Prepaid,0,9.0,5G
CUST-11689,22,Male,Mymensingh,Xiaomi Redmi Note 12,Postpaid Corporate,7,5,Postpaid,0,15.0,4G
CUST-11690,54,Male,Chattogram,iPhone 15 Pro,Prepaid Saver 30D,10,10,Prepaid,0,23.0,4G
CUST-11691,59,Female,Rajshahi,Realme 11,Prepaid Saver 30D,61,4,Prepaid,0,15.0,4G
CUST-11692,48,Female,Chattogram,Realme 11,Postpaid Corporate,9,10,Postpaid,0,16.0,3G
CUST-11693,36,Female,Dhaka,Realme 11,Student Special 4G,25,7,Prepaid,1,20.0,3G
CUST-11694,25,Female,Dhaka,Realme 11,Postpaid Corporate,71,5,Postpaid,0,15.0,3G
CUST-11695,50,Male,Rangpur,Realme 11,Family Bundle,24,7,Postpaid,1,41.0,5G
CUST-11696,40,Female,Rajshahi,Samsung S23 Ultra,Unlimited Data Max,49,9,Prepaid,0,9.0,5G
CUST-11697,25,Male,Khulna,Samsung S23 Ultra,Prepaid Saver 30D,8,5,Prepaid,0,22.0,3G
CUST-11698,34,Female,Rajshahi,Vivo Y20,Prepaid Saver 30D,63,9,Prepaid,0,9.0,5G
CUST-11699,63,Female,Rajshahi,iPhone 15 Pro,Student Special 4G,66,10,Prepaid,0,16.0,5G
CUST-11700,30,Female,Dhaka,Xiaomi Redmi Note 12,Unlimited Data Max,65,10,Prepaid,0,14.0,5G
CUST-11701,26,Female,Rajshahi,iPhone 15 Pro,Unlimited Data Max,45,9,Prepaid,0,23.0,4G
CUST-11702,50,Female,Chattogram,Vivo Y20,Student Special 4G,70,10,Prepaid,0,16.0,4G
CUST-11703,27,Female,Dhaka,Vivo Y20,Prepaid Saver 30D,50,10,Prepaid,0,14.0,4G
CUST-11704,61,Male,Chattogram,Xiaomi Redmi Note 12,Postpaid Corporate,27,4,Postpaid,1,20.0,4G
CUST-11705,58,Male,Dhaka,Realme 11,Family Bundle,64,10,Postpaid,0,16.0,4G
CUST-11706,64,Female,Dhaka,Xiaomi Redmi Note 12,Prepaid Saver 30D,20,10,Prepaid,0,9.0,4G
CUST-11707,60,Male,Chattogram,Realme 11,Prepaid Saver 30D,60,10,Prepaid,1,16.0,4G
CUST-11708,29,Male,Dhaka,Vivo Y20,Family Bundle,67,10,Postpaid,0,16.0,4G
CUST-11709,27,Male,Mymensingh,Realme 11,Postpaid Corporate,33,10,Postpaid,0,16.0,5G
CUST-11710,34,Female,Khulna,Samsung S23 Ultra,Unlimited Data Max,17,9,Prepaid,0,16.0,5G
CUST-11711,40,Female,Barishal,Xiaomi Redmi Note 12,Student Special 4G,12,10,Prepaid,0,23.0,5G
CUST-11712,59,Female,Chattogram,Vivo Y20,Prepaid Saver 30D,39,7,Prepaid,0,15.0,4G
CUST-11713,52,Female,Dhaka,Samsung S23 Ultra,Student Special 4G,48,5,Prepaid,0,29.0,4G
CUST-11714,48,Female,Rangpur,iPhone 15 Pro,Prepaid Saver 30D,42,4,Prepaid,0,15.0,4G
CUST-11715,59,Female,Rangpur,iPhone 15 Pro,Unlimited Data Max,47,5,Prepaid,0,22.0,4G
CUST-11716,48,Male,Dhaka,Realme 11,Student Special 4G,2,10,Prepaid,0,9.0,4G
CUST-11717,35,Female,Rajshahi,Samsung S23 Ultra,Unlimited Data Max,4,8,Prepaid,0,23.0,5G
CUST-11718,37,Female,Khulna,Realme 11,Student Special 4G,19,10,Prepaid,0,14.0,4G
CUST-11719,42,Male,Sylhet,Samsung S23 Ultra,Student Special 4G,64,7,Prepaid,0,15.0,4G
CUST-11720,22,Male,Chattogram,Vivo Y20,Family Bundle,36,10,Postpaid,0,14.0,5G
CUST-11721,52,Female,Khulna,iPhone 15 Pro,Unlimited Data Max,24,10,Prepaid,1,16.0,3G
CUST-11722,48,Female,Khulna,Xiaomi Redmi Note 12,Prepaid Saver 30D,48,7,Prepaid,0,20.0,4G
CUST-11723,52,Male,Dhaka,Realme 11,Unlimited Data Max,31,9,Prepaid,0,9.0,5G
CUST-11724,43,Male,Barishal,iPhone 15 Pro,Prepaid Saver 30D,11,9,Prepaid,0,23.0,4G
CUST-11725,54,Female,Barishal,Samsung S23 Ultra,Prepaid Saver 30D,37,10,Prepaid,0,9.0,5G
CUST-11726,62,Female,Dhaka,Vivo Y20,Prepaid Saver 30D,50,7,Prepaid,0,29.0,5G
CUST-11727,44,Female,Mymensingh,Samsung S23 Ultra,Prepaid Saver 30D,65,7,Prepaid,0,15.0,4G
CUST-11728,38,Female,Mymensingh,Xiaomi Redmi Note 12,Family Bundle,27,10,Postpaid,0,9.0,4G
CUST-11729,22,Female,Chattogram,Samsung S23 Ultra,Prepaid Saver 30D,13,10,Prepaid,0,23.0,5G
CUST-11730,54,Female,Rangpur,Realme 11,Prepaid Saver 30D,62,4,Prepaid,0,15.0,4G
CUST-11731,60,Male,Dhaka,iPhone 15 Pro,Postpaid Corporate,27,4,Postpaid,0,22.0,5G
CUST-11732,50,Male,Sylhet,Vivo Y20,Prepaid Saver 30D,12,10,Prepaid,0,14.0,4G
CUST-11733,58,Female,Chattogram,iPhone 15 Pro,Postpaid Corporate,36,8,Postpaid,0,9.0,5G
CUST-11734,58,Male,Rangpur,Realme 11,Postpaid Corporate,5,9,Postpaid,1,16.0,4G
CUST-11735,55,Female,Rangpur,Samsung S23 Ultra,Postpaid Corporate,71,10,Postpaid,0,9.0,4G
CUST-11736,41,Male,Rangpur,Samsung S23 Ultra,Postpaid Corporate,56,7,Postpaid,0,15.0,4G
CUST-11737,22,Male,Rajshahi,iPhone 15 Pro,Student Special 4G,32,8,Prepaid,0,9.0,4G
CUST-11738,18,Male,Dhaka,Vivo Y20,Family Bundle,39,10,Postpaid,0,16.0,4G
CUST-11739,27,Male,Rajshahi,Vivo Y20,Unlimited Data Max,29,10,Prepaid,0,9.0,5G
CUST-11740,38,Female,Khulna,Realme 11,Prepaid Saver 30D,34,10,Prepaid,0,9.0,4G
CUST-11741,52,Female,Dhaka,iPhone 15 Pro,Student Special 4G,67,7,Prepaid,0,22.0,5G
CUST-11742,39,Female,Sylhet,iPhone 15 Pro,Unlimited Data Max,52,10,Prepaid,0,16.0,4G
CUST-11743,19,Male,Dhaka,iPhone 15 Pro,Prepaid Saver 30D,47,10,Prepaid,0,9.0,4G
CUST-11744,27,Female,Dhaka,iPhone 15 Pro,Postpaid Corporate,70,10,Postpaid,0,9.0,4G
CUST-11745,64,Male,Rangpur,Xiaomi Redmi Note 12,Unlimited Data Max,12,10,Prepaid,0,9.0,5G
CUST-11746,64,Male,Dhaka,Realme 11,Prepaid Saver 30D,65,10,Prepaid,0,9.0,5G
CUST-11747,35,Male,Chattogram,iPhone 15 Pro,Student Special 4G,13,10,Prepaid,0,9.0,4G
CUST-11748,55,Male,Dhaka,Samsung S23 Ultra,Unlimited Data Max,19,10,Prepaid,0,16.0,4G
CUST-11749,51,Male,Rajshahi,Xiaomi Redmi Note 12,Unlimited Data Max,46,9,Prepaid,0,9.0,4G
CUST-11750,61,Male,Rangpur,iPhone 15 Pro,Student Special 4G,10,8,Prepaid,0,16.0,4G
CUST-11751,59,Male,Chattogram,Xiaomi Redmi Note 12,Student Special 4G,34,10,Prepaid,0,16.0,4G
CUST-11752,47,Female,Khulna,Realme 11,Prepaid Saver 30D,24,10,Prepaid,0,9.0,5G
CUST-11753,36,Female,Khulna,Vivo Y20,Prepaid Saver 30D,1,9,Prepaid,0,9.0,4G
CUST-11754,47,Male,Mymensingh,Xiaomi Redmi Note 12,Unlimited Data Max,14,10,Prepaid,0,23.0,4G
CUST-11755,32,Male,Mymensingh,Vivo Y20,Student Special 4G,32,9,Prepaid,0,16.0,4G
CUST-11756,34,Male,Sylhet,iPhone 15 Pro,Unlimited Data Max,6,10,Prepaid,0,16.0,5G
CUST-11757,46,Female,Dhaka,Realme 11,Family Bundle,67,10,Postpaid,0,9.0,4G
CUST-11758,44,Female,Dhaka,Vivo Y20,Student Special 4G,31,4,Prepaid,0,22.0,5G
CUST-11759,45,Male,Khulna,iPhone 15 Pro,Unlimited Data Max,54,5,Prepaid,0,15.0,4G
CUST-11760,36,Male,Dhaka,Realme 11,Postpaid Corporate,15,4,Postpaid,0,15.0,5G
CUST-11761,37,Male,Dhaka,Xiaomi Redmi Note 12,Family Bundle,40,10,Postpaid,0,16.0,4G
CUST-11762,18,Male,Chattogram,Vivo Y20,Student Special 4G,9,10,Prepaid,0,9.0,5G
CUST-11763,46,Male,Chattogram,iPhone 15 Pro,Postpaid Corporate,14,7,Postpaid,0,15.0,4G
CUST-11764,45,Male,Sylhet,Vivo Y20,Unlimited Data Max,49,4,Prepaid,0,15.0,4G
CUST-11765,61,Female,Chattogram,Realme 11,Postpaid Corporate,24,4,Postpaid,1,15.0,4G
CUST-11766,41,Female,Khulna,Realme 11,Postpaid Corporate,70,8,Postpaid,0,14.0,4G
CUST-11767,39,Female,Rajshahi,Samsung S23 Ultra,Prepaid Saver 30D,71,10,Prepaid,0,9.0,4G
CUST-11768,21,Male,Barishal,Samsung S23 Ultra,Prepaid Saver 30D,10,7,Prepaid,0,15.0,4G
CUST-11769,27,Male,Chattogram,Realme 11,Family Bundle,47,10,Postpaid,0,23.0,4G
CUST-11770,33,Male,Dhaka,Xiaomi Redmi Note 12,Prepaid Saver 30D,56,5,Prepaid,0,15.0,4G
CUST-11771,35,Male,Dhaka,iPhone 15 Pro,Prepaid Saver 30D,20,10,Prepaid,0,9.0,4G
CUST-11772,35,Male,Dhaka,Vivo Y20,Prepaid Saver 30D,60,7,Prepaid,0,22.0,5G
CUST-11773,36,Male,Mymensingh,Xiaomi Redmi Note 12,Prepaid Saver 30D,53,10,Prepaid,0,14.0,5G
CUST-11774,54,Male,Chattogram,Xiaomi Redmi Note 12,Prepaid Saver 30D,24,10,Prepaid,0,16.0,5G
CUST-11775,24,Male,Barishal,iPhone 15 Pro,Unlimited Data Max,7,8,Prepaid,0,23.0,4G
CUST-11776,33,Female,Barishal,Vivo Y20,Prepaid Saver 30D,32,10,Prepaid,0,9.0,5G
CUST-11777,25,Female,Dhaka,iPhone 15 Pro,Unlimited Data Max,27,10,Prepaid,1,23.0,5G
CUST-11778,32,Female,Dhaka,iPhone 15 Pro,Prepaid Saver 30D,38,5,Prepaid,0,15.0,4G
CUST-11779,50,Male,Sylhet,Realme 11,Unlimited Data Max,17,9,Prepaid,0,16.0,4G
CUST-11780,20,Male,Barishal,Samsung S23 Ultra,Prepaid Saver 30D,23,10,Prepaid,0,28.0,5G
CUST-11781,33,Female,Khulna,Xiaomi Redmi Note 12,Prepaid Saver 30D,64,7,Prepaid,0,29.0,4G
CUST-11782,19,Female,Khulna,Xiaomi Redmi Note 12,Prepaid Saver 30D,60,10,Prepaid,0,9.0,5G
CUST-11783,62,Female,Mymensingh,iPhone 15 Pro,Postpaid Corporate,53,10,Postpaid,0,14.0,4G
CUST-11784,52,Male,Mymensingh,Realme 11,Prepaid Saver 30D,26,10,Prepaid,0,23.0,4G
CUST-11785,29,Female,Barishal,Samsung S23 Ultra,Postpaid Corporate,36,5,Postpaid,0,15.0,4G
CUST-11786,27,Female,Mymensingh,Vivo Y20,Unlimited Data Max,21,10,Prepaid,1,16.0,4G
CUST-11787,22,Female,Dhaka,Vivo Y20,Prepaid Saver 30D,29,10,Prepaid,0,9.0,4G
CUST-11788,40,Female,Rajshahi,Samsung S23 Ultra,Unlimited Data Max,37,10,Prepaid,0,16.0,4G
CUST-11789,53,Male,Chattogram,Xiaomi Redmi Note 12,Prepaid Saver 30D,61,8,Prepaid,1,9.0,4G
CUST-11790,45,Female,Rajshahi,Samsung S23 Ultra,Postpaid Corporate,57,10,Postpaid,0,9.0,5G
CUST-11791,59,Female,Khulna,Realme 11,Student Special 4G,14,4,Prepaid,0,15.0,4G
CUST-11792,34,Male,Mymensingh,iPhone 15 Pro,Prepaid Saver 30D,68,6,Prepaid,0,22.0,4G
CUST-11793,31,Male,Chattogram,Xiaomi Redmi Note 12,Prepaid Saver 30D,6,10,Prepaid,0,9.0,4G
CUST-11794,40,Male,Mymensingh,Vivo Y20,Prepaid Saver 30D,4,10,Prepaid,0,23.0,4G
CUST-11795,27,Female,Rajshahi,Realme 11,Family Bundle,61,5,Postpaid,0,15.0,4G
CUST-11796,63,Male,Dhaka,Vivo Y20,Unlimited Data Max,21,6,Prepaid,1,29.0,5G
CUST-11797,26,Female,Dhaka,Realme 11,Unlimited Data Max,61,4,Prepaid,0,22.0,5G
CUST-11798,40,Female,Chattogram,Xiaomi Redmi Note 12,Unlimited Data Max,5,5,Prepaid,1,22.0,5G
CUST-11799,42,Male,Dhaka,Samsung S23 Ultra,Family Bundle,18,4,Postpaid,0,15.0,4G
CUST-11800,20,Male,Rajshahi,Samsung S23 Ultra,Family Bundle,59,10,Postpaid,0,16.0,4G
CUST-11801,40,Female,Dhaka,Xiaomi Redmi Note 12,Prepaid Saver 30D,14,10,Prepaid,0,16.0,5G
CUST-11802,39,Female,Mymensingh,Xiaomi Redmi Note 12,Unlimited Data Max,37,10,Prepaid,0,16.0,4G
CUST-11803,30,Male,Rajshahi,Xiaomi Redmi Note 12,Student Special 4G,52,4,Prepaid,0,15.0,4G
CUST-11804,24,Female,Mymensingh,Vivo Y20,Prepaid Saver 30D,25,10,Prepaid,0,16.0,4G
CUST-11805,20,Male,Mymensingh,Samsung S23 Ultra,Unlimited Data Max,11,9,Prepaid,0,21.0,5G
CUST-11806,18,Female,Khulna,Realme 11,Prepaid Saver 30D,60,10,Prepaid,0,9.0,4G
CUST-11807,40,Female,Dhaka,Realme 11,Prepaid Saver 30D,45,8,Prepaid,0,9.0,4G
CUST-11808,22,Female,Chattogram,Realme 11,Prepaid Saver 30D,65,4,Prepaid,0,22.0,5G
CUST-11809,63,Male,Rangpur,iPhone 15 Pro,Postpaid Corporate,50,10,Postpaid,0,28.0,4G
CUST-11810,29,Male,Sylhet,Xiaomi Redmi Note 12,Postpaid Corporate,53,10,Postpaid,0,9.0,5G
CUST-11811,48,Female,Dhaka,Samsung S23 Ultra,Prepaid Saver 30D,45,10,Prepaid,0,9.0,4G
CUST-11812,49,Female,Sylhet,Samsung S23 Ultra,Unlimited Data Max,48,10,Prepaid,0,9.0,4G
CUST-11813,41,Female,Sylhet,Vivo Y20,Unlimited Data Max,31,10,Prepaid,0,16.0,5G
CUST-11814,59,Male,Dhaka,Realme 11,Student Special 4G,66,4,Prepaid,1,27.0,4G
CUST-11815,23,Female,Rajshahi,Vivo Y20,Unlimited Data Max,58,8,Prepaid,0,28.0,4G
CUST-11816,28,Female,Mymensingh,Realme 11,Prepaid Saver 30D,18,7,Prepaid,0,15.0,3G
CUST-11817,29,Male,Chattogram,iPhone 15 Pro,Unlimited Data Max,67,8,Prepaid,0,23.0,5G
CUST-11818,24,Female,Barishal,Vivo Y20,Unlimited Data Max,17,4,Prepaid,0,15.0,4G
CUST-11819,31,Male,Dhaka,Realme 11,Prepaid Saver 30D,51,10,Prepaid,0,9.0,4G
CUST-11820,32,Female,Rajshahi,Samsung S23 Ultra,Unlimited Data Max,66,6,Prepaid,1,15.0,4G
CUST-11821,53,Female,Dhaka,Samsung S23 Ultra,Postpaid Corporate,30,5,Postpaid,0,22.0,4G
CUST-11822,32,Female,Rajshahi,Realme 11,Prepaid Saver 30D,14,5,Prepaid,1,15.0,5G
CUST-11823,59,Male,Mymensingh,Realme 11,Student Special 4G,71,5,Prepaid,0,20.0,4G
CUST-11824,54,Female,Mymensingh,Samsung S23 Ultra,Postpaid Corporate,57,10,Postpaid,0,9.0,5G
CUST-11825,60,Female,Dhaka,Xiaomi Redmi Note 12,Prepaid Saver 30D,32,10,Prepaid,0,16.0,4G
CUST-11826,22,Female,Dhaka,Vivo Y20,Student Special 4G,71,4,Prepaid,0,15.0,4G
CUST-11827,64,Male,Chattogram,Realme 11,Family Bundle,9,4,Postpaid,0,15.0,4G
CUST-11828,46,Female,Chattogram,Vivo Y20,Unlimited Data Max,38,10,Prepaid,0,9.0,4G
CUST-11829,64,Male,Chattogram,iPhone 15 Pro,Postpaid Corporate,13,7,Postpaid,0,15.0,4G
CUST-11830,34,Female,Chattogram,Samsung S23 Ultra,Postpaid Corporate,14,5,Postpaid,0,29.0,4G
CUST-11831,62,Female,Chattogram,iPhone 15 Pro,Postpaid Corporate,25,5,Postpaid,0,29.0,5G
CUST-11832,45,Female,Khulna,Realme 11,Unlimited Data Max,41,10,Prepaid,0,14.0,4G
CUST-11833,21,Female,Dhaka,Vivo Y20,Unlimited Data Max,13,4,Prepaid,0,22.0,4G
CUST-11834,37,Female,Dhaka,Realme 11,Prepaid Saver 30D,37,8,Prepaid,0,16.0,4G
CUST-11835,24,Female,Rangpur,Samsung S23 Ultra,Unlimited Data Max,56,10,Prepaid,0,16.0,4G
CUST-11836,62,Female,Dhaka,Xiaomi Redmi Note 12,Prepaid Saver 30D,11,8,Prepaid,0,9.0,4G
CUST-11837,32,Female,Sylhet,Samsung S23 Ultra,Student Special 4G,2,5,Prepaid,0,15.0,4G
CUST-11838,28,Male,Mymensingh,Realme 11,Prepaid Saver 30D,54,10,Prepaid,1,16.0,4G
CUST-11839,43,Male,Barishal,Xiaomi Redmi Note 12,Prepaid Saver 30D,29,8,Prepaid,0,14.0,4G
CUST-11840,37,Female,Rangpur,Xiaomi Redmi Note 12,Prepaid Saver 30D,14,7,Prepaid,0,15.0,4G
CUST-11841,22,Male,Rangpur,Xiaomi Redmi Note 12,Prepaid Saver 30D,63,6,Prepaid,0,15.0,4G
CUST-11842,56,Female,Mymensingh,Realme 11,Student Special 4G,31,10,Prepaid,0,9.0,4G
CUST-11843,57,Male,Khulna,Samsung S23 Ultra,Student Special 4G,9,8,Prepaid,0,16.0,4G
CUST-11844,52,Male,Dhaka,Vivo Y20,Prepaid Saver 30D,22,8,Prepaid,0,9.0,3G
CUST-11845,46,Female,Dhaka,Xiaomi Redmi Note 12,Prepaid Saver 30D,41,10,Prepaid,0,9.0,3G
CUST-11846,36,Female,Rajshahi,Xiaomi Redmi Note 12,Unlimited Data Max,21,7,Prepaid,1,22.0,5G
CUST-11847,43,Male,Dhaka,iPhone 15 Pro,Family Bundle,67,10,Postpaid,1,9.0,4G
CUST-11848,42,Male,Chattogram,Samsung S23 Ultra,Prepaid Saver 30D,45,5,Prepaid,0,22.0,4G
CUST-11849,25,Female,Barishal,Realme 11,Prepaid Saver 30D,6,9,Prepaid,0,9.0,4G
CUST-11850,21,Male,Chattogram,iPhone 15 Pro,Prepaid Saver 30D,25,8,Prepaid,0,23.0,4G
CUST-11851,29,Male,Dhaka,Vivo Y20,Unlimited Data Max,25,9,Prepaid,0,9.0,5G
CUST-11852,39,Female,Dhaka,Realme 11,Prepaid Saver 30D,11,7,Prepaid,0,15.0,4G
CUST-11853,25,Female,Rangpur,Xiaomi Redmi Note 12,Family Bundle,3,5,Postpaid,0,15.0,4G
CUST-11854,23,Female,Chattogram,Samsung S23 Ultra,Unlimited Data Max,8,10,Prepaid,0,9.0,4G
CUST-11855,58,Female,Dhaka,Xiaomi Redmi Note 12,Unlimited Data Max,49,8,Prepaid,0,9.0,4G
CUST-11856,35,Female,Chattogram,Vivo Y20,Unlimited Data Max,18,10,Prepaid,0,9.0,5G
CUST-11857,45,Female,Khulna,Xiaomi Redmi Note 12,Unlimited Data Max,30,10,Prepaid,0,16.0,5G
CUST-11858,42,Male,Khulna,Realme 11,Family Bundle,11,8,Postpaid,0,16.0,5G
CUST-11859,52,Male,Khulna,Samsung S23 Ultra,Postpaid Corporate,68,10,Postpaid,0,9.0,4G
CUST-11860,52,Male,Sylhet,Xiaomi Redmi Note 12,Family Bundle,71,8,Postpaid,0,23.0,4G
CUST-11861,31,Female,Sylhet,Realme 11,Student Special 4G,50,4,Prepaid,0,15.0,4G
CUST-11862,57,Female,Rangpur,Xiaomi Redmi Note 12,Postpaid Corporate,24,10,Postpaid,0,16.0,4G
CUST-11863,35,Male,Rajshahi,Vivo Y20,Prepaid Saver 30D,43,10,Prepaid,0,9.0,4G
CUST-11864,57,Female,Dhaka,Xiaomi Redmi Note 12,Prepaid Saver 30D,28,9,Prepaid,0,9.0,3G
CUST-11865,37,Male,Khulna,Vivo Y20,Postpaid Corporate,65,10,Postpaid,0,16.0,4G
CUST-11866,23,Female,Dhaka,Realme 11,Postpaid Corporate,43,10,Postpaid,0,9.0,5G
CUST-11867,53,Male,Rajshahi,Vivo Y20,Prepaid Saver 30D,10,10,Prepaid,0,14.0,3G
CUST-11868,19,Male,Chattogram,Xiaomi Redmi Note 12,Prepaid Saver 30D,7,4,Prepaid,1,20.0,4G
CUST-11869,54,Male,Chattogram,Xiaomi Redmi Note 12,Postpaid Corporate,56,10,Postpaid,1,14.0,4G
CUST-11870,20,Male,Barishal,iPhone 15 Pro,Unlimited Data Max,52,6,Prepaid,0,22.0,3G
CUST-11871,27,Female,Khulna,Realme 11,Prepaid Saver 30D,52,10,Prepaid,0,9.0,4G
CUST-11872,46,Male,Mymensingh,Vivo Y20,Prepaid Saver 30D,24,10,Prepaid,0,14.0,4G
CUST-11873,62,Male,Barishal,Samsung S23 Ultra,Prepaid Saver 30D,48,4,Prepaid,0,15.0,5G
CUST-11874,37,Female,Dhaka,Vivo Y20,Prepaid Saver 30D,20,10,Prepaid,0,9.0,4G
CUST-11875,23,Male,Dhaka,Vivo Y20,Student Special 4G,46,7,Prepaid,0,27.0,4G
CUST-11876,28,Female,Rajshahi,Realme 11,Student Special 4G,24,6,Prepaid,0,22.0,4G
CUST-11877,60,Female,Barishal,Xiaomi Redmi Note 12,Prepaid Saver 30D,9,10,Prepaid,1,23.0,5G
CUST-11878,52,Female,Barishal,Vivo Y20,Prepaid Saver 30D,60,8,Prepaid,0,14.0,4G
CUST-11879,22,Female,Khulna,iPhone 15 Pro,Unlimited Data Max,58,9,Prepaid,0,16.0,3G
CUST-11880,36,Male,Khulna,Realme 11,Unlimited Data Max,56,7,Prepaid,0,22.0,3G
CUST-11881,30,Female,Rangpur,Vivo Y20,Prepaid Saver 30D,46,10,Prepaid,0,14.0,4G
CUST-11882,26,Female,Khulna,Vivo Y20,Student Special 4G,46,6,Prepaid,0,15.0,5G
CUST-11883,57,Female,Sylhet,Xiaomi Redmi Note 12,Student Special 4G,55,7,Prepaid,0,22.0,4G
CUST-11884,47,Female,Dhaka,iPhone 15 Pro,Unlimited Data Max,41,10,Prepaid,0,23.0,4G
CUST-11885,26,Male,Dhaka,Vivo Y20,Student Special 4G,63,6,Prepaid,0,27.0,4G
CUST-11886,48,Male,Sylhet,Realme 11,Prepaid Saver 30D,55,10,Prepaid,0,9.0,4G
CUST-11887,37,Female,Chattogram,Realme 11,Student Special 4G,39,10,Prepaid,0,9.0,4G
CUST-11888,20,Female,Rajshahi,Realme 11,Prepaid Saver 30D,42,10,Prepaid,0,16.0,4G
CUST-11889,39,Male,Barishal,Vivo Y20,Postpaid Corporate,68,7,Postpaid,1,22.0,4G
CUST-11890,26,Male,Dhaka,Xiaomi Redmi Note 12,Prepaid Saver 30D,36,5,Prepaid,0,15.0,4G
CUST-11891,29,Male,Chattogram,Xiaomi Redmi Note 12,Unlimited Data Max,8,9,Prepaid,0,9.0,4G
CUST-11892,59,Male,Khulna,Vivo Y20,Prepaid Saver 30D,60,8,Prepaid,0,9.0,4G
CUST-11893,51,Male,Rajshahi,Xiaomi Redmi Note 12,Postpaid Corporate,1,6,Postpaid,0,22.0,4G
CUST-11894,24,Female,Barishal,iPhone 15 Pro,Family Bundle,18,7,Postpaid,1,15.0,4G
CUST-11895,58,Female,Chattogram,Realme 11,Postpaid Corporate,24,10,Postpaid,0,16.0,3G
CUST-11896,44,Female,Dhaka,iPhone 15 Pro,Student Special 4G,2,5,Prepaid,0,15.0,4G
CUST-11897,59,Male,Dhaka,Samsung S23 Ultra,Unlimited Data Max,16,6,Prepaid,0,15.0,4G
CUST-11898,53,Female,Dhaka,iPhone 15 Pro,Student Special 4G,13,7,Prepaid,0,15.0,3G
CUST-11899,33,Female,Sylhet,Samsung S23 Ultra,Student Special 4G,40,10,Prepaid,0,23.0,4G
CUST-11900,43,Female,Chattogram,Vivo Y20,Prepaid Saver 30D,63,7,Prepaid,0,15.0,4G
CUST-11901,42,Male,Dhaka,Vivo Y20,Prepaid Saver 30D,20,6,Prepaid,0,22.0,5G
CUST-11902,51,Male,Dhaka,iPhone 15 Pro,Unlimited Data Max,28,6,Prepaid,0,15.0,4G
CUST-11903,29,Male,Dhaka,Vivo Y20,Unlimited Data Max,49,10,Prepaid,0,9.0,3G
CUST-11904,33,Female,Dhaka,Realme 11,Unlimited Data Max,48,7,Prepaid,0,15.0,4G
CUST-11905,29,Male,Rajshahi,Vivo Y20,Postpaid Corporate,68,7,Postpaid,0,22.0,4G
CUST-11906,31,Female,Khulna,Samsung S23 Ultra,Student Special 4G,38,7,Prepaid,0,15.0,4G
CUST-11907,25,Male,Rajshahi,Samsung S23 Ultra,Unlimited Data Max,55,10,Prepaid,0,9.0,3G
CUST-11908,19,Female,Dhaka,Vivo Y20,Family Bundle,61,10,Postpaid,0,16.0,5G
CUST-11909,62,Male,Khulna,iPhone 15 Pro,Student Special 4G,30,9,Prepaid,1,23.0,4G
CUST-11910,21,Male,Rangpur,Xiaomi Redmi Note 12,Prepaid Saver 30D,60,6,Prepaid,1,27.0,4G
CUST-11911,59,Female,Rangpur,Vivo Y20,Family Bundle,70,5,Postpaid,0,15.0,4G
CUST-11912,18,Female,Sylhet,iPhone 15 Pro,Student Special 4G,9,4,Prepaid,1,27.0,5G
CUST-11913,54,Female,Dhaka,Samsung S23 Ultra,Unlimited Data Max,55,6,Prepaid,0,22.0,4G
CUST-11914,33,Male,Sylhet,Realme 11,Family Bundle,45,10,Postpaid,0,9.0,4G
CUST-11915,42,Male,Rajshahi,Xiaomi Redmi Note 12,Prepaid Saver 30D,58,10,Prepaid,0,9.0,4G
CUST-11916,31,Male,Rajshahi,Samsung S23 Ultra,Unlimited Data Max,39,10,Prepaid,0,16.0,4G
CUST-11917,41,Female,Mymensingh,iPhone 15 Pro,Unlimited Data Max,15,10,Prepaid,1,28.0,4G
CUST-11918,39,Male,Sylhet,Xiaomi Redmi Note 12,Postpaid Corporate,31,9,Postpaid,0,9.0,4G
CUST-11919,42,Male,Dhaka,Vivo Y20,Family Bundle,49,7,Postpaid,0,15.0,5G
CUST-11920,36,Female,Rajshahi,iPhone 15 Pro,Prepaid Saver 30D,64,10,Prepaid,0,21.0,4G
CUST-11921,43,Male,Mymensingh,Xiaomi Redmi Note 12,Prepaid Saver 30D,6,5,Prepaid,0,22.0,3G
CUST-11922,56,Male,Rajshahi,Samsung S23 Ultra,Prepaid Saver 30D,14,4,Prepaid,0,15.0,3G
CUST-11923,38,Male,Rajshahi,iPhone 15 Pro,Student Special 4G,17,10,Prepaid,0,23.0,4G
CUST-11924,34,Female,Chattogram,iPhone 15 Pro,Unlimited Data Max,42,8,Prepaid,0,16.0,4G
CUST-11925,24,Male,Dhaka,Xiaomi Redmi Note 12,Prepaid Saver 30D,2,10,Prepaid,0,23.0,4G
CUST-11926,34,Male,Dhaka,Realme 11,Prepaid Saver 30D,68,10,Prepaid,0,9.0,5G
CUST-11927,23,Male,Rajshahi,Samsung S23 Ultra,Unlimited Data Max,51,10,Prepaid,0,16.0,5G
CUST-11928,26,Female,Rajshahi,Samsung S23 Ultra,Family Bundle,65,10,Postpaid,0,9.0,4G
CUST-11929,62,Female,Rangpur,Realme 11,Family Bundle,2,8,Postpaid,0,9.0,4G
CUST-11930,22,Male,Rajshahi,iPhone 15 Pro,Prepaid Saver 30D,20,7,Prepaid,0,22.0,5G
CUST-11931,40,Male,Khulna,Realme 11,Postpaid Corporate,32,7,Postpaid,0,15.0,4G
CUST-11932,57,Male,Chattogram,Samsung S23 Ultra,Student Special 4G,55,10,Prepaid,0,9.0,4G
CUST-11933,62,Female,Mymensingh,Realme 11,Unlimited Data Max,47,7,Prepaid,0,20.0,4G
CUST-11934,24,Male,Rangpur,Vivo Y20,Unlimited Data Max,30,10,Prepaid,0,16.0,5G
CUST-11935,25,Male,Mymensingh,Xiaomi Redmi Note 12,Postpaid Corporate,22,4,Postpaid,0,22.0,4G
CUST-11936,35,Male,Rangpur,Xiaomi Redmi Note 12,Prepaid Saver 30D,24,6,Prepaid,0,15.0,4G
CUST-11937,44,Female,Sylhet,iPhone 15 Pro,Postpaid Corporate,27,10,Postpaid,0,16.0,4G
CUST-11938,63,Female,Dhaka,iPhone 15 Pro,Prepaid Saver 30D,49,9,Prepaid,0,9.0,4G
CUST-11939,27,Female,Rajshahi,Samsung S23 Ultra,Postpaid Corporate,62,7,Postpaid,1,15.0,4G
CUST-11940,25,Male,Khulna,Xiaomi Redmi Note 12,Unlimited Data Max,34,5,Prepaid,1,15.0,4G
CUST-11941,29,Male,Dhaka,Vivo Y20,Unlimited Data Max,65,8,Prepaid,0,9.0,4G
CUST-11942,59,Male,Chattogram,Samsung S23 Ultra,Unlimited Data Max,22,10,Prepaid,0,9.0,5G
CUST-11943,19,Male,Chattogram,Xiaomi Redmi Note 12,Prepaid Saver 30D,61,7,Prepaid,1,22.0,5G
CUST-11944,35,Female,Chattogram,Vivo Y20,Student Special 4G,1,8,Prepaid,0,9.0,4G
CUST-11945,23,Female,Mymensingh,Xiaomi Redmi Note 12,Student Special 4G,54,7,Prepaid,0,22.0,4G
CUST-11946,25,Male,Chattogram,Realme 11,Prepaid Saver 30D,68,10,Prepaid,0,9.0,3G
CUST-11947,61,Female,Dhaka,iPhone 15 Pro,Postpaid Corporate,20,10,Postpaid,0,16.0,4G
CUST-11948,18,Male,Dhaka,Realme 11,Prepaid Saver 30D,49,10,Prepaid,0,16.0,5G
CUST-11949,33,Female,Dhaka,Vivo Y20,Prepaid Saver 30D,6,10,Prepaid,0,9.0,4G
CUST-11950,61,Female,Rangpur,Xiaomi Redmi Note 12,Family Bundle,61,8,Postpaid,1,16.0,5G
CUST-11951,46,Male,Dhaka,Realme 11,Prepaid Saver 30D,35,10,Prepaid,0,9.0,5G
CUST-11952,21,Female,Chattogram,Realme 11,Student Special 4G,31,10,Prepaid,1,14.0,4G
CUST-11953,39,Female,Sylhet,Samsung S23 Ultra,Unlimited Data Max,66,4,Prepaid,1,29.0,3G
CUST-11954,63,Male,Rangpur,Samsung S23 Ultra,Prepaid Saver 30D,66,7,Prepaid,0,15.0,5G
CUST-11955,36,Male,Mymensingh,Realme 11,Postpaid Corporate,16,10,Postpaid,0,16.0,4G
CUST-11956,42,Female,Rajshahi,iPhone 15 Pro,Student Special 4G,69,6,Prepaid,0,22.0,3G
CUST-11957,42,Male,Chattogram,Xiaomi Redmi Note 12,Prepaid Saver 30D,15,10,Prepaid,0,21.0,5G
CUST-11958,49,Male,Rajshahi,Xiaomi Redmi Note 12,Student Special 4G,58,10,Prepaid,0,9.0,4G
CUST-11959,26,Female,Chattogram,Realme 11,Student Special 4G,56,10,Prepaid,1,16.0,4G
CUST-11960,57,Female,Dhaka,Vivo Y20,Postpaid Corporate,36,10,Postpaid,0,9.0,4G
CUST-11961,64,Female,Chattogram,Vivo Y20,Prepaid Saver 30D,43,5,Prepaid,1,34.0,4G
CUST-11962,24,Male,Rajshahi,Samsung S23 Ultra,Prepaid Saver 30D,28,5,Prepaid,0,15.0,4G
CUST-11963,56,Female,Chattogram,Realme 11,Postpaid Corporate,29,8,Postpaid,0,14.0,4G
CUST-11964,56,Male,Dhaka,Realme 11,Postpaid Corporate,37,7,Postpaid,1,22.0,4G
CUST-11965,52,Female,Chattogram,Vivo Y20,Prepaid Saver 30D,62,10,Prepaid,0,9.0,4G
CUST-11966,35,Female,Rajshahi,Xiaomi Redmi Note 12,Prepaid Saver 30D,35,10,Prepaid,0,21.0,5G
CUST-11967,40,Male,Dhaka,Xiaomi Redmi Note 12,Unlimited Data Max,42,10,Prepaid,0,16.0,5G
CUST-11968,57,Female,Dhaka,Xiaomi Redmi Note 12,Unlimited Data Max,51,10,Prepaid,0,9.0,4G
CUST-11969,25,Female,Dhaka,iPhone 15 Pro,Prepaid Saver 30D,66,4,Prepaid,0,15.0,5G
CUST-11970,56,Female,Rajshahi,iPhone 15 Pro,Student Special 4G,62,10,Prepaid,0,9.0,5G
CUST-11971,61,Male,Chattogram,Realme 11,Student Special 4G,27,10,Prepaid,1,23.0,5G
CUST-11972,50,Female,Sylhet,Samsung S23 Ultra,Family Bundle,62,10,Postpaid,0,9.0,4G
CUST-11973,34,Male,Dhaka,Realme 11,Postpaid Corporate,32,10,Postpaid,1,9.0,4G
CUST-11974,44,Male,Chattogram,Vivo Y20,Unlimited Data Max,7,10,Prepaid,0,9.0,4G
CUST-11975,20,Male,Chattogram,iPhone 15 Pro,Postpaid Corporate,6,10,Postpaid,0,14.0,4G
CUST-11976,61,Female,Chattogram,iPhone 15 Pro,Student Special 4G,15,5,Prepaid,0,15.0,4G
CUST-11977,34,Female,Dhaka,Xiaomi Redmi Note 12,Postpaid Corporate,27,8,Postpaid,0,9.0,4G
CUST-11978,20,Female,Dhaka,Vivo Y20,Prepaid Saver 30D,29,10,Prepaid,0,9.0,4G
CUST-11979,55,Male,Rangpur,Samsung S23 Ultra,Postpaid Corporate,13,10,Postpaid,0,9.0,4G
CUST-11980,48,Female,Dhaka,Xiaomi Redmi Note 12,Unlimited Data Max,13,6,Prepaid,0,15.0,4G
CUST-11981,47,Male,Chattogram,iPhone 15 Pro,Prepaid Saver 30D,3,10,Prepaid,0,14.0,4G
CUST-11982,20,Male,Dhaka,Vivo Y20,Unlimited Data Max,65,4,Prepaid,0,22.0,4G
CUST-11983,53,Female,Chattogram,Vivo Y20,Prepaid Saver 30D,19,7,Prepaid,1,15.0,4G
CUST-11984,47,Female,Chattogram,Samsung S23 Ultra,Student Special 4G,47,10,Prepaid,0,9.0,4G
CUST-11985,55,Female,Dhaka,Samsung S23 Ultra,Unlimited Data Max,35,10,Prepaid,1,30.0,4G
CUST-11986,56,Male,Chattogram,Samsung S23 Ultra,Unlimited Data Max,26,9,Prepaid,0,9.0,4G
CUST-11987,27,Female,Chattogram,Vivo Y20,Student Special 4G,18,6,Prepaid,0,15.0,4G
CUST-11988,27,Female,Sylhet,Vivo Y20,Student Special 4G,5,8,Prepaid,0,9.0,4G
CUST-11989,61,Female,Mymensingh,iPhone 15 Pro,Prepaid Saver 30D,8,5,Prepaid,0,22.0,4G
CUST-11990,42,Male,Sylhet,Samsung S23 Ultra,Prepaid Saver 30D,49,10,Prepaid,0,9.0,4G
CUST-11991,38,Male,Dhaka,Realme 11,Prepaid Saver 30D,33,10,Prepaid,1,14.0,4G
CUST-11992,31,Female,Rangpur,Vivo Y20,Postpaid Corporate,69,10,Postpaid,0,9.0,3G
CUST-11993,48,Female,Dhaka,Vivo Y20,Student Special 4G,11,7,Prepaid,0,20.0,4G
CUST-11994,53,Female,Chattogram,Xiaomi Redmi Note 12,Unlimited Data Max,67,5,Prepaid,0,27.0,4G
CUST-11995,18,Female,Rajshahi,Realme 11,Family Bundle,7,4,Postpaid,0,15.0,4G
CUST-11996,43,Male,Barishal,Vivo Y20,Postpaid Corporate,53,7,Postpaid,0,15.0,4G
CUST-11997,64,Female,Dhaka,Vivo Y20,Postpaid Corporate,69,10,Postpaid,0,16.0,4G
CUST-11998,31,Male,Rajshahi,Xiaomi Redmi Note 12,Unlimited Data Max,11,7,Prepaid,0,15.0,5G
CUST-11999,31,Female,Khulna,iPhone 15 Pro,Family Bundle,34,10,Postpaid,1,16.0,4G
CUST-12000,59,Female,Dhaka,iPhone 15 Pro,Prepaid Saver 30D,66,5,Prepaid,0,29.0,5G
CUST-12001,20,Male,Dhaka,iPhone 15 Pro,Prepaid Saver 30D,57,10,Prepaid,0,9.0,5G
CUST-12002,36,Male,Chattogram,Vivo Y20,Prepaid Saver 30D,16,4,Prepaid,1,15.0,4G
CUST-12003,39,Male,Sylhet,Realme 11,Prepaid Saver 30D,13,7,Prepaid,0,15.0,4G
CUST-12004,55,Female,Chattogram,Vivo Y20,Unlimited Data Max,24,5,Prepaid,1,22.0,4G
CUST-12005,24,Female,Dhaka,Realme 11,Unlimited Data Max,33,10,Prepaid,0,23.0,4G
CUST-12006,38,Female,Chattogram,Xiaomi Redmi Note 12,Prepaid Saver 30D,21,5,Prepaid,1,15.0,4G
CUST-12007,25,Male,Rangpur,Realme 11,Prepaid Saver 30D,7,4,Prepaid,0,36.0,4G
CUST-12008,55,Female,Rajshahi,Realme 11,Postpaid Corporate,36,7,Postpaid,0,27.0,4G
CUST-12009,47,Male,Dhaka,Realme 11,Postpaid Corporate,30,4,Postpaid,0,27.0,3G
CUST-12010,41,Male,Sylhet,iPhone 15 Pro,Prepaid Saver 30D,22,7,Prepaid,0,15.0,3G
CUST-12011,36,Male,Barishal,iPhone 15 Pro,Unlimited Data Max,59,6,Prepaid,0,15.0,4G
CUST-12012,25,Female,Rangpur,Samsung S23 Ultra,Prepaid Saver 30D,21,10,Prepaid,0,16.0,5G
CUST-12013,61,Female,Chattogram,iPhone 15 Pro,Postpaid Corporate,64,9,Postpaid,0,9.0,4G
CUST-12014,48,Female,Dhaka,Vivo Y20,Postpaid Corporate,1,8,Postpaid,0,16.0,4G
CUST-12015,33,Female,Barishal,Vivo Y20,Prepaid Saver 30D,37,10,Prepaid,0,9.0,3G
CUST-12016,37,Male,Sylhet,Samsung S23 Ultra,Family Bundle,68,5,Postpaid,1,22.0,4G
CUST-12017,52,Female,Rangpur,Xiaomi Redmi Note 12,Student Special 4G,21,5,Prepaid,0,20.0,4G
CUST-12018,51,Male,Khulna,Vivo Y20,Student Special 4G,47,5,Prepaid,0,22.0,4G
CUST-12019,39,Female,Chattogram,Realme 11,Postpaid Corporate,53,10,Postpaid,0,9.0,4G
CUST-12020,32,Male,Dhaka,Realme 11,Prepaid Saver 30D,25,10,Prepaid,0,9.0,4G
CUST-12021,49,Female,Dhaka,Xiaomi Redmi Note 12,Family Bundle,46,10,Postpaid,0,9.0,4G
CUST-12022,48,Female,Dhaka,iPhone 15 Pro,Family Bundle,47,10,Postpaid,0,16.0,4G
CUST-12023,46,Female,Barishal,Vivo Y20,Student Special 4G,34,5,Prepaid,0,15.0,4G
CUST-12024,21,Female,Mymensingh,Samsung S23 Ultra,Student Special 4G,27,5,Prepaid,0,22.0,4G
CUST-12025,40,Male,Khulna,Vivo Y20,Family Bundle,34,10,Postpaid,0,9.0,5G
CUST-12026,46,Male,Rangpur,Vivo Y20,Postpaid Corporate,11,9,Postpaid,0,9.0,4G
CUST-12027,62,Female,Dhaka,iPhone 15 Pro,Unlimited Data Max,36,10,Prepaid,0,9.0,4G
CUST-12028,42,Female,Dhaka,Xiaomi Redmi Note 12,Prepaid Saver 30D,24,6,Prepaid,0,15.0,4G
CUST-12029,34,Male,Dhaka,Vivo Y20,Postpaid Corporate,25,9,Postpaid,0,9.0,3G
CUST-12030,44,Female,Chattogram,Xiaomi Redmi Note 12,Student Special 4G,18,10,Prepaid,0,9.0,4G
CUST-12031,26,Male,Khulna,iPhone 15 Pro,Prepaid Saver 30D,37,8,Prepaid,0,21.0,5G
CUST-12032,22,Female,Rajshahi,Samsung S23 Ultra,Prepaid Saver 30D,1,10,Prepaid,0,9.0,4G
CUST-12033,49,Male,Chattogram,Xiaomi Redmi Note 12,Family Bundle,5,10,Postpaid,0,9.0,4G
CUST-12034,64,Male,Dhaka,iPhone 15 Pro,Prepaid Saver 30D,15,10,Prepaid,0,9.0,4G
CUST-12035,57,Female,Rangpur,Vivo Y20,Unlimited Data Max,41,6,Prepaid,1,15.0,5G
CUST-12036,45,Female,Dhaka,Vivo Y20,Postpaid Corporate,19,10,Postpaid,0,16.0,5G
CUST-12037,19,Female,Khulna,iPhone 15 Pro,Prepaid Saver 30D,36,10,Prepaid,0,23.0,4G
CUST-12038,64,Female,Rajshahi,iPhone 15 Pro,Unlimited Data Max,11,10,Prepaid,0,16.0,4G
CUST-12039,39,Female,Khulna,iPhone 15 Pro,Postpaid Corporate,30,6,Postpaid,1,15.0,4G
CUST-12040,31,Male,Chattogram,Xiaomi Redmi Note 12,Family Bundle,33,5,Postpaid,0,15.0,4G
CUST-12041,59,Female,Rajshahi,Realme 11,Prepaid Saver 30D,24,4,Prepaid,1,20.0,4G
CUST-12042,53,Female,Sylhet,Samsung S23 Ultra,Prepaid Saver 30D,4,7,Prepaid,0,27.0,3G
CUST-12043,53,Female,Barishal,Vivo Y20,Prepaid Saver 30D,45,9,Prepaid,0,9.0,4G
CUST-12044,31,Female,Chattogram,Realme 11,Postpaid Corporate,15,6,Postpaid,0,22.0,5G
CUST-12045,64,Male,Mymensingh,Samsung S23 Ultra,Prepaid Saver 30D,35,6,Prepaid,1,15.0,5G
CUST-12046,39,Female,Khulna,iPhone 15 Pro,Prepaid Saver 30D,51,10,Prepaid,0,9.0,3G
CUST-12047,42,Female,Dhaka,Realme 11,Postpaid Corporate,8,10,Postpaid,0,9.0,4G
CUST-12048,53,Male,Khulna,Xiaomi Redmi Note 12,Family Bundle,49,10,Postpaid,0,16.0,3G
CUST-12049,49,Female,Mymensingh,Xiaomi Redmi Note 12,Prepaid Saver 30D,27,10,Prepaid,0,16.0,5G
CUST-12050,26,Male,Dhaka,Samsung S23 Ultra,Prepaid Saver 30D,36,10,Prepaid,0,9.0,4G
CUST-12051,32,Female,Chattogram,Xiaomi Redmi Note 12,Student Special 4G,6,6,Prepaid,0,15.0,4G
CUST-12052,34,Female,Chattogram,Realme 11,Unlimited Data Max,36,10,Prepaid,0,23.0,4G
CUST-12053,62,Male,Dhaka,Realme 11,Student Special 4G,27,10,Prepaid,0,21.0,5G
CUST-12054,51,Female,Sylhet,Xiaomi Redmi Note 12,Prepaid Saver 30D,13,7,Prepaid,0,22.0,3G
CUST-12055,35,Male,Khulna,Xiaomi Redmi Note 12,Unlimited Data Max,38,7,Prepaid,0,15.0,4G
CUST-12056,52,Female,Dhaka,iPhone 15 Pro,Unlimited Data Max,47,5,Prepaid,0,15.0,4G
CUST-12057,52,Female,Rangpur,Realme 11,Unlimited Data Max,28,10,Prepaid,0,9.0,3G
CUST-12058,36,Male,Dhaka,Realme 11,Student Special 4G,46,7,Prepaid,1,22.0,4G
CUST-12059,36,Male,Dhaka,Realme 11,Postpaid Corporate,25,6,Postpaid,0,15.0,5G
CUST-12060,60,Male,Chattogram,Realme 11,Student Special 4G,59,10,Prepaid,0,9.0,3G
CUST-12061,44,Male,Rajshahi,Vivo Y20,Student Special 4G,20,5,Prepaid,1,15.0,5G
CUST-12062,25,Male,Mymensingh,Vivo Y20,Prepaid Saver 30D,57,5,Prepaid,0,20.0,3G
CUST-12063,51,Male,Rajshahi,Vivo Y20,Family Bundle,28,10,Postpaid,0,9.0,4G
CUST-12064,45,Male,Dhaka,iPhone 15 Pro,Student Special 4G,40,4,Prepaid,0,20.0,4G
CUST-12065,41,Male,Dhaka,Samsung S23 Ultra,Prepaid Saver 30D,5,10,Prepaid,0,23.0,5G
CUST-12066,52,Male,Chattogram,Samsung S23 Ultra,Student Special 4G,6,10,Prepaid,0,14.0,4G
CUST-12067,60,Male,Sylhet,Realme 11,Student Special 4G,71,7,Prepaid,1,36.0,5G
CUST-12068,33,Female,Chattogram,Vivo Y20,Prepaid Saver 30D,1,9,Prepaid,0,28.0,3G
CUST-12069,37,Female,Mymensingh,Realme 11,Unlimited Data Max,40,7,Prepaid,1,22.0,4G
CUST-12070,26,Male,Mymensingh,Realme 11,Prepaid Saver 30D,33,8,Prepaid,0,21.0,4G
CUST-12071,48,Female,Chattogram,Samsung S23 Ultra,Family Bundle,46,10,Postpaid,0,16.0,4G
CUST-12072,36,Male,Dhaka,Xiaomi Redmi Note 12,Postpaid Corporate,1,10,Postpaid,0,16.0,4G
CUST-12073,34,Female,Barishal,Realme 11,Student Special 4G,14,6,Prepaid,0,15.0,4G
CUST-12074,50,Male,Khulna,Samsung S23 Ultra,Family Bundle,25,9,Postpaid,0,16.0,4G
CUST-12075,37,Male,Sylhet,Realme 11,Unlimited Data Max,66,10,Prepaid,0,9.0,4G
CUST-12076,39,Female,Dhaka,iPhone 15 Pro,Family Bundle,25,4,Postpaid,1,29.0,4G
CUST-12077,38,Male,Sylhet,Samsung S23 Ultra,Prepaid Saver 30D,41,4,Prepaid,0,15.0,5G
CUST-12078,30,Female,Chattogram,Realme 11,Postpaid Corporate,41,10,Postpaid,0,21.0,5G
CUST-12079,23,Male,Dhaka,Xiaomi Redmi Note 12,Prepaid Saver 30D,30,5,Prepaid,1,27.0,4G
CUST-12080,56,Male,Rangpur,Xiaomi Redmi Note 12,Prepaid Saver 30D,59,10,Prepaid,0,9.0,5G
CUST-12081,22,Male,Rangpur,Xiaomi Redmi Note 12,Prepaid Saver 30D,51,5,Prepaid,0,22.0,4G
CUST-12082,33,Female,Dhaka,Realme 11,Prepaid Saver 30D,32,10,Prepaid,0,9.0,4G
CUST-12083,49,Male,Mymensingh,Xiaomi Redmi Note 12,Unlimited Data Max,22,7,Prepaid,0,15.0,4G
CUST-12084,24,Female,Rangpur,Vivo Y20,Prepaid Saver 30D,20,10,Prepaid,0,16.0,4G
CUST-12085,48,Female,Rajshahi,Vivo Y20,Postpaid Corporate,67,10,Postpaid,0,16.0,4G
CUST-12086,52,Female,Khulna,Xiaomi Redmi Note 12,Family Bundle,9,10,Postpaid,1,16.0,5G
CUST-12087,49,Female,Chattogram,Samsung S23 Ultra,Unlimited Data Max,13,10,Prepaid,1,9.0,4G
CUST-12088,32,Female,Chattogram,iPhone 15 Pro,Unlimited Data Max,19,6,Prepaid,0,15.0,4G
CUST-12089,18,Female,Khulna,Realme 11,Prepaid Saver 30D,60,5,Prepaid,1,15.0,4G
CUST-12090,59,Male,Dhaka,iPhone 15 Pro,Postpaid Corporate,49,6,Postpaid,0,15.0,4G
CUST-12091,33,Male,Chattogram,Realme 11,Postpaid Corporate,69,4,Postpaid,0,15.0,4G
CUST-12092,55,Female,Dhaka,Realme 11,Family Bundle,52,10,Postpaid,0,16.0,4G
CUST-12093,27,Male,Dhaka,Xiaomi Redmi Note 12,Unlimited Data Max,35,6,Prepaid,0,22.0,4G
CUST-12094,25,Female,Dhaka,Samsung S23 Ultra,Prepaid Saver 30D,3,8,Prepaid,0,16.0,5G
CUST-12095,54,Male,Dhaka,Xiaomi Redmi Note 12,Family Bundle,63,10,Postpaid,0,14.0,4G
CUST-12096,62,Male,Dhaka,Realme 11,Postpaid Corporate,48,10,Postpaid,0,9.0,4G
CUST-12097,58,Male,Chattogram,Samsung S23 Ultra,Prepaid Saver 30D,6,9,Prepaid,0,16.0,5G
CUST-12098,53,Male,Rangpur,Vivo Y20,Family Bundle,69,10,Postpaid,0,9.0,5G
CUST-12099,29,Female,Khulna,Samsung S23 Ultra,Prepaid Saver 30D,45,5,Prepaid,0,22.0,4G
CUST-12100,60,Female,Chattogram,Xiaomi Redmi Note 12,Unlimited Data Max,45,6,Prepaid,1,27.0,4G
CUST-12101,49,Male,Dhaka,Xiaomi Redmi Note 12,Unlimited Data Max,26,10,Prepaid,0,16.0,4G
CUST-12102,26,Male,Dhaka,Realme 11,Student Special 4G,24,10,Prepaid,0,9.0,4G
CUST-12103,24,Female,Khulna,iPhone 15 Pro,Student Special 4G,26,10,Prepaid,0,9.0,4G
CUST-12104,58,Male,Khulna,iPhone 15 Pro,Unlimited Data Max,4,10,Prepaid,0,16.0,4G
CUST-12105,30,Female,Mymensingh,Vivo Y20,Prepaid Saver 30D,32,10,Prepaid,0,16.0,4G
CUST-12106,53,Female,Mymensingh,iPhone 15 Pro,Prepaid Saver 30D,5,4,Prepaid,1,22.0,4G
CUST-12107,24,Male,Chattogram,Realme 11,Unlimited Data Max,43,9,Prepaid,0,9.0,3G
CUST-12108,31,Male,Dhaka,iPhone 15 Pro,Student Special 4G,15,10,Prepaid,0,9.0,5G
CUST-12109,31,Male,Barishal,Samsung S23 Ultra,Prepaid Saver 30D,44,7,Prepaid,0,22.0,3G
CUST-12110,31,Male,Dhaka,Xiaomi Redmi Note 12,Student Special 4G,27,4,Prepaid,0,15.0,4G
CUST-12111,49,Male,Dhaka,iPhone 15 Pro,Student Special 4G,20,5,Prepaid,1,22.0,3G
CUST-12112,60,Female,Rajshahi,iPhone 15 Pro,Prepaid Saver 30D,11,10,Prepaid,0,9.0,4G
CUST-12113,60,Male,Chattogram,Vivo Y20,Postpaid Corporate,28,10,Postpaid,1,23.0,4G
CUST-12114,52,Female,Mymensingh,Realme 11,Postpaid Corporate,5,10,Postpaid,0,9.0,4G
CUST-12115,27,Female,Dhaka,iPhone 15 Pro,Prepaid Saver 30D,18,4,Prepaid,0,15.0,4G
CUST-12116,63,Male,Dhaka,Xiaomi Redmi Note 12,Prepaid Saver 30D,33,8,Prepaid,0,21.0,4G
CUST-12117,43,Female,Rajshahi,Realme 11,Student Special 4G,45,7,Prepaid,0,29.0,3G
CUST-12118,43,Male,Chattogram,Samsung S23 Ultra,Postpaid Corporate,33,10,Postpaid,0,9.0,4G
CUST-12119,50,Female,Dhaka,Samsung S23 Ultra,Postpaid Corporate,8,9,Postpaid,0,9.0,4G
CUST-12120,54,Female,Dhaka,Xiaomi Redmi Note 12,Prepaid Saver 30D,52,6,Prepaid,0,15.0,4G
CUST-12121,62,Female,Rajshahi,Vivo Y20,Postpaid Corporate,31,9,Postpaid,0,16.0,4G
CUST-12122,45,Female,Chattogram,Vivo Y20,Postpaid Corporate,45,10,Postpaid,0,9.0,4G
CUST-12123,46,Male,Sylhet,Xiaomi Redmi Note 12,Prepaid Saver 30D,70,9,Prepaid,0,9.0,4G
CUST-12124,53,Male,Sylhet,Realme 11,Prepaid Saver 30D,4,8,Prepaid,0,9.0,4G
CUST-12125,29,Male,Rajshahi,Xiaomi Redmi Note 12,Prepaid Saver 30D,71,10,Prepaid,1,16.0,4G
CUST-12126,32,Female,Dhaka,Vivo Y20,Postpaid Corporate,68,7,Postpaid,0,15.0,4G
CUST-12127,47,Male,Mymensingh,Xiaomi Redmi Note 12,Unlimited Data Max,37,5,Prepaid,0,22.0,4G
CUST-12128,21,Female,Chattogram,Vivo Y20,Student Special 4G,2,10,Prepaid,1,9.0,4G
CUST-12129,33,Male,Rangpur,iPhone 15 Pro,Prepaid Saver 30D,18,10,Prepaid,0,16.0,4G
CUST-12130,51,Female,Dhaka,Vivo Y20,Student Special 4G,17,10,Prepaid,0,14.0,5G
CUST-12131,63,Female,Chattogram,Realme 11,Unlimited Data Max,42,10,Prepaid,0,9.0,5G
CUST-12132,42,Male,Dhaka,Realme 11,Postpaid Corporate,50,10,Postpaid,1,14.0,5G
CUST-12133,36,Male,Rajshahi,Samsung S23 Ultra,Prepaid Saver 30D,35,4,Prepaid,0,22.0,4G
CUST-12134,38,Female,Rangpur,Vivo Y20,Postpaid Corporate,26,10,Postpaid,0,16.0,5G
CUST-12135,50,Male,Dhaka,Samsung S23 Ultra,Family Bundle,4,4,Postpaid,0,15.0,4G
CUST-12136,43,Male,Dhaka,Vivo Y20,Unlimited Data Max,67,10,Prepaid,0,9.0,4G
CUST-12137,19,Male,Rajshahi,Samsung S23 Ultra,Unlimited Data Max,71,10,Prepaid,0,14.0,4G
CUST-12138,43,Female,Rangpur,Vivo Y20,Unlimited Data Max,3,8,Prepaid,0,16.0,3G
CUST-12139,36,Male,Rajshahi,Realme 11,Prepaid Saver 30D,24,7,Prepaid,0,15.0,4G
CUST-12140,50,Male,Dhaka,iPhone 15 Pro,Student Special 4G,70,10,Prepaid,0,9.0,4G
CUST-12141,59,Female,Mymensingh,Vivo Y20,Unlimited Data Max,29,8,Prepaid,0,9.0,5G
CUST-12142,63,Male,Rangpur,iPhone 15 Pro,Student Special 4G,45,10,Prepaid,0,9.0,5G
CUST-12143,46,Male,Chattogram,Samsung S23 Ultra,Prepaid Saver 30D,37,7,Prepaid,0,15.0,5G
CUST-12144,35,Male,Dhaka,Samsung S23 Ultra,Family Bundle,45,5,Postpaid,0,15.0,4G
CUST-12145,38,Male,Barishal,Vivo Y20,Prepaid Saver 30D,63,9,Prepaid,0,16.0,4G
CUST-12146,26,Male,Dhaka,iPhone 15 Pro,Family Bundle,27,7,Postpaid,0,29.0,4G
CUST-12147,61,Male,Rajshahi,Vivo Y20,Prepaid Saver 30D,57,10,Prepaid,0,9.0,3G
CUST-12148,57,Male,Chattogram,Samsung S23 Ultra,Family Bundle,33,6,Postpaid,0,15.0,4G
CUST-12149,58,Female,Khulna,Samsung S23 Ultra,Postpaid Corporate,15,10,Postpaid,1,9.0,4G
CUST-12150,33,Male,Barishal,Vivo Y20,Prepaid Saver 30D,6,7,Prepaid,0,15.0,4G
CUST-12151,33,Female,Rangpur,Samsung S23 Ultra,Student Special 4G,51,7,Prepaid,0,15.0,4G
CUST-12152,58,Female,Rangpur,Realme 11,Prepaid Saver 30D,43,10,Prepaid,0,9.0,4G
CUST-12153,43,Female,Dhaka,iPhone 15 Pro,Prepaid Saver 30D,63,6,Prepaid,0,22.0,5G
CUST-12154,51,Female,Mymensingh,Xiaomi Redmi Note 12,Prepaid Saver 30D,17,6,Prepaid,0,15.0,5G
CUST-12155,41,Male,Chattogram,Samsung S23 Ultra,Student Special 4G,51,9,Prepaid,0,9.0,4G
CUST-12156,38,Female,Rangpur,iPhone 15 Pro,Postpaid Corporate,2,7,Postpaid,0,27.0,5G
CUST-12157,47,Male,Rajshahi,Realme 11,Unlimited Data Max,10,7,Prepaid,0,15.0,5G
CUST-12158,56,Male,Chattogram,Xiaomi Redmi Note 12,Student Special 4G,43,7,Prepaid,0,22.0,3G
CUST-12159,33,Female,Sylhet,Xiaomi Redmi Note 12,Prepaid Saver 30D,39,10,Prepaid,0,14.0,4G
CUST-12160,56,Male,Barishal,Vivo Y20,Unlimited Data Max,43,7,Prepaid,1,15.0,4G
CUST-12161,29,Male,Khulna,Xiaomi Redmi Note 12,Unlimited Data Max,60,10,Prepaid,0,9.0,5G
CUST-12162,36,Male,Chattogram,Vivo Y20,Unlimited Data Max,60,6,Prepaid,0,15.0,3G
CUST-12163,60,Male,Rajshahi,Realme 11,Postpaid Corporate,14,10,Postpaid,0,16.0,4G
CUST-12164,62,Male,Chattogram,Xiaomi Redmi Note 12,Prepaid Saver 30D,15,10,Prepaid,0,9.0,4G
CUST-12165,61,Female,Chattogram,iPhone 15 Pro,Unlimited Data Max,39,4,Prepaid,0,15.0,4G
CUST-12166,32,Female,Dhaka,iPhone 15 Pro,Prepaid Saver 30D,68,5,Prepaid,0,15.0,4G
CUST-12167,57,Male,Sylhet,Vivo Y20,Student Special 4G,48,5,Prepaid,1,22.0,3G
CUST-12168,61,Female,Dhaka,iPhone 15 Pro,Postpaid Corporate,11,5,Postpaid,0,15.0,3G
CUST-12169,63,Male,Khulna,Realme 11,Prepaid Saver 30D,46,10,Prepaid,0,16.0,5G
CUST-12170,18,Female,Dhaka,Samsung S23 Ultra,Postpaid Corporate,25,6,Postpaid,0,15.0,4G
CUST-12171,53,Female,Rangpur,iPhone 15 Pro,Unlimited Data Max,8,9,Prepaid,0,9.0,4G
CUST-12172,64,Female,Dhaka,Vivo Y20,Student Special 4G,51,6,Prepaid,0,20.0,4G
CUST-12173,53,Male,Khulna,Xiaomi Redmi Note 12,Unlimited Data Max,20,4,Prepaid,0,22.0,5G
CUST-12174,28,Male,Sylhet,Vivo Y20,Unlimited Data Max,56,4,Prepaid,0,22.0,4G
CUST-12175,53,Male,Dhaka,iPhone 15 Pro,Prepaid Saver 30D,40,10,Prepaid,0,9.0,4G
CUST-12176,22,Female,Dhaka,Realme 11,Unlimited Data Max,32,9,Prepaid,0,9.0,4G
CUST-12177,40,Male,Rangpur,Vivo Y20,Unlimited Data Max,15,10,Prepaid,0,9.0,4G
CUST-12178,47,Male,Dhaka,Vivo Y20,Postpaid Corporate,21,5,Postpaid,0,15.0,4G
CUST-12179,39,Female,Dhaka,Xiaomi Redmi Note 12,Prepaid Saver 30D,24,8,Prepaid,0,23.0,5G
CUST-12180,50,Female,Dhaka,Realme 11,Unlimited Data Max,50,10,Prepaid,0,9.0,4G
CUST-12181,29,Male,Rajshahi,Vivo Y20,Postpaid Corporate,30,10,Postpaid,1,28.0,5G
CUST-12182,46,Male,Sylhet,Vivo Y20,Postpaid Corporate,3,10,Postpaid,0,16.0,5G
CUST-12183,48,Male,Mymensingh,Vivo Y20,Family Bundle,1,9,Postpaid,0,9.0,5G
CUST-12184,47,Male,Khulna,Samsung S23 Ultra,Unlimited Data Max,20,10,Prepaid,1,9.0,4G
CUST-12185,31,Female,Dhaka,Xiaomi Redmi Note 12,Student Special 4G,37,7,Prepaid,0,15.0,4G
CUST-12186,32,Male,Barishal,Realme 11,Postpaid Corporate,24,10,Postpaid,0,23.0,3G
CUST-12187,30,Female,Chattogram,Realme 11,Prepaid Saver 30D,71,6,Prepaid,0,15.0,4G
CUST-12188,39,Male,Chattogram,Samsung S23 Ultra,Prepaid Saver 30D,17,10,Prepaid,0,9.0,3G
CUST-12189,45,Female,Chattogram,Xiaomi Redmi Note 12,Prepaid Saver 30D,29,8,Prepaid,0,9.0,4G
CUST-12190,35,Female,Mymensingh,Samsung S23 Ultra,Unlimited Data Max,29,9,Prepaid,0,9.0,4G
CUST-12191,37,Male,Chattogram,Samsung S23 Ultra,Postpaid Corporate,20,8,Postpaid,0,9.0,5G
CUST-12192,31,Male,Chattogram,Samsung S23 Ultra,Postpaid Corporate,63,9,Postpaid,0,14.0,5G
CUST-12193,28,Male,Dhaka,Vivo Y20,Unlimited Data Max,18,10,Prepaid,0,9.0,4G
CUST-12194,48,Male,Chattogram,iPhone 15 Pro,Prepaid Saver 30D,1,6,Prepaid,0,22.0,4G
CUST-12195,56,Female,Chattogram,Xiaomi Redmi Note 12,Family Bundle,37,8,Postpaid,0,14.0,4G
CUST-12196,31,Male,Chattogram,iPhone 15 Pro,Prepaid Saver 30D,46,8,Prepaid,1,21.0,5G
CUST-12197,58,Female,Dhaka,Vivo Y20,Prepaid Saver 30D,33,4,Prepaid,1,22.0,5G
CUST-12198,44,Male,Khulna,Vivo Y20,Family Bundle,30,10,Postpaid,0,9.0,4G
CUST-12199,25,Male,Rajshahi,Realme 11,Unlimited Data Max,62,10,Prepaid,0,9.0,5G
CUST-12200,35,Female,Rangpur,Vivo Y20,Postpaid Corporate,27,4,Postpaid,0,15.0,4G
CUST-12201,18,Female,Rajshahi,Samsung S23 Ultra,Student Special 4G,46,4,Prepaid,1,27.0,5G
CUST-12202,19,Female,Khulna,Vivo Y20,Prepaid Saver 30D,60,10,Prepaid,0,9.0,4G
CUST-12203,33,Male,Rangpur,Xiaomi Redmi Note 12,Prepaid Saver 30D,29,10,Prepaid,0,14.0,3G
CUST-12204,39,Female,Dhaka,Xiaomi Redmi Note 12,Student Special 4G,39,10,Prepaid,0,16.0,4G
CUST-12205,55,Female,Mymensingh,Samsung S23 Ultra,Unlimited Data Max,28,10,Prepaid,0,23.0,4G
CUST-12206,24,Male,Dhaka,Vivo Y20,Unlimited Data Max,44,10,Prepaid,0,23.0,4G
CUST-12207,57,Female,Dhaka,Samsung S23 Ultra,Prepaid Saver 30D,39,9,Prepaid,0,9.0,4G
CUST-12208,29,Female,Dhaka,Vivo Y20,Student Special 4G,61,4,Prepaid,0,22.0,4G
CUST-12209,24,Male,Chattogram,Realme 11,Prepaid Saver 30D,18,8,Prepaid,0,9.0,4G
CUST-12210,50,Female,Rajshahi,Realme 11,Prepaid Saver 30D,12,7,Prepaid,0,15.0,3G
CUST-12211,54,Female,Barishal,Samsung S23 Ultra,Prepaid Saver 30D,31,5,Prepaid,0,29.0,3G
CUST-12212,46,Male,Mymensingh,Realme 11,Prepaid Saver 30D,44,10,Prepaid,1,28.0,4G
CUST-12213,23,Female,Rangpur,Vivo Y20,Postpaid Corporate,21,10,Postpaid,0,16.0,4G
CUST-12214,23,Male,Dhaka,iPhone 15 Pro,Student Special 4G,71,10,Prepaid,0,9.0,4G
CUST-12215,36,Male,Chattogram,Xiaomi Redmi Note 12,Prepaid Saver 30D,37,5,Prepaid,1,36.0,4G
CUST-12216,39,Male,Dhaka,Samsung S23 Ultra,Postpaid Corporate,58,10,Postpaid,0,9.0,5G
CUST-12217,64,Male,Dhaka,Xiaomi Redmi Note 12,Postpaid Corporate,39,10,Postpaid,0,30.0,3G
CUST-12218,31,Female,Sylhet,Realme 11,Student Special 4G,28,9,Prepaid,0,9.0,4G
CUST-12219,27,Female,Mymensingh,iPhone 15 Pro,Prepaid Saver 30D,61,5,Prepaid,1,22.0,4G
CUST-12220,62,Female,Rajshahi,Realme 11,Unlimited Data Max,12,10,Prepaid,0,21.0,4G
CUST-12221,25,Male,Dhaka,Samsung S23 Ultra,Postpaid Corporate,18,9,Postpaid,0,14.0,4G
CUST-12222,19,Female,Mymensingh,Realme 11,Postpaid Corporate,55,10,Postpaid,0,9.0,4G
CUST-12223,37,Male,Rajshahi,Xiaomi Redmi Note 12,Postpaid Corporate,65,5,Postpaid,0,22.0,4G
CUST-12224,36,Male,Chattogram,iPhone 15 Pro,Prepaid Saver 30D,21,10,Prepaid,0,9.0,4G
CUST-12225,47,Male,Chattogram,iPhone 15 Pro,Unlimited Data Max,39,4,Prepaid,1,15.0,5G
CUST-12226,59,Male,Barishal,iPhone 15 Pro,Unlimited Data Max,35,4,Prepaid,0,15.0,4G
CUST-12227,61,Female,Dhaka,Realme 11,Unlimited Data Max,52,8,Prepaid,0,23.0,4G
CUST-12228,31,Female,Rangpur,Realme 11,Unlimited Data Max,36,5,Prepaid,0,29.0,4G
CUST-12229,64,Male,Khulna,Xiaomi Redmi Note 12,Unlimited Data Max,44,10,Prepaid,0,16.0,4G
CUST-12230,47,Male,Dhaka,Samsung S23 Ultra,Unlimited Data Max,48,8,Prepaid,0,16.0,4G
CUST-12231,21,Female,Sylhet,iPhone 15 Pro,Prepaid Saver 30D,59,6,Prepaid,0,27.0,4G
CUST-12232,62,Male,Chattogram,Vivo Y20,Family Bundle,10,6,Postpaid,0,20.0,4G
CUST-12233,24,Male,Chattogram,Xiaomi Redmi Note 12,Prepaid Saver 30D,48,8,Prepaid,1,30.0,4G
CUST-12234,45,Female,Rangpur,Xiaomi Redmi Note 12,Prepaid Saver 30D,13,9,Prepaid,0,9.0,5G
CUST-12235,55,Male,Rangpur,iPhone 15 Pro,Postpaid Corporate,1,10,Postpaid,0,16.0,4G
CUST-12236,29,Female,Mymensingh,Vivo Y20,Prepaid Saver 30D,51,9,Prepaid,1,16.0,5G
CUST-12237,30,Female,Chattogram,iPhone 15 Pro,Unlimited Data Max,28,9,Prepaid,0,9.0,4G
CUST-12238,40,Male,Sylhet,Realme 11,Prepaid Saver 30D,51,10,Prepaid,0,9.0,4G
CUST-12239,59,Male,Rajshahi,Realme 11,Prepaid Saver 30D,67,9,Prepaid,0,16.0,4G
CUST-12240,28,Male,Mymensingh,iPhone 15 Pro,Prepaid Saver 30D,10,7,Prepaid,1,15.0,4G
CUST-12241,49,Male,Chattogram,Samsung S23 Ultra,Unlimited Data Max,33,6,Prepaid,0,22.0,5G
CUST-12242,39,Female,Dhaka,iPhone 15 Pro,Prepaid Saver 30D,8,9,Prepaid,0,9.0,4G
CUST-12243,23,Male,Rangpur,iPhone 15 Pro,Unlimited Data Max,59,5,Prepaid,1,22.0,4G
CUST-12244,51,Male,Rangpur,Realme 11,Prepaid Saver 30D,71,6,Prepaid,1,15.0,4G
CUST-12245,57,Female,Khulna,Xiaomi Redmi Note 12,Postpaid Corporate,62,5,Postpaid,0,22.0,4G
CUST-12246,45,Male,Dhaka,Xiaomi Redmi Note 12,Unlimited Data Max,71,8,Prepaid,0,9.0,4G
CUST-12247,26,Male,Mymensingh,Xiaomi Redmi Note 12,Prepaid Saver 30D,24,10,Prepaid,0,23.0,4G
CUST-12248,25,Female,Dhaka,Vivo Y20,Unlimited Data Max,20,10,Prepaid,1,16.0,5G
CUST-12249,37,Male,Dhaka,Vivo Y20,Postpaid Corporate,61,4,Postpaid,1,22.0,3G
CUST-12250,41,Male,Chattogram,Samsung S23 Ultra,Prepaid Saver 30D,47,10,Prepaid,0,16.0,4G
CUST-12251,43,Male,Chattogram,Vivo Y20,Student Special 4G,27,5,Prepaid,0,27.0,3G
CUST-12252,29,Female,Rajshahi,iPhone 15 Pro,Prepaid Saver 30D,15,10,Prepaid,0,30.0,5G
CUST-12253,41,Male,Barishal,Realme 11,Family Bundle,2,6,Postpaid,0,15.0,4G
CUST-12254,31,Female,Barishal,Vivo Y20,Unlimited Data Max,3,5,Prepaid,0,15.0,4G
CUST-12255,50,Male,Rangpur,Xiaomi Redmi Note 12,Postpaid Corporate,50,10,Postpaid,1,14.0,5G
CUST-12256,55,Female,Mymensingh,Realme 11,Prepaid Saver 30D,19,10,Prepaid,0,16.0,4G
CUST-12257,48,Female,Barishal,Xiaomi Redmi Note 12,Prepaid Saver 30D,59,7,Prepaid,0,22.0,4G
CUST-12258,18,Male,Dhaka,Samsung S23 Ultra,Postpaid Corporate,61,9,Postpaid,0,9.0,4G
CUST-12259,64,Male,Rajshahi,Samsung S23 Ultra,Family Bundle,33,10,Postpaid,0,23.0,4G
CUST-12260,19,Male,Dhaka,iPhone 15 Pro,Student Special 4G,22,10,Prepaid,0,9.0,3G
CUST-12261,64,Male,Dhaka,Vivo Y20,Prepaid Saver 30D,13,8,Prepaid,1,16.0,4G
CUST-12262,19,Male,Dhaka,iPhone 15 Pro,Prepaid Saver 30D,19,10,Prepaid,0,16.0,5G
CUST-12263,42,Female,Chattogram,Xiaomi Redmi Note 12,Unlimited Data Max,44,10,Prepaid,0,9.0,4G
CUST-12264,22,Male,Rajshahi,Xiaomi Redmi Note 12,Postpaid Corporate,54,10,Postpaid,0,16.0,3G
CUST-12265,22,Female,Chattogram,iPhone 15 Pro,Prepaid Saver 30D,53,10,Prepaid,0,16.0,4G
CUST-12266,50,Male,Dhaka,Xiaomi Redmi Note 12,Unlimited Data Max,69,10,Prepaid,1,16.0,4G
CUST-12267,52,Male,Chattogram,Realme 11,Unlimited Data Max,47,8,Prepaid,0,21.0,5G
CUST-12268,23,Male,Barishal,Vivo Y20,Family Bundle,37,7,Postpaid,0,22.0,4G
CUST-12269,63,Male,Chattogram,Realme 11,Unlimited Data Max,26,10,Prepaid,0,16.0,4G
CUST-12270,33,Female,Rangpur,Vivo Y20,Prepaid Saver 30D,24,8,Prepaid,0,9.0,4G
CUST-12271,32,Male,Chattogram,Xiaomi Redmi Note 12,Unlimited Data Max,27,10,Prepaid,0,9.0,4G
CUST-12272,31,Male,Dhaka,Realme 11,Prepaid Saver 30D,63,10,Prepaid,1,14.0,4G
CUST-12273,39,Female,Chattogram,Samsung S23 Ultra,Unlimited Data Max,39,4,Prepaid,0,15.0,5G
CUST-12274,26,Female,Rajshahi,Samsung S23 Ultra,Postpaid Corporate,16,5,Postpaid,0,15.0,5G
CUST-12275,37,Male,Dhaka,Vivo Y20,Unlimited Data Max,14,9,Prepaid,0,9.0,3G
CUST-12276,27,Female,Sylhet,Realme 11,Unlimited Data Max,3,4,Prepaid,0,15.0,4G
CUST-12277,20,Male,Mymensingh,Samsung S23 Ultra,Unlimited Data Max,61,10,Prepaid,1,9.0,5G
CUST-12278,35,Male,Khulna,Xiaomi Redmi Note 12,Prepaid Saver 30D,16,4,Prepaid,0,15.0,4G
CUST-12279,49,Male,Mymensingh,Vivo Y20,Postpaid Corporate,8,10,Postpaid,0,14.0,4G
CUST-12280,53,Female,Barishal,Samsung S23 Ultra,Unlimited Data Max,21,8,Prepaid,1,21.0,3G
CUST-12281,34,Male,Sylhet,Xiaomi Redmi Note 12,Postpaid Corporate,35,10,Postpaid,0,16.0,4G
CUST-12282,33,Female,Sylhet,Vivo Y20,Prepaid Saver 30D,69,8,Prepaid,0,16.0,4G
CUST-12283,55,Male,Dhaka,Vivo Y20,Unlimited Data Max,62,10,Prepaid,1,23.0,4G
CUST-12284,50,Female,Khulna,iPhone 15 Pro,Unlimited Data Max,13,10,Prepaid,0,14.0,4G
CUST-12285,57,Male,Chattogram,Vivo Y20,Prepaid Saver 30D,38,6,Prepaid,1,15.0,4G
CUST-12286,60,Male,Khulna,Realme 11,Prepaid Saver 30D,59,10,Prepaid,0,9.0,3G
CUST-12287,56,Female,Rajshahi,Xiaomi Redmi Note 12,Prepaid Saver 30D,55,10,Prepaid,0,9.0,4G
CUST-12288,62,Male,Sylhet,Realme 11,Student Special 4G,34,7,Prepaid,0,15.0,5G
CUST-12289,37,Female,Dhaka,Vivo Y20,Unlimited Data Max,18,4,Prepaid,0,22.0,5G
CUST-12290,36,Female,Mymensingh,iPhone 15 Pro,Prepaid Saver 30D,56,8,Prepaid,0,23.0,4G
CUST-12291,33,Female,Rajshahi,Samsung S23 Ultra,Prepaid Saver 30D,32,10,Prepaid,0,16.0,5G
CUST-12292,29,Male,Chattogram,Realme 11,Prepaid Saver 30D,17,10,Prepaid,0,9.0,3G
CUST-12293,53,Female,Khulna,Samsung S23 Ultra,Prepaid Saver 30D,51,6,Prepaid,0,34.0,4G
CUST-12294,51,Female,Mymensingh,Realme 11,Prepaid Saver 30D,63,8,Prepaid,0,9.0,4G
CUST-12295,55,Male,Rajshahi,iPhone 15 Pro,Prepaid Saver 30D,64,10,Prepaid,0,23.0,4G
CUST-12296,25,Female,Sylhet,Realme 11,Postpaid Corporate,67,9,Postpaid,0,9.0,4G
CUST-12297,41,Female,Barishal,Realme 11,Unlimited Data Max,46,10,Prepaid,0,14.0,5G
CUST-12298,28,Female,Chattogram,Samsung S23 Ultra,Prepaid Saver 30D,55,10,Prepaid,0,9.0,4G
CUST-12299,59,Female,Chattogram,Samsung S23 Ultra,Student Special 4G,18,5,Prepaid,1,22.0,5G
CUST-12300,30,Female,Chattogram,Realme 11,Prepaid Saver 30D,23,6,Prepaid,0,15.0,4G
CUST-12301,24,Female,Dhaka,Xiaomi Redmi Note 12,Postpaid Corporate,11,10,Postpaid,0,16.0,4G
CUST-12302,44,Male,Rangpur,Samsung S23 Ultra,Prepaid Saver 30D,6,10,Prepaid,1,16.0,4G
CUST-12303,59,Female,Dhaka,Vivo Y20,Prepaid Saver 30D,60,10,Prepaid,0,23.0,4G
CUST-12304,61,Male,Mymensingh,iPhone 15 Pro,Unlimited Data Max,33,6,Prepaid,1,22.0,4G
CUST-12305,22,Male,Dhaka,Vivo Y20,Postpaid Corporate,40,4,Postpaid,0,22.0,4G
CUST-12306,33,Female,Dhaka,Samsung S23 Ultra,Prepaid Saver 30D,7,6,Prepaid,0,15.0,5G
CUST-12307,25,Male,Rangpur,iPhone 15 Pro,Unlimited Data Max,14,8,Prepaid,0,9.0,4G
CUST-12308,32,Female,Mymensingh,Xiaomi Redmi Note 12,Unlimited Data Max,6,5,Prepaid,1,20.0,4G
CUST-12309,43,Male,Dhaka,Xiaomi Redmi Note 12,Unlimited Data Max,35,5,Prepaid,0,15.0,4G
CUST-12310,31,Male,Rangpur,Realme 11,Prepaid Saver 30D,42,5,Prepaid,0,15.0,5G
CUST-12311,21,Male,Dhaka,Samsung S23 Ultra,Unlimited Data Max,9,5,Prepaid,1,27.0,5G
CUST-12312,41,Female,Chattogram,iPhone 15 Pro,Student Special 4G,51,7,Prepaid,0,15.0,4G
CUST-12313,20,Male,Dhaka,iPhone 15 Pro,Family Bundle,8,10,Postpaid,0,9.0,5G
CUST-12314,28,Female,Mymensingh,Xiaomi Redmi Note 12,Family Bundle,60,7,Postpaid,0,22.0,4G
CUST-12315,18,Male,Dhaka,Vivo Y20,Unlimited Data Max,66,6,Prepaid,0,15.0,3G
CUST-12316,22,Male,Rangpur,Xiaomi Redmi Note 12,Prepaid Saver 30D,46,9,Prepaid,0,9.0,5G
CUST-12317,38,Male,Khulna,Vivo Y20,Student Special 4G,39,10,Prepaid,0,9.0,5G
CUST-12318,57,Male,Dhaka,iPhone 15 Pro,Postpaid Corporate,52,7,Postpaid,0,15.0,4G
CUST-12319,54,Female,Rangpur,iPhone 15 Pro,Prepaid Saver 30D,18,4,Prepaid,0,15.0,5G
CUST-12320,22,Male,Dhaka,Samsung S23 Ultra,Student Special 4G,66,6,Prepaid,0,15.0,4G
CUST-12321,19,Female,Dhaka,iPhone 15 Pro,Prepaid Saver 30D,63,4,Prepaid,0,29.0,5G
CUST-12322,33,Male,Chattogram,iPhone 15 Pro,Postpaid Corporate,50,5,Postpaid,0,22.0,4G
CUST-12323,48,Female,Dhaka,iPhone 15 Pro,Family Bundle,71,10,Postpaid,0,9.0,3G
CUST-12324,53,Female,Dhaka,Realme 11,Family Bundle,22,5,Postpaid,1,27.0,4G
CUST-12325,56,Male,Chattogram,Xiaomi Redmi Note 12,Prepaid Saver 30D,63,7,Prepaid,0,15.0,4G
CUST-12326,34,Male,Khulna,Realme 11,Unlimited Data Max,3,7,Prepaid,0,15.0,4G
CUST-12327,25,Female,Chattogram,Samsung S23 Ultra,Postpaid Corporate,54,10,Postpaid,0,9.0,4G
CUST-12328,19,Male,Chattogram,Vivo Y20,Postpaid Corporate,21,5,Postpaid,1,27.0,4G
CUST-12329,24,Female,Khulna,Samsung S23 Ultra,Prepaid Saver 30D,69,4,Prepaid,0,22.0,4G
CUST-12330,21,Female,Dhaka,Samsung S23 Ultra,Prepaid Saver 30D,41,9,Prepaid,0,21.0,5G
CUST-12331,58,Female,Mymensingh,Xiaomi Redmi Note 12,Prepaid Saver 30D,15,10,Prepaid,0,9.0,5G
CUST-12332,30,Female,Mymensingh,Realme 11,Prepaid Saver 30D,23,9,Prepaid,0,9.0,4G
CUST-12333,56,Female,Dhaka,iPhone 15 Pro,Family Bundle,63,10,Postpaid,0,14.0,5G
CUST-12334,43,Female,Chattogram,Samsung S23 Ultra,Student Special 4G,58,10,Prepaid,0,9.0,4G
CUST-12335,43,Male,Dhaka,Vivo Y20,Prepaid Saver 30D,26,10,Prepaid,0,16.0,5G
CUST-12336,39,Female,Chattogram,Vivo Y20,Prepaid Saver 30D,19,9,Prepaid,0,16.0,4G
CUST-12337,56,Male,Dhaka,Realme 11,Prepaid Saver 30D,3,10,Prepaid,0,21.0,5G
CUST-12338,20,Male,Rajshahi,iPhone 15 Pro,Prepaid Saver 30D,9,6,Prepaid,0,22.0,5G
CUST-12339,22,Female,Khulna,Xiaomi Redmi Note 12,Unlimited Data Max,3,6,Prepaid,1,15.0,5G
CUST-12340,37,Female,Dhaka,Realme 11,Postpaid Corporate,24,7,Postpaid,0,15.0,5G
CUST-12341,36,Female,Sylhet,Xiaomi Redmi Note 12,Postpaid Corporate,14,10,Postpaid,0,16.0,3G
CUST-12342,43,Male,Chattogram,Samsung S23 Ultra,Prepaid Saver 30D,2,10,Prepaid,0,14.0,5G
CUST-12343,52,Male,Rangpur,Vivo Y20,Family Bundle,56,9,Postpaid,0,16.0,5G
CUST-12344,45,Female,Rajshahi,Vivo Y20,Family Bundle,63,10,Postpaid,0,14.0,4G
CUST-12345,30,Male,Dhaka,Samsung S23 Ultra,Student Special 4G,64,10,Prepaid,0,9.0,5G
CUST-12346,33,Female,Chattogram,Realme 11,Family Bundle,60,6,Postpaid,0,22.0,4G
CUST-12347,53,Male,Chattogram,Vivo Y20,Prepaid Saver 30D,10,5,Prepaid,0,15.0,4G
CUST-12348,27,Female,Sylhet,Xiaomi Redmi Note 12,Family Bundle,12,10,Postpaid,0,9.0,4G
CUST-12349,41,Male,Chattogram,Samsung S23 Ultra,Family Bundle,61,5,Postpaid,1,15.0,4G
CUST-12350,43,Male,Rangpur,Realme 11,Postpaid Corporate,2,5,Postpaid,1,36.0,4G
CUST-12351,53,Female,Dhaka,Vivo Y20,Unlimited Data Max,54,7,Prepaid,0,22.0,4G
CUST-12352,51,Female,Dhaka,iPhone 15 Pro,Unlimited Data Max,9,10,Prepaid,0,23.0,4G
CUST-12353,39,Female,Khulna,Samsung S23 Ultra,Prepaid Saver 30D,4,7,Prepaid,0,15.0,3G
CUST-12354,32,Female,Chattogram,iPhone 15 Pro,Postpaid Corporate,56,5,Postpaid,0,15.0,4G
CUST-12355,35,Male,Dhaka,Vivo Y20,Prepaid Saver 30D,52,5,Prepaid,0,20.0,4G
CUST-12356,37,Female,Sylhet,Xiaomi Redmi Note 12,Student Special 4G,7,6,Prepaid,0,20.0,4G
CUST-12357,28,Male,Chattogram,Samsung S23 Ultra,Student Special 4G,3,4,Prepaid,0,22.0,4G
CUST-12358,47,Female,Sylhet,Xiaomi Redmi Note 12,Unlimited Data Max,63,7,Prepaid,0,22.0,5G
CUST-12359,27,Male,Sylhet,Vivo Y20,Unlimited Data Max,19,4,Prepaid,0,22.0,5G
CUST-12360,48,Male,Barishal,Samsung S23 Ultra,Postpaid Corporate,69,10,Postpaid,0,9.0,4G
CUST-12361,53,Male,Khulna,Xiaomi Redmi Note 12,Prepaid Saver 30D,38,4,Prepaid,1,15.0,4G
CUST-12362,63,Female,Chattogram,iPhone 15 Pro,Family Bundle,70,5,Postpaid,0,15.0,4G
CUST-12363,23,Female,Khulna,Samsung S23 Ultra,Student Special 4G,65,4,Prepaid,0,15.0,4G
CUST-12364,53,Male,Sylhet,Xiaomi Redmi Note 12,Prepaid Saver 30D,44,6,Prepaid,0,15.0,4G
CUST-12365,22,Female,Rangpur,Realme 11,Prepaid Saver 30D,8,10,Prepaid,0,16.0,5G
CUST-12366,33,Female,Sylhet,Realme 11,Student Special 4G,64,9,Prepaid,0,9.0,5G
CUST-12367,26,Female,Chattogram,Samsung S23 Ultra,Student Special 4G,25,10,Prepaid,0,9.0,4G
CUST-12368,25,Female,Khulna,Samsung S23 Ultra,Prepaid Saver 30D,18,10,Prepaid,0,9.0,4G
CUST-12369,26,Male,Chattogram,Xiaomi Redmi Note 12,Family Bundle,41,8,Postpaid,0,9.0,3G
CUST-12370,20,Male,Rangpur,iPhone 15 Pro,Prepaid Saver 30D,26,10,Prepaid,0,16.0,4G
CUST-12371,56,Female,Chattogram,iPhone 15 Pro,Unlimited Data Max,53,5,Prepaid,1,15.0,5G
CUST-12372,20,Male,Chattogram,Xiaomi Redmi Note 12,Prepaid Saver 30D,19,5,Prepaid,0,22.0,4G
CUST-12373,36,Female,Barishal,Realme 11,Student Special 4G,65,7,Prepaid,0,15.0,5G
CUST-12374,50,Male,Chattogram,Xiaomi Redmi Note 12,Family Bundle,8,10,Postpaid,0,28.0,4G
CUST-12375,64,Male,Chattogram,Vivo Y20,Unlimited Data Max,34,10,Prepaid,0,9.0,4G
CUST-12376,58,Female,Chattogram,Samsung S23 Ultra,Prepaid Saver 30D,69,9,Prepaid,1,9.0,4G
CUST-12377,24,Female,Rangpur,Xiaomi Redmi Note 12,Prepaid Saver 30D,60,10,Prepaid,0,9.0,4G
CUST-12378,64,Female,Rajshahi,Xiaomi Redmi Note 12,Student Special 4G,59,10,Prepaid,0,16.0,4G
CUST-12379,48,Female,Dhaka,Realme 11,Postpaid Corporate,44,6,Postpaid,0,22.0,4G
CUST-12380,26,Male,Rajshahi,Xiaomi Redmi Note 12,Unlimited Data Max,41,4,Prepaid,0,15.0,5G
CUST-12381,39,Female,Dhaka,Vivo Y20,Student Special 4G,15,4,Prepaid,0,15.0,5G
CUST-12382,61,Male,Rajshahi,Vivo Y20,Postpaid Corporate,22,10,Postpaid,1,9.0,5G
CUST-12383,36,Male,Dhaka,Realme 11,Student Special 4G,42,7,Prepaid,1,36.0,4G
CUST-12384,26,Female,Khulna,iPhone 15 Pro,Student Special 4G,22,8,Prepaid,1,16.0,4G
CUST-12385,59,Male,Dhaka,iPhone 15 Pro,Unlimited Data Max,23,7,Prepaid,0,27.0,5G
CUST-12386,62,Female,Chattogram,Xiaomi Redmi Note 12,Family Bundle,49,4,Postpaid,0,15.0,4G
CUST-12387,63,Male,Khulna,Xiaomi Redmi Note 12,Prepaid Saver 30D,50,4,Prepaid,0,22.0,5G
CUST-12388,62,Female,Rajshahi,Samsung S23 Ultra,Family Bundle,36,10,Postpaid,0,16.0,4G
CUST-12389,59,Male,Rajshahi,iPhone 15 Pro,Unlimited Data Max,21,10,Prepaid,0,9.0,4G
CUST-12390,39,Male,Dhaka,Vivo Y20,Student Special 4G,13,6,Prepaid,0,22.0,4G
CUST-12391,27,Male,Dhaka,Xiaomi Redmi Note 12,Prepaid Saver 30D,19,5,Prepaid,0,15.0,5G
CUST-12392,47,Male,Rajshahi,Vivo Y20,Unlimited Data Max,24,9,Prepaid,0,16.0,3G
CUST-12393,28,Female,Barishal,iPhone 15 Pro,Family Bundle,68,4,Postpaid,1,15.0,4G
CUST-12394,40,Female,Chattogram,Vivo Y20,Prepaid Saver 30D,23,6,Prepaid,0,34.0,4G
CUST-12395,48,Male,Dhaka,Vivo Y20,Unlimited Data Max,65,10,Prepaid,1,23.0,4G
CUST-12396,62,Female,Chattogram,iPhone 15 Pro,Student Special 4G,39,5,Prepaid,0,22.0,4G
CUST-12397,31,Male,Dhaka,Realme 11,Prepaid Saver 30D,33,10,Prepaid,0,9.0,5G
CUST-12398,29,Female,Chattogram,Vivo Y20,Prepaid Saver 30D,20,10,Prepaid,0,9.0,4G
CUST-12399,52,Female,Khulna,Realme 11,Family Bundle,55,5,Postpaid,1,15.0,4G
CUST-12400,18,Male,Mymensingh,Vivo Y20,Prepaid Saver 30D,60,10,Prepaid,0,16.0,4G
CUST-12401,44,Female,Rajshahi,Samsung S23 Ultra,Unlimited Data Max,70,10,Prepaid,0,16.0,4G
CUST-12402,53,Male,Mymensingh,Samsung S23 Ultra,Postpaid Corporate,59,9,Postpaid,0,9.0,5G
CUST-12403,43,Male,Dhaka,Samsung S23 Ultra,Postpaid Corporate,7,6,Postpaid,0,27.0,3G
CUST-12404,36,Male,Sylhet,iPhone 15 Pro,Unlimited Data Max,63,10,Prepaid,0,23.0,5G
CUST-12405,56,Female,Rajshahi,Realme 11,Prepaid Saver 30D,44,7,Prepaid,0,20.0,5G
CUST-12406,35,Male,Dhaka,Vivo Y20,Prepaid Saver 30D,37,6,Prepaid,0,22.0,5G
CUST-12407,51,Male,Chattogram,Xiaomi Redmi Note 12,Unlimited Data Max,18,5,Prepaid,0,15.0,4G
CUST-12408,39,Male,Mymensingh,Xiaomi Redmi Note 12,Prepaid Saver 30D,36,10,Prepaid,0,16.0,4G
CUST-12409,19,Male,Khulna,Vivo Y20,Family Bundle,57,6,Postpaid,0,15.0,4G
CUST-12410,42,Female,Mymensingh,Xiaomi Redmi Note 12,Prepaid Saver 30D,42,5,Prepaid,0,15.0,4G
CUST-12411,20,Female,Rajshahi,Xiaomi Redmi Note 12,Unlimited Data Max,8,4,Prepaid,1,15.0,5G
CUST-12412,61,Male,Rangpur,Samsung S23 Ultra,Family Bundle,54,6,Postpaid,0,22.0,4G
CUST-12413,46,Male,Sylhet,iPhone 15 Pro,Prepaid Saver 30D,57,10,Prepaid,0,9.0,4G
CUST-12414,35,Male,Mymensingh,Realme 11,Family Bundle,48,10,Postpaid,0,9.0,5G
CUST-12415,40,Male,Sylhet,Realme 11,Student Special 4G,15,10,Prepaid,0,16.0,4G
CUST-12416,47,Female,Rangpur,Xiaomi Redmi Note 12,Prepaid Saver 30D,21,10,Prepaid,0,9.0,4G
CUST-12417,30,Male,Barishal,Realme 11,Prepaid Saver 30D,33,4,Prepaid,0,15.0,4G
CUST-12418,31,Male,Mymensingh,Realme 11,Unlimited Data Max,62,10,Prepaid,0,16.0,3G
CUST-12419,37,Female,Chattogram,Samsung S23 Ultra,Unlimited Data Max,58,6,Prepaid,0,15.0,4G
CUST-12420,30,Female,Dhaka,Vivo Y20,Unlimited Data Max,7,10,Prepaid,0,9.0,4G
CUST-12421,53,Male,Dhaka,Realme 11,Prepaid Saver 30D,5,7,Prepaid,0,29.0,5G
CUST-12422,22,Male,Dhaka,iPhone 15 Pro,Prepaid Saver 30D,4,4,Prepaid,0,15.0,5G
CUST-12423,56,Female,Barishal,iPhone 15 Pro,Student Special 4G,66,7,Prepaid,0,15.0,4G
CUST-12424,34,Male,Chattogram,Vivo Y20,Prepaid Saver 30D,62,8,Prepaid,0,16.0,5G
CUST-12425,44,Male,Barishal,iPhone 15 Pro,Prepaid Saver 30D,16,10,Prepaid,0,9.0,5G
CUST-12426,25,Female,Mymensingh,Samsung S23 Ultra,Unlimited Data Max,66,9,Prepaid,0,9.0,5G
CUST-12427,36,Female,Rangpur,Samsung S23 Ultra,Prepaid Saver 30D,36,4,Prepaid,1,29.0,4G
CUST-12428,53,Female,Sylhet,iPhone 15 Pro,Student Special 4G,23,4,Prepaid,0,15.0,5G
CUST-12429,30,Male,Dhaka,Realme 11,Postpaid Corporate,53,10,Postpaid,0,9.0,5G
CUST-12430,24,Male,Dhaka,Xiaomi Redmi Note 12,Prepaid Saver 30D,5,4,Prepaid,0,29.0,4G
CUST-12431,42,Male,Rangpur,Realme 11,Prepaid Saver 30D,9,9,Prepaid,0,16.0,5G
CUST-12432,25,Female,Chattogram,iPhone 15 Pro,Prepaid Saver 30D,19,10,Prepaid,0,9.0,4G
CUST-12433,32,Female,Sylhet,iPhone 15 Pro,Student Special 4G,44,10,Prepaid,0,30.0,4G
CUST-12434,39,Male,Rajshahi,Xiaomi Redmi Note 12,Prepaid Saver 30D,60,10,Prepaid,0,9.0,4G
CUST-12435,44,Female,Dhaka,Realme 11,Postpaid Corporate,37,7,Postpaid,0,15.0,4G
CUST-12436,48,Male,Chattogram,Xiaomi Redmi Note 12,Unlimited Data Max,32,9,Prepaid,0,16.0,4G
CUST-12437,49,Male,Barishal,Realme 11,Prepaid Saver 30D,42,5,Prepaid,0,15.0,4G
CUST-12438,57,Female,Khulna,Samsung S23 Ultra,Prepaid Saver 30D,1,10,Prepaid,1,9.0,4G
CUST-12439,21,Male,Dhaka,Xiaomi Redmi Note 12,Unlimited Data Max,48,5,Prepaid,0,15.0,5G
CUST-12440,35,Male,Rangpur,Xiaomi Redmi Note 12,Prepaid Saver 30D,58,4,Prepaid,1,22.0,3G
CUST-12441,18,Male,Mymensingh,Samsung S23 Ultra,Prepaid Saver 30D,30,10,Prepaid,0,23.0,4G
CUST-12442,18,Female,Dhaka,iPhone 15 Pro,Unlimited Data Max,46,9,Prepaid,1,21.0,4G
CUST-12443,27,Male,Chattogram,iPhone 15 Pro,Family Bundle,22,9,Postpaid,0,16.0,5G
CUST-12444,46,Male,Dhaka,Xiaomi Redmi Note 12,Unlimited Data Max,67,8,Prepaid,0,9.0,3G
CUST-12445,60,Female,Chattogram,Samsung S23 Ultra,Student Special 4G,14,9,Prepaid,0,9.0,4G
CUST-12446,54,Male,Mymensingh,iPhone 15 Pro,Prepaid Saver 30D,10,8,Prepaid,0,9.0,4G
CUST-12447,48,Male,Khulna,Vivo Y20,Unlimited Data Max,67,5,Prepaid,0,22.0,4G
CUST-12448,54,Female,Rajshahi,Samsung S23 Ultra,Unlimited Data Max,37,9,Prepaid,0,9.0,4G
CUST-12449,26,Female,Dhaka,Vivo Y20,Postpaid Corporate,29,4,Postpaid,1,22.0,5G
CUST-12450,57,Female,Dhaka,Xiaomi Redmi Note 12,Student Special 4G,58,4,Prepaid,1,15.0,5G
CUST-12451,59,Male,Rangpur,Samsung S23 Ultra,Postpaid Corporate,21,9,Postpaid,0,9.0,5G
CUST-12452,22,Female,Mymensingh,Xiaomi Redmi Note 12,Prepaid Saver 30D,21,10,Prepaid,0,9.0,4G
CUST-12453,40,Male,Mymensingh,Xiaomi Redmi Note 12,Unlimited Data Max,4,4,Prepaid,0,15.0,4G
CUST-12454,57,Male,Dhaka,iPhone 15 Pro,Student Special 4G,37,7,Prepaid,1,20.0,5G
CUST-12455,40,Male,Rangpur,iPhone 15 Pro,Student Special 4G,54,10,Prepaid,0,23.0,4G
CUST-12456,57,Male,Chattogram,Realme 11,Prepaid Saver 30D,71,10,Prepaid,0,9.0,4G
CUST-12457,61,Male,Dhaka,Samsung S23 Ultra,Student Special 4G,38,10,Prepaid,0,9.0,5G
CUST-12458,40,Male,Rajshahi,Vivo Y20,Postpaid Corporate,6,10,Postpaid,0,16.0,4G
CUST-12459,20,Male,Chattogram,iPhone 15 Pro,Prepaid Saver 30D,14,5,Prepaid,0,22.0,5G
CUST-12460,33,Male,Rajshahi,iPhone 15 Pro,Postpaid Corporate,20,7,Postpaid,0,15.0,4G
CUST-12461,28,Female,Dhaka,Samsung S23 Ultra,Unlimited Data Max,64,9,Prepaid,0,9.0,3G
CUST-12462,40,Female,Chattogram,Vivo Y20,Unlimited Data Max,42,10,Prepaid,1,23.0,3G
CUST-12463,45,Male,Chattogram,iPhone 15 Pro,Postpaid Corporate,67,5,Postpaid,0,27.0,4G
CUST-12464,39,Female,Rangpur,Vivo Y20,Family Bundle,60,10,Postpaid,1,16.0,5G
CUST-12465,27,Female,Rajshahi,iPhone 15 Pro,Prepaid Saver 30D,63,10,Prepaid,0,9.0,4G
CUST-12466,32,Female,Dhaka,Samsung S23 Ultra,Unlimited Data Max,20,4,Prepaid,0,15.0,4G
CUST-12467,49,Male,Chattogram,Xiaomi Redmi Note 12,Unlimited Data Max,40,9,Prepaid,0,23.0,4G
CUST-12468,19,Male,Chattogram,Xiaomi Redmi Note 12,Prepaid Saver 30D,5,5,Prepaid,0,15.0,4G
CUST-12469,28,Male,Chattogram,Xiaomi Redmi Note 12,Postpaid Corporate,27,7,Postpaid,0,15.0,3G
CUST-12470,59,Male,Rajshahi,Vivo Y20,Unlimited Data Max,23,10,Prepaid,0,9.0,4G
CUST-12471,22,Male,Chattogram,Xiaomi Redmi Note 12,Unlimited Data Max,12,10,Prepaid,0,9.0,5G
CUST-12472,37,Female,Chattogram,Realme 11,Postpaid Corporate,5,7,Postpaid,0,15.0,4G
CUST-12473,27,Male,Barishal,iPhone 15 Pro,Unlimited Data Max,27,4,Prepaid,1,22.0,4G
CUST-12474,22,Female,Khulna,Samsung S23 Ultra,Prepaid Saver 30D,5,10,Prepaid,0,9.0,4G
CUST-12475,37,Female,Mymensingh,Xiaomi Redmi Note 12,Postpaid Corporate,44,6,Postpaid,0,15.0,4G
CUST-12476,42,Male,Mymensingh,Xiaomi Redmi Note 12,Unlimited Data Max,20,10,Prepaid,0,9.0,4G
CUST-12477,26,Female,Khulna,Xiaomi Redmi Note 12,Prepaid Saver 30D,17,6,Prepaid,0,22.0,4G
CUST-12478,21,Male,Sylhet,Realme 11,Unlimited Data Max,8,10,Prepaid,0,16.0,5G
CUST-12479,24,Female,Dhaka,Vivo Y20,Prepaid Saver 30D,33,7,Prepaid,1,15.0,5G
CUST-12480,48,Female,Rangpur,Samsung S23 Ultra,Family Bundle,12,10,Postpaid,0,16.0,4G
CUST-12481,58,Female,Mymensingh,Samsung S23 Ultra,Postpaid Corporate,41,4,Postpaid,1,15.0,4G
CUST-12482,26,Male,Chattogram,iPhone 15 Pro,Unlimited Data Max,71,10,Prepaid,0,16.0,3G
CUST-12483,33,Male,Rajshahi,Xiaomi Redmi Note 12,Unlimited Data Max,52,10,Prepaid,0,9.0,4G
CUST-12484,34,Male,Khulna,Samsung S23 Ultra,Prepaid Saver 30D,9,8,Prepaid,0,14.0,4G
CUST-12485,34,Male,Mymensingh,Samsung S23 Ultra,Student Special 4G,7,8,Prepaid,0,9.0,4G
CUST-12486,29,Male,Chattogram,Xiaomi Redmi Note 12,Postpaid Corporate,63,10,Postpaid,0,9.0,4G
CUST-12487,20,Female,Dhaka,iPhone 15 Pro,Postpaid Corporate,62,10,Postpaid,0,9.0,4G
CUST-12488,42,Male,Rangpur,Vivo Y20,Unlimited Data Max,26,10,Prepaid,0,14.0,4G
CUST-12489,34,Male,Chattogram,Xiaomi Redmi Note 12,Family Bundle,33,4,Postpaid,0,20.0,4G
CUST-12490,34,Female,Barishal,Vivo Y20,Student Special 4G,27,6,Prepaid,0,15.0,4G
CUST-12491,30,Male,Dhaka,Realme 11,Unlimited Data Max,42,10,Prepaid,0,9.0,5G
CUST-12492,61,Male,Dhaka,Xiaomi Redmi Note 12,Prepaid Saver 30D,15,10,Prepaid,0,14.0,4G
CUST-12493,46,Female,Rangpur,Vivo Y20,Prepaid Saver 30D,67,10,Prepaid,0,9.0,4G
CUST-12494,37,Female,Mymensingh,Vivo Y20,Prepaid Saver 30D,29,4,Prepaid,0,15.0,4G
CUST-12495,27,Female,Rangpur,Xiaomi Redmi Note 12,Prepaid Saver 30D,12,10,Prepaid,0,21.0,4G
CUST-12496,55,Male,Dhaka,Vivo Y20,Unlimited Data Max,22,10,Prepaid,1,14.0,5G
CUST-12497,59,Female,Dhaka,iPhone 15 Pro,Postpaid Corporate,63,10,Postpaid,0,9.0,4G
CUST-12498,19,Male,Chattogram,iPhone 15 Pro,Postpaid Corporate,21,10,Postpaid,0,16.0,4G
CUST-12499,61,Male,Chattogram,Realme 11,Prepaid Saver 30D,58,9,Prepaid,0,16.0,4G
CUST-12500,50,Male,Rajshahi,Realme 11,Prepaid Saver 30D,55,10,Prepaid,0,9.0,4G
CUST-12501,22,Female,Chattogram,iPhone 15 Pro,Unlimited Data Max,71,10,Prepaid,0,9.0,4G
CUST-12502,53,Male,Chattogram,Realme 11,Prepaid Saver 30D,11,9,Prepaid,1,23.0,4G
CUST-12503,23,Male,Rangpur,Xiaomi Redmi Note 12,Student Special 4G,28,10,Prepaid,0,9.0,4G
CUST-12504,20,Male,Khulna,Xiaomi Redmi Note 12,Prepaid Saver 30D,60,4,Prepaid,0,27.0,4G
CUST-12505,23,Male,Barishal,Vivo Y20,Family Bundle,10,5,Postpaid,0,15.0,4G
CUST-12506,39,Male,Mymensingh,Samsung S23 Ultra,Postpaid Corporate,3,10,Postpaid,0,16.0,4G
CUST-12507,47,Male,Dhaka,Xiaomi Redmi Note 12,Student Special 4G,2,4,Prepaid,1,15.0,4G
CUST-12508,37,Male,Rangpur,iPhone 15 Pro,Prepaid Saver 30D,6,10,Prepaid,0,9.0,3G
CUST-12509,23,Female,Mymensingh,Xiaomi Redmi Note 12,Unlimited Data Max,57,10,Prepaid,0,9.0,4G
CUST-12510,27,Female,Barishal,Samsung S23 Ultra,Family Bundle,25,6,Postpaid,0,20.0,4G
CUST-12511,58,Female,Chattogram,Samsung S23 Ultra,Postpaid Corporate,10,10,Postpaid,0,9.0,4G
CUST-12512,63,Female,Dhaka,Realme 11,Family Bundle,50,9,Postpaid,0,16.0,4G
CUST-12513,53,Female,Mymensingh,Samsung S23 Ultra,Postpaid Corporate,22,9,Postpaid,1,23.0,4G
CUST-12514,22,Female,Dhaka,Xiaomi Redmi Note 12,Prepaid Saver 30D,10,10,Prepaid,0,9.0,4G
CUST-12515,56,Male,Rajshahi,Vivo Y20,Unlimited Data Max,71,10,Prepaid,0,9.0,5G
CUST-12516,50,Female,Dhaka,Vivo Y20,Prepaid Saver 30D,42,10,Prepaid,0,9.0,4G
CUST-12517,42,Male,Dhaka,Samsung S23 Ultra,Prepaid Saver 30D,32,10,Prepaid,0,9.0,4G
CUST-12518,24,Female,Chattogram,Vivo Y20,Family Bundle,66,10,Postpaid,0,23.0,5G
CUST-12519,64,Male,Chattogram,iPhone 15 Pro,Student Special 4G,17,8,Prepaid,0,21.0,5G
CUST-12520,38,Male,Dhaka,Samsung S23 Ultra,Prepaid Saver 30D,42,5,Prepaid,0,22.0,4G
CUST-12521,20,Female,Khulna,Xiaomi Redmi Note 12,Prepaid Saver 30D,54,4,Prepaid,0,15.0,4G
CUST-12522,27,Male,Sylhet,Xiaomi Redmi Note 12,Unlimited Data Max,1,6,Prepaid,0,27.0,4G
CUST-12523,36,Male,Chattogram,iPhone 15 Pro,Prepaid Saver 30D,20,8,Prepaid,0,9.0,4G
CUST-12524,20,Female,Mymensingh,Xiaomi Redmi Note 12,Family Bundle,7,5,Postpaid,0,41.0,5G
CUST-12525,33,Male,Chattogram,Samsung S23 Ultra,Postpaid Corporate,38,7,Postpaid,0,15.0,4G
CUST-12526,40,Male,Rajshahi,iPhone 15 Pro,Prepaid Saver 30D,49,10,Prepaid,0,9.0,4G
CUST-12527,62,Female,Barishal,Samsung S23 Ultra,Student Special 4G,12,4,Prepaid,1,22.0,5G
CUST-12528,22,Female,Mymensingh,Vivo Y20,Unlimited Data Max,11,7,Prepaid,0,22.0,4G
CUST-12529,45,Male,Chattogram,Xiaomi Redmi Note 12,Family Bundle,33,10,Postpaid,0,16.0,4G
CUST-12530,61,Male,Chattogram,Xiaomi Redmi Note 12,Postpaid Corporate,29,7,Postpaid,1,15.0,5G
CUST-12531,55,Female,Khulna,Xiaomi Redmi Note 12,Unlimited Data Max,8,10,Prepaid,0,9.0,4G
CUST-12532,61,Male,Dhaka,Vivo Y20,Postpaid Corporate,49,10,Postpaid,1,23.0,4G
CUST-12533,26,Male,Dhaka,Realme 11,Unlimited Data Max,55,10,Prepaid,0,9.0,4G
CUST-12534,55,Male,Dhaka,Realme 11,Postpaid Corporate,31,10,Postpaid,0,9.0,4G
CUST-12535,63,Female,Sylhet,iPhone 15 Pro,Prepaid Saver 30D,26,9,Prepaid,0,21.0,4G
CUST-12536,33,Male,Dhaka,iPhone 15 Pro,Unlimited Data Max,12,10,Prepaid,0,16.0,4G
CUST-12537,41,Male,Khulna,Vivo Y20,Postpaid Corporate,23,6,Postpaid,0,22.0,3G
CUST-12538,42,Male,Rangpur,Vivo Y20,Prepaid Saver 30D,37,6,Prepaid,0,36.0,4G
CUST-12539,41,Male,Mymensingh,iPhone 15 Pro,Unlimited Data Max,71,9,Prepaid,0,9.0,3G
CUST-12540,31,Female,Dhaka,iPhone 15 Pro,Student Special 4G,14,10,Prepaid,0,16.0,4G
CUST-12541,63,Male,Khulna,iPhone 15 Pro,Prepaid Saver 30D,59,10,Prepaid,0,9.0,4G
CUST-12542,62,Male,Chattogram,Realme 11,Postpaid Corporate,36,10,Postpaid,0,14.0,5G
CUST-12543,35,Male,Khulna,Vivo Y20,Postpaid Corporate,40,9,Postpaid,1,9.0,4G
CUST-12544,55,Female,Dhaka,Vivo Y20,Unlimited Data Max,22,10,Prepaid,0,14.0,4G
CUST-12545,36,Female,Rajshahi,Vivo Y20,Family Bundle,68,5,Postpaid,0,22.0,4G
CUST-12546,55,Female,Rangpur,iPhone 15 Pro,Prepaid Saver 30D,5,4,Prepaid,0,15.0,4G
CUST-12547,45,Male,Chattogram,iPhone 15 Pro,Unlimited Data Max,16,10,Prepaid,0,21.0,5G
CUST-12548,40,Male,Chattogram,Vivo Y20,Prepaid Saver 30D,23,8,Prepaid,0,16.0,4G
CUST-12549,24,Male,Dhaka,iPhone 15 Pro,Postpaid Corporate,41,6,Postpaid,0,15.0,4G
CUST-12550,48,Male,Khulna,iPhone 15 Pro,Unlimited Data Max,31,10,Prepaid,1,9.0,4G
CUST-12551,33,Female,Dhaka,Vivo Y20,Prepaid Saver 30D,66,7,Prepaid,0,22.0,5G
CUST-12552,28,Female,Khulna,Xiaomi Redmi Note 12,Prepaid Saver 30D,14,4,Prepaid,0,15.0,4G
CUST-12553,27,Male,Dhaka,Samsung S23 Ultra,Postpaid Corporate,41,9,Postpaid,0,9.0,4G
CUST-12554,64,Female,Sylhet,Vivo Y20,Prepaid Saver 30D,35,5,Prepaid,0,22.0,5G
CUST-12555,22,Female,Dhaka,iPhone 15 Pro,Prepaid Saver 30D,22,10,Prepaid,0,16.0,3G
CUST-12556,55,Male,Chattogram,iPhone 15 Pro,Unlimited Data Max,2,7,Prepaid,0,15.0,4G
CUST-12557,58,Female,Dhaka,Xiaomi Redmi Note 12,Prepaid Saver 30D,58,7,Prepaid,0,22.0,4G
CUST-12558,19,Male,Khulna,iPhone 15 Pro,Postpaid Corporate,15,10,Postpaid,0,9.0,3G
CUST-12559,45,Male,Dhaka,Vivo Y20,Prepaid Saver 30D,10,4,Prepaid,0,22.0,4G
CUST-12560,45,Male,Dhaka,Realme 11,Prepaid Saver 30D,41,10,Prepaid,0,28.0,4G
CUST-12561,34,Female,Dhaka,Xiaomi Redmi Note 12,Prepaid Saver 30D,11,10,Prepaid,0,23.0,4G
CUST-12562,49,Female,Rajshahi,iPhone 15 Pro,Postpaid Corporate,46,4,Postpaid,1,27.0,3G
CUST-12563,37,Male,Sylhet,Xiaomi Redmi Note 12,Prepaid Saver 30D,52,10,Prepaid,0,16.0,4G
CUST-12564,38,Female,Dhaka,iPhone 15 Pro,Prepaid Saver 30D,17,10,Prepaid,0,9.0,3G
CUST-12565,38,Male,Chattogram,Vivo Y20,Postpaid Corporate,5,5,Postpaid,0,15.0,4G
CUST-12566,55,Male,Dhaka,Realme 11,Postpaid Corporate,7,10,Postpaid,0,9.0,4G
CUST-12567,47,Male,Dhaka,Samsung S23 Ultra,Unlimited Data Max,4,10,Prepaid,0,16.0,5G
CUST-12568,35,Female,Sylhet,Xiaomi Redmi Note 12,Prepaid Saver 30D,35,10,Prepaid,0,9.0,4G
CUST-12569,61,Female,Dhaka,Realme 11,Unlimited Data Max,27,10,Prepaid,0,23.0,4G
CUST-12570,55,Male,Mymensingh,Xiaomi Redmi Note 12,Student Special 4G,56,10,Prepaid,0,14.0,4G
CUST-12571,61,Female,Rangpur,Samsung S23 Ultra,Prepaid Saver 30D,29,4,Prepaid,0,15.0,5G
CUST-12572,52,Female,Khulna,Samsung S23 Ultra,Prepaid Saver 30D,47,10,Prepaid,0,14.0,4G
CUST-12573,36,Female,Chattogram,Realme 11,Prepaid Saver 30D,34,10,Prepaid,0,9.0,5G
CUST-12574,54,Male,Khulna,Xiaomi Redmi Note 12,Prepaid Saver 30D,31,10,Prepaid,0,9.0,4G
CUST-12575,33,Female,Dhaka,Xiaomi Redmi Note 12,Student Special 4G,53,5,Prepaid,1,27.0,4G
CUST-12576,30,Male,Dhaka,iPhone 15 Pro,Prepaid Saver 30D,37,10,Prepaid,0,9.0,4G
CUST-12577,39,Male,Sylhet,iPhone 15 Pro,Prepaid Saver 30D,41,10,Prepaid,0,21.0,4G
CUST-12578,63,Male,Dhaka,Xiaomi Redmi Note 12,Postpaid Corporate,32,4,Postpaid,0,20.0,4G
CUST-12579,44,Female,Dhaka,Xiaomi Redmi Note 12,Postpaid Corporate,51,4,Postpaid,0,15.0,4G
CUST-12580,36,Female,Chattogram,Xiaomi Redmi Note 12,Family Bundle,22,4,Postpaid,0,15.0,4G
CUST-12581,39,Female,Chattogram,Vivo Y20,Postpaid Corporate,4,10,Postpaid,0,9.0,4G
CUST-12582,31,Female,Khulna,Samsung S23 Ultra,Prepaid Saver 30D,31,7,Prepaid,0,27.0,4G
CUST-12583,48,Female,Rajshahi,Xiaomi Redmi Note 12,Unlimited Data Max,23,10,Prepaid,0,9.0,5G
CUST-12584,34,Female,Mymensingh,iPhone 15 Pro,Family Bundle,64,10,Postpaid,1,9.0,4G
CUST-12585,44,Female,Dhaka,Samsung S23 Ultra,Postpaid Corporate,69,4,Postpaid,0,15.0,4G
CUST-12586,35,Female,Barishal,Xiaomi Redmi Note 12,Unlimited Data Max,16,10,Prepaid,0,23.0,3G
CUST-12587,33,Female,Dhaka,Samsung S23 Ultra,Prepaid Saver 30D,31,10,Prepaid,0,16.0,4G
CUST-12588,63,Female,Dhaka,iPhone 15 Pro,Prepaid Saver 30D,31,4,Prepaid,0,15.0,4G
CUST-12589,34,Male,Rajshahi,Realme 11,Unlimited Data Max,16,5,Prepaid,0,34.0,5G
CUST-12590,21,Male,Mymensingh,iPhone 15 Pro,Postpaid Corporate,1,10,Postpaid,0,14.0,5G
CUST-12591,35,Female,Rangpur,Realme 11,Postpaid Corporate,71,4,Postpaid,0,15.0,3G
CUST-12592,43,Male,Rajshahi,iPhone 15 Pro,Unlimited Data Max,47,5,Prepaid,0,15.0,3G
CUST-12593,22,Female,Dhaka,Xiaomi Redmi Note 12,Family Bundle,30,10,Postpaid,0,9.0,5G
CUST-12594,32,Female,Mymensingh,Vivo Y20,Family Bundle,14,10,Postpaid,0,9.0,5G
CUST-12595,25,Female,Rajshahi,iPhone 15 Pro,Prepaid Saver 30D,34,10,Prepaid,1,23.0,3G
CUST-12596,41,Female,Sylhet,Xiaomi Redmi Note 12,Prepaid Saver 30D,20,6,Prepaid,1,15.0,3G
CUST-12597,51,Male,Dhaka,Realme 11,Student Special 4G,16,10,Prepaid,1,14.0,4G
CUST-12598,63,Male,Mymensingh,iPhone 15 Pro,Prepaid Saver 30D,68,10,Prepaid,0,9.0,4G
CUST-12599,36,Female,Dhaka,iPhone 15 Pro,Family Bundle,47,10,Postpaid,0,9.0,5G
CUST-12600,58,Female,Rajshahi,Realme 11,Unlimited Data Max,22,6,Prepaid,0,22.0,5G
CUST-12601,28,Male,Rangpur,Samsung S23 Ultra,Postpaid Corporate,15,4,Postpaid,0,20.0,4G
CUST-12602,54,Female,Rangpur,iPhone 15 Pro,Prepaid Saver 30D,55,7,Prepaid,0,22.0,4G
CUST-12603,44,Male,Chattogram,Xiaomi Redmi Note 12,Prepaid Saver 30D,44,9,Prepaid,0,9.0,4G
CUST-12604,53,Female,Chattogram,iPhone 15 Pro,Postpaid Corporate,61,9,Postpaid,0,9.0,4G
CUST-12605,53,Female,Rajshahi,Xiaomi Redmi Note 12,Unlimited Data Max,54,10,Prepaid,0,9.0,4G
CUST-12606,43,Female,Mymensingh,Realme 11,Unlimited Data Max,29,10,Prepaid,0,9.0,4G
CUST-12607,30,Male,Rangpur,Vivo Y20,Prepaid Saver 30D,47,10,Prepaid,0,9.0,5G
CUST-12608,42,Male,Dhaka,Realme 11,Unlimited Data Max,28,10,Prepaid,0,9.0,4G
CUST-12609,56,Female,Rangpur,Xiaomi Redmi Note 12,Unlimited Data Max,7,7,Prepaid,0,15.0,4G
CUST-12610,63,Female,Mymensingh,Realme 11,Prepaid Saver 30D,3,10,Prepaid,0,21.0,4G
CUST-12611,61,Male,Chattogram,iPhone 15 Pro,Unlimited Data Max,6,7,Prepaid,0,15.0,3G
CUST-12612,26,Male,Chattogram,Xiaomi Redmi Note 12,Unlimited Data Max,66,10,Prepaid,1,16.0,4G
CUST-12613,46,Female,Mymensingh,Vivo Y20,Unlimited Data Max,60,10,Prepaid,1,9.0,5G
CUST-12614,22,Male,Chattogram,Samsung S23 Ultra,Student Special 4G,28,6,Prepaid,0,15.0,3G
CUST-12615,49,Female,Rajshahi,iPhone 15 Pro,Unlimited Data Max,65,4,Prepaid,0,15.0,4G
CUST-12616,64,Male,Khulna,iPhone 15 Pro,Postpaid Corporate,53,10,Postpaid,0,23.0,4G
CUST-12617,20,Male,Dhaka,Vivo Y20,Unlimited Data Max,10,10,Prepaid,0,16.0,4G
CUST-12618,48,Male,Dhaka,iPhone 15 Pro,Unlimited Data Max,17,4,Prepaid,1,15.0,5G
CUST-12619,62,Female,Sylhet,iPhone 15 Pro,Prepaid Saver 30D,27,6,Prepaid,0,15.0,4G
CUST-12620,57,Female,Rajshahi,Vivo Y20,Prepaid Saver 30D,58,8,Prepaid,0,14.0,4G
CUST-12621,36,Male,Rajshahi,Vivo Y20,Prepaid Saver 30D,47,9,Prepaid,0,14.0,5G
CUST-12622,22,Male,Rajshahi,Samsung S23 Ultra,Postpaid Corporate,28,7,Postpaid,0,15.0,4G
CUST-12623,61,Female,Khulna,Vivo Y20,Prepaid Saver 30D,60,5,Prepaid,1,22.0,4G
CUST-12624,61,Male,Sylhet,Realme 11,Unlimited Data Max,24,10,Prepaid,0,9.0,3G
CUST-12625,45,Female,Khulna,Vivo Y20,Student Special 4G,65,10,Prepaid,0,9.0,5G
CUST-12626,64,Female,Dhaka,Samsung S23 Ultra,Unlimited Data Max,52,10,Prepaid,0,23.0,4G
CUST-12627,18,Male,Dhaka,Samsung S23 Ultra,Student Special 4G,50,10,Prepaid,1,9.0,5G
CUST-12628,46,Male,Dhaka,iPhone 15 Pro,Prepaid Saver 30D,7,7,Prepaid,0,22.0,4G
CUST-12629,19,Female,Rajshahi,Vivo Y20,Prepaid Saver 30D,11,9,Prepaid,0,21.0,4G
CUST-12630,61,Male,Dhaka,Xiaomi Redmi Note 12,Prepaid Saver 30D,70,7,Prepaid,0,15.0,4G
CUST-12631,49,Female,Rajshahi,Realme 11,Prepaid Saver 30D,55,10,Prepaid,0,14.0,5G
CUST-12632,60,Male,Sylhet,iPhone 15 Pro,Prepaid Saver 30D,19,8,Prepaid,0,9.0,4G
CUST-12633,44,Female,Dhaka,iPhone 15 Pro,Family Bundle,61,8,Postpaid,0,21.0,4G
CUST-12634,21,Male,Chattogram,Vivo Y20,Prepaid Saver 30D,22,10,Prepaid,0,23.0,5G
CUST-12635,19,Female,Mymensingh,Xiaomi Redmi Note 12,Family Bundle,25,6,Postpaid,0,22.0,4G
CUST-12636,33,Female,Barishal,Realme 11,Unlimited Data Max,22,7,Prepaid,1,29.0,4G
CUST-12637,52,Male,Rajshahi,Realme 11,Unlimited Data Max,36,10,Prepaid,0,9.0,4G
CUST-12638,25,Female,Dhaka,Samsung S23 Ultra,Prepaid Saver 30D,55,4,Prepaid,0,29.0,4G
CUST-12639,58,Female,Dhaka,Vivo Y20,Family Bundle,12,4,Postpaid,0,22.0,4G
CUST-12640,29,Female,Khulna,Vivo Y20,Prepaid Saver 30D,69,10,Prepaid,0,9.0,4G
CUST-12641,41,Male,Dhaka,Realme 11,Student Special 4G,22,6,Prepaid,0,15.0,4G
CUST-12642,27,Male,Dhaka,Xiaomi Redmi Note 12,Prepaid Saver 30D,69,10,Prepaid,0,16.0,5G
CUST-12643,39,Male,Dhaka,Xiaomi Redmi Note 12,Student Special 4G,62,10,Prepaid,0,16.0,4G
CUST-12644,39,Female,Dhaka,iPhone 15 Pro,Student Special 4G,39,5,Prepaid,0,15.0,4G
CUST-12645,18,Female,Rangpur,Realme 11,Postpaid Corporate,7,5,Postpaid,0,20.0,4G
CUST-12646,44,Male,Chattogram,iPhone 15 Pro,Postpaid Corporate,41,10,Postpaid,0,14.0,5G
CUST-12647,54,Male,Dhaka,Samsung S23 Ultra,Prepaid Saver 30D,55,10,Prepaid,0,9.0,4G
CUST-12648,62,Female,Chattogram,Samsung S23 Ultra,Family Bundle,70,6,Postpaid,0,22.0,5G
CUST-12649,33,Female,Dhaka,Xiaomi Redmi Note 12,Prepaid Saver 30D,7,8,Prepaid,0,23.0,5G
CUST-12650,59,Male,Chattogram,Vivo Y20,Prepaid Saver 30D,53,10,Prepaid,0,9.0,4G
CUST-12651,59,Male,Rajshahi,Realme 11,Student Special 4G,21,6,Prepaid,1,15.0,4G
CUST-12652,64,Female,Chattogram,Vivo Y20,Postpaid Corporate,54,10,Postpaid,1,16.0,4G
CUST-12653,35,Female,Mymensingh,Realme 11,Prepaid Saver 30D,42,7,Prepaid,0,22.0,4G
CUST-12654,57,Female,Dhaka,Vivo Y20,Postpaid Corporate,62,10,Postpaid,0,9.0,5G
CUST-12655,44,Female,Dhaka,Realme 11,Prepaid Saver 30D,1,6,Prepaid,1,29.0,4G
CUST-12656,20,Male,Chattogram,Vivo Y20,Prepaid Saver 30D,36,8,Prepaid,0,9.0,4G
CUST-12657,30,Male,Rajshahi,Xiaomi Redmi Note 12,Unlimited Data Max,48,10,Prepaid,0,9.0,4G
CUST-12658,49,Male,Sylhet,Samsung S23 Ultra,Student Special 4G,27,10,Prepaid,0,16.0,4G
CUST-12659,25,Male,Chattogram,iPhone 15 Pro,Postpaid Corporate,23,5,Postpaid,0,15.0,4G
CUST-12660,38,Male,Sylhet,Vivo Y20,Student Special 4G,24,4,Prepaid,0,22.0,4G
CUST-12661,54,Male,Dhaka,Realme 11,Prepaid Saver 30D,54,10,Prepaid,0,9.0,4G
CUST-12662,25,Male,Khulna,Samsung S23 Ultra,Family Bundle,15,10,Postpaid,1,23.0,5G
CUST-12663,41,Female,Mymensingh,Samsung S23 Ultra,Prepaid Saver 30D,70,5,Prepaid,0,22.0,4G
CUST-12664,28,Male,Chattogram,Realme 11,Prepaid Saver 30D,15,10,Prepaid,0,16.0,4G
CUST-12665,43,Female,Dhaka,Vivo Y20,Family Bundle,30,6,Postpaid,0,20.0,4G
CUST-12666,29,Male,Chattogram,Realme 11,Postpaid Corporate,71,8,Postpaid,0,14.0,4G
CUST-12667,63,Male,Mymensingh,Vivo Y20,Family Bundle,3,10,Postpaid,0,16.0,4G
CUST-12668,21,Female,Dhaka,Samsung S23 Ultra,Postpaid Corporate,24,10,Postpaid,1,9.0,4G
CUST-12669,63,Female,Rangpur,Vivo Y20,Unlimited Data Max,61,7,Prepaid,0,15.0,4G
CUST-12670,55,Female,Dhaka,Samsung S23 Ultra,Prepaid Saver 30D,23,10,Prepaid,0,9.0,4G
CUST-12671,58,Male,Sylhet,Vivo Y20,Student Special 4G,20,9,Prepaid,0,9.0,4G
CUST-12672,58,Male,Chattogram,Vivo Y20,Prepaid Saver 30D,1,10,Prepaid,1,30.0,4G
CUST-12673,26,Male,Khulna,Xiaomi Redmi Note 12,Postpaid Corporate,11,9,Postpaid,1,30.0,4G
CUST-12674,61,Female,Dhaka,Xiaomi Redmi Note 12,Unlimited Data Max,14,7,Prepaid,1,29.0,5G
CUST-12675,45,Male,Chattogram,Xiaomi Redmi Note 12,Prepaid Saver 30D,63,6,Prepaid,1,27.0,4G
CUST-12676,63,Male,Chattogram,Xiaomi Redmi Note 12,Student Special 4G,39,4,Prepaid,1,22.0,4G
CUST-12677,59,Male,Mymensingh,Vivo Y20,Family Bundle,17,9,Postpaid,1,9.0,3G
CUST-12678,45,Female,Chattogram,iPhone 15 Pro,Prepaid Saver 30D,58,9,Prepaid,0,14.0,5G
CUST-12679,35,Female,Khulna,iPhone 15 Pro,Unlimited Data Max,43,10,Prepaid,0,9.0,3G
CUST-12680,23,Female,Sylhet,Vivo Y20,Unlimited Data Max,23,6,Prepaid,0,15.0,4G
CUST-12681,22,Female,Dhaka,Vivo Y20,Unlimited Data Max,19,4,Prepaid,0,15.0,4G
CUST-12682,36,Female,Barishal,Xiaomi Redmi Note 12,Student Special 4G,16,10,Prepaid,0,9.0,5G
CUST-12683,56,Female,Chattogram,iPhone 15 Pro,Prepaid Saver 30D,51,9,Prepaid,0,21.0,4G
CUST-12684,41,Male,Chattogram,Vivo Y20,Prepaid Saver 30D,51,4,Prepaid,0,15.0,4G
CUST-12685,40,Female,Dhaka,Vivo Y20,Student Special 4G,47,7,Prepaid,0,22.0,4G
CUST-12686,29,Male,Rajshahi,iPhone 15 Pro,Student Special 4G,32,10,Prepaid,0,9.0,4G
CUST-12687,44,Male,Dhaka,Xiaomi Redmi Note 12,Prepaid Saver 30D,37,10,Prepaid,1,28.0,4G
CUST-12688,47,Male,Chattogram,Xiaomi Redmi Note 12,Family Bundle,64,9,Postpaid,1,9.0,4G
CUST-12689,64,Male,Mymensingh,Vivo Y20,Prepaid Saver 30D,40,4,Prepaid,0,15.0,5G
CUST-12690,52,Female,Dhaka,Realme 11,Prepaid Saver 30D,44,10,Prepaid,0,9.0,4G
CUST-12691,46,Female,Khulna,Xiaomi Redmi Note 12,Student Special 4G,17,4,Prepaid,0,15.0,4G
CUST-12692,60,Female,Sylhet,Vivo Y20,Unlimited Data Max,33,7,Prepaid,0,22.0,5G
CUST-12693,37,Female,Dhaka,Realme 11,Family Bundle,2,8,Postpaid,0,16.0,3G
CUST-12694,61,Male,Dhaka,Xiaomi Redmi Note 12,Postpaid Corporate,33,10,Postpaid,0,9.0,5G
CUST-12695,35,Female,Rajshahi,Vivo Y20,Family Bundle,57,10,Postpaid,0,23.0,4G
CUST-12696,24,Female,Mymensingh,Xiaomi Redmi Note 12,Unlimited Data Max,48,8,Prepaid,0,9.0,4G
CUST-12697,37,Male,Rajshahi,Xiaomi Redmi Note 12,Prepaid Saver 30D,64,4,Prepaid,0,15.0,5G
CUST-12698,24,Female,Rajshahi,iPhone 15 Pro,Student Special 4G,25,4,Prepaid,0,15.0,4G
CUST-12699,23,Female,Khulna,iPhone 15 Pro,Student Special 4G,56,10,Prepaid,0,9.0,4G
CUST-12700,59,Female,Khulna,iPhone 15 Pro,Student Special 4G,52,10,Prepaid,0,9.0,4G
CUST-12701,55,Female,Rajshahi,Samsung S23 Ultra,Prepaid Saver 30D,51,7,Prepaid,0,29.0,4G
CUST-12702,28,Female,Mymensingh,Realme 11,Postpaid Corporate,57,10,Postpaid,1,9.0,4G
CUST-12703,57,Female,Mymensingh,Xiaomi Redmi Note 12,Prepaid Saver 30D,34,10,Prepaid,0,16.0,5G
CUST-12704,21,Male,Dhaka,Vivo Y20,Prepaid Saver 30D,25,4,Prepaid,0,15.0,4G
CUST-12705,31,Female,Rangpur,Realme 11,Prepaid Saver 30D,42,10,Prepaid,0,9.0,4G
CUST-12706,51,Male,Chattogram,Samsung S23 Ultra,Postpaid Corporate,28,6,Postpaid,0,29.0,3G
CUST-12707,32,Male,Chattogram,Realme 11,Prepaid Saver 30D,50,10,Prepaid,0,9.0,4G
CUST-12708,52,Female,Dhaka,Samsung S23 Ultra,Unlimited Data Max,62,9,Prepaid,0,9.0,4G
CUST-12709,59,Male,Dhaka,Samsung S23 Ultra,Student Special 4G,2,10,Prepaid,0,16.0,3G
CUST-12710,21,Female,Mymensingh,Realme 11,Family Bundle,45,5,Postpaid,0,22.0,4G
CUST-12711,19,Male,Chattogram,Samsung S23 Ultra,Prepaid Saver 30D,31,10,Prepaid,0,9.0,4G
CUST-12712,62,Male,Mymensingh,Xiaomi Redmi Note 12,Student Special 4G,8,10,Prepaid,1,16.0,4G
CUST-12713,42,Male,Dhaka,Vivo Y20,Student Special 4G,16,10,Prepaid,0,9.0,5G
CUST-12714,41,Male,Chattogram,iPhone 15 Pro,Prepaid Saver 30D,59,10,Prepaid,0,9.0,4G
CUST-12715,39,Female,Dhaka,Realme 11,Postpaid Corporate,26,5,Postpaid,1,29.0,5G
CUST-12716,38,Male,Dhaka,iPhone 15 Pro,Family Bundle,7,6,Postpaid,0,15.0,4G
CUST-12717,50,Female,Rajshahi,Samsung S23 Ultra,Postpaid Corporate,54,10,Postpaid,0,14.0,4G
CUST-12718,45,Female,Dhaka,Samsung S23 Ultra,Unlimited Data Max,17,8,Prepaid,0,16.0,3G
CUST-12719,25,Male,Chattogram,Samsung S23 Ultra,Postpaid Corporate,26,9,Postpaid,0,21.0,3G
CUST-12720,47,Female,Dhaka,Samsung S23 Ultra,Student Special 4G,14,5,Prepaid,0,15.0,3G
CUST-12721,49,Male,Chattogram,Samsung S23 Ultra,Postpaid Corporate,53,10,Postpaid,0,16.0,4G
CUST-12722,23,Male,Barishal,Vivo Y20,Unlimited Data Max,66,8,Prepaid,0,16.0,4G
CUST-12723,35,Female,Sylhet,Vivo Y20,Unlimited Data Max,70,8,Prepaid,0,9.0,5G
CUST-12724,55,Female,Chattogram,iPhone 15 Pro,Student Special 4G,6,10,Prepaid,1,23.0,4G
CUST-12725,47,Female,Chattogram,Realme 11,Prepaid Saver 30D,66,10,Prepaid,1,16.0,4G
CUST-12726,24,Male,Rangpur,iPhone 15 Pro,Family Bundle,46,8,Postpaid,0,9.0,5G
CUST-12727,19,Male,Mymensingh,Realme 11,Prepaid Saver 30D,59,7,Prepaid,0,22.0,4G
CUST-12728,45,Female,Dhaka,iPhone 15 Pro,Student Special 4G,6,10,Prepaid,0,9.0,4G
CUST-12729,39,Female,Mymensingh,Realme 11,Unlimited Data Max,61,8,Prepaid,0,16.0,4G
CUST-12730,63,Female,Sylhet,iPhone 15 Pro,Student Special 4G,24,6,Prepaid,0,15.0,4G
CUST-12731,42,Male,Chattogram,Vivo Y20,Student Special 4G,28,7,Prepaid,0,15.0,3G
CUST-12732,61,Female,Chattogram,Vivo Y20,Prepaid Saver 30D,64,6,Prepaid,0,15.0,4G
CUST-12733,28,Male,Rangpur,iPhone 15 Pro,Prepaid Saver 30D,52,10,Prepaid,0,9.0,4G
CUST-12734,39,Male,Rajshahi,Samsung S23 Ultra,Family Bundle,37,9,Postpaid,0,9.0,4G
CUST-12735,24,Male,Sylhet,iPhone 15 Pro,Student Special 4G,48,6,Prepaid,0,22.0,4G
CUST-12736,44,Male,Dhaka,iPhone 15 Pro,Prepaid Saver 30D,26,5,Prepaid,0,27.0,5G
CUST-12737,26,Female,Sylhet,Xiaomi Redmi Note 12,Prepaid Saver 30D,70,10,Prepaid,0,16.0,4G
CUST-12738,41,Male,Dhaka,Xiaomi Redmi Note 12,Family Bundle,5,10,Postpaid,0,9.0,4G
CUST-12739,34,Female,Rajshahi,Vivo Y20,Postpaid Corporate,41,10,Postpaid,0,14.0,5G
CUST-12740,26,Male,Rangpur,Samsung S23 Ultra,Prepaid Saver 30D,4,10,Prepaid,1,9.0,4G
CUST-12741,22,Female,Chattogram,Xiaomi Redmi Note 12,Prepaid Saver 30D,31,10,Prepaid,1,30.0,4G
CUST-12742,42,Male,Chattogram,Samsung S23 Ultra,Unlimited Data Max,37,10,Prepaid,0,16.0,5G
CUST-12743,62,Male,Khulna,Xiaomi Redmi Note 12,Student Special 4G,60,10,Prepaid,0,16.0,4G
CUST-12744,27,Male,Rangpur,Realme 11,Student Special 4G,67,10,Prepaid,0,16.0,4G
CUST-12745,37,Female,Chattogram,Vivo Y20,Prepaid Saver 30D,54,8,Prepaid,1,16.0,4G
CUST-12746,28,Male,Rangpur,Xiaomi Redmi Note 12,Prepaid Saver 30D,69,6,Prepaid,0,20.0,4G
CUST-12747,56,Female,Dhaka,Samsung S23 Ultra,Prepaid Saver 30D,9,10,Prepaid,1,16.0,4G
CUST-12748,37,Female,Dhaka,Vivo Y20,Unlimited Data Max,38,10,Prepaid,0,9.0,5G
CUST-12749,63,Male,Dhaka,Xiaomi Redmi Note 12,Family Bundle,43,8,Postpaid,0,9.0,4G
CUST-12750,29,Female,Rangpur,Xiaomi Redmi Note 12,Student Special 4G,6,10,Prepaid,1,16.0,4G
CUST-12751,21,Male,Chattogram,Realme 11,Prepaid Saver 30D,43,5,Prepaid,0,15.0,5G
CUST-12752,45,Male,Khulna,iPhone 15 Pro,Unlimited Data Max,4,10,Prepaid,0,9.0,5G
CUST-12753,48,Male,Chattogram,Vivo Y20,Unlimited Data Max,45,4,Prepaid,0,15.0,4G
CUST-12754,64,Female,Sylhet,Samsung S23 Ultra,Postpaid Corporate,16,5,Postpaid,0,15.0,4G
CUST-12755,58,Female,Rajshahi,Samsung S23 Ultra,Unlimited Data Max,67,4,Prepaid,0,29.0,4G
CUST-12756,59,Male,Chattogram,Vivo Y20,Prepaid Saver 30D,24,4,Prepaid,0,22.0,4G
CUST-12757,47,Male,Dhaka,Xiaomi Redmi Note 12,Family Bundle,43,5,Postpaid,0,15.0,4G
CUST-12758,34,Female,Dhaka,Vivo Y20,Prepaid Saver 30D,44,7,Prepaid,0,15.0,5G
CUST-12759,38,Male,Dhaka,Vivo Y20,Student Special 4G,62,7,Prepaid,1,15.0,3G
CUST-12760,24,Female,Rajshahi,Vivo Y20,Unlimited Data Max,24,8,Prepaid,0,9.0,5G
CUST-12761,38,Female,Khulna,Realme 11,Prepaid Saver 30D,26,10,Prepaid,0,9.0,4G
CUST-12762,35,Male,Dhaka,Realme 11,Student Special 4G,49,9,Prepaid,0,9.0,5G
CUST-12763,19,Female,Rajshahi,Realme 11,Student Special 4G,5,6,Prepaid,0,15.0,4G
CUST-12764,27,Male,Dhaka,Realme 11,Postpaid Corporate,40,5,Postpaid,0,22.0,5G
CUST-12765,43,Female,Chattogram,iPhone 15 Pro,Prepaid Saver 30D,27,10,Prepaid,0,9.0,4G
CUST-12766,35,Male,Chattogram,Vivo Y20,Prepaid Saver 30D,70,6,Prepaid,0,22.0,4G
CUST-12767,64,Female,Dhaka,Samsung S23 Ultra,Prepaid Saver 30D,38,10,Prepaid,0,14.0,4G
CUST-12768,40,Female,Khulna,Xiaomi Redmi Note 12,Unlimited Data Max,55,10,Prepaid,1,9.0,4G
CUST-12769,63,Male,Chattogram,iPhone 15 Pro,Unlimited Data Max,60,10,Prepaid,0,9.0,5G
CUST-12770,49,Male,Khulna,Realme 11,Prepaid Saver 30D,11,5,Prepaid,0,15.0,4G
CUST-12771,19,Female,Dhaka,iPhone 15 Pro,Unlimited Data Max,45,10,Prepaid,0,9.0,4G
CUST-12772,27,Female,Mymensingh,iPhone 15 Pro,Unlimited Data Max,49,10,Prepaid,0,9.0,5G
CUST-12773,51,Male,Barishal,Vivo Y20,Unlimited Data Max,32,10,Prepaid,1,16.0,4G
CUST-12774,43,Male,Dhaka,Xiaomi Redmi Note 12,Prepaid Saver 30D,15,10,Prepaid,0,14.0,3G
CUST-12775,32,Male,Barishal,Realme 11,Student Special 4G,33,5,Prepaid,1,15.0,5G
CUST-12776,42,Female,Dhaka,Vivo Y20,Family Bundle,4,8,Postpaid,1,9.0,4G
CUST-12777,60,Female,Barishal,Vivo Y20,Unlimited Data Max,71,8,Prepaid,0,9.0,4G
CUST-12778,36,Male,Dhaka,iPhone 15 Pro,Unlimited Data Max,7,8,Prepaid,0,9.0,4G
CUST-12779,20,Male,Rajshahi,Samsung S23 Ultra,Student Special 4G,11,7,Prepaid,0,22.0,5G
CUST-12780,32,Male,Chattogram,Vivo Y20,Unlimited Data Max,10,10,Prepaid,0,9.0,4G
CUST-12781,61,Male,Rajshahi,iPhone 15 Pro,Postpaid Corporate,15,6,Postpaid,1,15.0,4G
CUST-12782,53,Female,Khulna,Realme 11,Unlimited Data Max,14,8,Prepaid,1,14.0,4G
CUST-12783,57,Female,Dhaka,Realme 11,Postpaid Corporate,45,8,Postpaid,0,9.0,4G
CUST-12784,60,Female,Khulna,Xiaomi Redmi Note 12,Prepaid Saver 30D,8,10,Prepaid,0,16.0,5G
CUST-12785,23,Male,Dhaka,Samsung S23 Ultra,Postpaid Corporate,50,8,Postpaid,0,9.0,4G
CUST-12786,31,Male,Rajshahi,Xiaomi Redmi Note 12,Prepaid Saver 30D,29,10,Prepaid,1,9.0,4G
CUST-12787,20,Male,Rajshahi,Samsung S23 Ultra,Unlimited Data Max,29,10,Prepaid,0,9.0,5G
CUST-12788,18,Male,Rajshahi,iPhone 15 Pro,Prepaid Saver 30D,37,8,Prepaid,0,23.0,4G
CUST-12789,57,Female,Dhaka,iPhone 15 Pro,Prepaid Saver 30D,3,6,Prepaid,1,22.0,4G
CUST-12790,62,Male,Mymensingh,Xiaomi Redmi Note 12,Family Bundle,36,10,Postpaid,0,9.0,4G
CUST-12791,25,Female,Chattogram,Samsung S23 Ultra,Prepaid Saver 30D,38,10,Prepaid,0,9.0,4G
CUST-12792,51,Male,Dhaka,Vivo Y20,Unlimited Data Max,54,10,Prepaid,0,23.0,4G
CUST-12793,43,Female,Barishal,Samsung S23 Ultra,Prepaid Saver 30D,11,5,Prepaid,0,15.0,4G
CUST-12794,21,Male,Chattogram,Vivo Y20,Unlimited Data Max,4,4,Prepaid,1,15.0,4G
CUST-12795,61,Male,Mymensingh,iPhone 15 Pro,Student Special 4G,4,10,Prepaid,1,16.0,5G
CUST-12796,58,Male,Rangpur,Xiaomi Redmi Note 12,Student Special 4G,69,7,Prepaid,1,41.0,4G
CUST-12797,44,Female,Barishal,Vivo Y20,Unlimited Data Max,25,7,Prepaid,0,22.0,5G
CUST-12798,51,Female,Khulna,Realme 11,Prepaid Saver 30D,17,4,Prepaid,0,15.0,4G
CUST-12799,36,Female,Mymensingh,Samsung S23 Ultra,Postpaid Corporate,10,10,Postpaid,0,14.0,5G
CUST-12800,55,Female,Sylhet,Realme 11,Prepaid Saver 30D,19,4,Prepaid,0,15.0,4G
CUST-12801,38,Male,Mymensingh,Xiaomi Redmi Note 12,Postpaid Corporate,32,10,Postpaid,0,21.0,5G
CUST-12802,64,Male,Chattogram,Vivo Y20,Prepaid Saver 30D,69,10,Prepaid,0,16.0,5G
CUST-12803,20,Male,Chattogram,Xiaomi Redmi Note 12,Prepaid Saver 30D,55,4,Prepaid,0,22.0,4G
CUST-12804,26,Male,Mymensingh,Vivo Y20,Prepaid Saver 30D,61,10,Prepaid,0,9.0,4G
CUST-12805,63,Male,Chattogram,Xiaomi Redmi Note 12,Prepaid Saver 30D,4,10,Prepaid,1,16.0,4G
CUST-12806,31,Male,Sylhet,Samsung S23 Ultra,Postpaid Corporate,41,8,Postpaid,1,9.0,4G
CUST-12807,32,Female,Sylhet,Xiaomi Redmi Note 12,Prepaid Saver 30D,36,6,Prepaid,0,22.0,3G
CUST-12808,55,Male,Sylhet,Vivo Y20,Postpaid Corporate,14,10,Postpaid,0,9.0,3G
CUST-12809,26,Male,Dhaka,Samsung S23 Ultra,Prepaid Saver 30D,36,10,Prepaid,0,9.0,4G
CUST-12810,42,Male,Rajshahi,iPhone 15 Pro,Postpaid Corporate,42,9,Postpaid,1,9.0,4G
CUST-12811,31,Female,Mymensingh,Samsung S23 Ultra,Prepaid Saver 30D,1,4,Prepaid,0,15.0,4G
CUST-12812,27,Female,Barishal,Vivo Y20,Prepaid Saver 30D,70,10,Prepaid,0,16.0,4G
CUST-12813,63,Female,Dhaka,Xiaomi Redmi Note 12,Prepaid Saver 30D,53,6,Prepaid,0,15.0,5G
CUST-12814,27,Male,Chattogram,Realme 11,Prepaid Saver 30D,66,10,Prepaid,0,9.0,4G
CUST-12815,22,Male,Dhaka,Vivo Y20,Unlimited Data Max,7,6,Prepaid,0,22.0,4G
CUST-12816,49,Male,Sylhet,Vivo Y20,Prepaid Saver 30D,5,10,Prepaid,0,9.0,5G
CUST-12817,58,Female,Rangpur,Xiaomi Redmi Note 12,Unlimited Data Max,67,10,Prepaid,1,16.0,4G
CUST-12818,23,Male,Dhaka,Vivo Y20,Prepaid Saver 30D,67,8,Prepaid,0,16.0,4G
CUST-12819,51,Male,Khulna,Xiaomi Redmi Note 12,Prepaid Saver 30D,46,10,Prepaid,0,9.0,4G
CUST-12820,43,Male,Chattogram,Vivo Y20,Postpaid Corporate,15,10,Postpaid,0,9.0,4G
CUST-12821,57,Male,Dhaka,Vivo Y20,Family Bundle,21,10,Postpaid,0,14.0,4G
CUST-12822,23,Male,Chattogram,iPhone 15 Pro,Student Special 4G,57,10,Prepaid,0,9.0,5G
CUST-12823,63,Female,Mymensingh,Realme 11,Family Bundle,66,4,Postpaid,0,15.0,5G
CUST-12824,47,Female,Mymensingh,Realme 11,Family Bundle,48,6,Postpaid,0,20.0,5G
CUST-12825,57,Male,Rangpur,Realme 11,Unlimited Data Max,29,8,Prepaid,0,9.0,4G
CUST-12826,35,Male,Rangpur,Samsung S23 Ultra,Prepaid Saver 30D,59,5,Prepaid,0,15.0,4G
CUST-12827,62,Female,Chattogram,Xiaomi Redmi Note 12,Prepaid Saver 30D,19,8,Prepaid,0,16.0,5G
CUST-12828,47,Female,Rajshahi,Samsung S23 Ultra,Unlimited Data Max,10,4,Prepaid,0,15.0,4G
CUST-12829,23,Female,Chattogram,Vivo Y20,Student Special 4G,28,7,Prepaid,0,15.0,4G
CUST-12830,61,Female,Dhaka,Vivo Y20,Student Special 4G,34,4,Prepaid,0,15.0,4G
CUST-12831,55,Male,Dhaka,Xiaomi Redmi Note 12,Postpaid Corporate,44,8,Postpaid,0,9.0,5G
CUST-12832,32,Male,Barishal,Samsung S23 Ultra,Student Special 4G,49,8,Prepaid,0,16.0,5G
CUST-12833,43,Male,Chattogram,Realme 11,Postpaid Corporate,52,8,Postpaid,0,16.0,4G
CUST-12834,36,Male,Dhaka,Xiaomi Redmi Note 12,Prepaid Saver 30D,15,10,Prepaid,0,16.0,4G
CUST-12835,43,Male,Chattogram,Realme 11,Unlimited Data Max,47,9,Prepaid,0,9.0,4G
CUST-12836,63,Male,Sylhet,Samsung S23 Ultra,Family Bundle,4,5,Postpaid,0,15.0,4G
CUST-12837,60,Female,Dhaka,Xiaomi Redmi Note 12,Postpaid Corporate,66,10,Postpaid,0,9.0,4G
CUST-12838,28,Female,Dhaka,iPhone 15 Pro,Prepaid Saver 30D,32,10,Prepaid,0,9.0,5G
CUST-12839,63,Female,Sylhet,Vivo Y20,Unlimited Data Max,68,6,Prepaid,1,22.0,5G
CUST-12840,38,Male,Khulna,iPhone 15 Pro,Student Special 4G,62,4,Prepaid,0,22.0,5G
CUST-12841,51,Male,Dhaka,Vivo Y20,Student Special 4G,14,10,Prepaid,0,9.0,5G
CUST-12842,53,Female,Sylhet,Vivo Y20,Prepaid Saver 30D,8,5,Prepaid,0,20.0,4G
CUST-12843,40,Female,Chattogram,Xiaomi Redmi Note 12,Family Bundle,65,10,Postpaid,0,9.0,4G
CUST-12844,39,Female,Chattogram,Samsung S23 Ultra,Prepaid Saver 30D,35,8,Prepaid,0,9.0,4G
CUST-12845,39,Female,Khulna,iPhone 15 Pro,Family Bundle,8,10,Postpaid,0,14.0,4G
CUST-12846,58,Male,Dhaka,Samsung S23 Ultra,Postpaid Corporate,44,10,Postpaid,0,21.0,5G
CUST-12847,36,Female,Rajshahi,Realme 11,Postpaid Corporate,68,10,Postpaid,0,21.0,5G
CUST-12848,31,Male,Barishal,Realme 11,Family Bundle,43,10,Postpaid,0,9.0,5G
CUST-12849,34,Male,Khulna,iPhone 15 Pro,Student Special 4G,19,9,Prepaid,0,23.0,4G
CUST-12850,27,Female,Rajshahi,Realme 11,Prepaid Saver 30D,24,6,Prepaid,0,15.0,4G
CUST-12851,36,Male,Sylhet,Xiaomi Redmi Note 12,Student Special 4G,19,10,Prepaid,0,9.0,5G
CUST-12852,23,Male,Chattogram,Vivo Y20,Prepaid Saver 30D,39,5,Prepaid,0,15.0,4G
CUST-12853,22,Male,Chattogram,Samsung S23 Ultra,Unlimited Data Max,30,7,Prepaid,0,15.0,4G
CUST-12854,52,Male,Sylhet,Samsung S23 Ultra,Postpaid Corporate,25,6,Postpaid,0,15.0,4G
CUST-12855,21,Male,Mymensingh,Vivo Y20,Prepaid Saver 30D,13,8,Prepaid,0,9.0,4G
CUST-12856,44,Male,Barishal,iPhone 15 Pro,Prepaid Saver 30D,3,6,Prepaid,0,22.0,4G
CUST-12857,54,Male,Chattogram,Vivo Y20,Prepaid Saver 30D,59,10,Prepaid,0,9.0,5G
CUST-12858,52,Female,Rajshahi,Vivo Y20,Unlimited Data Max,58,8,Prepaid,0,16.0,5G
CUST-12859,38,Male,Khulna,Samsung S23 Ultra,Unlimited Data Max,9,10,Prepaid,0,16.0,4G
CUST-12860,27,Female,Khulna,Xiaomi Redmi Note 12,Student Special 4G,17,4,Prepaid,0,15.0,4G
CUST-12861,61,Male,Rangpur,Realme 11,Unlimited Data Max,32,8,Prepaid,0,16.0,5G
CUST-12862,57,Female,Chattogram,Samsung S23 Ultra,Postpaid Corporate,43,9,Postpaid,0,9.0,5G
CUST-12863,46,Male,Chattogram,Vivo Y20,Prepaid Saver 30D,65,10,Prepaid,1,21.0,4G
CUST-12864,22,Male,Khulna,Samsung S23 Ultra,Unlimited Data Max,50,10,Prepaid,1,9.0,4G
CUST-12865,19,Male,Rangpur,Samsung S23 Ultra,Prepaid Saver 30D,46,10,Prepaid,0,9.0,5G
CUST-12866,32,Female,Dhaka,Xiaomi Redmi Note 12,Prepaid Saver 30D,53,10,Prepaid,0,16.0,5G
CUST-12867,25,Female,Mymensingh,iPhone 15 Pro,Student Special 4G,44,7,Prepaid,0,15.0,4G
CUST-12868,58,Female,Chattogram,Realme 11,Family Bundle,67,10,Postpaid,0,9.0,4G
CUST-12869,27,Female,Chattogram,iPhone 15 Pro,Prepaid Saver 30D,71,10,Prepaid,0,16.0,5G
CUST-12870,31,Female,Rangpur,iPhone 15 Pro,Unlimited Data Max,33,10,Prepaid,0,21.0,4G
CUST-12871,63,Male,Chattogram,Vivo Y20,Postpaid Corporate,2,9,Postpaid,0,9.0,4G
CUST-12872,56,Male,Barishal,Samsung S23 Ultra,Prepaid Saver 30D,71,4,Prepaid,0,22.0,5G
CUST-12873,28,Female,Rajshahi,Xiaomi Redmi Note 12,Prepaid Saver 30D,23,10,Prepaid,0,23.0,4G
CUST-12874,36,Female,Dhaka,Samsung S23 Ultra,Prepaid Saver 30D,20,8,Prepaid,0,16.0,4G
CUST-12875,42,Male,Dhaka,Samsung S23 Ultra,Postpaid Corporate,9,10,Postpaid,1,16.0,4G
CUST-12876,49,Female,Rajshahi,iPhone 15 Pro,Prepaid Saver 30D,55,4,Prepaid,0,15.0,5G
CUST-12877,62,Female,Chattogram,iPhone 15 Pro,Student Special 4G,14,4,Prepaid,1,29.0,4G
CUST-12878,58,Male,Mymensingh,Xiaomi Redmi Note 12,Prepaid Saver 30D,69,7,Prepaid,0,15.0,4G
CUST-12879,63,Female,Dhaka,Xiaomi Redmi Note 12,Prepaid Saver 30D,16,10,Prepaid,0,14.0,4G
CUST-12880,19,Female,Chattogram,Samsung S23 Ultra,Family Bundle,6,4,Postpaid,0,15.0,4G
CUST-12881,29,Male,Mymensingh,Samsung S23 Ultra,Prepaid Saver 30D,45,5,Prepaid,0,15.0,3G
CUST-12882,44,Female,Dhaka,Samsung S23 Ultra,Unlimited Data Max,15,8,Prepaid,0,16.0,5G
CUST-12883,20,Female,Rangpur,Realme 11,Unlimited Data Max,20,10,Prepaid,0,9.0,5G
CUST-12884,34,Female,Rangpur,Vivo Y20,Postpaid Corporate,8,5,Postpaid,0,15.0,4G
CUST-12885,25,Female,Rangpur,Samsung S23 Ultra,Prepaid Saver 30D,48,10,Prepaid,0,9.0,5G
CUST-12886,61,Female,Dhaka,Samsung S23 Ultra,Prepaid Saver 30D,16,8,Prepaid,0,9.0,5G
CUST-12887,20,Female,Chattogram,Realme 11,Unlimited Data Max,53,10,Prepaid,0,16.0,3G
CUST-12888,24,Female,Rangpur,Realme 11,Unlimited Data Max,19,10,Prepaid,0,28.0,4G
CUST-12889,27,Male,Dhaka,Realme 11,Prepaid Saver 30D,29,10,Prepaid,0,9.0,3G
CUST-12890,24,Male,Mymensingh,Samsung S23 Ultra,Prepaid Saver 30D,35,4,Prepaid,1,15.0,4G
CUST-12891,44,Male,Rangpur,Vivo Y20,Prepaid Saver 30D,39,10,Prepaid,0,16.0,5G
CUST-12892,35,Male,Dhaka,Realme 11,Prepaid Saver 30D,59,8,Prepaid,0,21.0,4G
CUST-12893,60,Female,Chattogram,Samsung S23 Ultra,Postpaid Corporate,10,7,Postpaid,0,22.0,5G
CUST-12894,30,Female,Khulna,Samsung S23 Ultra,Postpaid Corporate,17,10,Postpaid,0,9.0,4G
CUST-12895,43,Male,Khulna,Realme 11,Postpaid Corporate,54,9,Postpaid,1,21.0,3G
CUST-12896,49,Male,Dhaka,Realme 11,Prepaid Saver 30D,61,8,Prepaid,0,16.0,4G
CUST-12897,47,Female,Khulna,Realme 11,Unlimited Data Max,30,10,Prepaid,0,9.0,4G
CUST-12898,55,Male,Rajshahi,Xiaomi Redmi Note 12,Postpaid Corporate,1,9,Postpaid,0,9.0,4G
CUST-12899,27,Female,Dhaka,Xiaomi Redmi Note 12,Unlimited Data Max,60,7,Prepaid,0,15.0,4G
CUST-12900,41,Male,Chattogram,Realme 11,Postpaid Corporate,44,7,Postpaid,0,20.0,4G
CUST-12901,55,Male,Rajshahi,Samsung S23 Ultra,Prepaid Saver 30D,38,6,Prepaid,1,22.0,5G
CUST-12902,58,Male,Rajshahi,iPhone 15 Pro,Prepaid Saver 30D,28,6,Prepaid,0,15.0,5G
CUST-12903,47,Male,Sylhet,Samsung S23 Ultra,Student Special 4G,50,8,Prepaid,0,16.0,4G
CUST-12904,48,Female,Chattogram,Vivo Y20,Prepaid Saver 30D,21,5,Prepaid,0,29.0,4G
CUST-12905,58,Male,Rangpur,Realme 11,Unlimited Data Max,26,10,Prepaid,0,9.0,4G
CUST-12906,47,Male,Rajshahi,Realme 11,Student Special 4G,55,9,Prepaid,0,16.0,4G
CUST-12907,62,Male,Mymensingh,Xiaomi Redmi Note 12,Prepaid Saver 30D,27,10,Prepaid,0,9.0,3G
CUST-12908,23,Male,Dhaka,Vivo Y20,Prepaid Saver 30D,68,9,Prepaid,0,9.0,4G
CUST-12909,34,Female,Barishal,Vivo Y20,Prepaid Saver 30D,31,10,Prepaid,0,9.0,5G
CUST-12910,23,Female,Dhaka,Realme 11,Prepaid Saver 30D,40,10,Prepaid,0,9.0,4G
CUST-12911,22,Female,Dhaka,Vivo Y20,Prepaid Saver 30D,46,8,Prepaid,0,9.0,4G
CUST-12912,40,Female,Dhaka,Realme 11,Student Special 4G,50,7,Prepaid,0,22.0,4G
CUST-12913,28,Male,Sylhet,Realme 11,Postpaid Corporate,36,10,Postpaid,0,9.0,4G
CUST-12914,37,Male,Chattogram,iPhone 15 Pro,Prepaid Saver 30D,26,9,Prepaid,0,9.0,4G
CUST-12915,38,Female,Sylhet,Vivo Y20,Student Special 4G,58,10,Prepaid,0,9.0,4G
CUST-12916,47,Female,Dhaka,Samsung S23 Ultra,Student Special 4G,51,5,Prepaid,0,15.0,4G
CUST-12917,62,Female,Rangpur,Realme 11,Unlimited Data Max,4,7,Prepaid,0,15.0,5G
CUST-12918,57,Male,Dhaka,Realme 11,Prepaid Saver 30D,45,6,Prepaid,0,15.0,4G
CUST-12919,35,Female,Mymensingh,Samsung S23 Ultra,Unlimited Data Max,64,8,Prepaid,0,14.0,3G
CUST-12920,33,Female,Khulna,Realme 11,Prepaid Saver 30D,40,9,Prepaid,0,9.0,4G
CUST-12921,54,Male,Sylhet,Samsung S23 Ultra,Student Special 4G,66,10,Prepaid,0,14.0,5G
CUST-12922,23,Male,Chattogram,Xiaomi Redmi Note 12,Student Special 4G,28,5,Prepaid,1,22.0,5G
CUST-12923,43,Female,Chattogram,Vivo Y20,Student Special 4G,18,10,Prepaid,0,9.0,4G
CUST-12924,37,Male,Sylhet,Samsung S23 Ultra,Prepaid Saver 30D,36,10,Prepaid,0,23.0,5G
CUST-12925,26,Female,Chattogram,iPhone 15 Pro,Unlimited Data Max,8,8,Prepaid,0,9.0,5G
CUST-12926,46,Female,Mymensingh,Xiaomi Redmi Note 12,Unlimited Data Max,5,6,Prepaid,0,15.0,5G
CUST-12927,33,Male,Chattogram,Vivo Y20,Unlimited Data Max,41,10,Prepaid,0,9.0,4G
CUST-12928,26,Male,Chattogram,iPhone 15 Pro,Prepaid Saver 30D,3,5,Prepaid,0,15.0,5G
CUST-12929,48,Female,Khulna,Samsung S23 Ultra,Prepaid Saver 30D,5,10,Prepaid,0,9.0,4G
CUST-12930,26,Male,Khulna,Samsung S23 Ultra,Postpaid Corporate,33,10,Postpaid,0,9.0,4G
CUST-12931,49,Female,Khulna,Samsung S23 Ultra,Unlimited Data Max,17,6,Prepaid,0,22.0,5G
CUST-12932,25,Male,Dhaka,Vivo Y20,Unlimited Data Max,13,9,Prepaid,0,16.0,4G
CUST-12933,38,Male,Rajshahi,Realme 11,Unlimited Data Max,37,9,Prepaid,0,16.0,4G
CUST-12934,55,Female,Sylhet,Xiaomi Redmi Note 12,Student Special 4G,24,10,Prepaid,0,21.0,4G
CUST-12935,28,Female,Dhaka,Vivo Y20,Prepaid Saver 30D,44,10,Prepaid,0,9.0,3G
CUST-12936,54,Female,Dhaka,Vivo Y20,Unlimited Data Max,31,10,Prepaid,0,14.0,5G
CUST-12937,51,Female,Dhaka,Vivo Y20,Prepaid Saver 30D,14,4,Prepaid,0,22.0,4G
CUST-12938,60,Female,Rajshahi,Samsung S23 Ultra,Unlimited Data Max,51,10,Prepaid,0,9.0,4G
CUST-12939,25,Female,Dhaka,Samsung S23 Ultra,Prepaid Saver 30D,67,10,Prepaid,0,16.0,5G
CUST-12940,51,Female,Mymensingh,Realme 11,Student Special 4G,52,10,Prepaid,0,9.0,4G
CUST-12941,62,Male,Dhaka,iPhone 15 Pro,Prepaid Saver 30D,13,6,Prepaid,0,22.0,4G
CUST-12942,53,Male,Khulna,Samsung S23 Ultra,Unlimited Data Max,40,10,Prepaid,0,9.0,5G
CUST-12943,26,Female,Rangpur,Realme 11,Unlimited Data Max,11,8,Prepaid,0,9.0,3G
CUST-12944,56,Female,Dhaka,iPhone 15 Pro,Unlimited Data Max,2,6,Prepaid,1,27.0,4G
CUST-12945,23,Female,Dhaka,Vivo Y20,Family Bundle,12,7,Postpaid,0,22.0,3G
CUST-12946,45,Female,Dhaka,Xiaomi Redmi Note 12,Postpaid Corporate,58,8,Postpaid,0,16.0,5G
CUST-12947,41,Female,Dhaka,iPhone 15 Pro,Prepaid Saver 30D,66,10,Prepaid,0,21.0,4G
CUST-12948,42,Female,Dhaka,Vivo Y20,Prepaid Saver 30D,43,6,Prepaid,0,22.0,4G
CUST-12949,42,Male,Rangpur,Realme 11,Prepaid Saver 30D,63,6,Prepaid,0,34.0,5G
CUST-12950,19,Male,Dhaka,iPhone 15 Pro,Prepaid Saver 30D,30,7,Prepaid,0,15.0,4G
CUST-12951,41,Male,Chattogram,Samsung S23 Ultra,Prepaid Saver 30D,3,8,Prepaid,0,9.0,4G
CUST-12952,62,Female,Chattogram,Xiaomi Redmi Note 12,Student Special 4G,65,10,Prepaid,0,9.0,3G
CUST-12953,38,Female,Khulna,Realme 11,Postpaid Corporate,52,6,Postpaid,0,20.0,5G
CUST-12954,31,Male,Rangpur,Vivo Y20,Prepaid Saver 30D,47,10,Prepaid,0,16.0,5G
CUST-12955,64,Male,Dhaka,Samsung S23 Ultra,Student Special 4G,6,4,Prepaid,0,22.0,4G
CUST-12956,22,Male,Dhaka,Xiaomi Redmi Note 12,Unlimited Data Max,69,9,Prepaid,0,14.0,4G
CUST-12957,40,Male,Dhaka,Vivo Y20,Unlimited Data Max,6,10,Prepaid,0,9.0,4G
CUST-12958,42,Male,Sylhet,Realme 11,Unlimited Data Max,2,7,Prepaid,1,15.0,4G
CUST-12959,40,Male,Rangpur,Samsung S23 Ultra,Unlimited Data Max,6,6,Prepaid,0,22.0,4G
CUST-12960,61,Female,Chattogram,Vivo Y20,Unlimited Data Max,67,10,Prepaid,0,9.0,5G
CUST-12961,37,Female,Khulna,Realme 11,Family Bundle,59,6,Postpaid,0,22.0,4G
CUST-12962,63,Male,Rajshahi,Xiaomi Redmi Note 12,Prepaid Saver 30D,9,4,Prepaid,0,15.0,4G
CUST-12963,21,Male,Rajshahi,Realme 11,Prepaid Saver 30D,31,4,Prepaid,0,15.0,5G
CUST-12964,52,Female,Dhaka,Realme 11,Unlimited Data Max,38,8,Prepaid,0,9.0,4G
CUST-12965,45,Female,Rajshahi,iPhone 15 Pro,Unlimited Data Max,40,9,Prepaid,0,9.0,3G
CUST-12966,29,Female,Khulna,Realme 11,Unlimited Data Max,15,4,Prepaid,1,22.0,4G
CUST-12967,28,Female,Chattogram,iPhone 15 Pro,Unlimited Data Max,3,6,Prepaid,0,22.0,4G
CUST-12968,51,Male,Barishal,iPhone 15 Pro,Prepaid Saver 30D,3,10,Prepaid,0,16.0,4G
CUST-12969,47,Female,Dhaka,Xiaomi Redmi Note 12,Unlimited Data Max,64,9,Prepaid,0,16.0,4G
CUST-12970,46,Female,Chattogram,Samsung S23 Ultra,Unlimited Data Max,45,10,Prepaid,0,9.0,4G
CUST-12971,20,Female,Dhaka,Realme 11,Postpaid Corporate,70,10,Postpaid,0,9.0,4G
CUST-12972,46,Female,Rangpur,Xiaomi Redmi Note 12,Family Bundle,62,10,Postpaid,0,9.0,4G
CUST-12973,64,Male,Rangpur,Realme 11,Unlimited Data Max,17,4,Prepaid,0,15.0,4G
CUST-12974,18,Male,Barishal,Samsung S23 Ultra,Postpaid Corporate,7,8,Postpaid,0,14.0,3G
CUST-12975,40,Female,Chattogram,Xiaomi Redmi Note 12,Postpaid Corporate,47,6,Postpaid,0,15.0,4G
CUST-12976,41,Male,Mymensingh,Xiaomi Redmi Note 12,Prepaid Saver 30D,16,10,Prepaid,0,9.0,4G
CUST-12977,60,Male,Dhaka,Samsung S23 Ultra,Postpaid Corporate,49,7,Postpaid,1,22.0,3G
CUST-12978,31,Male,Chattogram,Xiaomi Redmi Note 12,Prepaid Saver 30D,69,5,Prepaid,0,15.0,4G
CUST-12979,40,Female,Rajshahi,Vivo Y20,Family Bundle,69,10,Postpaid,1,21.0,5G
CUST-12980,51,Male,Chattogram,Vivo Y20,Unlimited Data Max,18,9,Prepaid,0,16.0,4G
CUST-12981,20,Male,Chattogram,Samsung S23 Ultra,Prepaid Saver 30D,35,5,Prepaid,0,15.0,5G
CUST-12982,55,Female,Rajshahi,Vivo Y20,Postpaid Corporate,51,6,Postpaid,1,15.0,4G
CUST-12983,56,Female,Khulna,Xiaomi Redmi Note 12,Family Bundle,17,10,Postpaid,0,9.0,4G
CUST-12984,51,Male,Dhaka,Samsung S23 Ultra,Prepaid Saver 30D,40,8,Prepaid,0,23.0,4G
CUST-12985,48,Female,Mymensingh,Vivo Y20,Family Bundle,26,10,Postpaid,0,9.0,5G
CUST-12986,53,Female,Rangpur,Xiaomi Redmi Note 12,Postpaid Corporate,41,4,Postpaid,0,15.0,4G
CUST-12987,54,Male,Barishal,Vivo Y20,Postpaid Corporate,46,4,Postpaid,0,15.0,4G
CUST-12988,60,Male,Khulna,Samsung S23 Ultra,Student Special 4G,63,10,Prepaid,0,16.0,5G
CUST-12989,38,Female,Chattogram,Samsung S23 Ultra,Postpaid Corporate,34,7,Postpaid,1,29.0,4G
CUST-12990,39,Male,Dhaka,Vivo Y20,Prepaid Saver 30D,21,10,Prepaid,0,21.0,4G
CUST-12991,47,Male,Dhaka,iPhone 15 Pro,Student Special 4G,6,10,Prepaid,0,9.0,4G
CUST-12992,27,Female,Dhaka,Xiaomi Redmi Note 12,Unlimited Data Max,50,4,Prepaid,0,27.0,3G
CUST-12993,58,Male,Chattogram,Realme 11,Family Bundle,58,10,Postpaid,1,16.0,4G
CUST-12994,54,Male,Rajshahi,Vivo Y20,Student Special 4G,30,10,Prepaid,1,16.0,4G
CUST-12995,47,Male,Dhaka,iPhone 15 Pro,Postpaid Corporate,62,6,Postpaid,0,20.0,4G
CUST-12996,32,Male,Rangpur,Realme 11,Unlimited Data Max,34,10,Prepaid,0,21.0,5G
CUST-12997,34,Male,Dhaka,Realme 11,Prepaid Saver 30D,34,10,Prepaid,0,9.0,5G
CUST-12998,38,Male,Rangpur,Realme 11,Prepaid Saver 30D,4,4,Prepaid,0,15.0,4G
CUST-12999,49,Female,Khulna,Xiaomi Redmi Note 12,Prepaid Saver 30D,38,10,Prepaid,0,14.0,4G
CUST-13000,54,Female,Dhaka,Samsung S23 Ultra,Postpaid Corporate,43,10,Postpaid,0,14.0,3G
CUST-13001,49,Female,Mymensingh,iPhone 15 Pro,Student Special 4G,35,8,Prepaid,0,16.0,5G
CUST-13002,61,Male,Rajshahi,Xiaomi Redmi Note 12,Postpaid Corporate,39,10,Postpaid,0,9.0,4G
CUST-13003,63,Male,Dhaka,Xiaomi Redmi Note 12,Prepaid Saver 30D,38,10,Prepaid,0,9.0,4G
CUST-13004,51,Male,Dhaka,Samsung S23 Ultra,Family Bundle,50,10,Postpaid,0,23.0,5G
CUST-13005,35,Female,Khulna,Realme 11,Student Special 4G,8,9,Prepaid,0,14.0,3G
CUST-13006,46,Female,Khulna,Xiaomi Redmi Note 12,Postpaid Corporate,38,10,Postpaid,1,14.0,4G
CUST-13007,37,Female,Dhaka,Realme 11,Prepaid Saver 30D,31,10,Prepaid,0,9.0,5G
CUST-13008,47,Female,Rajshahi,Xiaomi Redmi Note 12,Postpaid Corporate,25,9,Postpaid,0,9.0,4G
CUST-13009,56,Female,Dhaka,iPhone 15 Pro,Prepaid Saver 30D,32,9,Prepaid,0,9.0,5G
CUST-13010,35,Male,Dhaka,Samsung S23 Ultra,Unlimited Data Max,49,5,Prepaid,0,15.0,4G
CUST-13011,41,Male,Khulna,Samsung S23 Ultra,Postpaid Corporate,71,9,Postpaid,1,14.0,4G
CUST-13012,20,Female,Sylhet,Xiaomi Redmi Note 12,Postpaid Corporate,16,10,Postpaid,1,14.0,3G
CUST-13013,52,Female,Dhaka,iPhone 15 Pro,Prepaid Saver 30D,4,10,Prepaid,0,9.0,4G
CUST-13014,41,Male,Chattogram,Realme 11,Family Bundle,25,10,Postpaid,1,9.0,5G
CUST-13015,39,Male,Chattogram,Realme 11,Student Special 4G,23,5,Prepaid,0,15.0,4G
CUST-13016,43,Female,Mymensingh,iPhone 15 Pro,Prepaid Saver 30D,5,10,Prepaid,0,9.0,4G
CUST-13017,28,Female,Dhaka,Realme 11,Unlimited Data Max,36,9,Prepaid,0,9.0,4G
CUST-13018,46,Female,Dhaka,Xiaomi Redmi Note 12,Unlimited Data Max,37,8,Prepaid,0,16.0,4G
CUST-13019,53,Female,Chattogram,Vivo Y20,Postpaid Corporate,61,4,Postpaid,0,15.0,4G
CUST-13020,34,Female,Rangpur,Vivo Y20,Student Special 4G,50,10,Prepaid,0,9.0,4G
CUST-13021,24,Female,Dhaka,Vivo Y20,Prepaid Saver 30D,33,10,Prepaid,0,9.0,4G
CUST-13022,36,Male,Khulna,Samsung S23 Ultra,Unlimited Data Max,47,7,Prepaid,0,15.0,3G
CUST-13023,27,Male,Chattogram,Xiaomi Redmi Note 12,Unlimited Data Max,21,9,Prepaid,0,14.0,4G
CUST-13024,35,Female,Chattogram,Samsung S23 Ultra,Unlimited Data Max,12,10,Prepaid,0,9.0,4G
CUST-13025,47,Male,Chattogram,Vivo Y20,Postpaid Corporate,39,10,Postpaid,0,9.0,5G
CUST-13026,23,Male,Dhaka,Realme 11,Prepaid Saver 30D,36,6,Prepaid,0,15.0,4G
CUST-13027,53,Female,Dhaka,iPhone 15 Pro,Unlimited Data Max,22,10,Prepaid,0,9.0,5G
CUST-13028,28,Male,Chattogram,Realme 11,Prepaid Saver 30D,64,4,Prepaid,0,22.0,4G
CUST-13029,60,Male,Dhaka,Xiaomi Redmi Note 12,Student Special 4G,39,8,Prepaid,0,21.0,4G
CUST-13030,52,Male,Barishal,Xiaomi Redmi Note 12,Prepaid Saver 30D,41,9,Prepaid,0,9.0,4G
CUST-13031,30,Male,Dhaka,Xiaomi Redmi Note 12,Unlimited Data Max,49,10,Prepaid,0,9.0,5G
CUST-13032,44,Female,Chattogram,Vivo Y20,Prepaid Saver 30D,21,4,Prepaid,0,15.0,4G
CUST-13033,23,Female,Chattogram,Realme 11,Family Bundle,38,7,Postpaid,0,15.0,4G
CUST-13034,22,Female,Barishal,Xiaomi Redmi Note 12,Unlimited Data Max,64,6,Prepaid,0,20.0,4G
CUST-13035,62,Female,Mymensingh,Realme 11,Unlimited Data Max,44,7,Prepaid,0,15.0,4G
CUST-13036,55,Female,Sylhet,Samsung S23 Ultra,Prepaid Saver 30D,61,10,Prepaid,0,21.0,4G
CUST-13037,25,Male,Khulna,iPhone 15 Pro,Prepaid Saver 30D,3,4,Prepaid,0,15.0,3G
CUST-13038,31,Male,Chattogram,Samsung S23 Ultra,Student Special 4G,52,10,Prepaid,0,16.0,4G
CUST-13039,27,Male,Sylhet,Vivo Y20,Postpaid Corporate,47,5,Postpaid,1,22.0,4G
CUST-13040,36,Male,Sylhet,Samsung S23 Ultra,Unlimited Data Max,64,9,Prepaid,0,16.0,5G
CUST-13041,31,Female,Dhaka,Vivo Y20,Student Special 4G,69,10,Prepaid,1,23.0,3G
CUST-13042,33,Male,Chattogram,Vivo Y20,Postpaid Corporate,10,10,Postpaid,1,16.0,4G
CUST-13043,42,Male,Rajshahi,Vivo Y20,Prepaid Saver 30D,35,10,Prepaid,0,16.0,4G
CUST-13044,26,Male,Sylhet,Realme 11,Prepaid Saver 30D,67,8,Prepaid,0,16.0,4G
CUST-13045,59,Male,Rajshahi,Xiaomi Redmi Note 12,Postpaid Corporate,57,8,Postpaid,0,9.0,3G
CUST-13046,52,Female,Khulna,Vivo Y20,Student Special 4G,8,10,Prepaid,0,16.0,4G
CUST-13047,53,Male,Khulna,Vivo Y20,Unlimited Data Max,39,5,Prepaid,0,15.0,4G
CUST-13048,25,Male,Sylhet,Vivo Y20,Prepaid Saver 30D,25,10,Prepaid,0,14.0,4G
CUST-13049,51,Male,Chattogram,Realme 11,Family Bundle,50,4,Postpaid,0,15.0,5G
CUST-13050,57,Male,Chattogram,Realme 11,Prepaid Saver 30D,37,4,Prepaid,0,29.0,4G
CUST-13051,26,Female,Rangpur,Realme 11,Unlimited Data Max,23,4,Prepaid,0,15.0,4G
CUST-13052,53,Male,Chattogram,Vivo Y20,Unlimited Data Max,30,6,Prepaid,0,15.0,4G
CUST-13053,34,Male,Dhaka,Xiaomi Redmi Note 12,Postpaid Corporate,69,10,Postpaid,0,9.0,4G
CUST-13054,55,Male,Dhaka,Xiaomi Redmi Note 12,Postpaid Corporate,26,6,Postpaid,0,22.0,3G
CUST-13055,40,Male,Chattogram,Vivo Y20,Unlimited Data Max,16,8,Prepaid,0,9.0,4G
CUST-13056,55,Male,Barishal,iPhone 15 Pro,Unlimited Data Max,8,10,Prepaid,0,9.0,4G
CUST-13057,24,Female,Khulna,Realme 11,Prepaid Saver 30D,12,10,Prepaid,0,9.0,5G
CUST-13058,36,Male,Dhaka,Samsung S23 Ultra,Postpaid Corporate,4,8,Postpaid,0,9.0,4G
CUST-13059,30,Male,Khulna,Xiaomi Redmi Note 12,Unlimited Data Max,4,7,Prepaid,1,22.0,4G
CUST-13060,29,Male,Dhaka,Samsung S23 Ultra,Prepaid Saver 30D,38,8,Prepaid,0,9.0,4G
CUST-13061,32,Male,Sylhet,Vivo Y20,Prepaid Saver 30D,39,9,Prepaid,0,9.0,5G
CUST-13062,35,Male,Khulna,Vivo Y20,Unlimited Data Max,57,7,Prepaid,0,20.0,4G
CUST-13063,23,Female,Sylhet,iPhone 15 Pro,Unlimited Data Max,44,10,Prepaid,0,9.0,4G
CUST-13064,51,Male,Dhaka,Samsung S23 Ultra,Family Bundle,14,10,Postpaid,0,9.0,4G
CUST-13065,43,Female,Barishal,Realme 11,Student Special 4G,47,4,Prepaid,0,15.0,4G
CUST-13066,56,Female,Rajshahi,Vivo Y20,Prepaid Saver 30D,32,10,Prepaid,0,9.0,3G
CUST-13067,51,Male,Rangpur,iPhone 15 Pro,Student Special 4G,13,10,Prepaid,0,9.0,3G
CUST-13068,25,Female,Barishal,Vivo Y20,Postpaid Corporate,47,4,Postpaid,0,20.0,3G
CUST-13069,21,Male,Khulna,Xiaomi Redmi Note 12,Family Bundle,47,10,Postpaid,0,16.0,4G
CUST-13070,37,Female,Mymensingh,Xiaomi Redmi Note 12,Family Bundle,31,8,Postpaid,0,16.0,4G
CUST-13071,40,Male,Chattogram,iPhone 15 Pro,Postpaid Corporate,12,4,Postpaid,0,22.0,4G
CUST-13072,29,Male,Khulna,iPhone 15 Pro,Prepaid Saver 30D,3,4,Prepaid,0,22.0,4G
CUST-13073,54,Male,Chattogram,iPhone 15 Pro,Unlimited Data Max,54,4,Prepaid,0,20.0,5G
CUST-13074,45,Female,Barishal,Samsung S23 Ultra,Prepaid Saver 30D,12,8,Prepaid,0,9.0,4G
CUST-13075,53,Female,Rangpur,iPhone 15 Pro,Prepaid Saver 30D,20,9,Prepaid,1,16.0,4G
CUST-13076,23,Male,Dhaka,iPhone 15 Pro,Postpaid Corporate,48,6,Postpaid,1,22.0,4G
CUST-13077,56,Female,Rajshahi,Samsung S23 Ultra,Unlimited Data Max,30,10,Prepaid,0,16.0,4G
CUST-13078,27,Female,Rajshahi,iPhone 15 Pro,Student Special 4G,59,4,Prepaid,0,29.0,4G
CUST-13079,39,Female,Sylhet,Samsung S23 Ultra,Family Bundle,27,10,Postpaid,0,16.0,5G
CUST-13080,38,Male,Dhaka,Samsung S23 Ultra,Unlimited Data Max,64,5,Prepaid,0,20.0,5G
CUST-13081,56,Female,Dhaka,Realme 11,Postpaid Corporate,27,5,Postpaid,0,15.0,5G
CUST-13082,31,Male,Dhaka,Samsung S23 Ultra,Student Special 4G,6,8,Prepaid,0,9.0,4G
CUST-13083,29,Male,Khulna,iPhone 15 Pro,Prepaid Saver 30D,52,10,Prepaid,0,16.0,4G
CUST-13084,33,Male,Dhaka,Realme 11,Family Bundle,47,10,Postpaid,0,9.0,5G
CUST-13085,34,Female,Rajshahi,Samsung S23 Ultra,Prepaid Saver 30D,71,10,Prepaid,1,9.0,4G
CUST-13086,26,Female,Dhaka,Realme 11,Prepaid Saver 30D,8,8,Prepaid,0,9.0,4G
CUST-13087,26,Female,Chattogram,Samsung S23 Ultra,Prepaid Saver 30D,38,10,Prepaid,0,9.0,4G
CUST-13088,28,Female,Rangpur,Samsung S23 Ultra,Prepaid Saver 30D,51,10,Prepaid,0,14.0,4G
CUST-13089,39,Male,Rangpur,Samsung S23 Ultra,Prepaid Saver 30D,29,4,Prepaid,1,22.0,3G
CUST-13090,34,Male,Dhaka,Vivo Y20,Student Special 4G,19,9,Prepaid,0,9.0,5G
CUST-13091,36,Female,Mymensingh,Samsung S23 Ultra,Postpaid Corporate,21,10,Postpaid,0,23.0,4G
CUST-13092,51,Female,Dhaka,Samsung S23 Ultra,Prepaid Saver 30D,1,10,Prepaid,0,9.0,4G
CUST-13093,29,Male,Rajshahi,Vivo Y20,Prepaid Saver 30D,45,10,Prepaid,0,14.0,4G
CUST-13094,60,Male,Dhaka,Realme 11,Prepaid Saver 30D,56,10,Prepaid,0,9.0,4G
CUST-13095,53,Female,Khulna,Xiaomi Redmi Note 12,Prepaid Saver 30D,33,10,Prepaid,0,16.0,5G
CUST-13096,26,Male,Barishal,Samsung S23 Ultra,Prepaid Saver 30D,3,7,Prepaid,0,15.0,3G
CUST-13097,32,Female,Chattogram,iPhone 15 Pro,Prepaid Saver 30D,55,4,Prepaid,0,22.0,4G
CUST-13098,26,Female,Rajshahi,Xiaomi Redmi Note 12,Student Special 4G,65,7,Prepaid,0,29.0,4G
CUST-13099,30,Male,Dhaka,Xiaomi Redmi Note 12,Family Bundle,44,6,Postpaid,0,15.0,3G
CUST-13100,35,Male,Barishal,Xiaomi Redmi Note 12,Prepaid Saver 30D,7,10,Prepaid,1,23.0,4G
CUST-13101,24,Female,Chattogram,Samsung S23 Ultra,Postpaid Corporate,30,7,Postpaid,0,15.0,4G
CUST-13102,18,Male,Dhaka,Vivo Y20,Family Bundle,41,7,Postpaid,1,15.0,3G
CUST-13103,38,Male,Rajshahi,Realme 11,Unlimited Data Max,68,10,Prepaid,0,9.0,4G
CUST-13104,50,Male,Dhaka,iPhone 15 Pro,Unlimited Data Max,36,5,Prepaid,0,22.0,3G
CUST-13105,32,Female,Rajshahi,Vivo Y20,Unlimited Data Max,1,10,Prepaid,0,9.0,4G
CUST-13106,58,Female,Rangpur,iPhone 15 Pro,Prepaid Saver 30D,51,7,Prepaid,0,15.0,4G
CUST-13107,35,Male,Dhaka,Samsung S23 Ultra,Prepaid Saver 30D,49,10,Prepaid,0,9.0,3G
CUST-13108,60,Female,Rajshahi,Vivo Y20,Prepaid Saver 30D,17,10,Prepaid,0,9.0,4G
CUST-13109,29,Male,Chattogram,Samsung S23 Ultra,Prepaid Saver 30D,30,8,Prepaid,0,16.0,4G
CUST-13110,43,Male,Dhaka,Samsung S23 Ultra,Unlimited Data Max,4,10,Prepaid,1,23.0,4G
CUST-13111,53,Male,Chattogram,Realme 11,Prepaid Saver 30D,9,10,Prepaid,0,9.0,5G
CUST-13112,20,Male,Barishal,iPhone 15 Pro,Unlimited Data Max,23,10,Prepaid,1,16.0,4G
CUST-13113,61,Female,Chattogram,Samsung S23 Ultra,Prepaid Saver 30D,7,10,Prepaid,0,9.0,3G
CUST-13114,35,Female,Chattogram,Samsung S23 Ultra,Prepaid Saver 30D,20,10,Prepaid,0,30.0,4G
CUST-13115,41,Male,Rangpur,Samsung S23 Ultra,Unlimited Data Max,47,4,Prepaid,0,22.0,5G
CUST-13116,47,Female,Khulna,Vivo Y20,Unlimited Data Max,28,10,Prepaid,0,9.0,5G
CUST-13117,48,Female,Sylhet,Realme 11,Postpaid Corporate,11,6,Postpaid,0,22.0,4G
CUST-13118,19,Female,Khulna,Vivo Y20,Unlimited Data Max,45,9,Prepaid,0,16.0,4G
CUST-13119,58,Male,Khulna,Realme 11,Postpaid Corporate,61,10,Postpaid,0,16.0,5G
CUST-13120,47,Male,Chattogram,Xiaomi Redmi Note 12,Student Special 4G,42,5,Prepaid,0,15.0,5G
CUST-13121,64,Male,Khulna,iPhone 15 Pro,Prepaid Saver 30D,23,10,Prepaid,0,9.0,4G
CUST-13122,40,Male,Dhaka,Vivo Y20,Unlimited Data Max,58,9,Prepaid,0,16.0,4G
CUST-13123,46,Male,Sylhet,Vivo Y20,Postpaid Corporate,25,6,Postpaid,0,15.0,4G
CUST-13124,38,Male,Sylhet,Xiaomi Redmi Note 12,Unlimited Data Max,2,10,Prepaid,0,9.0,4G
CUST-13125,59,Male,Chattogram,Samsung S23 Ultra,Student Special 4G,47,10,Prepaid,1,14.0,4G
CUST-13126,57,Female,Khulna,Realme 11,Student Special 4G,52,4,Prepaid,0,29.0,3G
CUST-13127,60,Female,Mymensingh,iPhone 15 Pro,Prepaid Saver 30D,16,7,Prepaid,0,22.0,4G
CUST-13128,41,Female,Khulna,iPhone 15 Pro,Prepaid Saver 30D,27,4,Prepaid,0,22.0,5G
CUST-13129,55,Male,Chattogram,Realme 11,Postpaid Corporate,1,10,Postpaid,0,9.0,5G
CUST-13130,34,Female,Mymensingh,Vivo Y20,Prepaid Saver 30D,34,10,Prepaid,1,14.0,4G
CUST-13131,39,Female,Rajshahi,Realme 11,Unlimited Data Max,32,10,Prepaid,0,9.0,3G
CUST-13132,53,Female,Dhaka,Samsung S23 Ultra,Student Special 4G,19,7,Prepaid,0,15.0,4G
CUST-13133,21,Female,Dhaka,Realme 11,Prepaid Saver 30D,38,6,Prepaid,0,15.0,3G
CUST-13134,51,Female,Chattogram,Vivo Y20,Student Special 4G,49,7,Prepaid,0,22.0,4G
CUST-13135,18,Female,Sylhet,Realme 11,Student Special 4G,32,4,Prepaid,0,15.0,4G
CUST-13136,45,Female,Chattogram,iPhone 15 Pro,Prepaid Saver 30D,57,7,Prepaid,0,22.0,5G
CUST-13137,40,Female,Chattogram,Realme 11,Prepaid Saver 30D,33,10,Prepaid,0,9.0,4G
CUST-13138,40,Female,Dhaka,iPhone 15 Pro,Prepaid Saver 30D,30,4,Prepaid,1,15.0,4G
CUST-13139,41,Female,Rangpur,Vivo Y20,Student Special 4G,48,10,Prepaid,0,9.0,4G
CUST-13140,41,Male,Mymensingh,Vivo Y20,Unlimited Data Max,13,10,Prepaid,0,14.0,5G
CUST-13141,37,Female,Barishal,Xiaomi Redmi Note 12,Prepaid Saver 30D,61,7,Prepaid,0,15.0,4G
CUST-13142,39,Male,Chattogram,Samsung S23 Ultra,Postpaid Corporate,43,10,Postpaid,0,16.0,3G
CUST-13143,44,Female,Rajshahi,Xiaomi Redmi Note 12,Unlimited Data Max,26,8,Prepaid,0,9.0,5G
CUST-13144,53,Female,Dhaka,Samsung S23 Ultra,Unlimited Data Max,17,10,Prepaid,1,16.0,4G
CUST-13145,43,Female,Barishal,Realme 11,Student Special 4G,57,9,Prepaid,0,21.0,4G
CUST-13146,48,Male,Sylhet,Realme 11,Prepaid Saver 30D,1,9,Prepaid,0,23.0,3G
CUST-13147,57,Female,Chattogram,iPhone 15 Pro,Prepaid Saver 30D,5,10,Prepaid,0,14.0,5G
CUST-13148,64,Male,Dhaka,Vivo Y20,Unlimited Data Max,44,6,Prepaid,0,22.0,4G
CUST-13149,23,Male,Chattogram,Realme 11,Prepaid Saver 30D,35,10,Prepaid,0,14.0,3G
CUST-13150,51,Male,Rajshahi,Vivo Y20,Prepaid Saver 30D,13,10,Prepaid,0,9.0,5G
CUST-13151,28,Female,Rajshahi,iPhone 15 Pro,Prepaid Saver 30D,27,6,Prepaid,0,15.0,5G
CUST-13152,27,Male,Dhaka,Samsung S23 Ultra,Family Bundle,56,10,Postpaid,0,9.0,4G
CUST-13153,55,Male,Mymensingh,Xiaomi Redmi Note 12,Unlimited Data Max,34,6,Prepaid,0,15.0,3G
CUST-13154,21,Female,Rangpur,iPhone 15 Pro,Prepaid Saver 30D,38,10,Prepaid,1,9.0,4G
CUST-13155,57,Female,Rajshahi,Realme 11,Student Special 4G,7,7,Prepaid,0,22.0,4G
CUST-13156,54,Male,Dhaka,Xiaomi Redmi Note 12,Unlimited Data Max,52,10,Prepaid,0,9.0,5G
CUST-13157,64,Female,Dhaka,Realme 11,Family Bundle,10,5,Postpaid,0,22.0,5G
CUST-13158,49,Male,Rangpur,Samsung S23 Ultra,Prepaid Saver 30D,17,10,Prepaid,0,9.0,4G
CUST-13159,59,Female,Barishal,Samsung S23 Ultra,Unlimited Data Max,21,5,Prepaid,0,15.0,5G
CUST-13160,23,Male,Barishal,Vivo Y20,Unlimited Data Max,31,7,Prepaid,0,22.0,5G
CUST-13161,59,Female,Chattogram,Xiaomi Redmi Note 12,Prepaid Saver 30D,20,10,Prepaid,0,16.0,4G
CUST-13162,25,Female,Rangpur,Samsung S23 Ultra,Family Bundle,58,4,Postpaid,0,15.0,5G
CUST-13163,32,Female,Chattogram,Vivo Y20,Family Bundle,28,10,Postpaid,0,16.0,5G
CUST-13164,24,Female,Dhaka,Samsung S23 Ultra,Prepaid Saver 30D,3,8,Prepaid,0,16.0,4G
CUST-13165,36,Female,Khulna,Vivo Y20,Unlimited Data Max,33,6,Prepaid,0,15.0,4G
CUST-13166,53,Male,Chattogram,iPhone 15 Pro,Prepaid Saver 30D,9,10,Prepaid,1,23.0,3G
CUST-13167,30,Male,Dhaka,Xiaomi Redmi Note 12,Prepaid Saver 30D,16,10,Prepaid,0,16.0,4G
CUST-13168,56,Male,Dhaka,iPhone 15 Pro,Unlimited Data Max,42,10,Prepaid,0,9.0,3G
CUST-13169,46,Male,Chattogram,Samsung S23 Ultra,Unlimited Data Max,44,9,Prepaid,0,9.0,4G
CUST-13170,47,Female,Sylhet,Xiaomi Redmi Note 12,Prepaid Saver 30D,48,5,Prepaid,0,15.0,4G
CUST-13171,62,Male,Chattogram,iPhone 15 Pro,Prepaid Saver 30D,27,10,Prepaid,0,23.0,5G
CUST-13172,38,Female,Rangpur,Xiaomi Redmi Note 12,Postpaid Corporate,60,10,Postpaid,0,9.0,4G
CUST-13173,34,Male,Dhaka,Xiaomi Redmi Note 12,Prepaid Saver 30D,5,10,Prepaid,0,9.0,3G
CUST-13174,64,Male,Chattogram,Realme 11,Unlimited Data Max,27,10,Prepaid,0,16.0,4G
CUST-13175,44,Female,Chattogram,Samsung S23 Ultra,Unlimited Data Max,18,7,Prepaid,0,22.0,4G
CUST-13176,46,Female,Dhaka,iPhone 15 Pro,Postpaid Corporate,3,8,Postpaid,0,16.0,4G
CUST-13177,31,Female,Dhaka,Vivo Y20,Postpaid Corporate,40,10,Postpaid,0,9.0,4G
CUST-13178,28,Male,Chattogram,Vivo Y20,Unlimited Data Max,5,10,Prepaid,0,16.0,4G
CUST-13179,25,Female,Sylhet,Xiaomi Redmi Note 12,Student Special 4G,44,7,Prepaid,0,15.0,4G
CUST-13180,28,Female,Dhaka,iPhone 15 Pro,Postpaid Corporate,61,6,Postpaid,0,22.0,5G
CUST-13181,27,Male,Sylhet,Xiaomi Redmi Note 12,Unlimited Data Max,57,10,Prepaid,0,9.0,4G
CUST-13182,53,Female,Chattogram,Realme 11,Prepaid Saver 30D,49,10,Prepaid,0,14.0,4G
CUST-13183,20,Female,Chattogram,iPhone 15 Pro,Family Bundle,18,6,Postpaid,0,15.0,4G
CUST-13184,47,Male,Khulna,Vivo Y20,Prepaid Saver 30D,47,4,Prepaid,1,22.0,4G
CUST-13185,62,Male,Dhaka,Samsung S23 Ultra,Unlimited Data Max,40,10,Prepaid,1,9.0,4G
CUST-13186,53,Male,Chattogram,Realme 11,Prepaid Saver 30D,36,4,Prepaid,0,20.0,5G
CUST-13187,36,Female,Chattogram,Xiaomi Redmi Note 12,Unlimited Data Max,34,5,Prepaid,0,15.0,5G
CUST-13188,20,Female,Chattogram,Xiaomi Redmi Note 12,Student Special 4G,11,9,Prepaid,0,16.0,5G
CUST-13189,57,Female,Rajshahi,Xiaomi Redmi Note 12,Student Special 4G,61,7,Prepaid,0,15.0,5G
CUST-13190,18,Female,Dhaka,Samsung S23 Ultra,Student Special 4G,60,4,Prepaid,0,27.0,4G
CUST-13191,50,Male,Sylhet,iPhone 15 Pro,Postpaid Corporate,52,7,Postpaid,0,15.0,4G
CUST-13192,49,Female,Chattogram,iPhone 15 Pro,Postpaid Corporate,39,10,Postpaid,0,21.0,3G
CUST-13193,27,Male,Dhaka,Realme 11,Prepaid Saver 30D,10,10,Prepaid,0,9.0,5G
CUST-13194,52,Female,Dhaka,Xiaomi Redmi Note 12,Student Special 4G,46,10,Prepaid,0,16.0,4G
CUST-13195,26,Male,Dhaka,Xiaomi Redmi Note 12,Unlimited Data Max,69,6,Prepaid,0,15.0,4G
CUST-13196,28,Male,Rangpur,Xiaomi Redmi Note 12,Prepaid Saver 30D,10,10,Prepaid,0,14.0,5G
CUST-13197,56,Male,Rangpur,Xiaomi Redmi Note 12,Family Bundle,26,7,Postpaid,0,41.0,5G
CUST-13198,64,Male,Barishal,Samsung S23 Ultra,Family Bundle,65,10,Postpaid,0,9.0,4G
CUST-13199,30,Male,Dhaka,Vivo Y20,Prepaid Saver 30D,68,4,Prepaid,1,15.0,4G
CUST-13200,61,Female,Rangpur,Vivo Y20,Prepaid Saver 30D,32,8,Prepaid,0,9.0,5G
CUST-13201,60,Male,Barishal,iPhone 15 Pro,Unlimited Data Max,21,7,Prepaid,0,15.0,4G
CUST-13202,54,Female,Khulna,Realme 11,Postpaid Corporate,21,10,Postpaid,0,14.0,4G
CUST-13203,24,Male,Dhaka,iPhone 15 Pro,Unlimited Data Max,34,6,Prepaid,0,15.0,4G
CUST-13204,32,Female,Dhaka,Samsung S23 Ultra,Prepaid Saver 30D,23,6,Prepaid,0,15.0,4G
CUST-13205,49,Male,Dhaka,Vivo Y20,Prepaid Saver 30D,40,9,Prepaid,0,9.0,5G
CUST-13206,64,Male,Dhaka,iPhone 15 Pro,Student Special 4G,6,10,Prepaid,0,14.0,3G
CUST-13207,56,Male,Rangpur,iPhone 15 Pro,Family Bundle,5,8,Postpaid,0,9.0,4G
CUST-13208,37,Female,Khulna,Xiaomi Redmi Note 12,Family Bundle,1,10,Postpaid,0,9.0,4G
CUST-13209,29,Female,Rangpur,Xiaomi Redmi Note 12,Student Special 4G,51,10,Prepaid,0,9.0,3G
CUST-13210,63,Male,Rajshahi,iPhone 15 Pro,Prepaid Saver 30D,66,10,Prepaid,0,9.0,4G
CUST-13211,30,Male,Dhaka,Vivo Y20,Unlimited Data Max,8,9,Prepaid,0,9.0,4G
CUST-13212,34,Female,Dhaka,iPhone 15 Pro,Prepaid Saver 30D,65,9,Prepaid,0,16.0,4G
CUST-13213,63,Female,Dhaka,Xiaomi Redmi Note 12,Prepaid Saver 30D,12,4,Prepaid,0,22.0,5G
CUST-13214,44,Male,Rangpur,Realme 11,Postpaid Corporate,4,8,Postpaid,1,23.0,4G
CUST-13215,30,Male,Chattogram,Vivo Y20,Prepaid Saver 30D,21,10,Prepaid,0,9.0,4G
CUST-13216,18,Female,Sylhet,Xiaomi Redmi Note 12,Student Special 4G,21,10,Prepaid,0,9.0,4G
CUST-13217,38,Male,Khulna,Xiaomi Redmi Note 12,Prepaid Saver 30D,69,4,Prepaid,0,15.0,3G
CUST-13218,64,Male,Khulna,Vivo Y20,Prepaid Saver 30D,8,5,Prepaid,0,15.0,4G
CUST-13219,38,Male,Dhaka,Xiaomi Redmi Note 12,Student Special 4G,70,10,Prepaid,0,16.0,4G
CUST-13220,50,Male,Khulna,iPhone 15 Pro,Prepaid Saver 30D,62,10,Prepaid,0,14.0,5G
CUST-13221,29,Female,Mymensingh,Samsung S23 Ultra,Prepaid Saver 30D,35,8,Prepaid,0,9.0,5G
CUST-13222,54,Male,Mymensingh,iPhone 15 Pro,Postpaid Corporate,48,10,Postpaid,0,9.0,4G
CUST-13223,54,Male,Chattogram,Samsung S23 Ultra,Prepaid Saver 30D,38,4,Prepaid,0,27.0,4G
CUST-13224,46,Male,Khulna,iPhone 15 Pro,Unlimited Data Max,65,10,Prepaid,1,9.0,4G
CUST-13225,54,Female,Dhaka,Xiaomi Redmi Note 12,Prepaid Saver 30D,16,10,Prepaid,0,14.0,3G
CUST-13226,45,Male,Mymensingh,Xiaomi Redmi Note 12,Family Bundle,68,8,Postpaid,0,9.0,4G
CUST-13227,35,Male,Khulna,Samsung S23 Ultra,Unlimited Data Max,30,8,Prepaid,0,9.0,4G
CUST-13228,52,Male,Chattogram,Xiaomi Redmi Note 12,Prepaid Saver 30D,67,6,Prepaid,0,20.0,5G
CUST-13229,57,Female,Rajshahi,Xiaomi Redmi Note 12,Prepaid Saver 30D,70,10,Prepaid,0,9.0,4G
CUST-13230,57,Female,Dhaka,Samsung S23 Ultra,Prepaid Saver 30D,61,10,Prepaid,0,9.0,4G
CUST-13231,28,Male,Khulna,iPhone 15 Pro,Family Bundle,57,8,Postpaid,0,9.0,4G
CUST-13232,49,Male,Mymensingh,Realme 11,Prepaid Saver 30D,31,6,Prepaid,0,15.0,5G
CUST-13233,18,Male,Mymensingh,Samsung S23 Ultra,Student Special 4G,50,8,Prepaid,0,9.0,3G
CUST-13234,44,Male,Rajshahi,iPhone 15 Pro,Student Special 4G,18,8,Prepaid,0,16.0,3G
CUST-13235,44,Female,Chattogram,Xiaomi Redmi Note 12,Prepaid Saver 30D,20,7,Prepaid,0,15.0,3G
CUST-13236,35,Female,Chattogram,Samsung S23 Ultra,Student Special 4G,53,10,Prepaid,0,9.0,4G
CUST-13237,64,Male,Mymensingh,Realme 11,Family Bundle,55,7,Postpaid,0,15.0,4G
CUST-13238,59,Male,Chattogram,Realme 11,Family Bundle,19,5,Postpaid,0,15.0,4G
CUST-13239,19,Male,Chattogram,iPhone 15 Pro,Postpaid Corporate,69,10,Postpaid,0,23.0,4G
CUST-13240,27,Female,Chattogram,iPhone 15 Pro,Unlimited Data Max,49,10,Prepaid,0,16.0,4G
CUST-13241,27,Female,Dhaka,Realme 11,Unlimited Data Max,71,4,Prepaid,0,15.0,4G
CUST-13242,60,Male,Sylhet,iPhone 15 Pro,Prepaid Saver 30D,34,10,Prepaid,0,14.0,4G
CUST-13243,42,Male,Chattogram,Samsung S23 Ultra,Postpaid Corporate,43,8,Postpaid,1,23.0,5G
CUST-13244,52,Male,Dhaka,Samsung S23 Ultra,Prepaid Saver 30D,47,10,Prepaid,0,21.0,4G
CUST-13245,56,Male,Sylhet,Samsung S23 Ultra,Postpaid Corporate,12,6,Postpaid,1,29.0,4G
CUST-13246,54,Male,Sylhet,Vivo Y20,Student Special 4G,20,5,Prepaid,0,15.0,4G
CUST-13247,22,Male,Chattogram,Vivo Y20,Unlimited Data Max,69,9,Prepaid,0,16.0,5G
CUST-13248,24,Female,Rangpur,Xiaomi Redmi Note 12,Family Bundle,48,4,Postpaid,0,15.0,4G
CUST-13249,36,Male,Chattogram,Vivo Y20,Unlimited Data Max,39,6,Prepaid,0,15.0,3G
CUST-13250,33,Male,Rajshahi,Realme 11,Prepaid Saver 30D,1,4,Prepaid,0,22.0,3G
CUST-13251,53,Female,Barishal,Xiaomi Redmi Note 12,Student Special 4G,3,7,Prepaid,0,15.0,4G
CUST-13252,25,Female,Dhaka,Realme 11,Unlimited Data Max,40,10,Prepaid,0,9.0,4G
CUST-13253,35,Female,Chattogram,Xiaomi Redmi Note 12,Unlimited Data Max,6,9,Prepaid,0,16.0,3G
CUST-13254,29,Female,Mymensingh,Vivo Y20,Family Bundle,11,10,Postpaid,0,9.0,4G
CUST-13255,26,Female,Barishal,Vivo Y20,Family Bundle,41,10,Postpaid,0,16.0,4G
CUST-13256,26,Male,Dhaka,Vivo Y20,Student Special 4G,69,5,Prepaid,1,22.0,5G
CUST-13257,27,Male,Mymensingh,Xiaomi Redmi Note 12,Unlimited Data Max,60,10,Prepaid,0,9.0,5G
CUST-13258,44,Male,Barishal,Xiaomi Redmi Note 12,Prepaid Saver 30D,34,5,Prepaid,1,22.0,4G
CUST-13259,37,Female,Rangpur,Samsung S23 Ultra,Unlimited Data Max,67,6,Prepaid,0,15.0,4G
CUST-13260,38,Female,Dhaka,Realme 11,Unlimited Data Max,44,10,Prepaid,1,16.0,4G
CUST-13261,40,Female,Chattogram,Samsung S23 Ultra,Family Bundle,68,8,Postpaid,0,9.0,4G
CUST-13262,52,Female,Chattogram,Xiaomi Redmi Note 12,Unlimited Data Max,17,6,Prepaid,0,15.0,5G
CUST-13263,58,Male,Dhaka,Samsung S23 Ultra,Postpaid Corporate,42,7,Postpaid,0,22.0,5G
CUST-13264,42,Female,Chattogram,Xiaomi Redmi Note 12,Unlimited Data Max,66,8,Prepaid,0,16.0,3G
CUST-13265,48,Female,Dhaka,Realme 11,Prepaid Saver 30D,70,10,Prepaid,0,16.0,4G
CUST-13266,52,Female,Mymensingh,iPhone 15 Pro,Unlimited Data Max,62,10,Prepaid,0,9.0,4G
CUST-13267,50,Female,Dhaka,Realme 11,Unlimited Data Max,11,7,Prepaid,0,15.0,4G
CUST-13268,24,Male,Dhaka,iPhone 15 Pro,Unlimited Data Max,44,7,Prepaid,0,27.0,4G
CUST-13269,64,Female,Rajshahi,iPhone 15 Pro,Family Bundle,7,4,Postpaid,1,27.0,4G
CUST-13270,25,Male,Dhaka,Samsung S23 Ultra,Postpaid Corporate,28,10,Postpaid,0,14.0,4G
CUST-13271,37,Male,Khulna,Samsung S23 Ultra,Postpaid Corporate,3,10,Postpaid,1,16.0,4G
CUST-13272,48,Male,Rangpur,iPhone 15 Pro,Prepaid Saver 30D,54,6,Prepaid,1,27.0,5G
CUST-13273,36,Male,Chattogram,Samsung S23 Ultra,Postpaid Corporate,55,4,Postpaid,1,27.0,4G
CUST-13274,29,Female,Khulna,Vivo Y20,Postpaid Corporate,7,10,Postpaid,0,23.0,4G
CUST-13275,61,Female,Sylhet,Realme 11,Prepaid Saver 30D,66,4,Prepaid,0,15.0,5G
CUST-13276,21,Male,Dhaka,iPhone 15 Pro,Postpaid Corporate,60,5,Postpaid,0,20.0,5G
CUST-13277,29,Female,Sylhet,Vivo Y20,Student Special 4G,60,10,Prepaid,1,9.0,4G
CUST-13278,64,Male,Dhaka,iPhone 15 Pro,Family Bundle,32,7,Postpaid,0,22.0,3G
CUST-13279,52,Male,Khulna,Xiaomi Redmi Note 12,Family Bundle,67,10,Postpaid,0,16.0,4G
CUST-13280,22,Female,Dhaka,Realme 11,Prepaid Saver 30D,70,9,Prepaid,0,9.0,4G
CUST-13281,53,Male,Barishal,Realme 11,Unlimited Data Max,39,9,Prepaid,0,16.0,4G
CUST-13282,63,Female,Sylhet,Samsung S23 Ultra,Unlimited Data Max,27,10,Prepaid,0,16.0,5G
CUST-13283,22,Female,Chattogram,iPhone 15 Pro,Unlimited Data Max,55,4,Prepaid,0,22.0,5G
CUST-13284,37,Female,Sylhet,iPhone 15 Pro,Prepaid Saver 30D,4,7,Prepaid,0,20.0,4G
CUST-13285,40,Male,Mymensingh,Xiaomi Redmi Note 12,Prepaid Saver 30D,24,7,Prepaid,0,22.0,4G
CUST-13286,24,Female,Rangpur,Vivo Y20,Postpaid Corporate,1,10,Postpaid,0,9.0,4G
CUST-13287,27,Male,Sylhet,Xiaomi Redmi Note 12,Prepaid Saver 30D,55,7,Prepaid,0,20.0,4G
CUST-13288,26,Female,Khulna,Xiaomi Redmi Note 12,Postpaid Corporate,4,10,Postpaid,0,16.0,4G
CUST-13289,26,Female,Sylhet,Samsung S23 Ultra,Family Bundle,54,10,Postpaid,0,21.0,4G
CUST-13290,36,Male,Rajshahi,Xiaomi Redmi Note 12,Unlimited Data Max,41,10,Prepaid,0,9.0,4G
CUST-13291,39,Male,Dhaka,Xiaomi Redmi Note 12,Unlimited Data Max,31,10,Prepaid,0,9.0,4G
CUST-13292,29,Male,Mymensingh,Realme 11,Postpaid Corporate,45,10,Postpaid,1,30.0,5G
CUST-13293,31,Male,Chattogram,Vivo Y20,Prepaid Saver 30D,4,7,Prepaid,0,15.0,4G
CUST-13294,27,Male,Barishal,Xiaomi Redmi Note 12,Prepaid Saver 30D,58,10,Prepaid,0,9.0,4G
CUST-13295,55,Male,Dhaka,Samsung S23 Ultra,Student Special 4G,19,8,Prepaid,0,9.0,4G
CUST-13296,27,Female,Dhaka,Vivo Y20,Unlimited Data Max,60,7,Prepaid,0,20.0,5G
CUST-13297,60,Female,Chattogram,Xiaomi Redmi Note 12,Prepaid Saver 30D,63,6,Prepaid,1,15.0,3G
CUST-13298,43,Male,Dhaka,Xiaomi Redmi Note 12,Family Bundle,40,10,Postpaid,0,16.0,5G
CUST-13299,55,Male,Mymensingh,Vivo Y20,Prepaid Saver 30D,42,10,Prepaid,0,16.0,4G
CUST-13300,47,Female,Mymensingh,Xiaomi Redmi Note 12,Prepaid Saver 30D,66,4,Prepaid,0,15.0,5G
CUST-13301,30,Female,Rangpur,Realme 11,Unlimited Data Max,29,7,Prepaid,0,15.0,3G
CUST-13302,46,Female,Sylhet,Vivo Y20,Prepaid Saver 30D,29,9,Prepaid,0,23.0,4G
CUST-13303,30,Female,Rangpur,Xiaomi Redmi Note 12,Unlimited Data Max,68,10,Prepaid,0,14.0,4G
CUST-13304,23,Female,Khulna,Vivo Y20,Prepaid Saver 30D,29,7,Prepaid,0,15.0,3G
CUST-13305,29,Female,Chattogram,Samsung S23 Ultra,Prepaid Saver 30D,27,10,Prepaid,0,9.0,5G
CUST-13306,30,Female,Sylhet,Vivo Y20,Family Bundle,1,6,Postpaid,1,22.0,5G
CUST-13307,24,Female,Chattogram,Vivo Y20,Postpaid Corporate,24,5,Postpaid,0,22.0,4G
CUST-13308,19,Male,Chattogram,Samsung S23 Ultra,Unlimited Data Max,18,4,Prepaid,0,20.0,3G
CUST-13309,62,Female,Dhaka,Samsung S23 Ultra,Student Special 4G,55,10,Prepaid,0,14.0,4G
CUST-13310,42,Female,Khulna,Samsung S23 Ultra,Prepaid Saver 30D,36,10,Prepaid,0,9.0,4G
CUST-13311,36,Male,Mymensingh,iPhone 15 Pro,Postpaid Corporate,26,10,Postpaid,0,16.0,5G
CUST-13312,61,Male,Barishal,Vivo Y20,Prepaid Saver 30D,67,9,Prepaid,0,9.0,4G
CUST-13313,28,Female,Rajshahi,Samsung S23 Ultra,Student Special 4G,32,9,Prepaid,0,23.0,5G
CUST-13314,36,Female,Chattogram,Samsung S23 Ultra,Family Bundle,30,6,Postpaid,1,22.0,4G
CUST-13315,57,Female,Dhaka,Xiaomi Redmi Note 12,Unlimited Data Max,52,4,Prepaid,0,20.0,4G
CUST-13316,47,Female,Dhaka,iPhone 15 Pro,Prepaid Saver 30D,19,10,Prepaid,0,16.0,3G
CUST-13317,36,Female,Dhaka,Realme 11,Prepaid Saver 30D,31,5,Prepaid,0,15.0,4G
CUST-13318,30,Male,Rajshahi,Realme 11,Prepaid Saver 30D,51,10,Prepaid,1,23.0,3G
CUST-13319,19,Male,Barishal,Vivo Y20,Prepaid Saver 30D,23,4,Prepaid,0,22.0,3G
CUST-13320,21,Male,Chattogram,Xiaomi Redmi Note 12,Postpaid Corporate,31,10,Postpaid,0,9.0,4G
CUST-13321,25,Male,Barishal,Xiaomi Redmi Note 12,Prepaid Saver 30D,2,8,Prepaid,0,16.0,5G
CUST-13322,54,Female,Rajshahi,Samsung S23 Ultra,Unlimited Data Max,57,6,Prepaid,0,22.0,3G
CUST-13323,48,Female,Sylhet,Vivo Y20,Student Special 4G,62,6,Prepaid,0,15.0,4G
CUST-13324,38,Male,Mymensingh,iPhone 15 Pro,Postpaid Corporate,48,10,Postpaid,0,9.0,4G
CUST-13325,54,Male,Khulna,Xiaomi Redmi Note 12,Prepaid Saver 30D,38,10,Prepaid,0,9.0,4G
CUST-13326,25,Female,Rangpur,Vivo Y20,Family Bundle,64,8,Postpaid,0,9.0,4G
CUST-13327,27,Female,Dhaka,Realme 11,Student Special 4G,61,8,Prepaid,1,9.0,4G
CUST-13328,36,Female,Chattogram,Realme 11,Family Bundle,34,10,Postpaid,1,16.0,5G
CUST-13329,61,Male,Dhaka,Samsung S23 Ultra,Prepaid Saver 30D,44,8,Prepaid,0,21.0,4G
CUST-13330,46,Female,Dhaka,Realme 11,Unlimited Data Max,67,7,Prepaid,0,15.0,5G
CUST-13331,57,Female,Dhaka,Samsung S23 Ultra,Unlimited Data Max,15,10,Prepaid,0,14.0,5G
CUST-13332,29,Female,Dhaka,Realme 11,Family Bundle,56,10,Postpaid,0,16.0,4G
CUST-13333,57,Female,Dhaka,Xiaomi Redmi Note 12,Student Special 4G,26,9,Prepaid,0,9.0,4G
CUST-13334,21,Female,Dhaka,Xiaomi Redmi Note 12,Postpaid Corporate,7,4,Postpaid,0,15.0,5G
CUST-13335,28,Male,Dhaka,Realme 11,Prepaid Saver 30D,30,7,Prepaid,0,22.0,4G
CUST-13336,42,Male,Chattogram,Realme 11,Prepaid Saver 30D,37,10,Prepaid,0,9.0,5G
CUST-13337,20,Male,Rangpur,iPhone 15 Pro,Postpaid Corporate,53,10,Postpaid,0,16.0,4G
CUST-13338,58,Female,Mymensingh,iPhone 15 Pro,Unlimited Data Max,11,10,Prepaid,1,9.0,4G
CUST-13339,58,Female,Barishal,Xiaomi Redmi Note 12,Prepaid Saver 30D,39,8,Prepaid,0,9.0,5G
CUST-13340,43,Male,Chattogram,Samsung S23 Ultra,Postpaid Corporate,47,10,Postpaid,0,16.0,5G
CUST-13341,32,Male,Chattogram,iPhone 15 Pro,Student Special 4G,46,9,Prepaid,0,21.0,4G
CUST-13342,22,Male,Chattogram,Samsung S23 Ultra,Prepaid Saver 30D,60,4,Prepaid,0,15.0,5G
CUST-13343,47,Male,Barishal,Xiaomi Redmi Note 12,Postpaid Corporate,54,7,Postpaid,0,20.0,3G
CUST-13344,43,Female,Chattogram,iPhone 15 Pro,Unlimited Data Max,34,7,Prepaid,1,15.0,4G
CUST-13345,53,Female,Rangpur,iPhone 15 Pro,Unlimited Data Max,20,10,Prepaid,0,16.0,3G
CUST-13346,46,Male,Rangpur,Vivo Y20,Unlimited Data Max,63,6,Prepaid,0,22.0,5G
CUST-13347,24,Male,Rajshahi,Samsung S23 Ultra,Prepaid Saver 30D,63,10,Prepaid,0,9.0,5G
CUST-13348,23,Female,Khulna,Samsung S23 Ultra,Prepaid Saver 30D,10,6,Prepaid,1,15.0,4G
CUST-13349,54,Female,Rajshahi,iPhone 15 Pro,Prepaid Saver 30D,33,10,Prepaid,1,16.0,5G
CUST-13350,25,Male,Rajshahi,Samsung S23 Ultra,Prepaid Saver 30D,54,7,Prepaid,0,22.0,3G
CUST-13351,62,Male,Rangpur,Vivo Y20,Prepaid Saver 30D,47,6,Prepaid,0,22.0,4G
CUST-13352,22,Male,Rajshahi,Vivo Y20,Prepaid Saver 30D,63,10,Prepaid,0,16.0,4G
CUST-13353,52,Male,Rajshahi,Vivo Y20,Student Special 4G,16,10,Prepaid,0,16.0,5G
CUST-13354,63,Female,Rajshahi,Realme 11,Unlimited Data Max,67,10,Prepaid,0,9.0,4G
CUST-13355,38,Female,Khulna,Samsung S23 Ultra,Prepaid Saver 30D,17,9,Prepaid,0,21.0,4G
CUST-13356,20,Female,Chattogram,Xiaomi Redmi Note 12,Unlimited Data Max,7,10,Prepaid,0,9.0,3G
CUST-13357,59,Male,Chattogram,Samsung S23 Ultra,Unlimited Data Max,53,10,Prepaid,1,9.0,4G
CUST-13358,26,Male,Dhaka,iPhone 15 Pro,Postpaid Corporate,66,10,Postpaid,0,14.0,4G
CUST-13359,42,Male,Chattogram,Xiaomi Redmi Note 12,Student Special 4G,25,4,Prepaid,0,15.0,4G
CUST-13360,64,Female,Chattogram,Realme 11,Prepaid Saver 30D,12,10,Prepaid,0,9.0,3G
CUST-13361,53,Female,Barishal,iPhone 15 Pro,Prepaid Saver 30D,63,9,Prepaid,0,9.0,4G
CUST-13362,20,Male,Dhaka,iPhone 15 Pro,Unlimited Data Max,7,10,Prepaid,0,14.0,4G
CUST-13363,56,Female,Sylhet,Vivo Y20,Unlimited Data Max,48,10,Prepaid,1,16.0,4G
CUST-13364,25,Male,Dhaka,iPhone 15 Pro,Student Special 4G,9,9,Prepaid,0,16.0,4G
CUST-13365,53,Female,Chattogram,Xiaomi Redmi Note 12,Prepaid Saver 30D,48,10,Prepaid,0,9.0,3G
CUST-13366,47,Male,Dhaka,iPhone 15 Pro,Postpaid Corporate,9,10,Postpaid,0,14.0,4G
CUST-13367,31,Female,Dhaka,Vivo Y20,Student Special 4G,27,5,Prepaid,0,15.0,3G
CUST-13368,37,Female,Mymensingh,Xiaomi Redmi Note 12,Prepaid Saver 30D,34,10,Prepaid,0,9.0,5G
CUST-13369,23,Male,Mymensingh,Samsung S23 Ultra,Unlimited Data Max,65,10,Prepaid,0,21.0,4G
CUST-13370,64,Male,Barishal,Samsung S23 Ultra,Postpaid Corporate,51,5,Postpaid,0,15.0,5G
CUST-13371,29,Male,Dhaka,Vivo Y20,Postpaid Corporate,68,4,Postpaid,1,29.0,3G
CUST-13372,32,Male,Barishal,Vivo Y20,Prepaid Saver 30D,39,10,Prepaid,0,16.0,4G
CUST-13373,41,Female,Mymensingh,Realme 11,Postpaid Corporate,19,7,Postpaid,0,15.0,4G
CUST-13374,49,Female,Sylhet,Samsung S23 Ultra,Prepaid Saver 30D,31,7,Prepaid,0,22.0,5G
CUST-13375,41,Female,Rangpur,Realme 11,Prepaid Saver 30D,37,6,Prepaid,0,15.0,4G
CUST-13376,41,Male,Chattogram,Realme 11,Postpaid Corporate,41,9,Postpaid,0,9.0,5G
CUST-13377,45,Female,Rajshahi,Vivo Y20,Unlimited Data Max,65,6,Prepaid,1,22.0,4G
CUST-13378,58,Male,Rajshahi,Xiaomi Redmi Note 12,Prepaid Saver 30D,64,4,Prepaid,0,15.0,4G
CUST-13379,36,Male,Rangpur,Xiaomi Redmi Note 12,Prepaid Saver 30D,8,4,Prepaid,0,22.0,4G
CUST-13380,57,Female,Dhaka,Realme 11,Postpaid Corporate,57,6,Postpaid,0,22.0,4G
CUST-13381,54,Male,Dhaka,Samsung S23 Ultra,Student Special 4G,22,10,Prepaid,0,9.0,5G
CUST-13382,63,Female,Chattogram,Realme 11,Postpaid Corporate,42,9,Postpaid,0,16.0,4G
CUST-13383,60,Male,Barishal,Xiaomi Redmi Note 12,Postpaid Corporate,68,10,Postpaid,0,9.0,4G
CUST-13384,55,Male,Mymensingh,Samsung S23 Ultra,Prepaid Saver 30D,63,9,Prepaid,0,9.0,3G
CUST-13385,29,Female,Dhaka,Vivo Y20,Prepaid Saver 30D,35,6,Prepaid,0,15.0,4G
CUST-13386,54,Female,Chattogram,iPhone 15 Pro,Unlimited Data Max,4,10,Prepaid,1,9.0,4G
CUST-13387,52,Female,Rangpur,Vivo Y20,Prepaid Saver 30D,68,9,Prepaid,0,9.0,3G
CUST-13388,31,Male,Dhaka,iPhone 15 Pro,Postpaid Corporate,65,10,Postpaid,1,9.0,4G
CUST-13389,49,Male,Sylhet,Xiaomi Redmi Note 12,Unlimited Data Max,27,8,Prepaid,0,16.0,4G
CUST-13390,29,Male,Rajshahi,Xiaomi Redmi Note 12,Family Bundle,10,8,Postpaid,1,28.0,4G
CUST-13391,42,Male,Rangpur,Realme 11,Prepaid Saver 30D,38,10,Prepaid,0,9.0,4G
CUST-13392,55,Female,Rajshahi,Samsung S23 Ultra,Postpaid Corporate,57,7,Postpaid,0,22.0,4G
CUST-13393,26,Male,Chattogram,iPhone 15 Pro,Prepaid Saver 30D,33,10,Prepaid,0,16.0,4G
CUST-13394,33,Male,Chattogram,Samsung S23 Ultra,Postpaid Corporate,2,4,Postpaid,0,22.0,4G
CUST-13395,55,Male,Rangpur,iPhone 15 Pro,Prepaid Saver 30D,33,10,Prepaid,0,16.0,5G
CUST-13396,39,Male,Chattogram,Xiaomi Redmi Note 12,Unlimited Data Max,37,10,Prepaid,0,16.0,4G
CUST-13397,63,Female,Dhaka,Xiaomi Redmi Note 12,Family Bundle,66,10,Postpaid,0,9.0,4G
CUST-13398,18,Female,Khulna,Vivo Y20,Postpaid Corporate,58,7,Postpaid,0,15.0,5G
CUST-13399,51,Female,Chattogram,Xiaomi Redmi Note 12,Prepaid Saver 30D,50,10,Prepaid,0,16.0,4G
CUST-13400,56,Female,Chattogram,Xiaomi Redmi Note 12,Postpaid Corporate,29,10,Postpaid,0,9.0,4G
CUST-13401,61,Male,Dhaka,Samsung S23 Ultra,Prepaid Saver 30D,68,4,Prepaid,0,27.0,5G
CUST-13402,25,Male,Dhaka,Samsung S23 Ultra,Student Special 4G,17,10,Prepaid,0,9.0,4G
CUST-13403,64,Female,Mymensingh,Realme 11,Prepaid Saver 30D,24,10,Prepaid,0,16.0,4G
CUST-13404,36,Male,Chattogram,Realme 11,Student Special 4G,61,10,Prepaid,0,9.0,4G
CUST-13405,34,Female,Dhaka,Xiaomi Redmi Note 12,Prepaid Saver 30D,71,10,Prepaid,0,23.0,3G
CUST-13406,34,Male,Chattogram,Xiaomi Redmi Note 12,Student Special 4G,58,10,Prepaid,0,9.0,4G
CUST-13407,47,Male,Khulna,Xiaomi Redmi Note 12,Family Bundle,51,6,Postpaid,0,20.0,3G
CUST-13408,48,Male,Chattogram,Vivo Y20,Family Bundle,67,10,Postpaid,1,23.0,5G
CUST-13409,40,Male,Chattogram,Samsung S23 Ultra,Student Special 4G,10,6,Prepaid,0,15.0,4G
CUST-13410,21,Female,Rajshahi,Xiaomi Redmi Note 12,Postpaid Corporate,48,10,Postpaid,0,16.0,5G
CUST-13411,64,Male,Chattogram,iPhone 15 Pro,Prepaid Saver 30D,30,9,Prepaid,0,16.0,4G
CUST-13412,28,Male,Rajshahi,Samsung S23 Ultra,Unlimited Data Max,43,10,Prepaid,0,21.0,4G
CUST-13413,22,Male,Dhaka,Realme 11,Prepaid Saver 30D,18,6,Prepaid,0,27.0,4G
CUST-13414,46,Male,Chattogram,Realme 11,Prepaid Saver 30D,35,7,Prepaid,0,15.0,5G
CUST-13415,37,Female,Dhaka,Vivo Y20,Unlimited Data Max,17,10,Prepaid,0,9.0,4G
CUST-13416,46,Female,Rangpur,Samsung S23 Ultra,Postpaid Corporate,46,10,Postpaid,0,16.0,4G
CUST-13417,59,Female,Dhaka,Samsung S23 Ultra,Unlimited Data Max,66,5,Prepaid,0,15.0,4G
CUST-13418,22,Male,Chattogram,Xiaomi Redmi Note 12,Prepaid Saver 30D,5,7,Prepaid,1,22.0,5G
CUST-13419,31,Male,Khulna,Vivo Y20,Prepaid Saver 30D,69,5,Prepaid,0,15.0,4G
CUST-13420,42,Male,Dhaka,Vivo Y20,Student Special 4G,47,10,Prepaid,0,23.0,4G
CUST-13421,55,Male,Rajshahi,Realme 11,Unlimited Data Max,2,4,Prepaid,1,15.0,4G
CUST-13422,46,Female,Sylhet,Vivo Y20,Unlimited Data Max,42,4,Prepaid,0,15.0,4G
CUST-13423,35,Female,Dhaka,Vivo Y20,Prepaid Saver 30D,10,9,Prepaid,0,16.0,4G
CUST-13424,46,Female,Dhaka,iPhone 15 Pro,Prepaid Saver 30D,57,10,Prepaid,1,35.0,4G
CUST-13425,64,Male,Dhaka,Xiaomi Redmi Note 12,Unlimited Data Max,20,10,Prepaid,0,9.0,5G
CUST-13426,40,Male,Sylhet,Realme 11,Postpaid Corporate,5,10,Postpaid,0,16.0,5G
CUST-13427,59,Female,Dhaka,iPhone 15 Pro,Family Bundle,61,9,Postpaid,0,9.0,4G
CUST-13428,54,Male,Chattogram,Vivo Y20,Postpaid Corporate,39,5,Postpaid,0,15.0,3G
CUST-13429,32,Female,Sylhet,Realme 11,Unlimited Data Max,44,6,Prepaid,0,22.0,4G
CUST-13430,29,Male,Sylhet,Xiaomi Redmi Note 12,Unlimited Data Max,60,10,Prepaid,0,16.0,4G
CUST-13431,54,Female,Dhaka,Xiaomi Redmi Note 12,Prepaid Saver 30D,41,10,Prepaid,0,9.0,4G
CUST-13432,27,Female,Dhaka,Realme 11,Postpaid Corporate,57,4,Postpaid,0,15.0,4G
CUST-13433,33,Female,Mymensingh,iPhone 15 Pro,Family Bundle,43,7,Postpaid,0,27.0,4G
CUST-13434,29,Male,Rangpur,iPhone 15 Pro,Unlimited Data Max,2,5,Prepaid,0,15.0,4G
CUST-13435,46,Female,Dhaka,Xiaomi Redmi Note 12,Prepaid Saver 30D,68,5,Prepaid,0,22.0,4G
CUST-13436,31,Female,Dhaka,Samsung S23 Ultra,Family Bundle,69,7,Postpaid,0,15.0,4G
CUST-13437,48,Female,Dhaka,Xiaomi Redmi Note 12,Unlimited Data Max,20,5,Prepaid,0,29.0,4G
CUST-13438,61,Male,Dhaka,Xiaomi Redmi Note 12,Family Bundle,47,6,Postpaid,0,15.0,5G
CUST-13439,56,Male,Chattogram,Xiaomi Redmi Note 12,Prepaid Saver 30D,9,8,Prepaid,0,9.0,4G
CUST-13440,62,Female,Rajshahi,Xiaomi Redmi Note 12,Postpaid Corporate,21,10,Postpaid,0,9.0,5G
CUST-13441,19,Male,Chattogram,Vivo Y20,Prepaid Saver 30D,44,9,Prepaid,0,16.0,4G
CUST-13442,39,Male,Dhaka,iPhone 15 Pro,Student Special 4G,25,9,Prepaid,0,9.0,4G
CUST-13443,28,Male,Rangpur,Xiaomi Redmi Note 12,Family Bundle,69,10,Postpaid,0,23.0,3G
CUST-13444,61,Male,Dhaka,Realme 11,Unlimited Data Max,6,6,Prepaid,0,27.0,4G
CUST-13445,51,Male,Dhaka,iPhone 15 Pro,Postpaid Corporate,51,4,Postpaid,0,15.0,5G
CUST-13446,33,Male,Sylhet,Realme 11,Unlimited Data Max,44,4,Prepaid,0,15.0,5G
CUST-13447,44,Male,Chattogram,Vivo Y20,Prepaid Saver 30D,64,10,Prepaid,0,9.0,4G
CUST-13448,46,Male,Rangpur,iPhone 15 Pro,Prepaid Saver 30D,58,10,Prepaid,0,9.0,4G
CUST-13449,41,Male,Chattogram,iPhone 15 Pro,Postpaid Corporate,64,7,Postpaid,1,22.0,5G
CUST-13450,40,Male,Dhaka,Samsung S23 Ultra,Prepaid Saver 30D,57,10,Prepaid,0,9.0,4G
CUST-13451,20,Male,Mymensingh,Samsung S23 Ultra,Prepaid Saver 30D,16,6,Prepaid,0,15.0,4G
CUST-13452,39,Male,Dhaka,iPhone 15 Pro,Unlimited Data Max,31,7,Prepaid,0,20.0,4G
CUST-13453,34,Male,Khulna,Vivo Y20,Unlimited Data Max,49,10,Prepaid,0,14.0,4G
CUST-13454,56,Male,Chattogram,iPhone 15 Pro,Unlimited Data Max,71,10,Prepaid,0,23.0,5G
CUST-13455,58,Male,Khulna,Vivo Y20,Prepaid Saver 30D,62,10,Prepaid,0,14.0,4G
CUST-13456,53,Male,Chattogram,Vivo Y20,Student Special 4G,47,10,Prepaid,0,9.0,4G
CUST-13457,19,Female,Rajshahi,Realme 11,Prepaid Saver 30D,8,10,Prepaid,0,9.0,4G
CUST-13458,57,Male,Khulna,Vivo Y20,Family Bundle,30,4,Postpaid,0,15.0,3G
CUST-13459,36,Female,Dhaka,Xiaomi Redmi Note 12,Unlimited Data Max,47,8,Prepaid,0,14.0,3G
CUST-13460,37,Female,Barishal,Vivo Y20,Prepaid Saver 30D,55,8,Prepaid,0,9.0,4G
CUST-13461,62,Female,Dhaka,Xiaomi Redmi Note 12,Unlimited Data Max,20,5,Prepaid,0,15.0,5G
CUST-13462,58,Female,Khulna,Samsung S23 Ultra,Unlimited Data Max,34,6,Prepaid,0,15.0,4G
CUST-13463,20,Female,Dhaka,Vivo Y20,Postpaid Corporate,59,10,Postpaid,0,14.0,4G
CUST-13464,34,Female,Mymensingh,Vivo Y20,Prepaid Saver 30D,60,5,Prepaid,0,22.0,4G
CUST-13465,53,Female,Chattogram,Vivo Y20,Prepaid Saver 30D,16,8,Prepaid,0,16.0,4G
CUST-13466,43,Male,Chattogram,Xiaomi Redmi Note 12,Prepaid Saver 30D,19,8,Prepaid,0,16.0,4G
CUST-13467,30,Female,Rajshahi,Samsung S23 Ultra,Student Special 4G,27,10,Prepaid,0,9.0,3G
CUST-13468,42,Male,Chattogram,Xiaomi Redmi Note 12,Prepaid Saver 30D,46,9,Prepaid,0,14.0,4G
CUST-13469,58,Male,Chattogram,Vivo Y20,Unlimited Data Max,49,4,Prepaid,0,22.0,4G
CUST-13470,28,Female,Mymensingh,Vivo Y20,Prepaid Saver 30D,54,8,Prepaid,0,9.0,4G
CUST-13471,53,Female,Rajshahi,Realme 11,Prepaid Saver 30D,40,7,Prepaid,0,20.0,4G
CUST-13472,52,Male,Barishal,Realme 11,Family Bundle,66,5,Postpaid,0,20.0,4G
CUST-13473,59,Male,Chattogram,Samsung S23 Ultra,Unlimited Data Max,9,10,Prepaid,0,16.0,4G
CUST-13474,32,Female,Dhaka,Realme 11,Prepaid Saver 30D,38,9,Prepaid,0,21.0,4G
CUST-13475,28,Female,Khulna,Samsung S23 Ultra,Prepaid Saver 30D,16,10,Prepaid,0,16.0,5G
CUST-13476,43,Male,Dhaka,Realme 11,Family Bundle,39,10,Postpaid,0,9.0,3G
CUST-13477,42,Female,Mymensingh,Samsung S23 Ultra,Unlimited Data Max,63,10,Prepaid,0,9.0,5G
CUST-13478,37,Male,Rajshahi,Xiaomi Redmi Note 12,Student Special 4G,63,6,Prepaid,0,15.0,5G
CUST-13479,54,Male,Sylhet,Vivo Y20,Postpaid Corporate,71,10,Postpaid,0,23.0,4G
CUST-13480,55,Male,Dhaka,Samsung S23 Ultra,Prepaid Saver 30D,35,4,Prepaid,0,27.0,4G
CUST-13481,29,Female,Chattogram,Xiaomi Redmi Note 12,Student Special 4G,50,9,Prepaid,0,9.0,4G
CUST-13482,55,Male,Dhaka,Samsung S23 Ultra,Prepaid Saver 30D,34,10,Prepaid,0,9.0,4G
CUST-13483,28,Male,Chattogram,Realme 11,Unlimited Data Max,1,9,Prepaid,0,14.0,3G
CUST-13484,37,Male,Dhaka,Vivo Y20,Prepaid Saver 30D,21,6,Prepaid,0,29.0,4G
CUST-13485,19,Male,Rangpur,Samsung S23 Ultra,Prepaid Saver 30D,53,4,Prepaid,0,15.0,4G
CUST-13486,33,Female,Dhaka,Xiaomi Redmi Note 12,Prepaid Saver 30D,4,8,Prepaid,1,21.0,4G
CUST-13487,63,Male,Chattogram,Realme 11,Postpaid Corporate,46,10,Postpaid,0,16.0,5G
CUST-13488,38,Female,Dhaka,Samsung S23 Ultra,Postpaid Corporate,33,10,Postpaid,1,16.0,4G
CUST-13489,51,Male,Sylhet,Xiaomi Redmi Note 12,Student Special 4G,30,10,Prepaid,0,16.0,4G
CUST-13490,23,Male,Chattogram,Samsung S23 Ultra,Prepaid Saver 30D,53,8,Prepaid,0,9.0,4G
CUST-13491,47,Male,Rajshahi,Vivo Y20,Prepaid Saver 30D,17,10,Prepaid,0,9.0,4G
CUST-13492,35,Male,Rangpur,Xiaomi Redmi Note 12,Unlimited Data Max,19,10,Prepaid,0,16.0,4G
CUST-13493,52,Female,Dhaka,Xiaomi Redmi Note 12,Student Special 4G,12,7,Prepaid,0,15.0,4G
CUST-13494,61,Male,Khulna,Vivo Y20,Unlimited Data Max,8,6,Prepaid,1,22.0,4G
CUST-13495,42,Female,Dhaka,Realme 11,Prepaid Saver 30D,6,6,Prepaid,0,20.0,4G
CUST-13496,22,Female,Dhaka,iPhone 15 Pro,Postpaid Corporate,8,10,Postpaid,1,9.0,4G
CUST-13497,40,Male,Dhaka,Realme 11,Student Special 4G,46,10,Prepaid,0,28.0,5G
CUST-13498,23,Male,Chattogram,iPhone 15 Pro,Unlimited Data Max,22,5,Prepaid,1,15.0,3G
CUST-13499,39,Female,Mymensingh,Xiaomi Redmi Note 12,Postpaid Corporate,24,10,Postpaid,1,16.0,4G
CUST-13500,20,Male,Rangpur,Vivo Y20,Unlimited Data Max,54,4,Prepaid,0,15.0,4G
CUST-13501,48,Male,Dhaka,Vivo Y20,Student Special 4G,37,8,Prepaid,1,16.0,5G
CUST-13502,32,Male,Khulna,Vivo Y20,Postpaid Corporate,6,8,Postpaid,0,9.0,3G
CUST-13503,27,Male,Chattogram,Xiaomi Redmi Note 12,Postpaid Corporate,38,4,Postpaid,0,22.0,4G
CUST-13504,18,Male,Chattogram,Vivo Y20,Unlimited Data Max,47,10,Prepaid,0,14.0,5G
CUST-13505,59,Female,Mymensingh,Vivo Y20,Prepaid Saver 30D,44,10,Prepaid,0,9.0,4G
CUST-13506,57,Female,Chattogram,Xiaomi Redmi Note 12,Unlimited Data Max,62,6,Prepaid,0,27.0,5G
CUST-13507,56,Female,Rajshahi,Samsung S23 Ultra,Prepaid Saver 30D,43,10,Prepaid,0,9.0,4G
CUST-13508,20,Male,Dhaka,Samsung S23 Ultra,Family Bundle,58,10,Postpaid,0,14.0,4G
CUST-13509,34,Male,Rajshahi,Realme 11,Unlimited Data Max,37,10,Prepaid,1,9.0,4G
CUST-13510,63,Female,Dhaka,Vivo Y20,Prepaid Saver 30D,46,8,Prepaid,1,16.0,4G
CUST-13511,45,Male,Dhaka,Vivo Y20,Unlimited Data Max,12,10,Prepaid,0,9.0,5G
CUST-13512,24,Male,Rajshahi,iPhone 15 Pro,Prepaid Saver 30D,71,8,Prepaid,0,9.0,5G
CUST-13513,24,Female,Dhaka,Vivo Y20,Prepaid Saver 30D,2,10,Prepaid,0,14.0,4G
CUST-13514,30,Male,Chattogram,Vivo Y20,Prepaid Saver 30D,69,10,Prepaid,0,23.0,5G
CUST-13515,63,Female,Rangpur,Xiaomi Redmi Note 12,Postpaid Corporate,41,10,Postpaid,0,16.0,4G
CUST-13516,25,Male,Dhaka,iPhone 15 Pro,Family Bundle,24,7,Postpaid,0,20.0,4G
CUST-13517,60,Male,Chattogram,Xiaomi Redmi Note 12,Student Special 4G,31,10,Prepaid,0,16.0,4G
CUST-13518,49,Female,Dhaka,Realme 11,Family Bundle,6,7,Postpaid,0,15.0,5G
CUST-13519,61,Male,Khulna,Vivo Y20,Unlimited Data Max,30,8,Prepaid,0,16.0,4G
CUST-13520,56,Female,Khulna,Samsung S23 Ultra,Family Bundle,6,9,Postpaid,0,9.0,5G
CUST-13521,33,Male,Rangpur,iPhone 15 Pro,Prepaid Saver 30D,31,6,Prepaid,0,22.0,4G
CUST-13522,56,Male,Khulna,Samsung S23 Ultra,Unlimited Data Max,10,10,Prepaid,0,14.0,3G
CUST-13523,25,Female,Chattogram,Vivo Y20,Prepaid Saver 30D,9,6,Prepaid,0,15.0,4G
CUST-13524,31,Female,Dhaka,Xiaomi Redmi Note 12,Unlimited Data Max,51,5,Prepaid,0,22.0,5G
CUST-13525,27,Female,Chattogram,iPhone 15 Pro,Student Special 4G,13,10,Prepaid,0,16.0,4G
CUST-13526,24,Female,Rajshahi,iPhone 15 Pro,Unlimited Data Max,24,10,Prepaid,0,9.0,4G
CUST-13527,22,Female,Chattogram,Samsung S23 Ultra,Prepaid Saver 30D,48,6,Prepaid,1,27.0,5G
CUST-13528,26,Female,Khulna,Xiaomi Redmi Note 12,Prepaid Saver 30D,36,9,Prepaid,0,9.0,3G
CUST-13529,23,Male,Khulna,Realme 11,Unlimited Data Max,37,10,Prepaid,0,9.0,4G
CUST-13530,35,Female,Rajshahi,iPhone 15 Pro,Student Special 4G,32,7,Prepaid,0,15.0,5G
CUST-13531,21,Female,Chattogram,Xiaomi Redmi Note 12,Prepaid Saver 30D,44,8,Prepaid,0,9.0,5G
CUST-13532,20,Male,Chattogram,Realme 11,Prepaid Saver 30D,47,10,Prepaid,1,16.0,4G
CUST-13533,64,Female,Rangpur,iPhone 15 Pro,Postpaid Corporate,10,10,Postpaid,0,16.0,3G
CUST-13534,22,Male,Khulna,Realme 11,Student Special 4G,69,5,Prepaid,0,15.0,3G
CUST-13535,21,Male,Dhaka,iPhone 15 Pro,Prepaid Saver 30D,58,4,Prepaid,1,15.0,4G
CUST-13536,19,Male,Rajshahi,Xiaomi Redmi Note 12,Unlimited Data Max,31,7,Prepaid,0,15.0,4G
CUST-13537,24,Female,Rangpur,Vivo Y20,Family Bundle,27,8,Postpaid,0,16.0,4G
CUST-13538,42,Male,Dhaka,Vivo Y20,Prepaid Saver 30D,52,10,Prepaid,0,9.0,5G
CUST-13539,56,Male,Rangpur,Xiaomi Redmi Note 12,Unlimited Data Max,44,7,Prepaid,0,15.0,5G
CUST-13540,52,Male,Chattogram,iPhone 15 Pro,Unlimited Data Max,58,5,Prepaid,1,15.0,4G
CUST-13541,45,Male,Sylhet,Vivo Y20,Unlimited Data Max,34,10,Prepaid,0,23.0,3G
CUST-13542,21,Male,Chattogram,Xiaomi Redmi Note 12,Family Bundle,32,8,Postpaid,0,9.0,4G
CUST-13543,54,Female,Dhaka,iPhone 15 Pro,Family Bundle,34,4,Postpaid,0,27.0,4G
CUST-13544,19,Female,Chattogram,Xiaomi Redmi Note 12,Prepaid Saver 30D,21,9,Prepaid,0,9.0,5G
CUST-13545,47,Male,Rajshahi,Xiaomi Redmi Note 12,Postpaid Corporate,56,8,Postpaid,0,16.0,3G
CUST-13546,37,Female,Sylhet,Vivo Y20,Student Special 4G,57,9,Prepaid,0,30.0,4G
CUST-13547,59,Female,Dhaka,iPhone 15 Pro,Prepaid Saver 30D,8,10,Prepaid,0,9.0,4G
CUST-13548,32,Male,Dhaka,Samsung S23 Ultra,Postpaid Corporate,7,5,Postpaid,0,15.0,4G
CUST-13549,48,Female,Dhaka,Xiaomi Redmi Note 12,Family Bundle,6,10,Postpaid,0,9.0,4G
CUST-13550,38,Female,Chattogram,Vivo Y20,Unlimited Data Max,24,5,Prepaid,0,15.0,4G
CUST-13551,42,Male,Rajshahi,Samsung S23 Ultra,Unlimited Data Max,8,10,Prepaid,0,16.0,5G
CUST-13552,62,Female,Chattogram,Vivo Y20,Student Special 4G,41,7,Prepaid,0,15.0,4G
CUST-13553,51,Male,Sylhet,Samsung S23 Ultra,Postpaid Corporate,71,10,Postpaid,0,9.0,4G
CUST-13554,37,Male,Sylhet,Xiaomi Redmi Note 12,Unlimited Data Max,51,4,Prepaid,0,15.0,4G
CUST-13555,39,Female,Chattogram,Xiaomi Redmi Note 12,Prepaid Saver 30D,66,10,Prepaid,0,16.0,5G
CUST-13556,51,Male,Dhaka,Samsung S23 Ultra,Postpaid Corporate,11,6,Postpaid,0,20.0,5G
CUST-13557,34,Male,Sylhet,Realme 11,Prepaid Saver 30D,50,7,Prepaid,0,15.0,4G
CUST-13558,25,Female,Rangpur,Samsung S23 Ultra,Student Special 4G,52,6,Prepaid,0,15.0,4G
CUST-13559,39,Female,Rajshahi,Xiaomi Redmi Note 12,Student Special 4G,32,7,Prepaid,1,20.0,4G
CUST-13560,21,Male,Barishal,Xiaomi Redmi Note 12,Prepaid Saver 30D,53,10,Prepaid,0,23.0,5G
CUST-13561,25,Male,Chattogram,Xiaomi Redmi Note 12,Postpaid Corporate,7,4,Postpaid,1,22.0,4G
CUST-13562,37,Male,Rajshahi,Samsung S23 Ultra,Postpaid Corporate,44,10,Postpaid,0,16.0,4G
CUST-13563,55,Male,Dhaka,Xiaomi Redmi Note 12,Unlimited Data Max,59,5,Prepaid,0,22.0,5G
CUST-13564,54,Female,Mymensingh,Realme 11,Prepaid Saver 30D,28,7,Prepaid,1,15.0,5G
CUST-13565,30,Female,Rajshahi,Xiaomi Redmi Note 12,Prepaid Saver 30D,14,9,Prepaid,0,9.0,4G
CUST-13566,37,Male,Dhaka,Realme 11,Student Special 4G,1,4,Prepaid,0,15.0,5G
CUST-13567,25,Male,Chattogram,Realme 11,Student Special 4G,20,10,Prepaid,0,16.0,4G
CUST-13568,53,Female,Dhaka,Samsung S23 Ultra,Unlimited Data Max,59,10,Prepaid,0,9.0,4G
CUST-13569,29,Female,Rangpur,Vivo Y20,Student Special 4G,60,10,Prepaid,0,9.0,4G
CUST-13570,55,Male,Dhaka,Vivo Y20,Postpaid Corporate,44,10,Postpaid,0,16.0,5G
CUST-13571,57,Female,Chattogram,Vivo Y20,Unlimited Data Max,19,7,Prepaid,0,27.0,4G
CUST-13572,50,Male,Sylhet,Vivo Y20,Prepaid Saver 30D,19,5,Prepaid,1,15.0,4G
CUST-13573,33,Male,Mymensingh,iPhone 15 Pro,Student Special 4G,60,10,Prepaid,0,16.0,3G
CUST-13574,62,Female,Khulna,Realme 11,Prepaid Saver 30D,42,10,Prepaid,0,16.0,5G
CUST-13575,50,Female,Rangpur,Xiaomi Redmi Note 12,Postpaid Corporate,56,8,Postpaid,0,9.0,4G
CUST-13576,48,Female,Dhaka,Vivo Y20,Prepaid Saver 30D,27,4,Prepaid,0,15.0,4G
CUST-13577,58,Female,Sylhet,Vivo Y20,Prepaid Saver 30D,60,6,Prepaid,1,22.0,3G
CUST-13578,59,Male,Rangpur,Samsung S23 Ultra,Prepaid Saver 30D,34,9,Prepaid,0,9.0,5G
CUST-13579,21,Female,Dhaka,Vivo Y20,Prepaid Saver 30D,48,4,Prepaid,0,27.0,5G
CUST-13580,59,Male,Dhaka,Realme 11,Family Bundle,61,9,Postpaid,0,9.0,4G
CUST-13581,53,Male,Dhaka,Xiaomi Redmi Note 12,Prepaid Saver 30D,26,10,Prepaid,0,16.0,4G
CUST-13582,27,Female,Mymensingh,Xiaomi Redmi Note 12,Unlimited Data Max,56,8,Prepaid,0,9.0,3G
CUST-13583,32,Male,Mymensingh,Xiaomi Redmi Note 12,Prepaid Saver 30D,47,10,Prepaid,1,23.0,5G
CUST-13584,53,Male,Dhaka,Realme 11,Postpaid Corporate,36,6,Postpaid,0,15.0,5G
CUST-13585,28,Female,Sylhet,Realme 11,Prepaid Saver 30D,59,9,Prepaid,0,16.0,3G
CUST-13586,39,Female,Dhaka,Xiaomi Redmi Note 12,Postpaid Corporate,32,5,Postpaid,0,15.0,4G
CUST-13587,50,Female,Rajshahi,Vivo Y20,Unlimited Data Max,54,10,Prepaid,0,9.0,4G
CUST-13588,48,Male,Mymensingh,iPhone 15 Pro,Prepaid Saver 30D,6,9,Prepaid,0,14.0,4G
CUST-13589,60,Female,Dhaka,Xiaomi Redmi Note 12,Student Special 4G,62,10,Prepaid,0,21.0,4G
CUST-13590,23,Male,Barishal,Xiaomi Redmi Note 12,Prepaid Saver 30D,69,7,Prepaid,0,15.0,4G
CUST-13591,31,Female,Mymensingh,Samsung S23 Ultra,Postpaid Corporate,70,7,Postpaid,0,20.0,5G
CUST-13592,64,Female,Mymensingh,Xiaomi Redmi Note 12,Postpaid Corporate,60,10,Postpaid,0,9.0,4G
CUST-13593,44,Female,Chattogram,Vivo Y20,Postpaid Corporate,50,10,Postpaid,0,16.0,5G
CUST-13594,29,Female,Rajshahi,Realme 11,Prepaid Saver 30D,53,10,Prepaid,0,9.0,4G
CUST-13595,31,Male,Dhaka,Realme 11,Postpaid Corporate,66,5,Postpaid,0,15.0,4G
CUST-13596,33,Male,Dhaka,Samsung S23 Ultra,Prepaid Saver 30D,52,5,Prepaid,0,15.0,4G
CUST-13597,44,Female,Rangpur,Samsung S23 Ultra,Prepaid Saver 30D,20,6,Prepaid,0,15.0,3G
CUST-13598,31,Female,Dhaka,Xiaomi Redmi Note 12,Prepaid Saver 30D,12,7,Prepaid,0,29.0,4G
CUST-13599,47,Male,Khulna,iPhone 15 Pro,Prepaid Saver 30D,70,9,Prepaid,0,16.0,3G
CUST-13600,38,Male,Khulna,Samsung S23 Ultra,Unlimited Data Max,10,9,Prepaid,0,14.0,4G
CUST-13601,46,Male,Barishal,Xiaomi Redmi Note 12,Postpaid Corporate,65,4,Postpaid,0,15.0,4G
CUST-13602,25,Male,Dhaka,Realme 11,Prepaid Saver 30D,67,4,Prepaid,0,27.0,4G
CUST-13603,47,Female,Chattogram,Realme 11,Unlimited Data Max,3,10,Prepaid,0,16.0,4G
CUST-13604,61,Male,Chattogram,Samsung S23 Ultra,Prepaid Saver 30D,58,9,Prepaid,0,23.0,4G
CUST-13605,24,Male,Mymensingh,Realme 11,Postpaid Corporate,42,4,Postpaid,0,15.0,4G
CUST-13606,33,Female,Barishal,iPhone 15 Pro,Prepaid Saver 30D,28,10,Prepaid,0,23.0,5G
CUST-13607,50,Male,Sylhet,Samsung S23 Ultra,Postpaid Corporate,36,7,Postpaid,0,15.0,5G
CUST-13608,47,Male,Dhaka,Xiaomi Redmi Note 12,Prepaid Saver 30D,31,10,Prepaid,1,16.0,4G
CUST-13609,49,Female,Dhaka,iPhone 15 Pro,Student Special 4G,58,8,Prepaid,0,16.0,4G
CUST-13610,44,Male,Rangpur,Realme 11,Unlimited Data Max,30,5,Prepaid,1,22.0,4G
CUST-13611,50,Female,Dhaka,Realme 11,Postpaid Corporate,9,10,Postpaid,1,16.0,4G
CUST-13612,46,Female,Khulna,Realme 11,Prepaid Saver 30D,29,7,Prepaid,1,36.0,4G
CUST-13613,21,Female,Mymensingh,Samsung S23 Ultra,Prepaid Saver 30D,38,5,Prepaid,0,22.0,4G
CUST-13614,53,Male,Rangpur,iPhone 15 Pro,Family Bundle,32,6,Postpaid,0,22.0,4G
CUST-13615,39,Female,Chattogram,Xiaomi Redmi Note 12,Student Special 4G,36,10,Prepaid,0,9.0,5G
CUST-13616,20,Female,Chattogram,Vivo Y20,Unlimited Data Max,71,9,Prepaid,0,28.0,5G
CUST-13617,37,Male,Sylhet,Xiaomi Redmi Note 12,Unlimited Data Max,29,8,Prepaid,0,9.0,3G
CUST-13618,38,Female,Barishal,Realme 11,Student Special 4G,59,10,Prepaid,1,16.0,5G
CUST-13619,22,Female,Mymensingh,iPhone 15 Pro,Unlimited Data Max,71,6,Prepaid,0,15.0,3G
CUST-13620,64,Female,Khulna,iPhone 15 Pro,Family Bundle,59,5,Postpaid,0,15.0,4G
CUST-13621,28,Male,Khulna,Realme 11,Prepaid Saver 30D,39,4,Prepaid,0,15.0,4G
CUST-13622,33,Female,Rajshahi,Vivo Y20,Prepaid Saver 30D,71,5,Prepaid,0,15.0,4G
CUST-13623,38,Male,Sylhet,Samsung S23 Ultra,Unlimited Data Max,30,10,Prepaid,1,9.0,5G
CUST-13624,57,Male,Barishal,Xiaomi Redmi Note 12,Prepaid Saver 30D,20,10,Prepaid,0,9.0,4G
CUST-13625,52,Male,Khulna,Realme 11,Unlimited Data Max,61,8,Prepaid,0,9.0,4G
CUST-13626,54,Male,Rajshahi,Samsung S23 Ultra,Prepaid Saver 30D,66,8,Prepaid,0,16.0,3G
CUST-13627,29,Male,Dhaka,Realme 11,Family Bundle,10,7,Postpaid,0,15.0,3G
CUST-13628,57,Female,Rangpur,Xiaomi Redmi Note 12,Prepaid Saver 30D,23,9,Prepaid,0,9.0,4G
CUST-13629,56,Female,Dhaka,Xiaomi Redmi Note 12,Postpaid Corporate,21,5,Postpaid,0,15.0,4G
CUST-13630,39,Male,Chattogram,Xiaomi Redmi Note 12,Unlimited Data Max,59,10,Prepaid,0,9.0,4G
CUST-13631,43,Male,Rangpur,Vivo Y20,Postpaid Corporate,20,9,Postpaid,0,16.0,4G
CUST-13632,19,Female,Sylhet,Samsung S23 Ultra,Prepaid Saver 30D,48,10,Prepaid,0,23.0,5G
CUST-13633,53,Female,Chattogram,iPhone 15 Pro,Postpaid Corporate,67,7,Postpaid,0,15.0,5G
CUST-13634,63,Female,Rajshahi,iPhone 15 Pro,Student Special 4G,65,10,Prepaid,0,9.0,3G
CUST-13635,40,Male,Chattogram,Vivo Y20,Student Special 4G,63,5,Prepaid,0,15.0,5G
CUST-13636,43,Male,Barishal,Xiaomi Redmi Note 12,Family Bundle,38,4,Postpaid,0,15.0,4G
CUST-13637,41,Male,Dhaka,Samsung S23 Ultra,Unlimited Data Max,44,10,Prepaid,0,9.0,4G
CUST-13638,21,Male,Rangpur,Samsung S23 Ultra,Unlimited Data Max,52,10,Prepaid,0,23.0,5G
CUST-13639,47,Female,Chattogram,Vivo Y20,Unlimited Data Max,23,10,Prepaid,0,9.0,5G
CUST-13640,51,Male,Chattogram,Samsung S23 Ultra,Postpaid Corporate,36,4,Postpaid,0,15.0,4G
CUST-13641,61,Female,Rajshahi,Samsung S23 Ultra,Unlimited Data Max,34,7,Prepaid,0,15.0,4G
CUST-13642,61,Female,Dhaka,Xiaomi Redmi Note 12,Student Special 4G,57,8,Prepaid,0,16.0,5G
CUST-13643,41,Female,Chattogram,Xiaomi Redmi Note 12,Family Bundle,41,6,Postpaid,0,20.0,4G
CUST-13644,63,Male,Chattogram,iPhone 15 Pro,Unlimited Data Max,32,6,Prepaid,1,15.0,4G
CUST-13645,42,Male,Rajshahi,Samsung S23 Ultra,Prepaid Saver 30D,39,7,Prepaid,0,15.0,4G
CUST-13646,48,Male,Khulna,Samsung S23 Ultra,Prepaid Saver 30D,13,4,Prepaid,1,15.0,4G
CUST-13647,46,Male,Rajshahi,Xiaomi Redmi Note 12,Prepaid Saver 30D,19,10,Prepaid,0,9.0,5G
CUST-13648,64,Female,Chattogram,Vivo Y20,Prepaid Saver 30D,57,7,Prepaid,0,22.0,5G
CUST-13649,52,Female,Dhaka,Samsung S23 Ultra,Unlimited Data Max,10,9,Prepaid,0,9.0,4G
CUST-13650,23,Male,Rajshahi,Xiaomi Redmi Note 12,Student Special 4G,49,10,Prepaid,0,9.0,5G
CUST-13651,21,Female,Dhaka,Samsung S23 Ultra,Postpaid Corporate,65,5,Postpaid,1,29.0,4G
CUST-13652,37,Female,Chattogram,Realme 11,Unlimited Data Max,49,6,Prepaid,0,20.0,3G
CUST-13653,42,Male,Dhaka,Samsung S23 Ultra,Unlimited Data Max,46,10,Prepaid,0,21.0,4G
CUST-13654,49,Female,Dhaka,iPhone 15 Pro,Student Special 4G,51,10,Prepaid,0,9.0,5G
CUST-13655,40,Female,Chattogram,Samsung S23 Ultra,Unlimited Data Max,11,8,Prepaid,0,9.0,4G
CUST-13656,42,Female,Sylhet,Realme 11,Student Special 4G,10,10,Prepaid,0,9.0,3G
CUST-13657,61,Female,Dhaka,Realme 11,Prepaid Saver 30D,71,4,Prepaid,1,15.0,4G
CUST-13658,33,Male,Khulna,Samsung S23 Ultra,Family Bundle,31,10,Postpaid,0,9.0,5G
CUST-13659,41,Female,Chattogram,Xiaomi Redmi Note 12,Student Special 4G,30,10,Prepaid,0,9.0,4G
CUST-13660,44,Female,Khulna,iPhone 15 Pro,Student Special 4G,12,10,Prepaid,0,9.0,5G
CUST-13661,40,Male,Khulna,Samsung S23 Ultra,Postpaid Corporate,53,5,Postpaid,0,22.0,4G
CUST-13662,63,Female,Sylhet,Samsung S23 Ultra,Prepaid Saver 30D,3,4,Prepaid,0,20.0,4G
CUST-13663,63,Female,Dhaka,Vivo Y20,Unlimited Data Max,13,8,Prepaid,0,23.0,4G
CUST-13664,42,Male,Rajshahi,Realme 11,Postpaid Corporate,16,9,Postpaid,0,9.0,4G
CUST-13665,39,Male,Dhaka,Realme 11,Prepaid Saver 30D,67,10,Prepaid,0,14.0,4G
CUST-13666,45,Female,Khulna,iPhone 15 Pro,Prepaid Saver 30D,68,10,Prepaid,1,16.0,5G
CUST-13667,26,Female,Sylhet,iPhone 15 Pro,Prepaid Saver 30D,6,9,Prepaid,0,14.0,4G
CUST-13668,38,Male,Khulna,Realme 11,Unlimited Data Max,10,6,Prepaid,0,15.0,5G
CUST-13669,28,Male,Rajshahi,Xiaomi Redmi Note 12,Prepaid Saver 30D,68,4,Prepaid,0,15.0,4G
CUST-13670,24,Female,Rangpur,Samsung S23 Ultra,Unlimited Data Max,46,10,Prepaid,0,16.0,4G
CUST-13671,22,Male,Sylhet,Xiaomi Redmi Note 12,Prepaid Saver 30D,52,10,Prepaid,0,16.0,5G
CUST-13672,45,Male,Chattogram,Xiaomi Redmi Note 12,Prepaid Saver 30D,41,10,Prepaid,0,9.0,4G
CUST-13673,18,Male,Chattogram,Xiaomi Redmi Note 12,Student Special 4G,17,10,Prepaid,0,9.0,3G
CUST-13674,48,Male,Khulna,Xiaomi Redmi Note 12,Prepaid Saver 30D,52,10,Prepaid,0,9.0,3G
CUST-13675,38,Female,Sylhet,Vivo Y20,Family Bundle,13,10,Postpaid,0,9.0,3G
CUST-13676,35,Male,Dhaka,iPhone 15 Pro,Family Bundle,3,10,Postpaid,0,16.0,4G
CUST-13677,54,Female,Dhaka,Xiaomi Redmi Note 12,Unlimited Data Max,60,5,Prepaid,0,20.0,5G
CUST-13678,43,Female,Khulna,Vivo Y20,Prepaid Saver 30D,27,6,Prepaid,0,15.0,4G
CUST-13679,52,Female,Chattogram,Vivo Y20,Prepaid Saver 30D,3,4,Prepaid,1,29.0,4G
CUST-13680,51,Female,Chattogram,Vivo Y20,Student Special 4G,31,5,Prepaid,0,22.0,4G
CUST-13681,19,Female,Chattogram,Realme 11,Prepaid Saver 30D,9,10,Prepaid,0,9.0,4G
CUST-13682,28,Female,Barishal,Samsung S23 Ultra,Unlimited Data Max,34,8,Prepaid,0,9.0,4G
CUST-13683,44,Female,Rajshahi,Vivo Y20,Unlimited Data Max,48,10,Prepaid,0,9.0,4G
CUST-13684,63,Male,Dhaka,Samsung S23 Ultra,Postpaid Corporate,25,9,Postpaid,0,23.0,3G
CUST-13685,25,Female,Chattogram,Xiaomi Redmi Note 12,Unlimited Data Max,6,8,Prepaid,0,9.0,4G
CUST-13686,22,Male,Dhaka,Xiaomi Redmi Note 12,Prepaid Saver 30D,64,5,Prepaid,0,15.0,4G
CUST-13687,62,Male,Dhaka,Realme 11,Student Special 4G,39,10,Prepaid,0,9.0,4G
CUST-13688,63,Male,Dhaka,Realme 11,Unlimited Data Max,2,10,Prepaid,1,23.0,5G
CUST-13689,25,Female,Dhaka,Realme 11,Postpaid Corporate,41,5,Postpaid,1,22.0,5G
CUST-13690,36,Female,Barishal,iPhone 15 Pro,Postpaid Corporate,66,7,Postpaid,0,15.0,4G
CUST-13691,47,Male,Mymensingh,Realme 11,Prepaid Saver 30D,2,10,Prepaid,0,9.0,3G
CUST-13692,27,Female,Chattogram,Realme 11,Unlimited Data Max,56,10,Prepaid,0,16.0,3G
CUST-13693,33,Male,Chattogram,Samsung S23 Ultra,Unlimited Data Max,27,10,Prepaid,0,9.0,3G
CUST-13694,36,Male,Chattogram,Realme 11,Family Bundle,51,10,Postpaid,0,9.0,4G
CUST-13695,48,Male,Dhaka,Samsung S23 Ultra,Postpaid Corporate,3,10,Postpaid,1,16.0,4G
CUST-13696,32,Female,Chattogram,Xiaomi Redmi Note 12,Prepaid Saver 30D,65,10,Prepaid,0,21.0,4G
CUST-13697,37,Male,Dhaka,iPhone 15 Pro,Student Special 4G,69,9,Prepaid,0,9.0,4G
CUST-13698,31,Male,Chattogram,iPhone 15 Pro,Unlimited Data Max,40,10,Prepaid,0,16.0,4G
CUST-13699,53,Female,Chattogram,iPhone 15 Pro,Unlimited Data Max,16,10,Prepaid,1,9.0,4G
CUST-13700,25,Male,Rangpur,Vivo Y20,Unlimited Data Max,11,10,Prepaid,0,9.0,4G
CUST-13701,28,Female,Dhaka,Vivo Y20,Student Special 4G,49,7,Prepaid,0,22.0,4G
CUST-13702,29,Female,Chattogram,Realme 11,Prepaid Saver 30D,57,7,Prepaid,1,15.0,5G
CUST-13703,60,Male,Dhaka,Realme 11,Postpaid Corporate,48,5,Postpaid,0,15.0,4G
CUST-13704,62,Female,Chattogram,iPhone 15 Pro,Unlimited Data Max,36,4,Prepaid,0,20.0,4G
CUST-13705,41,Female,Rajshahi,Samsung S23 Ultra,Student Special 4G,55,7,Prepaid,1,22.0,4G
CUST-13706,25,Male,Chattogram,Xiaomi Redmi Note 12,Student Special 4G,53,6,Prepaid,0,22.0,4G
CUST-13707,53,Male,Dhaka,Xiaomi Redmi Note 12,Prepaid Saver 30D,24,10,Prepaid,0,9.0,4G
CUST-13708,41,Male,Sylhet,iPhone 15 Pro,Unlimited Data Max,56,8,Prepaid,0,16.0,4G
CUST-13709,57,Male,Chattogram,iPhone 15 Pro,Postpaid Corporate,14,10,Postpaid,0,16.0,4G
CUST-13710,34,Male,Chattogram,Samsung S23 Ultra,Prepaid Saver 30D,59,6,Prepaid,0,15.0,4G
CUST-13711,64,Male,Khulna,Vivo Y20,Unlimited Data Max,38,8,Prepaid,0,9.0,4G
CUST-13712,55,Female,Sylhet,iPhone 15 Pro,Postpaid Corporate,54,10,Postpaid,0,9.0,4G
CUST-13713,28,Male,Dhaka,Vivo Y20,Prepaid Saver 30D,50,6,Prepaid,0,15.0,4G
CUST-13714,52,Male,Mymensingh,Realme 11,Student Special 4G,7,7,Prepaid,0,15.0,5G
CUST-13715,31,Male,Chattogram,Samsung S23 Ultra,Prepaid Saver 30D,54,9,Prepaid,0,16.0,3G
CUST-13716,34,Female,Mymensingh,Samsung S23 Ultra,Unlimited Data Max,56,6,Prepaid,0,15.0,3G
CUST-13717,29,Male,Dhaka,Xiaomi Redmi Note 12,Postpaid Corporate,4,9,Postpaid,0,23.0,4G
CUST-13718,50,Male,Khulna,Samsung S23 Ultra,Postpaid Corporate,17,10,Postpaid,0,16.0,4G
CUST-13719,30,Male,Chattogram,Vivo Y20,Prepaid Saver 30D,54,9,Prepaid,0,9.0,4G
CUST-13720,48,Male,Dhaka,Vivo Y20,Prepaid Saver 30D,26,5,Prepaid,0,20.0,3G
CUST-13721,45,Male,Chattogram,Realme 11,Unlimited Data Max,8,10,Prepaid,0,16.0,4G
CUST-13722,53,Female,Mymensingh,iPhone 15 Pro,Prepaid Saver 30D,61,10,Prepaid,0,9.0,4G
CUST-13723,64,Female,Rajshahi,Vivo Y20,Family Bundle,38,6,Postpaid,1,15.0,4G
CUST-13724,18,Male,Rangpur,Realme 11,Unlimited Data Max,28,5,Prepaid,1,15.0,5G
CUST-13725,64,Male,Sylhet,iPhone 15 Pro,Prepaid Saver 30D,40,9,Prepaid,0,9.0,4G
CUST-13726,23,Male,Dhaka,Vivo Y20,Unlimited Data Max,29,5,Prepaid,0,15.0,3G
CUST-13727,42,Male,Mymensingh,iPhone 15 Pro,Prepaid Saver 30D,10,7,Prepaid,0,22.0,3G
CUST-13728,34,Male,Barishal,Xiaomi Redmi Note 12,Student Special 4G,40,10,Prepaid,0,9.0,4G
CUST-13729,48,Female,Rangpur,Realme 11,Prepaid Saver 30D,69,6,Prepaid,1,29.0,4G
CUST-13730,51,Male,Khulna,Vivo Y20,Unlimited Data Max,68,7,Prepaid,0,29.0,4G
CUST-13731,58,Male,Dhaka,Samsung S23 Ultra,Prepaid Saver 30D,46,7,Prepaid,0,15.0,4G
CUST-13732,36,Male,Dhaka,iPhone 15 Pro,Unlimited Data Max,12,10,Prepaid,0,16.0,3G
CUST-13733,61,Female,Rajshahi,Vivo Y20,Prepaid Saver 30D,16,10,Prepaid,0,9.0,5G
CUST-13734,33,Female,Rangpur,Xiaomi Redmi Note 12,Student Special 4G,23,10,Prepaid,0,9.0,4G
CUST-13735,27,Male,Rajshahi,Realme 11,Prepaid Saver 30D,4,5,Prepaid,0,22.0,4G
CUST-13736,35,Male,Dhaka,Realme 11,Prepaid Saver 30D,10,10,Prepaid,0,9.0,5G
CUST-13737,42,Female,Dhaka,iPhone 15 Pro,Prepaid Saver 30D,56,6,Prepaid,0,15.0,4G
CUST-13738,49,Female,Sylhet,iPhone 15 Pro,Student Special 4G,31,10,Prepaid,0,9.0,5G
CUST-13739,57,Female,Mymensingh,Xiaomi Redmi Note 12,Unlimited Data Max,60,9,Prepaid,0,9.0,4G
CUST-13740,28,Female,Khulna,Samsung S23 Ultra,Prepaid Saver 30D,5,10,Prepaid,0,9.0,4G
CUST-13741,32,Female,Khulna,Realme 11,Unlimited Data Max,7,8,Prepaid,0,9.0,4G
CUST-13742,62,Male,Khulna,Samsung S23 Ultra,Unlimited Data Max,49,7,Prepaid,1,20.0,4G
CUST-13743,38,Female,Rajshahi,Vivo Y20,Unlimited Data Max,19,10,Prepaid,0,9.0,4G
CUST-13744,29,Male,Khulna,Realme 11,Postpaid Corporate,17,7,Postpaid,1,29.0,4G
CUST-13745,64,Male,Rangpur,iPhone 15 Pro,Unlimited Data Max,46,10,Prepaid,1,16.0,5G
CUST-13746,39,Male,Rangpur,Samsung S23 Ultra,Family Bundle,65,4,Postpaid,1,15.0,5G
CUST-13747,64,Male,Dhaka,Realme 11,Prepaid Saver 30D,30,10,Prepaid,0,16.0,4G
CUST-13748,61,Male,Chattogram,Xiaomi Redmi Note 12,Student Special 4G,55,10,Prepaid,0,14.0,4G
CUST-13749,60,Male,Khulna,Samsung S23 Ultra,Unlimited Data Max,25,6,Prepaid,0,22.0,5G
CUST-13750,45,Male,Khulna,Xiaomi Redmi Note 12,Prepaid Saver 30D,60,10,Prepaid,0,9.0,4G
CUST-13751,55,Female,Dhaka,Vivo Y20,Postpaid Corporate,31,4,Postpaid,0,29.0,4G
CUST-13752,63,Female,Rangpur,Realme 11,Prepaid Saver 30D,11,5,Prepaid,0,20.0,4G
CUST-13753,30,Male,Chattogram,Realme 11,Prepaid Saver 30D,36,7,Prepaid,0,22.0,4G
CUST-13754,19,Female,Dhaka,Xiaomi Redmi Note 12,Student Special 4G,21,7,Prepaid,0,15.0,4G
CUST-13755,33,Male,Rangpur,Samsung S23 Ultra,Postpaid Corporate,14,10,Postpaid,0,9.0,5G
CUST-13756,47,Female,Sylhet,Vivo Y20,Student Special 4G,14,10,Prepaid,0,16.0,4G
CUST-13757,43,Female,Dhaka,Realme 11,Unlimited Data Max,28,5,Prepaid,0,15.0,4G
CUST-13758,21,Female,Chattogram,Xiaomi Redmi Note 12,Postpaid Corporate,1,10,Postpaid,0,9.0,5G
CUST-13759,44,Male,Dhaka,Realme 11,Postpaid Corporate,5,10,Postpaid,0,23.0,3G
CUST-13760,26,Female,Dhaka,iPhone 15 Pro,Postpaid Corporate,42,9,Postpaid,0,9.0,4G
CUST-13761,41,Male,Dhaka,Realme 11,Prepaid Saver 30D,1,10,Prepaid,0,9.0,4G
CUST-13762,45,Female,Dhaka,Vivo Y20,Postpaid Corporate,55,4,Postpaid,0,22.0,4G
CUST-13763,47,Female,Dhaka,iPhone 15 Pro,Student Special 4G,70,10,Prepaid,0,9.0,5G
CUST-13764,37,Male,Mymensingh,Samsung S23 Ultra,Unlimited Data Max,14,8,Prepaid,0,23.0,4G
CUST-13765,37,Male,Khulna,Realme 11,Unlimited Data Max,4,8,Prepaid,0,16.0,5G
CUST-13766,49,Male,Mymensingh,Vivo Y20,Unlimited Data Max,15,10,Prepaid,0,9.0,4G
CUST-13767,53,Female,Dhaka,Vivo Y20,Unlimited Data Max,4,10,Prepaid,0,9.0,5G
CUST-13768,55,Female,Dhaka,Vivo Y20,Postpaid Corporate,20,8,Postpaid,0,23.0,4G
CUST-13769,33,Female,Dhaka,iPhone 15 Pro,Prepaid Saver 30D,64,6,Prepaid,0,15.0,5G
CUST-13770,37,Female,Sylhet,Vivo Y20,Prepaid Saver 30D,59,6,Prepaid,0,20.0,3G
CUST-13771,33,Female,Dhaka,iPhone 15 Pro,Family Bundle,70,10,Postpaid,0,9.0,5G
CUST-13772,42,Female,Khulna,Xiaomi Redmi Note 12,Family Bundle,58,8,Postpaid,0,16.0,4G
CUST-13773,23,Male,Dhaka,Vivo Y20,Prepaid Saver 30D,60,7,Prepaid,0,36.0,4G
CUST-13774,38,Female,Rangpur,Vivo Y20,Prepaid Saver 30D,43,9,Prepaid,1,9.0,3G
CUST-13775,26,Male,Dhaka,Realme 11,Prepaid Saver 30D,10,10,Prepaid,0,9.0,4G
CUST-13776,43,Female,Dhaka,Xiaomi Redmi Note 12,Prepaid Saver 30D,55,4,Prepaid,0,15.0,5G
CUST-13777,57,Female,Rangpur,Xiaomi Redmi Note 12,Prepaid Saver 30D,46,4,Prepaid,0,22.0,3G
CUST-13778,64,Male,Chattogram,Vivo Y20,Unlimited Data Max,69,9,Prepaid,0,9.0,4G
CUST-13779,38,Female,Khulna,Vivo Y20,Student Special 4G,50,10,Prepaid,0,16.0,4G
CUST-13780,20,Male,Dhaka,iPhone 15 Pro,Prepaid Saver 30D,39,8,Prepaid,0,9.0,4G
CUST-13781,28,Female,Sylhet,Samsung S23 Ultra,Unlimited Data Max,55,6,Prepaid,0,15.0,5G
CUST-13782,22,Male,Rajshahi,Vivo Y20,Postpaid Corporate,47,10,Postpaid,1,30.0,4G
CUST-13783,53,Male,Barishal,Vivo Y20,Prepaid Saver 30D,9,5,Prepaid,0,15.0,5G
CUST-13784,64,Female,Rangpur,Samsung S23 Ultra,Prepaid Saver 30D,44,10,Prepaid,0,9.0,4G
CUST-13785,44,Male,Mymensingh,Xiaomi Redmi Note 12,Unlimited Data Max,28,8,Prepaid,0,23.0,4G
CUST-13786,26,Female,Khulna,Xiaomi Redmi Note 12,Unlimited Data Max,12,7,Prepaid,0,15.0,4G
CUST-13787,18,Male,Chattogram,Samsung S23 Ultra,Prepaid Saver 30D,20,5,Prepaid,1,29.0,4G
CUST-13788,63,Male,Chattogram,Realme 11,Prepaid Saver 30D,60,10,Prepaid,0,9.0,5G
CUST-13789,32,Male,Khulna,Vivo Y20,Unlimited Data Max,47,5,Prepaid,0,15.0,5G
CUST-13790,23,Male,Dhaka,iPhone 15 Pro,Student Special 4G,5,9,Prepaid,0,9.0,4G
CUST-13791,26,Male,Rangpur,Realme 11,Student Special 4G,25,10,Prepaid,0,9.0,3G
CUST-13792,29,Female,Dhaka,Samsung S23 Ultra,Prepaid Saver 30D,49,10,Prepaid,0,9.0,4G
CUST-13793,48,Female,Mymensingh,iPhone 15 Pro,Student Special 4G,37,4,Prepaid,0,15.0,4G
CUST-13794,59,Female,Chattogram,Xiaomi Redmi Note 12,Prepaid Saver 30D,56,10,Prepaid,0,9.0,5G
CUST-13795,30,Male,Mymensingh,Vivo Y20,Unlimited Data Max,45,10,Prepaid,0,16.0,5G
CUST-13796,50,Female,Barishal,Vivo Y20,Prepaid Saver 30D,3,10,Prepaid,0,14.0,4G
CUST-13797,21,Female,Dhaka,Vivo Y20,Prepaid Saver 30D,62,4,Prepaid,0,29.0,5G
CUST-13798,18,Female,Chattogram,Vivo Y20,Prepaid Saver 30D,41,10,Prepaid,0,9.0,5G
CUST-13799,20,Female,Khulna,Vivo Y20,Family Bundle,66,10,Postpaid,0,9.0,4G
CUST-13800,61,Male,Dhaka,iPhone 15 Pro,Prepaid Saver 30D,16,10,Prepaid,0,16.0,4G
CUST-13801,45,Male,Rajshahi,Samsung S23 Ultra,Unlimited Data Max,50,10,Prepaid,0,14.0,4G
CUST-13802,55,Female,Chattogram,Vivo Y20,Unlimited Data Max,3,10,Prepaid,0,9.0,3G
CUST-13803,19,Female,Khulna,Samsung S23 Ultra,Student Special 4G,12,8,Prepaid,0,16.0,4G
CUST-13804,19,Female,Khulna,Xiaomi Redmi Note 12,Unlimited Data Max,63,10,Prepaid,0,16.0,4G
CUST-13805,57,Female,Barishal,Realme 11,Family Bundle,64,10,Postpaid,0,9.0,5G
CUST-13806,22,Female,Barishal,Samsung S23 Ultra,Unlimited Data Max,68,10,Prepaid,0,14.0,4G
CUST-13807,25,Male,Dhaka,Vivo Y20,Student Special 4G,15,10,Prepaid,0,16.0,4G
CUST-13808,42,Male,Khulna,iPhone 15 Pro,Prepaid Saver 30D,64,10,Prepaid,0,9.0,4G
CUST-13809,46,Male,Sylhet,iPhone 15 Pro,Unlimited Data Max,4,9,Prepaid,0,14.0,5G
CUST-13810,28,Female,Chattogram,iPhone 15 Pro,Unlimited Data Max,29,8,Prepaid,0,9.0,4G
CUST-13811,38,Female,Mymensingh,Xiaomi Redmi Note 12,Unlimited Data Max,32,5,Prepaid,0,20.0,4G
CUST-13812,49,Male,Mymensingh,Xiaomi Redmi Note 12,Unlimited Data Max,57,8,Prepaid,0,9.0,5G
CUST-13813,38,Female,Mymensingh,Samsung S23 Ultra,Unlimited Data Max,49,10,Prepaid,0,16.0,5G
CUST-13814,35,Female,Dhaka,Samsung S23 Ultra,Prepaid Saver 30D,26,5,Prepaid,0,22.0,4G
CUST-13815,21,Female,Sylhet,Xiaomi Redmi Note 12,Prepaid Saver 30D,11,10,Prepaid,0,16.0,4G
CUST-13816,39,Female,Dhaka,iPhone 15 Pro,Prepaid Saver 30D,26,10,Prepaid,1,16.0,4G
CUST-13817,55,Female,Rangpur,Realme 11,Postpaid Corporate,22,5,Postpaid,0,22.0,4G
CUST-13818,47,Female,Dhaka,Vivo Y20,Student Special 4G,48,6,Prepaid,1,22.0,4G
CUST-13819,59,Male,Rajshahi,Samsung S23 Ultra,Family Bundle,6,4,Postpaid,0,22.0,4G
CUST-13820,23,Male,Sylhet,Samsung S23 Ultra,Prepaid Saver 30D,30,10,Prepaid,0,9.0,4G
CUST-13821,18,Female,Rangpur,Realme 11,Prepaid Saver 30D,44,7,Prepaid,0,15.0,5G
CUST-13822,43,Male,Dhaka,Samsung S23 Ultra,Family Bundle,46,5,Postpaid,0,20.0,4G
CUST-13823,26,Female,Rangpur,Realme 11,Family Bundle,51,5,Postpaid,0,34.0,4G
CUST-13824,45,Female,Chattogram,Xiaomi Redmi Note 12,Family Bundle,21,9,Postpaid,0,9.0,5G
CUST-13825,60,Female,Mymensingh,Xiaomi Redmi Note 12,Postpaid Corporate,37,7,Postpaid,0,22.0,4G
CUST-13826,33,Male,Dhaka,Realme 11,Postpaid Corporate,7,10,Postpaid,0,9.0,4G
CUST-13827,43,Female,Mymensingh,Vivo Y20,Family Bundle,32,10,Postpaid,0,9.0,5G
CUST-13828,50,Male,Dhaka,Samsung S23 Ultra,Prepaid Saver 30D,70,6,Prepaid,1,20.0,4G
CUST-13829,25,Female,Barishal,Samsung S23 Ultra,Unlimited Data Max,61,10,Prepaid,0,9.0,4G
CUST-13830,60,Female,Chattogram,Realme 11,Family Bundle,45,4,Postpaid,0,29.0,5G
CUST-13831,27,Female,Barishal,Samsung S23 Ultra,Student Special 4G,30,8,Prepaid,1,21.0,5G
CUST-13832,55,Female,Dhaka,Xiaomi Redmi Note 12,Unlimited Data Max,64,9,Prepaid,0,9.0,3G
CUST-13833,49,Male,Rangpur,Xiaomi Redmi Note 12,Unlimited Data Max,32,6,Prepaid,0,15.0,4G
CUST-13834,24,Male,Rajshahi,iPhone 15 Pro,Student Special 4G,55,10,Prepaid,0,16.0,4G
CUST-13835,52,Female,Rajshahi,Xiaomi Redmi Note 12,Prepaid Saver 30D,41,9,Prepaid,0,14.0,4G
CUST-13836,27,Male,Rajshahi,Samsung S23 Ultra,Postpaid Corporate,2,10,Postpaid,0,16.0,4G
CUST-13837,46,Male,Dhaka,iPhone 15 Pro,Unlimited Data Max,50,10,Prepaid,1,9.0,4G
CUST-13838,63,Female,Dhaka,Samsung S23 Ultra,Unlimited Data Max,64,10,Prepaid,0,14.0,4G
CUST-13839,62,Female,Dhaka,Vivo Y20,Postpaid Corporate,56,10,Postpaid,1,16.0,4G
CUST-13840,58,Female,Chattogram,Vivo Y20,Family Bundle,44,7,Postpaid,0,22.0,4G
CUST-13841,41,Female,Khulna,iPhone 15 Pro,Prepaid Saver 30D,3,10,Prepaid,0,21.0,4G
CUST-13842,44,Male,Rajshahi,Samsung S23 Ultra,Unlimited Data Max,2,7,Prepaid,1,29.0,4G
CUST-13843,32,Female,Khulna,iPhone 15 Pro,Unlimited Data Max,61,10,Prepaid,0,21.0,4G
CUST-13844,61,Female,Rajshahi,Vivo Y20,Unlimited Data Max,34,8,Prepaid,0,9.0,3G
CUST-13845,40,Male,Chattogram,Vivo Y20,Family Bundle,33,9,Postpaid,0,9.0,4G
CUST-13846,54,Male,Rajshahi,Realme 11,Prepaid Saver 30D,46,10,Prepaid,0,9.0,4G
CUST-13847,34,Female,Chattogram,Vivo Y20,Family Bundle,65,5,Postpaid,1,15.0,5G
CUST-13848,52,Female,Rangpur,Samsung S23 Ultra,Student Special 4G,32,10,Prepaid,0,16.0,4G
CUST-13849,28,Male,Chattogram,Xiaomi Redmi Note 12,Prepaid Saver 30D,39,10,Prepaid,0,16.0,4G
CUST-13850,52,Male,Dhaka,Realme 11,Unlimited Data Max,40,8,Prepaid,0,9.0,5G
CUST-13851,20,Male,Dhaka,Samsung S23 Ultra,Family Bundle,34,10,Postpaid,0,16.0,4G
CUST-13852,22,Male,Dhaka,Xiaomi Redmi Note 12,Unlimited Data Max,47,6,Prepaid,1,22.0,4G
CUST-13853,34,Male,Dhaka,iPhone 15 Pro,Student Special 4G,14,10,Prepaid,0,9.0,4G
CUST-13854,40,Female,Chattogram,Samsung S23 Ultra,Prepaid Saver 30D,27,5,Prepaid,0,29.0,4G
CUST-13855,51,Female,Khulna,iPhone 15 Pro,Prepaid Saver 30D,34,10,Prepaid,0,23.0,4G
CUST-13856,34,Male,Rangpur,Vivo Y20,Prepaid Saver 30D,37,10,Prepaid,0,23.0,5G
CUST-13857,18,Male,Dhaka,Xiaomi Redmi Note 12,Prepaid Saver 30D,35,6,Prepaid,0,22.0,4G
CUST-13858,33,Male,Dhaka,Samsung S23 Ultra,Postpaid Corporate,30,10,Postpaid,0,14.0,4G
CUST-13859,38,Female,Rangpur,Realme 11,Prepaid Saver 30D,64,6,Prepaid,0,22.0,4G
CUST-13860,43,Female,Dhaka,Xiaomi Redmi Note 12,Prepaid Saver 30D,57,9,Prepaid,1,9.0,5G
CUST-13861,48,Male,Rangpur,iPhone 15 Pro,Prepaid Saver 30D,63,10,Prepaid,0,9.0,5G
CUST-13862,29,Male,Dhaka,iPhone 15 Pro,Prepaid Saver 30D,43,4,Prepaid,0,22.0,4G
CUST-13863,46,Female,Dhaka,Xiaomi Redmi Note 12,Family Bundle,35,8,Postpaid,0,16.0,4G
CUST-13864,47,Female,Chattogram,Vivo Y20,Student Special 4G,31,10,Prepaid,0,9.0,4G
CUST-13865,54,Female,Chattogram,Realme 11,Postpaid Corporate,62,5,Postpaid,0,15.0,5G
CUST-13866,42,Male,Khulna,Xiaomi Redmi Note 12,Family Bundle,48,9,Postpaid,0,21.0,4G
CUST-13867,56,Female,Rangpur,iPhone 15 Pro,Prepaid Saver 30D,61,10,Prepaid,0,14.0,5G
CUST-13868,28,Female,Chattogram,Samsung S23 Ultra,Unlimited Data Max,61,10,Prepaid,0,9.0,4G
CUST-13869,51,Female,Rangpur,Samsung S23 Ultra,Unlimited Data Max,68,6,Prepaid,1,41.0,5G
CUST-13870,20,Male,Dhaka,Samsung S23 Ultra,Student Special 4G,39,10,Prepaid,0,16.0,4G
CUST-13871,22,Female,Dhaka,Vivo Y20,Prepaid Saver 30D,26,10,Prepaid,0,16.0,3G
CUST-13872,58,Male,Rangpur,Xiaomi Redmi Note 12,Student Special 4G,65,9,Prepaid,0,23.0,4G
CUST-13873,40,Female,Rangpur,Samsung S23 Ultra,Prepaid Saver 30D,16,9,Prepaid,0,9.0,4G
CUST-13874,47,Female,Dhaka,Vivo Y20,Unlimited Data Max,23,10,Prepaid,0,9.0,4G
CUST-13875,46,Female,Dhaka,Samsung S23 Ultra,Prepaid Saver 30D,68,10,Prepaid,0,16.0,4G
CUST-13876,50,Female,Chattogram,Realme 11,Prepaid Saver 30D,51,8,Prepaid,0,9.0,4G
CUST-13877,29,Male,Dhaka,Samsung S23 Ultra,Prepaid Saver 30D,42,10,Prepaid,0,9.0,3G
CUST-13878,26,Female,Rajshahi,Xiaomi Redmi Note 12,Student Special 4G,38,10,Prepaid,1,14.0,3G
CUST-13879,19,Male,Dhaka,Xiaomi Redmi Note 12,Postpaid Corporate,34,6,Postpaid,1,29.0,5G
CUST-13880,58,Male,Mymensingh,Vivo Y20,Prepaid Saver 30D,64,10,Prepaid,0,16.0,4G
CUST-13881,28,Female,Chattogram,Realme 11,Postpaid Corporate,30,10,Postpaid,0,9.0,5G
CUST-13882,45,Female,Dhaka,Xiaomi Redmi Note 12,Prepaid Saver 30D,35,10,Prepaid,0,14.0,5G
CUST-13883,39,Male,Dhaka,Xiaomi Redmi Note 12,Student Special 4G,7,10,Prepaid,0,9.0,4G
CUST-13884,25,Female,Dhaka,Realme 11,Prepaid Saver 30D,9,10,Prepaid,0,23.0,5G
CUST-13885,37,Female,Khulna,Xiaomi Redmi Note 12,Postpaid Corporate,15,10,Postpaid,0,9.0,4G
CUST-13886,21,Male,Sylhet,Realme 11,Prepaid Saver 30D,22,4,Prepaid,0,20.0,5G
CUST-13887,26,Female,Rangpur,Xiaomi Redmi Note 12,Unlimited Data Max,21,10,Prepaid,1,16.0,4G
CUST-13888,24,Female,Mymensingh,Vivo Y20,Postpaid Corporate,48,10,Postpaid,0,16.0,4G
CUST-13889,56,Male,Chattogram,Samsung S23 Ultra,Prepaid Saver 30D,40,4,Prepaid,1,27.0,3G
CUST-13890,44,Female,Rangpur,Realme 11,Postpaid Corporate,1,10,Postpaid,1,9.0,5G
CUST-13891,61,Female,Rangpur,Vivo Y20,Prepaid Saver 30D,37,9,Prepaid,0,9.0,4G
CUST-13892,38,Female,Rangpur,Realme 11,Unlimited Data Max,6,7,Prepaid,1,22.0,4G
CUST-13893,27,Female,Dhaka,Vivo Y20,Unlimited Data Max,39,5,Prepaid,0,15.0,4G
CUST-13894,46,Female,Chattogram,Xiaomi Redmi Note 12,Postpaid Corporate,4,7,Postpaid,0,22.0,4G
CUST-13895,61,Female,Rajshahi,Xiaomi Redmi Note 12,Prepaid Saver 30D,6,10,Prepaid,0,9.0,4G
CUST-13896,43,Female,Dhaka,Samsung S23 Ultra,Prepaid Saver 30D,59,9,Prepaid,0,21.0,4G
CUST-13897,18,Female,Dhaka,iPhone 15 Pro,Unlimited Data Max,1,4,Prepaid,0,15.0,4G
CUST-13898,32,Female,Dhaka,Samsung S23 Ultra,Prepaid Saver 30D,70,7,Prepaid,0,22.0,4G
CUST-13899,61,Female,Khulna,Realme 11,Postpaid Corporate,33,4,Postpaid,0,15.0,3G
CUST-13900,42,Female,Dhaka,Realme 11,Student Special 4G,59,7,Prepaid,1,36.0,4G
CUST-13901,62,Female,Mymensingh,Samsung S23 Ultra,Prepaid Saver 30D,14,10,Prepaid,0,16.0,4G
CUST-13902,41,Female,Mymensingh,Vivo Y20,Prepaid Saver 30D,34,10,Prepaid,0,9.0,4G
CUST-13903,18,Female,Dhaka,iPhone 15 Pro,Prepaid Saver 30D,64,10,Prepaid,0,21.0,5G
CUST-13904,59,Male,Barishal,Realme 11,Postpaid Corporate,6,5,Postpaid,0,15.0,5G
CUST-13905,53,Male,Sylhet,Vivo Y20,Student Special 4G,31,10,Prepaid,0,9.0,5G
CUST-13906,51,Female,Dhaka,Vivo Y20,Unlimited Data Max,9,7,Prepaid,0,20.0,5G
CUST-13907,63,Female,Dhaka,Samsung S23 Ultra,Postpaid Corporate,25,8,Postpaid,1,16.0,5G
CUST-13908,27,Male,Dhaka,Samsung S23 Ultra,Unlimited Data Max,69,10,Prepaid,0,9.0,4G
CUST-13909,60,Female,Dhaka,Samsung S23 Ultra,Unlimited Data Max,39,10,Prepaid,0,23.0,4G
CUST-13910,28,Male,Mymensingh,Vivo Y20,Unlimited Data Max,24,10,Prepaid,0,16.0,3G
CUST-13911,63,Male,Barishal,Xiaomi Redmi Note 12,Unlimited Data Max,45,10,Prepaid,0,16.0,4G
CUST-13912,26,Male,Rangpur,Samsung S23 Ultra,Prepaid Saver 30D,20,8,Prepaid,0,21.0,3G
CUST-13913,43,Male,Chattogram,Xiaomi Redmi Note 12,Unlimited Data Max,6,4,Prepaid,0,22.0,5G
CUST-13914,55,Female,Sylhet,Xiaomi Redmi Note 12,Unlimited Data Max,41,10,Prepaid,1,9.0,5G
CUST-13915,21,Female,Khulna,Xiaomi Redmi Note 12,Unlimited Data Max,53,5,Prepaid,1,22.0,4G
CUST-13916,21,Male,Chattogram,Realme 11,Unlimited Data Max,13,6,Prepaid,1,27.0,4G
CUST-13917,57,Male,Khulna,Samsung S23 Ultra,Prepaid Saver 30D,10,10,Prepaid,0,9.0,4G
CUST-13918,20,Male,Dhaka,iPhone 15 Pro,Student Special 4G,43,10,Prepaid,0,9.0,4G
CUST-13919,46,Female,Sylhet,Realme 11,Prepaid Saver 30D,28,4,Prepaid,1,15.0,3G
CUST-13920,62,Male,Rajshahi,Vivo Y20,Unlimited Data Max,67,10,Prepaid,0,16.0,4G
CUST-13921,46,Male,Dhaka,iPhone 15 Pro,Prepaid Saver 30D,26,10,Prepaid,0,9.0,3G
CUST-13922,40,Male,Dhaka,Xiaomi Redmi Note 12,Prepaid Saver 30D,28,5,Prepaid,1,20.0,4G
CUST-13923,37,Male,Sylhet,Vivo Y20,Unlimited Data Max,41,9,Prepaid,0,16.0,5G
CUST-13924,47,Female,Mymensingh,Realme 11,Prepaid Saver 30D,70,6,Prepaid,1,22.0,4G
CUST-13925,44,Female,Dhaka,iPhone 15 Pro,Prepaid Saver 30D,49,9,Prepaid,0,16.0,4G
CUST-13926,41,Male,Dhaka,Xiaomi Redmi Note 12,Prepaid Saver 30D,48,5,Prepaid,0,15.0,3G
CUST-13927,25,Male,Dhaka,Samsung S23 Ultra,Postpaid Corporate,57,4,Postpaid,0,15.0,4G
CUST-13928,49,Female,Mymensingh,Xiaomi Redmi Note 12,Prepaid Saver 30D,58,10,Prepaid,0,9.0,5G
CUST-13929,52,Male,Khulna,Xiaomi Redmi Note 12,Unlimited Data Max,38,10,Prepaid,0,9.0,5G
CUST-13930,51,Female,Rangpur,Samsung S23 Ultra,Unlimited Data Max,21,5,Prepaid,0,15.0,5G
CUST-13931,21,Female,Khulna,iPhone 15 Pro,Student Special 4G,12,10,Prepaid,0,9.0,4G
CUST-13932,51,Male,Khulna,Vivo Y20,Postpaid Corporate,41,8,Postpaid,0,16.0,4G
CUST-13933,52,Female,Dhaka,Realme 11,Postpaid Corporate,50,10,Postpaid,0,9.0,4G
CUST-13934,26,Female,Rajshahi,Xiaomi Redmi Note 12,Family Bundle,27,9,Postpaid,1,9.0,4G
CUST-13935,57,Male,Dhaka,iPhone 15 Pro,Prepaid Saver 30D,34,8,Prepaid,0,9.0,4G
CUST-13936,42,Female,Rangpur,Samsung S23 Ultra,Unlimited Data Max,32,4,Prepaid,0,15.0,4G
CUST-13937,40,Female,Dhaka,Xiaomi Redmi Note 12,Postpaid Corporate,42,10,Postpaid,0,16.0,4G
CUST-13938,51,Female,Mymensingh,Xiaomi Redmi Note 12,Unlimited Data Max,59,10,Prepaid,1,16.0,4G
CUST-13939,41,Female,Rangpur,Samsung S23 Ultra,Postpaid Corporate,32,5,Postpaid,1,27.0,4G
CUST-13940,43,Female,Rajshahi,Vivo Y20,Prepaid Saver 30D,37,4,Prepaid,0,22.0,4G
CUST-13941,32,Female,Dhaka,Xiaomi Redmi Note 12,Unlimited Data Max,30,6,Prepaid,0,15.0,4G
CUST-13942,61,Female,Mymensingh,Samsung S23 Ultra,Unlimited Data Max,22,9,Prepaid,0,9.0,4G
CUST-13943,63,Male,Chattogram,Samsung S23 Ultra,Prepaid Saver 30D,50,10,Prepaid,0,9.0,3G
CUST-13944,24,Female,Barishal,Vivo Y20,Prepaid Saver 30D,44,10,Prepaid,1,16.0,3G
CUST-13945,52,Male,Rajshahi,iPhone 15 Pro,Unlimited Data Max,38,4,Prepaid,0,20.0,3G
CUST-13946,19,Female,Rajshahi,iPhone 15 Pro,Unlimited Data Max,21,5,Prepaid,0,22.0,5G
CUST-13947,35,Female,Barishal,Samsung S23 Ultra,Prepaid Saver 30D,62,6,Prepaid,0,15.0,4G
CUST-13948,63,Male,Sylhet,Vivo Y20,Student Special 4G,58,4,Prepaid,0,15.0,4G
CUST-13949,26,Female,Dhaka,Vivo Y20,Student Special 4G,53,5,Prepaid,0,15.0,4G
CUST-13950,35,Female,Rangpur,iPhone 15 Pro,Postpaid Corporate,58,4,Postpaid,0,20.0,4G
CUST-13951,28,Male,Rajshahi,Realme 11,Prepaid Saver 30D,34,10,Prepaid,1,16.0,4G
CUST-13952,52,Female,Rangpur,Xiaomi Redmi Note 12,Prepaid Saver 30D,45,10,Prepaid,0,16.0,4G
CUST-13953,39,Female,Rangpur,Samsung S23 Ultra,Unlimited Data Max,16,10,Prepaid,0,9.0,5G
CUST-13954,45,Female,Sylhet,Realme 11,Unlimited Data Max,56,5,Prepaid,0,15.0,4G
CUST-13955,62,Male,Khulna,Samsung S23 Ultra,Unlimited Data Max,2,10,Prepaid,0,16.0,5G
CUST-13956,42,Female,Chattogram,Vivo Y20,Student Special 4G,37,7,Prepaid,1,29.0,4G
CUST-13957,52,Female,Dhaka,Samsung S23 Ultra,Prepaid Saver 30D,15,5,Prepaid,0,22.0,4G
CUST-13958,22,Male,Rajshahi,iPhone 15 Pro,Unlimited Data Max,43,5,Prepaid,0,15.0,4G
CUST-13959,28,Female,Chattogram,iPhone 15 Pro,Prepaid Saver 30D,20,7,Prepaid,1,27.0,4G
CUST-13960,62,Female,Sylhet,iPhone 15 Pro,Prepaid Saver 30D,69,4,Prepaid,0,15.0,5G
CUST-13961,58,Female,Chattogram,Xiaomi Redmi Note 12,Prepaid Saver 30D,9,7,Prepaid,0,22.0,3G
CUST-13962,48,Male,Rangpur,Realme 11,Postpaid Corporate,59,10,Postpaid,0,9.0,4G
CUST-13963,35,Female,Dhaka,iPhone 15 Pro,Student Special 4G,48,10,Prepaid,0,9.0,4G
CUST-13964,27,Female,Rangpur,Xiaomi Redmi Note 12,Postpaid Corporate,71,4,Postpaid,0,15.0,5G
CUST-13965,58,Male,Sylhet,Vivo Y20,Student Special 4G,24,9,Prepaid,0,9.0,4G
CUST-13966,54,Male,Dhaka,Xiaomi Redmi Note 12,Unlimited Data Max,51,6,Prepaid,0,15.0,4G
CUST-13967,29,Female,Mymensingh,Realme 11,Postpaid Corporate,3,7,Postpaid,0,15.0,4G
CUST-13968,45,Female,Chattogram,iPhone 15 Pro,Student Special 4G,49,10,Prepaid,0,14.0,4G
CUST-13969,47,Male,Rajshahi,Samsung S23 Ultra,Prepaid Saver 30D,32,6,Prepaid,0,15.0,5G
CUST-13970,40,Female,Rajshahi,iPhone 15 Pro,Student Special 4G,52,8,Prepaid,0,9.0,5G
CUST-13971,61,Female,Dhaka,Samsung S23 Ultra,Family Bundle,56,7,Postpaid,0,15.0,4G
CUST-13972,23,Male,Barishal,Vivo Y20,Postpaid Corporate,35,7,Postpaid,0,15.0,4G
CUST-13973,30,Female,Dhaka,Samsung S23 Ultra,Unlimited Data Max,25,10,Prepaid,0,9.0,4G
CUST-13974,22,Female,Chattogram,Vivo Y20,Prepaid Saver 30D,51,6,Prepaid,0,22.0,4G
CUST-13975,50,Male,Rajshahi,Samsung S23 Ultra,Postpaid Corporate,65,9,Postpaid,0,21.0,5G
CUST-13976,48,Male,Dhaka,Samsung S23 Ultra,Student Special 4G,26,10,Prepaid,1,28.0,4G
CUST-13977,64,Male,Sylhet,Xiaomi Redmi Note 12,Unlimited Data Max,61,10,Prepaid,0,9.0,4G
CUST-13978,43,Female,Sylhet,Samsung S23 Ultra,Prepaid Saver 30D,32,10,Prepaid,0,16.0,4G
CUST-13979,25,Male,Rangpur,Samsung S23 Ultra,Unlimited Data Max,64,8,Prepaid,0,9.0,4G
CUST-13980,39,Female,Khulna,Realme 11,Prepaid Saver 30D,47,8,Prepaid,0,21.0,4G
CUST-13981,22,Male,Dhaka,Samsung S23 Ultra,Student Special 4G,48,4,Prepaid,0,36.0,4G
CUST-13982,49,Male,Rajshahi,Xiaomi Redmi Note 12,Prepaid Saver 30D,49,10,Prepaid,0,9.0,4G
CUST-13983,49,Male,Mymensingh,Samsung S23 Ultra,Prepaid Saver 30D,58,10,Prepaid,0,9.0,4G
CUST-13984,58,Female,Sylhet,Samsung S23 Ultra,Postpaid Corporate,62,9,Postpaid,0,14.0,4G
CUST-13985,33,Female,Dhaka,Realme 11,Prepaid Saver 30D,28,10,Prepaid,0,9.0,4G
CUST-13986,32,Male,Barishal,iPhone 15 Pro,Postpaid Corporate,53,10,Postpaid,0,14.0,4G
CUST-13987,21,Female,Sylhet,Samsung S23 Ultra,Unlimited Data Max,50,5,Prepaid,0,15.0,4G
CUST-13988,37,Female,Rangpur,Realme 11,Unlimited Data Max,43,6,Prepaid,0,15.0,4G
CUST-13989,40,Female,Chattogram,Vivo Y20,Student Special 4G,16,10,Prepaid,0,21.0,5G
CUST-13990,53,Male,Rajshahi,Xiaomi Redmi Note 12,Prepaid Saver 30D,34,4,Prepaid,0,15.0,4G
CUST-13991,53,Female,Barishal,iPhone 15 Pro,Prepaid Saver 30D,15,10,Prepaid,0,9.0,5G
CUST-13992,24,Female,Khulna,Vivo Y20,Prepaid Saver 30D,10,7,Prepaid,1,15.0,4G
CUST-13993,31,Female,Dhaka,iPhone 15 Pro,Postpaid Corporate,67,10,Postpaid,0,16.0,4G
CUST-13994,42,Female,Dhaka,Realme 11,Unlimited Data Max,52,9,Prepaid,0,16.0,5G
CUST-13995,33,Male,Chattogram,Xiaomi Redmi Note 12,Prepaid Saver 30D,39,10,Prepaid,0,16.0,4G
CUST-13996,19,Female,Dhaka,Realme 11,Unlimited Data Max,32,7,Prepaid,1,22.0,5G
CUST-13997,57,Female,Dhaka,Xiaomi Redmi Note 12,Student Special 4G,6,10,Prepaid,0,9.0,4G
CUST-13998,52,Female,Chattogram,Xiaomi Redmi Note 12,Prepaid Saver 30D,25,5,Prepaid,0,15.0,4G
CUST-13999,42,Female,Dhaka,Xiaomi Redmi Note 12,Student Special 4G,15,7,Prepaid,0,15.0,4G
CUST-14000,32,Male,Khulna,iPhone 15 Pro,Postpaid Corporate,39,4,Postpaid,0,15.0,4G
CUST-14001,57,Female,Rajshahi,Xiaomi Redmi Note 12,Student Special 4G,33,5,Prepaid,0,22.0,4G
CUST-14002,19,Male,Mymensingh,Samsung S23 Ultra,Prepaid Saver 30D,69,4,Prepaid,0,15.0,4G
CUST-14003,38,Female,Chattogram,iPhone 15 Pro,Unlimited Data Max,61,8,Prepaid,0,9.0,3G
CUST-14004,55,Female,Barishal,Samsung S23 Ultra,Student Special 4G,43,4,Prepaid,0,22.0,4G
CUST-14005,62,Female,Rangpur,iPhone 15 Pro,Student Special 4G,64,6,Prepaid,0,27.0,5G
CUST-14006,29,Male,Rangpur,iPhone 15 Pro,Student Special 4G,24,8,Prepaid,0,21.0,5G
CUST-14007,48,Female,Sylhet,Samsung S23 Ultra,Family Bundle,9,10,Postpaid,0,9.0,4G
CUST-14008,26,Male,Sylhet,iPhone 15 Pro,Prepaid Saver 30D,40,4,Prepaid,0,15.0,4G
CUST-14009,23,Female,Mymensingh,Realme 11,Prepaid Saver 30D,5,10,Prepaid,0,9.0,4G
CUST-14010,34,Female,Rangpur,Vivo Y20,Student Special 4G,67,9,Prepaid,0,23.0,3G
CUST-14011,59,Male,Dhaka,Realme 11,Unlimited Data Max,9,4,Prepaid,0,15.0,5G
CUST-14012,50,Female,Rajshahi,Realme 11,Student Special 4G,61,4,Prepaid,1,15.0,4G
CUST-14013,40,Female,Sylhet,Realme 11,Student Special 4G,48,10,Prepaid,0,9.0,4G
CUST-14014,31,Male,Rajshahi,Vivo Y20,Prepaid Saver 30D,18,8,Prepaid,0,9.0,5G
CUST-14015,24,Male,Dhaka,Vivo Y20,Prepaid Saver 30D,38,10,Prepaid,0,9.0,4G
CUST-14016,30,Male,Dhaka,Samsung S23 Ultra,Postpaid Corporate,39,9,Postpaid,0,30.0,5G
CUST-14017,25,Male,Dhaka,Xiaomi Redmi Note 12,Family Bundle,53,5,Postpaid,0,27.0,4G
CUST-14018,26,Female,Dhaka,Vivo Y20,Unlimited Data Max,31,10,Prepaid,0,16.0,4G
CUST-14019,50,Female,Rangpur,Vivo Y20,Prepaid Saver 30D,43,8,Prepaid,0,9.0,3G
CUST-14020,24,Female,Mymensingh,Xiaomi Redmi Note 12,Postpaid Corporate,30,7,Postpaid,0,15.0,4G
CUST-14021,20,Male,Chattogram,Xiaomi Redmi Note 12,Student Special 4G,7,6,Prepaid,0,29.0,5G
CUST-14022,43,Female,Rajshahi,Samsung S23 Ultra,Postpaid Corporate,51,8,Postpaid,0,9.0,4G
CUST-14023,31,Female,Dhaka,Xiaomi Redmi Note 12,Prepaid Saver 30D,19,10,Prepaid,0,23.0,5G
CUST-14024,39,Female,Khulna,Xiaomi Redmi Note 12,Unlimited Data Max,20,6,Prepaid,0,29.0,5G
CUST-14025,24,Male,Dhaka,Realme 11,Prepaid Saver 30D,24,9,Prepaid,0,16.0,4G
CUST-14026,27,Male,Dhaka,Xiaomi Redmi Note 12,Student Special 4G,41,4,Prepaid,0,22.0,4G
CUST-14027,38,Female,Rajshahi,iPhone 15 Pro,Prepaid Saver 30D,51,10,Prepaid,0,16.0,4G
CUST-14028,50,Female,Rajshahi,Vivo Y20,Prepaid Saver 30D,58,10,Prepaid,0,9.0,4G
CUST-14029,37,Male,Rajshahi,iPhone 15 Pro,Prepaid Saver 30D,43,10,Prepaid,0,9.0,4G
CUST-14030,43,Female,Dhaka,iPhone 15 Pro,Prepaid Saver 30D,29,10,Prepaid,0,9.0,3G
CUST-14031,42,Female,Mymensingh,Xiaomi Redmi Note 12,Prepaid Saver 30D,68,10,Prepaid,0,16.0,4G
CUST-14032,30,Female,Chattogram,iPhone 15 Pro,Student Special 4G,34,9,Prepaid,0,16.0,4G
CUST-14033,31,Male,Dhaka,Samsung S23 Ultra,Prepaid Saver 30D,11,10,Prepaid,0,14.0,5G
CUST-14034,38,Female,Khulna,Realme 11,Postpaid Corporate,57,4,Postpaid,0,15.0,4G
CUST-14035,19,Male,Mymensingh,iPhone 15 Pro,Prepaid Saver 30D,67,6,Prepaid,0,15.0,4G
CUST-14036,50,Female,Rangpur,Vivo Y20,Student Special 4G,21,4,Prepaid,0,29.0,4G
CUST-14037,46,Male,Dhaka,Realme 11,Unlimited Data Max,16,6,Prepaid,0,15.0,4G
CUST-14038,32,Male,Rangpur,Xiaomi Redmi Note 12,Unlimited Data Max,25,6,Prepaid,0,29.0,4G
CUST-14039,35,Female,Dhaka,Xiaomi Redmi Note 12,Prepaid Saver 30D,25,8,Prepaid,0,9.0,4G
CUST-14040,33,Female,Khulna,Vivo Y20,Family Bundle,14,10,Postpaid,0,9.0,4G
CUST-14041,48,Female,Rangpur,Samsung S23 Ultra,Postpaid Corporate,3,10,Postpaid,0,16.0,4G
CUST-14042,53,Female,Rajshahi,iPhone 15 Pro,Postpaid Corporate,14,9,Postpaid,1,21.0,4G
CUST-14043,23,Female,Rangpur,Samsung S23 Ultra,Prepaid Saver 30D,22,4,Prepaid,0,22.0,5G
CUST-14044,37,Female,Rajshahi,Samsung S23 Ultra,Prepaid Saver 30D,14,4,Prepaid,0,15.0,5G
CUST-14045,18,Male,Dhaka,Vivo Y20,Family Bundle,15,8,Postpaid,0,9.0,5G
CUST-14046,39,Female,Sylhet,Samsung S23 Ultra,Prepaid Saver 30D,67,10,Prepaid,1,9.0,4G
CUST-14047,29,Male,Sylhet,Vivo Y20,Postpaid Corporate,16,10,Postpaid,0,16.0,5G
CUST-14048,33,Female,Dhaka,Realme 11,Student Special 4G,59,7,Prepaid,1,29.0,4G
CUST-14049,39,Male,Barishal,Realme 11,Postpaid Corporate,41,5,Postpaid,0,22.0,5G
CUST-14050,33,Male,Dhaka,Realme 11,Unlimited Data Max,31,5,Prepaid,0,15.0,4G
CUST-14051,36,Female,Rangpur,Samsung S23 Ultra,Prepaid Saver 30D,56,10,Prepaid,0,9.0,4G
CUST-14052,53,Male,Sylhet,Samsung S23 Ultra,Unlimited Data Max,2,10,Prepaid,1,9.0,5G
CUST-14053,56,Female,Rangpur,iPhone 15 Pro,Family Bundle,53,4,Postpaid,0,15.0,3G
CUST-14054,18,Male,Dhaka,Realme 11,Student Special 4G,30,4,Prepaid,0,15.0,5G
CUST-14055,35,Male,Barishal,iPhone 15 Pro,Prepaid Saver 30D,59,4,Prepaid,1,15.0,5G
CUST-14056,57,Female,Dhaka,Samsung S23 Ultra,Student Special 4G,69,9,Prepaid,0,23.0,5G
CUST-14057,42,Female,Dhaka,Realme 11,Unlimited Data Max,52,7,Prepaid,0,22.0,4G
CUST-14058,27,Female,Chattogram,Realme 11,Unlimited Data Max,9,10,Prepaid,0,9.0,4G
CUST-14059,45,Female,Chattogram,Xiaomi Redmi Note 12,Unlimited Data Max,70,10,Prepaid,0,23.0,4G
CUST-14060,24,Female,Chattogram,Xiaomi Redmi Note 12,Student Special 4G,54,9,Prepaid,1,21.0,4G
CUST-14061,19,Male,Chattogram,Realme 11,Unlimited Data Max,2,4,Prepaid,1,22.0,4G
CUST-14062,47,Female,Rajshahi,Realme 11,Unlimited Data Max,14,9,Prepaid,1,16.0,4G
CUST-14063,42,Male,Dhaka,iPhone 15 Pro,Unlimited Data Max,71,7,Prepaid,0,15.0,4G
CUST-14064,53,Male,Dhaka,Samsung S23 Ultra,Prepaid Saver 30D,60,10,Prepaid,0,9.0,5G
CUST-14065,34,Male,Khulna,Vivo Y20,Prepaid Saver 30D,30,10,Prepaid,0,16.0,4G
CUST-14066,58,Male,Sylhet,Samsung S23 Ultra,Unlimited Data Max,68,10,Prepaid,0,9.0,4G
CUST-14067,37,Male,Rajshahi,Xiaomi Redmi Note 12,Student Special 4G,34,7,Prepaid,0,15.0,4G
CUST-14068,52,Female,Mymensingh,Vivo Y20,Family Bundle,62,7,Postpaid,0,20.0,5G
CUST-14069,22,Male,Rajshahi,Xiaomi Redmi Note 12,Prepaid Saver 30D,41,8,Prepaid,0,9.0,4G
CUST-14070,22,Female,Rajshahi,Vivo Y20,Family Bundle,47,10,Postpaid,0,14.0,4G
CUST-14071,54,Female,Mymensingh,Xiaomi Redmi Note 12,Student Special 4G,1,9,Prepaid,0,9.0,4G
CUST-14072,57,Male,Dhaka,Realme 11,Student Special 4G,69,7,Prepaid,0,22.0,5G
CUST-14073,62,Male,Khulna,Xiaomi Redmi Note 12,Unlimited Data Max,13,10,Prepaid,0,23.0,4G
CUST-14074,33,Female,Dhaka,iPhone 15 Pro,Student Special 4G,16,7,Prepaid,0,22.0,4G
CUST-14075,19,Female,Dhaka,Vivo Y20,Prepaid Saver 30D,32,10,Prepaid,0,23.0,4G
CUST-14076,64,Male,Dhaka,Xiaomi Redmi Note 12,Unlimited Data Max,54,10,Prepaid,0,30.0,5G
CUST-14077,46,Female,Dhaka,Xiaomi Redmi Note 12,Student Special 4G,55,4,Prepaid,1,29.0,4G
CUST-14078,29,Male,Dhaka,Realme 11,Unlimited Data Max,45,8,Prepaid,0,16.0,4G
CUST-14079,53,Female,Khulna,Vivo Y20,Student Special 4G,62,10,Prepaid,0,9.0,5G
CUST-14080,60,Male,Dhaka,Vivo Y20,Postpaid Corporate,50,10,Postpaid,0,21.0,4G
CUST-14081,31,Female,Chattogram,iPhone 15 Pro,Prepaid Saver 30D,11,9,Prepaid,0,21.0,4G
CUST-14082,54,Male,Dhaka,iPhone 15 Pro,Unlimited Data Max,56,4,Prepaid,0,15.0,5G
CUST-14083,55,Male,Dhaka,iPhone 15 Pro,Student Special 4G,19,7,Prepaid,0,22.0,5G
CUST-14084,41,Male,Mymensingh,iPhone 15 Pro,Unlimited Data Max,37,10,Prepaid,0,30.0,4G
CUST-14085,47,Male,Dhaka,iPhone 15 Pro,Student Special 4G,44,8,Prepaid,0,23.0,4G
CUST-14086,30,Male,Barishal,Xiaomi Redmi Note 12,Postpaid Corporate,28,7,Postpaid,0,15.0,4G
CUST-14087,61,Male,Chattogram,Samsung S23 Ultra,Unlimited Data Max,26,10,Prepaid,0,9.0,5G
CUST-14088,64,Male,Dhaka,Xiaomi Redmi Note 12,Prepaid Saver 30D,20,8,Prepaid,0,23.0,4G
CUST-14089,64,Female,Chattogram,Vivo Y20,Family Bundle,22,10,Postpaid,0,9.0,3G
CUST-14090,52,Female,Dhaka,Xiaomi Redmi Note 12,Family Bundle,71,4,Postpaid,0,20.0,4G
CUST-14091,19,Female,Khulna,Samsung S23 Ultra,Unlimited Data Max,28,9,Prepaid,0,23.0,5G
CUST-14092,35,Male,Sylhet,iPhone 15 Pro,Unlimited Data Max,34,4,Prepaid,0,36.0,4G
CUST-14093,38,Male,Mymensingh,iPhone 15 Pro,Unlimited Data Max,50,5,Prepaid,0,15.0,5G
CUST-14094,63,Male,Barishal,Xiaomi Redmi Note 12,Student Special 4G,18,9,Prepaid,0,9.0,4G
CUST-14095,43,Male,Dhaka,iPhone 15 Pro,Unlimited Data Max,15,10,Prepaid,0,9.0,4G
CUST-14096,43,Male,Rajshahi,iPhone 15 Pro,Unlimited Data Max,15,5,Prepaid,0,27.0,4G
CUST-14097,24,Female,Dhaka,Realme 11,Prepaid Saver 30D,5,8,Prepaid,0,9.0,3G
CUST-14098,55,Male,Sylhet,Samsung S23 Ultra,Family Bundle,33,8,Postpaid,0,28.0,4G
CUST-14099,33,Male,Dhaka,Vivo Y20,Prepaid Saver 30D,1,8,Prepaid,0,9.0,5G
CUST-14100,22,Female,Chattogram,iPhone 15 Pro,Postpaid Corporate,27,10,Postpaid,0,9.0,5G
CUST-14101,64,Female,Chattogram,Vivo Y20,Unlimited Data Max,38,10,Prepaid,0,16.0,5G
CUST-14102,26,Male,Rangpur,Samsung S23 Ultra,Postpaid Corporate,19,4,Postpaid,0,29.0,4G
CUST-14103,18,Male,Sylhet,iPhone 15 Pro,Prepaid Saver 30D,18,10,Prepaid,0,9.0,4G
CUST-14104,21,Female,Rangpur,iPhone 15 Pro,Family Bundle,43,4,Postpaid,0,22.0,4G
CUST-14105,39,Male,Dhaka,Xiaomi Redmi Note 12,Postpaid Corporate,40,10,Postpaid,0,14.0,4G
CUST-14106,22,Female,Rajshahi,Samsung S23 Ultra,Unlimited Data Max,57,10,Prepaid,0,14.0,4G
CUST-14107,57,Male,Chattogram,iPhone 15 Pro,Prepaid Saver 30D,63,10,Prepaid,0,14.0,5G
CUST-14108,42,Male,Dhaka,Vivo Y20,Unlimited Data Max,18,6,Prepaid,0,20.0,3G
CUST-14109,33,Male,Mymensingh,Vivo Y20,Unlimited Data Max,21,9,Prepaid,0,23.0,5G
CUST-14110,18,Male,Sylhet,Xiaomi Redmi Note 12,Family Bundle,38,9,Postpaid,0,9.0,3G
CUST-14111,40,Male,Dhaka,Samsung S23 Ultra,Prepaid Saver 30D,14,7,Prepaid,0,29.0,4G
CUST-14112,25,Male,Dhaka,iPhone 15 Pro,Student Special 4G,52,9,Prepaid,0,9.0,4G
CUST-14113,63,Female,Chattogram,Vivo Y20,Unlimited Data Max,1,10,Prepaid,0,9.0,5G
CUST-14114,31,Female,Dhaka,Vivo Y20,Student Special 4G,27,5,Prepaid,0,22.0,4G
CUST-14115,40,Male,Chattogram,Vivo Y20,Student Special 4G,70,8,Prepaid,1,16.0,4G
CUST-14116,18,Female,Rangpur,Vivo Y20,Postpaid Corporate,53,7,Postpaid,1,15.0,4G
CUST-14117,24,Female,Barishal,Realme 11,Unlimited Data Max,37,6,Prepaid,1,15.0,5G
CUST-14118,27,Male,Mymensingh,Realme 11,Student Special 4G,1,8,Prepaid,0,9.0,4G
CUST-14119,20,Male,Dhaka,Realme 11,Student Special 4G,57,5,Prepaid,1,15.0,5G
CUST-14120,52,Male,Dhaka,Realme 11,Unlimited Data Max,32,5,Prepaid,0,15.0,4G
CUST-14121,62,Male,Dhaka,iPhone 15 Pro,Family Bundle,61,10,Postpaid,0,9.0,4G
CUST-14122,64,Female,Dhaka,Realme 11,Student Special 4G,56,7,Prepaid,1,22.0,4G
CUST-14123,30,Male,Khulna,iPhone 15 Pro,Unlimited Data Max,71,7,Prepaid,0,15.0,4G
CUST-14124,55,Male,Mymensingh,Realme 11,Prepaid Saver 30D,9,10,Prepaid,0,9.0,3G
CUST-14125,41,Male,Sylhet,iPhone 15 Pro,Prepaid Saver 30D,62,10,Prepaid,0,9.0,4G
CUST-14126,20,Male,Dhaka,Xiaomi Redmi Note 12,Prepaid Saver 30D,51,10,Prepaid,0,9.0,4G
CUST-14127,22,Male,Khulna,Samsung S23 Ultra,Student Special 4G,21,10,Prepaid,0,9.0,4G
CUST-14128,43,Male,Rangpur,Vivo Y20,Student Special 4G,60,6,Prepaid,0,15.0,4G
CUST-14129,37,Male,Dhaka,Realme 11,Unlimited Data Max,41,6,Prepaid,0,15.0,4G
CUST-14130,18,Male,Rangpur,Samsung S23 Ultra,Prepaid Saver 30D,47,10,Prepaid,0,9.0,4G
CUST-14131,61,Female,Sylhet,Xiaomi Redmi Note 12,Prepaid Saver 30D,69,10,Prepaid,0,16.0,4G
CUST-14132,52,Female,Rangpur,Xiaomi Redmi Note 12,Prepaid Saver 30D,41,10,Prepaid,0,9.0,4G
CUST-14133,41,Female,Khulna,Vivo Y20,Postpaid Corporate,45,10,Postpaid,0,16.0,3G
CUST-14134,64,Female,Rajshahi,Realme 11,Postpaid Corporate,62,10,Postpaid,1,16.0,4G
CUST-14135,63,Female,Dhaka,Vivo Y20,Prepaid Saver 30D,55,5,Prepaid,0,15.0,4G
CUST-14136,63,Male,Khulna,Xiaomi Redmi Note 12,Prepaid Saver 30D,46,8,Prepaid,1,23.0,4G
CUST-14137,30,Male,Sylhet,Samsung S23 Ultra,Student Special 4G,65,5,Prepaid,0,15.0,4G
CUST-14138,59,Male,Dhaka,Realme 11,Prepaid Saver 30D,65,8,Prepaid,0,9.0,4G
CUST-14139,41,Female,Rajshahi,iPhone 15 Pro,Prepaid Saver 30D,44,10,Prepaid,0,9.0,4G
CUST-14140,52,Male,Dhaka,Realme 11,Family Bundle,7,10,Postpaid,0,16.0,5G
CUST-14141,58,Female,Chattogram,Xiaomi Redmi Note 12,Student Special 4G,50,6,Prepaid,0,22.0,4G
CUST-14142,25,Female,Mymensingh,iPhone 15 Pro,Postpaid Corporate,24,10,Postpaid,1,9.0,4G
CUST-14143,39,Male,Rajshahi,Samsung S23 Ultra,Prepaid Saver 30D,42,7,Prepaid,0,22.0,4G
CUST-14144,24,Female,Khulna,Vivo Y20,Postpaid Corporate,27,10,Postpaid,0,16.0,4G
CUST-14145,31,Male,Rangpur,Realme 11,Postpaid Corporate,25,10,Postpaid,0,9.0,5G
CUST-14146,37,Male,Dhaka,iPhone 15 Pro,Prepaid Saver 30D,70,6,Prepaid,1,22.0,4G
CUST-14147,58,Female,Rangpur,Realme 11,Unlimited Data Max,18,5,Prepaid,0,15.0,4G
CUST-14148,58,Male,Mymensingh,Vivo Y20,Prepaid Saver 30D,12,10,Prepaid,0,9.0,5G
CUST-14149,36,Female,Rajshahi,Realme 11,Prepaid Saver 30D,45,8,Prepaid,0,16.0,3G
CUST-14150,33,Male,Dhaka,Vivo Y20,Family Bundle,46,6,Postpaid,0,29.0,4G
CUST-14151,42,Male,Dhaka,Xiaomi Redmi Note 12,Postpaid Corporate,70,6,Postpaid,0,22.0,4G
CUST-14152,60,Female,Rangpur,iPhone 15 Pro,Unlimited Data Max,5,8,Prepaid,1,28.0,4G
CUST-14153,63,Male,Barishal,Vivo Y20,Prepaid Saver 30D,66,7,Prepaid,1,22.0,4G
CUST-14154,28,Male,Dhaka,Realme 11,Prepaid Saver 30D,60,10,Prepaid,0,16.0,4G
CUST-14155,26,Female,Rajshahi,Realme 11,Prepaid Saver 30D,15,7,Prepaid,0,22.0,4G
CUST-14156,51,Male,Rajshahi,Realme 11,Unlimited Data Max,59,8,Prepaid,0,9.0,5G
CUST-14157,32,Male,Rangpur,Vivo Y20,Family Bundle,60,6,Postpaid,0,22.0,4G
CUST-14158,27,Male,Rajshahi,Realme 11,Family Bundle,9,10,Postpaid,0,9.0,4G
CUST-14159,19,Female,Sylhet,Vivo Y20,Family Bundle,2,10,Postpaid,0,9.0,3G
CUST-14160,36,Female,Dhaka,Samsung S23 Ultra,Prepaid Saver 30D,47,9,Prepaid,0,23.0,4G
CUST-14161,36,Female,Khulna,Realme 11,Student Special 4G,42,10,Prepaid,0,16.0,5G
CUST-14162,44,Male,Rangpur,iPhone 15 Pro,Postpaid Corporate,62,6,Postpaid,0,22.0,3G
CUST-14163,27,Female,Mymensingh,Samsung S23 Ultra,Prepaid Saver 30D,67,9,Prepaid,1,9.0,5G
CUST-14164,51,Male,Chattogram,iPhone 15 Pro,Unlimited Data Max,8,10,Prepaid,0,9.0,4G
CUST-14165,49,Female,Dhaka,Vivo Y20,Unlimited Data Max,69,10,Prepaid,0,30.0,4G
CUST-14166,39,Female,Khulna,Vivo Y20,Unlimited Data Max,61,7,Prepaid,0,15.0,4G
CUST-14167,26,Male,Rajshahi,iPhone 15 Pro,Student Special 4G,43,5,Prepaid,0,22.0,4G
CUST-14168,41,Female,Khulna,Samsung S23 Ultra,Postpaid Corporate,26,10,Postpaid,0,9.0,4G
CUST-14169,49,Female,Rajshahi,Xiaomi Redmi Note 12,Family Bundle,45,9,Postpaid,0,9.0,4G
CUST-14170,35,Female,Rangpur,iPhone 15 Pro,Prepaid Saver 30D,41,4,Prepaid,1,29.0,4G
CUST-14171,30,Female,Dhaka,Xiaomi Redmi Note 12,Unlimited Data Max,28,10,Prepaid,0,23.0,4G
CUST-14172,41,Male,Khulna,Realme 11,Prepaid Saver 30D,6,8,Prepaid,1,30.0,4G
CUST-14173,34,Female,Khulna,iPhone 15 Pro,Unlimited Data Max,52,10,Prepaid,0,28.0,5G
CUST-14174,36,Male,Chattogram,Samsung S23 Ultra,Family Bundle,22,7,Postpaid,1,29.0,4G
CUST-14175,34,Male,Dhaka,Samsung S23 Ultra,Prepaid Saver 30D,18,10,Prepaid,0,9.0,4G
CUST-14176,32,Male,Khulna,Realme 11,Unlimited Data Max,27,8,Prepaid,0,16.0,5G
CUST-14177,51,Male,Rajshahi,Samsung S23 Ultra,Prepaid Saver 30D,3,9,Prepaid,0,9.0,4G
CUST-14178,39,Female,Dhaka,iPhone 15 Pro,Student Special 4G,28,9,Prepaid,0,9.0,5G
CUST-14179,39,Male,Chattogram,Vivo Y20,Prepaid Saver 30D,60,10,Prepaid,0,16.0,4G
CUST-14180,48,Male,Dhaka,Samsung S23 Ultra,Unlimited Data Max,52,10,Prepaid,1,9.0,5G
CUST-14181,34,Male,Rangpur,Realme 11,Postpaid Corporate,5,4,Postpaid,0,15.0,5G
CUST-14182,22,Female,Khulna,Samsung S23 Ultra,Unlimited Data Max,24,10,Prepaid,0,14.0,4G
CUST-14183,58,Female,Dhaka,Vivo Y20,Postpaid Corporate,48,4,Postpaid,0,27.0,5G
CUST-14184,20,Female,Sylhet,Realme 11,Postpaid Corporate,67,9,Postpaid,0,16.0,5G
CUST-14185,44,Female,Chattogram,Vivo Y20,Unlimited Data Max,32,7,Prepaid,0,22.0,5G
CUST-14186,30,Male,Dhaka,Realme 11,Prepaid Saver 30D,71,8,Prepaid,0,9.0,5G
CUST-14187,28,Female,Dhaka,Xiaomi Redmi Note 12,Unlimited Data Max,4,10,Prepaid,0,16.0,4G
CUST-14188,19,Female,Rajshahi,Vivo Y20,Prepaid Saver 30D,65,5,Prepaid,1,15.0,4G
CUST-14189,60,Female,Rangpur,Realme 11,Postpaid Corporate,12,4,Postpaid,0,22.0,4G
CUST-14190,38,Male,Barishal,Samsung S23 Ultra,Prepaid Saver 30D,52,10,Prepaid,1,23.0,4G
CUST-14191,34,Male,Rajshahi,Xiaomi Redmi Note 12,Unlimited Data Max,8,6,Prepaid,0,15.0,4G
CUST-14192,52,Female,Rajshahi,Xiaomi Redmi Note 12,Postpaid Corporate,71,8,Postpaid,0,9.0,4G
CUST-14193,19,Male,Rangpur,iPhone 15 Pro,Postpaid Corporate,16,10,Postpaid,0,16.0,4G
CUST-14194,44,Male,Rangpur,Xiaomi Redmi Note 12,Student Special 4G,27,10,Prepaid,0,9.0,4G
CUST-14195,41,Male,Rajshahi,Vivo Y20,Student Special 4G,46,10,Prepaid,1,16.0,5G
CUST-14196,44,Male,Chattogram,Samsung S23 Ultra,Prepaid Saver 30D,4,4,Prepaid,0,15.0,4G
CUST-14197,23,Male,Dhaka,Vivo Y20,Prepaid Saver 30D,41,7,Prepaid,0,20.0,4G
CUST-14198,62,Female,Sylhet,Realme 11,Prepaid Saver 30D,21,9,Prepaid,0,16.0,3G
CUST-14199,29,Male,Khulna,Samsung S23 Ultra,Student Special 4G,31,4,Prepaid,0,27.0,5G
CUST-14200,49,Female,Khulna,iPhone 15 Pro,Prepaid Saver 30D,24,10,Prepaid,0,16.0,4G
CUST-14201,53,Male,Rangpur,Vivo Y20,Family Bundle,60,10,Postpaid,0,9.0,4G
CUST-14202,34,Female,Rangpur,Realme 11,Postpaid Corporate,33,7,Postpaid,0,15.0,4G
CUST-14203,24,Male,Rajshahi,Samsung S23 Ultra,Prepaid Saver 30D,54,10,Prepaid,0,9.0,4G
CUST-14204,31,Female,Rangpur,Samsung S23 Ultra,Student Special 4G,3,10,Prepaid,0,9.0,3G
CUST-14205,55,Female,Chattogram,Vivo Y20,Unlimited Data Max,49,10,Prepaid,0,30.0,5G
CUST-14206,60,Female,Rajshahi,Samsung S23 Ultra,Family Bundle,28,7,Postpaid,1,22.0,5G
CUST-14207,62,Male,Sylhet,Realme 11,Prepaid Saver 30D,43,5,Prepaid,1,15.0,3G
CUST-14208,28,Female,Barishal,Vivo Y20,Postpaid Corporate,61,10,Postpaid,0,14.0,4G
CUST-14209,46,Male,Chattogram,Samsung S23 Ultra,Postpaid Corporate,50,9,Postpaid,0,16.0,4G
CUST-14210,25,Male,Rajshahi,Samsung S23 Ultra,Unlimited Data Max,26,10,Prepaid,0,21.0,5G
CUST-14211,51,Male,Dhaka,Vivo Y20,Postpaid Corporate,17,8,Postpaid,0,23.0,4G
CUST-14212,37,Female,Chattogram,Vivo Y20,Prepaid Saver 30D,64,5,Prepaid,0,15.0,4G
CUST-14213,51,Female,Dhaka,Xiaomi Redmi Note 12,Prepaid Saver 30D,19,10,Prepaid,0,9.0,5G
CUST-14214,50,Female,Dhaka,iPhone 15 Pro,Unlimited Data Max,3,10,Prepaid,0,14.0,5G
CUST-14215,64,Female,Dhaka,Samsung S23 Ultra,Student Special 4G,22,10,Prepaid,0,16.0,4G
CUST-14216,40,Male,Rangpur,Vivo Y20,Student Special 4G,1,4,Prepaid,1,15.0,5G
CUST-14217,34,Male,Mymensingh,Realme 11,Unlimited Data Max,53,10,Prepaid,0,14.0,4G
CUST-14218,42,Male,Rajshahi,Vivo Y20,Student Special 4G,64,10,Prepaid,0,9.0,4G
CUST-14219,25,Male,Barishal,Realme 11,Student Special 4G,31,8,Prepaid,0,23.0,5G
CUST-14220,23,Female,Dhaka,Xiaomi Redmi Note 12,Unlimited Data Max,44,9,Prepaid,0,9.0,4G
CUST-14221,42,Female,Dhaka,Xiaomi Redmi Note 12,Family Bundle,69,4,Postpaid,0,29.0,4G
CUST-14222,56,Female,Rangpur,iPhone 15 Pro,Unlimited Data Max,66,10,Prepaid,0,9.0,3G
CUST-14223,43,Female,Sylhet,Realme 11,Student Special 4G,3,10,Prepaid,1,21.0,4G
CUST-14224,54,Female,Dhaka,Samsung S23 Ultra,Prepaid Saver 30D,5,6,Prepaid,0,15.0,4G
CUST-14225,26,Female,Sylhet,Samsung S23 Ultra,Family Bundle,28,10,Postpaid,0,14.0,4G
CUST-14226,39,Male,Barishal,Vivo Y20,Prepaid Saver 30D,20,6,Prepaid,0,15.0,4G
CUST-14227,46,Female,Dhaka,iPhone 15 Pro,Prepaid Saver 30D,11,5,Prepaid,0,15.0,4G
CUST-14228,34,Female,Rajshahi,Samsung S23 Ultra,Student Special 4G,11,4,Prepaid,0,20.0,5G
CUST-14229,18,Female,Dhaka,Realme 11,Postpaid Corporate,58,10,Postpaid,0,9.0,4G
CUST-14230,21,Female,Sylhet,iPhone 15 Pro,Postpaid Corporate,14,6,Postpaid,1,22.0,4G
CUST-14231,61,Female,Chattogram,iPhone 15 Pro,Postpaid Corporate,35,5,Postpaid,0,15.0,4G
CUST-14232,46,Female,Rajshahi,Xiaomi Redmi Note 12,Postpaid Corporate,4,10,Postpaid,1,16.0,4G
CUST-14233,30,Male,Chattogram,Xiaomi Redmi Note 12,Unlimited Data Max,45,10,Prepaid,1,9.0,5G
CUST-14234,30,Male,Chattogram,Realme 11,Unlimited Data Max,53,6,Prepaid,0,22.0,5G
CUST-14235,19,Female,Dhaka,Vivo Y20,Unlimited Data Max,43,10,Prepaid,0,21.0,3G
CUST-14236,62,Female,Sylhet,Vivo Y20,Unlimited Data Max,21,8,Prepaid,0,9.0,4G
CUST-14237,23,Male,Khulna,Vivo Y20,Student Special 4G,6,4,Prepaid,0,22.0,5G
CUST-14238,53,Male,Mymensingh,Xiaomi Redmi Note 12,Prepaid Saver 30D,29,6,Prepaid,1,15.0,4G
CUST-14239,29,Female,Barishal,Xiaomi Redmi Note 12,Prepaid Saver 30D,56,10,Prepaid,0,14.0,4G
CUST-14240,33,Female,Barishal,Samsung S23 Ultra,Unlimited Data Max,9,10,Prepaid,0,16.0,4G
CUST-14241,30,Male,Chattogram,Xiaomi Redmi Note 12,Student Special 4G,59,8,Prepaid,1,28.0,4G
CUST-14242,56,Female,Rajshahi,Realme 11,Unlimited Data Max,65,10,Prepaid,0,23.0,5G
CUST-14243,19,Male,Chattogram,Vivo Y20,Unlimited Data Max,44,9,Prepaid,0,9.0,4G
CUST-14244,34,Male,Dhaka,Samsung S23 Ultra,Student Special 4G,60,4,Prepaid,0,15.0,4G
CUST-14245,31,Female,Khulna,Vivo Y20,Unlimited Data Max,20,10,Prepaid,0,9.0,5G
CUST-14246,30,Female,Khulna,Xiaomi Redmi Note 12,Student Special 4G,45,4,Prepaid,0,27.0,5G
CUST-14247,27,Female,Dhaka,Samsung S23 Ultra,Prepaid Saver 30D,52,10,Prepaid,0,9.0,5G
CUST-14248,60,Male,Barishal,Vivo Y20,Student Special 4G,51,4,Prepaid,0,15.0,4G
CUST-14249,35,Male,Dhaka,Xiaomi Redmi Note 12,Unlimited Data Max,50,7,Prepaid,0,15.0,4G
CUST-14250,37,Female,Rajshahi,Xiaomi Redmi Note 12,Prepaid Saver 30D,14,4,Prepaid,0,22.0,4G
CUST-14251,36,Female,Chattogram,Samsung S23 Ultra,Prepaid Saver 30D,65,10,Prepaid,0,23.0,4G
CUST-14252,64,Female,Mymensingh,Samsung S23 Ultra,Postpaid Corporate,49,7,Postpaid,0,15.0,3G
CUST-14253,33,Male,Barishal,Samsung S23 Ultra,Student Special 4G,9,9,Prepaid,0,9.0,5G
CUST-14254,34,Female,Rangpur,iPhone 15 Pro,Unlimited Data Max,46,5,Prepaid,0,29.0,4G
CUST-14255,33,Male,Sylhet,iPhone 15 Pro,Postpaid Corporate,65,10,Postpaid,0,16.0,4G
CUST-14256,33,Female,Barishal,Xiaomi Redmi Note 12,Unlimited Data Max,2,8,Prepaid,0,9.0,4G
CUST-14257,22,Female,Dhaka,Realme 11,Student Special 4G,63,7,Prepaid,0,15.0,4G
CUST-14258,46,Male,Dhaka,Vivo Y20,Family Bundle,24,4,Postpaid,0,27.0,4G
CUST-14259,19,Male,Rangpur,Realme 11,Unlimited Data Max,22,8,Prepaid,0,9.0,5G
CUST-14260,28,Female,Khulna,Xiaomi Redmi Note 12,Unlimited Data Max,35,10,Prepaid,0,9.0,5G
CUST-14261,27,Male,Khulna,Vivo Y20,Student Special 4G,51,5,Prepaid,1,15.0,3G
CUST-14262,31,Male,Chattogram,Xiaomi Redmi Note 12,Student Special 4G,8,9,Prepaid,0,16.0,4G
CUST-14263,53,Female,Chattogram,Xiaomi Redmi Note 12,Postpaid Corporate,19,10,Postpaid,0,16.0,5G
CUST-14264,46,Female,Mymensingh,iPhone 15 Pro,Prepaid Saver 30D,58,10,Prepaid,0,9.0,4G
CUST-14265,64,Male,Khulna,Xiaomi Redmi Note 12,Student Special 4G,17,10,Prepaid,0,16.0,4G
CUST-14266,34,Female,Rangpur,Samsung S23 Ultra,Prepaid Saver 30D,25,10,Prepaid,0,16.0,4G
CUST-14267,61,Male,Rangpur,Samsung S23 Ultra,Family Bundle,46,6,Postpaid,0,22.0,4G
CUST-14268,20,Male,Mymensingh,Vivo Y20,Student Special 4G,18,5,Prepaid,0,27.0,5G
CUST-14269,41,Male,Khulna,Samsung S23 Ultra,Student Special 4G,4,9,Prepaid,1,35.0,4G
CUST-14270,55,Male,Rangpur,Xiaomi Redmi Note 12,Student Special 4G,38,10,Prepaid,0,9.0,4G
CUST-14271,42,Female,Rajshahi,Samsung S23 Ultra,Family Bundle,7,7,Postpaid,1,29.0,4G
CUST-14272,61,Female,Rangpur,Realme 11,Unlimited Data Max,28,6,Prepaid,0,27.0,4G
CUST-14273,32,Male,Sylhet,Vivo Y20,Family Bundle,47,5,Postpaid,1,22.0,4G
CUST-14274,19,Male,Dhaka,Xiaomi Redmi Note 12,Unlimited Data Max,53,9,Prepaid,0,9.0,4G
CUST-14275,54,Male,Rajshahi,Samsung S23 Ultra,Prepaid Saver 30D,68,4,Prepaid,0,20.0,4G
CUST-14276,21,Male,Mymensingh,Samsung S23 Ultra,Prepaid Saver 30D,62,10,Prepaid,0,9.0,4G
CUST-14277,53,Female,Chattogram,Realme 11,Unlimited Data Max,3,10,Prepaid,0,16.0,4G
CUST-14278,52,Female,Mymensingh,Samsung S23 Ultra,Prepaid Saver 30D,35,10,Prepaid,0,16.0,5G
CUST-14279,57,Male,Dhaka,iPhone 15 Pro,Prepaid Saver 30D,2,6,Prepaid,0,22.0,5G
CUST-14280,40,Female,Dhaka,Vivo Y20,Unlimited Data Max,57,4,Prepaid,0,15.0,4G
CUST-14281,60,Male,Chattogram,Xiaomi Redmi Note 12,Prepaid Saver 30D,6,9,Prepaid,0,9.0,4G
CUST-14282,25,Male,Rajshahi,Vivo Y20,Prepaid Saver 30D,56,10,Prepaid,0,9.0,4G
CUST-14283,38,Female,Mymensingh,Vivo Y20,Postpaid Corporate,1,10,Postpaid,1,9.0,4G
CUST-14284,23,Male,Khulna,Realme 11,Prepaid Saver 30D,8,5,Prepaid,0,15.0,3G
CUST-14285,54,Female,Chattogram,Vivo Y20,Postpaid Corporate,66,4,Postpaid,1,22.0,5G
CUST-14286,51,Male,Khulna,Samsung S23 Ultra,Student Special 4G,14,5,Prepaid,0,15.0,4G
CUST-14287,55,Male,Chattogram,iPhone 15 Pro,Postpaid Corporate,34,9,Postpaid,0,9.0,4G
CUST-14288,53,Female,Dhaka,iPhone 15 Pro,Unlimited Data Max,37,5,Prepaid,0,15.0,5G
CUST-14289,32,Female,Dhaka,Vivo Y20,Prepaid Saver 30D,50,10,Prepaid,1,9.0,4G
CUST-14290,21,Female,Rangpur,Realme 11,Prepaid Saver 30D,67,7,Prepaid,0,20.0,4G
CUST-14291,61,Female,Dhaka,iPhone 15 Pro,Unlimited Data Max,30,10,Prepaid,0,9.0,5G
CUST-14292,41,Male,Khulna,iPhone 15 Pro,Student Special 4G,43,7,Prepaid,0,15.0,3G
CUST-14293,22,Male,Rangpur,Vivo Y20,Unlimited Data Max,71,6,Prepaid,0,15.0,4G
CUST-14294,61,Male,Dhaka,Vivo Y20,Family Bundle,8,4,Postpaid,0,22.0,4G
CUST-14295,64,Female,Rangpur,Samsung S23 Ultra,Unlimited Data Max,35,6,Prepaid,0,15.0,5G
CUST-14296,38,Male,Chattogram,iPhone 15 Pro,Postpaid Corporate,22,10,Postpaid,0,9.0,5G
CUST-14297,54,Female,Dhaka,Xiaomi Redmi Note 12,Prepaid Saver 30D,67,10,Prepaid,0,9.0,4G
CUST-14298,19,Male,Chattogram,iPhone 15 Pro,Family Bundle,44,10,Postpaid,1,30.0,4G
CUST-14299,22,Female,Khulna,Realme 11,Student Special 4G,47,4,Prepaid,0,22.0,3G
CUST-14300,30,Male,Sylhet,Realme 11,Unlimited Data Max,14,7,Prepaid,0,15.0,4G
CUST-14301,48,Female,Mymensingh,Vivo Y20,Unlimited Data Max,68,9,Prepaid,0,9.0,4G
CUST-14302,24,Male,Khulna,Realme 11,Postpaid Corporate,5,10,Postpaid,0,9.0,5G
CUST-14303,19,Female,Dhaka,Vivo Y20,Unlimited Data Max,36,6,Prepaid,0,34.0,4G
CUST-14304,49,Male,Sylhet,iPhone 15 Pro,Unlimited Data Max,50,5,Prepaid,0,22.0,4G
CUST-14305,54,Female,Dhaka,iPhone 15 Pro,Family Bundle,63,10,Postpaid,0,9.0,4G
CUST-14306,52,Female,Dhaka,iPhone 15 Pro,Postpaid Corporate,20,8,Postpaid,0,16.0,4G
CUST-14307,55,Female,Sylhet,Vivo Y20,Unlimited Data Max,24,7,Prepaid,0,27.0,3G
CUST-14308,55,Female,Dhaka,Realme 11,Prepaid Saver 30D,3,7,Prepaid,0,22.0,4G
CUST-14309,46,Female,Dhaka,iPhone 15 Pro,Unlimited Data Max,47,8,Prepaid,1,21.0,4G
CUST-14310,42,Male,Barishal,Realme 11,Student Special 4G,14,8,Prepaid,1,9.0,4G
CUST-14311,58,Female,Chattogram,iPhone 15 Pro,Unlimited Data Max,44,10,Prepaid,0,9.0,5G
CUST-14312,34,Male,Rajshahi,iPhone 15 Pro,Prepaid Saver 30D,7,10,Prepaid,0,9.0,4G
CUST-14313,22,Female,Dhaka,Samsung S23 Ultra,Unlimited Data Max,35,4,Prepaid,0,29.0,5G
CUST-14314,53,Female,Sylhet,Vivo Y20,Family Bundle,34,5,Postpaid,0,15.0,3G
CUST-14315,30,Female,Chattogram,iPhone 15 Pro,Unlimited Data Max,36,10,Prepaid,1,9.0,4G
CUST-14316,64,Male,Khulna,Realme 11,Postpaid Corporate,22,10,Postpaid,0,14.0,5G
CUST-14317,37,Male,Rajshahi,Samsung S23 Ultra,Prepaid Saver 30D,13,10,Prepaid,0,9.0,4G
CUST-14318,58,Male,Khulna,Samsung S23 Ultra,Student Special 4G,56,10,Prepaid,1,16.0,4G
CUST-14319,19,Male,Dhaka,Realme 11,Unlimited Data Max,65,10,Prepaid,1,9.0,3G
CUST-14320,48,Female,Khulna,Samsung S23 Ultra,Student Special 4G,20,6,Prepaid,1,15.0,4G
CUST-14321,39,Female,Mymensingh,Samsung S23 Ultra,Family Bundle,33,4,Postpaid,0,15.0,4G
CUST-14322,39,Male,Rangpur,iPhone 15 Pro,Unlimited Data Max,8,10,Prepaid,1,16.0,5G
CUST-14323,30,Male,Dhaka,Xiaomi Redmi Note 12,Unlimited Data Max,11,10,Prepaid,0,9.0,4G
CUST-14324,63,Male,Dhaka,Samsung S23 Ultra,Family Bundle,26,8,Postpaid,1,9.0,4G
CUST-14325,36,Female,Mymensingh,Samsung S23 Ultra,Prepaid Saver 30D,51,5,Prepaid,0,15.0,4G
CUST-14326,57,Male,Dhaka,iPhone 15 Pro,Student Special 4G,48,10,Prepaid,0,14.0,4G
CUST-14327,37,Female,Chattogram,Realme 11,Student Special 4G,52,7,Prepaid,1,20.0,4G
CUST-14328,20,Male,Sylhet,Samsung S23 Ultra,Prepaid Saver 30D,7,10,Prepaid,0,9.0,4G
CUST-14329,59,Female,Chattogram,iPhone 15 Pro,Unlimited Data Max,4,5,Prepaid,0,15.0,4G
CUST-14330,26,Male,Chattogram,Samsung S23 Ultra,Prepaid Saver 30D,20,7,Prepaid,0,22.0,5G
CUST-14331,30,Male,Khulna,iPhone 15 Pro,Prepaid Saver 30D,24,10,Prepaid,0,16.0,4G
CUST-14332,58,Male,Chattogram,iPhone 15 Pro,Prepaid Saver 30D,37,10,Prepaid,0,9.0,4G
CUST-14333,60,Female,Barishal,Realme 11,Postpaid Corporate,42,6,Postpaid,1,20.0,4G
CUST-14334,61,Female,Chattogram,Samsung S23 Ultra,Prepaid Saver 30D,14,10,Prepaid,0,16.0,4G
CUST-14335,38,Male,Chattogram,Vivo Y20,Student Special 4G,59,6,Prepaid,1,27.0,4G
CUST-14336,53,Male,Dhaka,iPhone 15 Pro,Unlimited Data Max,54,10,Prepaid,0,9.0,4G
CUST-14337,33,Female,Rangpur,Vivo Y20,Prepaid Saver 30D,23,8,Prepaid,0,9.0,4G
CUST-14338,52,Male,Dhaka,Realme 11,Unlimited Data Max,46,10,Prepaid,0,9.0,4G
CUST-14339,41,Male,Dhaka,iPhone 15 Pro,Unlimited Data Max,22,6,Prepaid,0,15.0,5G
CUST-14340,20,Male,Khulna,iPhone 15 Pro,Prepaid Saver 30D,5,4,Prepaid,0,15.0,4G
CUST-14341,37,Female,Dhaka,Vivo Y20,Family Bundle,53,10,Postpaid,0,16.0,5G
CUST-14342,39,Male,Dhaka,Vivo Y20,Prepaid Saver 30D,7,4,Prepaid,1,22.0,4G
CUST-14343,30,Female,Dhaka,Realme 11,Prepaid Saver 30D,16,9,Prepaid,0,9.0,4G
CUST-14344,35,Male,Dhaka,Samsung S23 Ultra,Postpaid Corporate,22,4,Postpaid,0,22.0,4G
CUST-14345,41,Female,Dhaka,Vivo Y20,Postpaid Corporate,64,9,Postpaid,0,14.0,4G
CUST-14346,20,Male,Barishal,Xiaomi Redmi Note 12,Prepaid Saver 30D,42,5,Prepaid,0,15.0,5G
CUST-14347,25,Female,Rangpur,Samsung S23 Ultra,Prepaid Saver 30D,57,5,Prepaid,0,15.0,5G
CUST-14348,54,Female,Sylhet,Vivo Y20,Prepaid Saver 30D,65,10,Prepaid,1,16.0,4G
CUST-14349,34,Male,Rangpur,Samsung S23 Ultra,Unlimited Data Max,64,10,Prepaid,0,23.0,4G
CUST-14350,46,Male,Barishal,iPhone 15 Pro,Prepaid Saver 30D,44,8,Prepaid,0,9.0,4G
CUST-14351,44,Male,Rajshahi,Samsung S23 Ultra,Unlimited Data Max,26,7,Prepaid,1,15.0,5G
CUST-14352,43,Male,Khulna,Xiaomi Redmi Note 12,Postpaid Corporate,29,10,Postpaid,0,21.0,4G
CUST-14353,37,Male,Chattogram,Vivo Y20,Student Special 4G,12,7,Prepaid,0,20.0,4G
CUST-14354,40,Female,Sylhet,Samsung S23 Ultra,Prepaid Saver 30D,42,5,Prepaid,0,15.0,4G
CUST-14355,56,Female,Rajshahi,Samsung S23 Ultra,Unlimited Data Max,42,6,Prepaid,0,15.0,5G
CUST-14356,63,Female,Chattogram,Vivo Y20,Student Special 4G,70,10,Prepaid,0,9.0,4G
CUST-14357,30,Female,Sylhet,Samsung S23 Ultra,Prepaid Saver 30D,14,10,Prepaid,0,9.0,4G
CUST-14358,49,Female,Chattogram,Samsung S23 Ultra,Postpaid Corporate,54,10,Postpaid,1,9.0,4G
CUST-14359,63,Male,Dhaka,Xiaomi Redmi Note 12,Student Special 4G,19,10,Prepaid,0,9.0,5G
CUST-14360,18,Male,Chattogram,iPhone 15 Pro,Postpaid Corporate,6,10,Postpaid,0,9.0,4G
CUST-14361,54,Male,Chattogram,Vivo Y20,Postpaid Corporate,29,4,Postpaid,0,15.0,4G
CUST-14362,41,Female,Sylhet,Samsung S23 Ultra,Prepaid Saver 30D,69,10,Prepaid,0,9.0,4G
CUST-14363,63,Male,Khulna,Xiaomi Redmi Note 12,Family Bundle,33,5,Postpaid,0,15.0,4G
CUST-14364,45,Male,Dhaka,Vivo Y20,Postpaid Corporate,14,8,Postpaid,0,9.0,3G
CUST-14365,57,Female,Rajshahi,Realme 11,Unlimited Data Max,23,8,Prepaid,0,9.0,4G
CUST-14366,25,Male,Rangpur,Samsung S23 Ultra,Prepaid Saver 30D,50,10,Prepaid,0,14.0,5G
CUST-14367,24,Male,Rangpur,Samsung S23 Ultra,Unlimited Data Max,21,5,Prepaid,0,22.0,4G
CUST-14368,61,Male,Sylhet,Samsung S23 Ultra,Prepaid Saver 30D,17,10,Prepaid,0,9.0,4G
CUST-14369,42,Male,Rangpur,Vivo Y20,Unlimited Data Max,18,10,Prepaid,0,14.0,4G
CUST-14370,44,Male,Mymensingh,iPhone 15 Pro,Postpaid Corporate,6,7,Postpaid,0,15.0,5G
CUST-14371,25,Male,Dhaka,Samsung S23 Ultra,Prepaid Saver 30D,49,7,Prepaid,0,22.0,5G
CUST-14372,28,Female,Sylhet,iPhone 15 Pro,Prepaid Saver 30D,23,5,Prepaid,1,20.0,3G
CUST-14373,56,Male,Chattogram,iPhone 15 Pro,Postpaid Corporate,22,7,Postpaid,1,34.0,4G
CUST-14374,32,Female,Chattogram,Samsung S23 Ultra,Prepaid Saver 30D,24,5,Prepaid,1,15.0,5G
CUST-14375,45,Male,Dhaka,Xiaomi Redmi Note 12,Prepaid Saver 30D,50,10,Prepaid,0,9.0,5G
CUST-14376,32,Male,Dhaka,Vivo Y20,Prepaid Saver 30D,63,10,Prepaid,0,9.0,4G
CUST-14377,30,Male,Khulna,iPhone 15 Pro,Prepaid Saver 30D,53,9,Prepaid,0,9.0,4G
CUST-14378,25,Female,Rangpur,Vivo Y20,Family Bundle,41,10,Postpaid,1,16.0,5G
CUST-14379,61,Female,Dhaka,Realme 11,Prepaid Saver 30D,51,5,Prepaid,0,22.0,4G
CUST-14380,62,Male,Khulna,iPhone 15 Pro,Prepaid Saver 30D,17,10,Prepaid,0,16.0,4G
CUST-14381,23,Female,Dhaka,Realme 11,Family Bundle,65,7,Postpaid,1,20.0,5G
CUST-14382,34,Male,Mymensingh,iPhone 15 Pro,Postpaid Corporate,44,10,Postpaid,0,14.0,4G
CUST-14383,44,Male,Chattogram,iPhone 15 Pro,Prepaid Saver 30D,68,10,Prepaid,0,9.0,5G
CUST-14384,36,Female,Barishal,iPhone 15 Pro,Prepaid Saver 30D,20,5,Prepaid,0,15.0,4G
CUST-14385,51,Female,Mymensingh,Samsung S23 Ultra,Student Special 4G,11,10,Prepaid,0,9.0,3G
CUST-14386,30,Male,Khulna,Realme 11,Prepaid Saver 30D,51,10,Prepaid,0,9.0,4G
CUST-14387,20,Male,Dhaka,Samsung S23 Ultra,Prepaid Saver 30D,23,10,Prepaid,0,16.0,3G
CUST-14388,33,Male,Dhaka,Samsung S23 Ultra,Prepaid Saver 30D,15,5,Prepaid,0,22.0,4G
CUST-14389,46,Female,Barishal,Samsung S23 Ultra,Unlimited Data Max,56,10,Prepaid,0,9.0,5G
CUST-14390,26,Male,Mymensingh,Samsung S23 Ultra,Prepaid Saver 30D,38,6,Prepaid,0,22.0,4G
CUST-14391,56,Female,Dhaka,Vivo Y20,Family Bundle,56,4,Postpaid,0,15.0,5G
CUST-14392,18,Female,Dhaka,Samsung S23 Ultra,Family Bundle,18,10,Postpaid,1,14.0,4G
CUST-14393,21,Male,Rangpur,Realme 11,Postpaid Corporate,6,5,Postpaid,0,15.0,4G
CUST-14394,41,Male,Rajshahi,iPhone 15 Pro,Student Special 4G,30,9,Prepaid,0,16.0,4G
CUST-14395,42,Female,Chattogram,Samsung S23 Ultra,Student Special 4G,69,4,Prepaid,0,22.0,4G
CUST-14396,31,Male,Mymensingh,iPhone 15 Pro,Family Bundle,42,10,Postpaid,0,9.0,4G
CUST-14397,30,Female,Chattogram,Samsung S23 Ultra,Student Special 4G,61,5,Prepaid,0,15.0,3G
CUST-14398,21,Female,Chattogram,iPhone 15 Pro,Student Special 4G,60,10,Prepaid,0,9.0,4G
CUST-14399,49,Female,Rajshahi,Vivo Y20,Unlimited Data Max,64,10,Prepaid,0,9.0,4G
CUST-14400,35,Male,Chattogram,Realme 11,Unlimited Data Max,33,4,Prepaid,1,15.0,4G
CUST-14401,23,Male,Dhaka,Vivo Y20,Unlimited Data Max,15,4,Prepaid,0,22.0,3G
CUST-14402,36,Male,Rangpur,Realme 11,Postpaid Corporate,64,10,Postpaid,0,9.0,4G
CUST-14403,62,Male,Rajshahi,Vivo Y20,Family Bundle,36,8,Postpaid,0,9.0,5G
CUST-14404,30,Female,Sylhet,Samsung S23 Ultra,Family Bundle,23,9,Postpaid,1,14.0,4G
CUST-14405,60,Male,Rangpur,Samsung S23 Ultra,Student Special 4G,32,6,Prepaid,0,15.0,4G
CUST-14406,30,Female,Dhaka,Xiaomi Redmi Note 12,Student Special 4G,56,8,Prepaid,0,9.0,4G
CUST-14407,26,Female,Mymensingh,Xiaomi Redmi Note 12,Prepaid Saver 30D,26,10,Prepaid,0,9.0,4G
CUST-14408,30,Female,Dhaka,Realme 11,Prepaid Saver 30D,60,10,Prepaid,1,23.0,4G
CUST-14409,33,Female,Mymensingh,Samsung S23 Ultra,Postpaid Corporate,17,10,Postpaid,0,14.0,4G
CUST-14410,23,Female,Dhaka,Samsung S23 Ultra,Unlimited Data Max,23,6,Prepaid,0,15.0,4G
CUST-14411,45,Male,Barishal,Realme 11,Student Special 4G,10,10,Prepaid,1,16.0,5G
CUST-14412,33,Female,Chattogram,Xiaomi Redmi Note 12,Postpaid Corporate,62,8,Postpaid,0,9.0,4G
CUST-14413,51,Female,Rajshahi,Xiaomi Redmi Note 12,Unlimited Data Max,62,7,Prepaid,0,15.0,4G
CUST-14414,41,Male,Chattogram,iPhone 15 Pro,Postpaid Corporate,15,7,Postpaid,0,27.0,4G
CUST-14415,38,Male,Khulna,Realme 11,Prepaid Saver 30D,38,10,Prepaid,0,16.0,5G
CUST-14416,40,Female,Rangpur,Vivo Y20,Student Special 4G,57,5,Prepaid,0,15.0,5G
CUST-14417,25,Male,Rajshahi,Samsung S23 Ultra,Student Special 4G,43,10,Prepaid,0,23.0,4G
CUST-14418,51,Male,Dhaka,Samsung S23 Ultra,Prepaid Saver 30D,46,10,Prepaid,0,9.0,4G
CUST-14419,22,Female,Chattogram,Realme 11,Student Special 4G,19,10,Prepaid,0,9.0,3G
CUST-14420,51,Female,Sylhet,Vivo Y20,Unlimited Data Max,3,4,Prepaid,0,15.0,4G
CUST-14421,64,Female,Khulna,iPhone 15 Pro,Prepaid Saver 30D,67,10,Prepaid,0,28.0,3G
CUST-14422,53,Female,Dhaka,Realme 11,Prepaid Saver 30D,65,5,Prepaid,0,15.0,4G
CUST-14423,39,Female,Sylhet,Vivo Y20,Student Special 4G,67,7,Prepaid,0,15.0,5G
CUST-14424,32,Female,Chattogram,Samsung S23 Ultra,Family Bundle,4,4,Postpaid,0,22.0,5G
CUST-14425,59,Female,Dhaka,Samsung S23 Ultra,Unlimited Data Max,48,10,Prepaid,0,9.0,4G
CUST-14426,30,Female,Chattogram,Samsung S23 Ultra,Postpaid Corporate,18,8,Postpaid,0,9.0,5G
CUST-14427,40,Female,Chattogram,Realme 11,Student Special 4G,23,10,Prepaid,0,16.0,4G
CUST-14428,54,Female,Dhaka,Realme 11,Family Bundle,30,10,Postpaid,0,9.0,5G
CUST-14429,61,Female,Mymensingh,Samsung S23 Ultra,Prepaid Saver 30D,17,7,Prepaid,0,15.0,5G
CUST-14430,61,Female,Dhaka,Samsung S23 Ultra,Unlimited Data Max,43,10,Prepaid,0,23.0,4G
CUST-14431,22,Male,Mymensingh,Realme 11,Prepaid Saver 30D,43,6,Prepaid,0,22.0,4G
CUST-14432,60,Female,Rajshahi,Vivo Y20,Family Bundle,66,6,Postpaid,1,15.0,4G
CUST-14433,23,Female,Rangpur,Realme 11,Prepaid Saver 30D,60,6,Prepaid,0,15.0,5G
CUST-14434,45,Female,Barishal,Samsung S23 Ultra,Prepaid Saver 30D,50,10,Prepaid,0,21.0,4G
CUST-14435,61,Female,Rajshahi,iPhone 15 Pro,Family Bundle,69,10,Postpaid,0,28.0,4G
CUST-14436,48,Female,Chattogram,Samsung S23 Ultra,Prepaid Saver 30D,31,10,Prepaid,1,9.0,4G
CUST-14437,62,Male,Mymensingh,iPhone 15 Pro,Postpaid Corporate,5,9,Postpaid,1,9.0,4G
CUST-14438,34,Male,Dhaka,Xiaomi Redmi Note 12,Family Bundle,63,4,Postpaid,0,27.0,4G
CUST-14439,32,Male,Mymensingh,iPhone 15 Pro,Prepaid Saver 30D,24,10,Prepaid,0,16.0,5G
CUST-14440,33,Male,Chattogram,Realme 11,Prepaid Saver 30D,32,7,Prepaid,0,15.0,4G
CUST-14441,34,Male,Mymensingh,iPhone 15 Pro,Prepaid Saver 30D,28,10,Prepaid,0,9.0,5G
CUST-14442,50,Male,Chattogram,Xiaomi Redmi Note 12,Postpaid Corporate,65,8,Postpaid,0,16.0,3G
CUST-14443,39,Male,Chattogram,Realme 11,Unlimited Data Max,27,6,Prepaid,0,15.0,5G
CUST-14444,52,Male,Khulna,Samsung S23 Ultra,Unlimited Data Max,49,7,Prepaid,0,22.0,4G
CUST-14445,37,Female,Dhaka,Samsung S23 Ultra,Prepaid Saver 30D,48,9,Prepaid,0,9.0,4G
CUST-14446,32,Female,Mymensingh,iPhone 15 Pro,Prepaid Saver 30D,40,8,Prepaid,0,9.0,5G
CUST-14447,26,Male,Mymensingh,Samsung S23 Ultra,Student Special 4G,39,5,Prepaid,0,15.0,4G
CUST-14448,43,Female,Khulna,Samsung S23 Ultra,Prepaid Saver 30D,6,7,Prepaid,0,22.0,4G
CUST-14449,60,Female,Rajshahi,iPhone 15 Pro,Student Special 4G,64,8,Prepaid,0,16.0,4G
CUST-14450,58,Female,Rajshahi,iPhone 15 Pro,Family Bundle,24,10,Postpaid,0,9.0,4G
CUST-14451,29,Male,Rangpur,iPhone 15 Pro,Postpaid Corporate,16,8,Postpaid,1,9.0,4G
CUST-14452,40,Female,Chattogram,Samsung S23 Ultra,Postpaid Corporate,16,5,Postpaid,0,22.0,4G
CUST-14453,51,Male,Khulna,Samsung S23 Ultra,Unlimited Data Max,29,9,Prepaid,0,9.0,5G
CUST-14454,46,Male,Rajshahi,Vivo Y20,Prepaid Saver 30D,45,10,Prepaid,0,16.0,4G
CUST-14455,21,Male,Chattogram,Realme 11,Prepaid Saver 30D,39,7,Prepaid,1,20.0,5G
CUST-14456,45,Female,Dhaka,Xiaomi Redmi Note 12,Prepaid Saver 30D,60,10,Prepaid,0,9.0,4G
CUST-14457,19,Male,Dhaka,Samsung S23 Ultra,Family Bundle,58,8,Postpaid,0,9.0,4G
CUST-14458,23,Female,Khulna,iPhone 15 Pro,Prepaid Saver 30D,24,6,Prepaid,0,22.0,4G
CUST-14459,48,Female,Dhaka,Vivo Y20,Unlimited Data Max,59,10,Prepaid,0,14.0,5G
CUST-14460,22,Female,Mymensingh,Vivo Y20,Student Special 4G,49,10,Prepaid,0,9.0,4G
CUST-14461,33,Male,Khulna,Realme 11,Family Bundle,62,5,Postpaid,0,27.0,4G
CUST-14462,45,Male,Mymensingh,iPhone 15 Pro,Student Special 4G,1,10,Prepaid,0,21.0,3G
CUST-14463,48,Male,Dhaka,Xiaomi Redmi Note 12,Unlimited Data Max,37,10,Prepaid,1,23.0,3G
CUST-14464,38,Female,Rajshahi,Samsung S23 Ultra,Prepaid Saver 30D,45,9,Prepaid,0,16.0,4G
CUST-14465,22,Male,Mymensingh,Vivo Y20,Prepaid Saver 30D,18,9,Prepaid,1,9.0,4G
CUST-14466,55,Female,Chattogram,Samsung S23 Ultra,Postpaid Corporate,47,10,Postpaid,0,14.0,4G
CUST-14467,62,Male,Chattogram,Realme 11,Postpaid Corporate,52,10,Postpaid,0,9.0,4G
CUST-14468,59,Female,Dhaka,iPhone 15 Pro,Student Special 4G,10,10,Prepaid,0,9.0,4G
CUST-14469,53,Female,Sylhet,Xiaomi Redmi Note 12,Unlimited Data Max,68,5,Prepaid,0,22.0,4G
CUST-14470,36,Female,Dhaka,Vivo Y20,Family Bundle,68,9,Postpaid,0,9.0,4G
CUST-14471,59,Female,Barishal,iPhone 15 Pro,Unlimited Data Max,21,5,Prepaid,0,15.0,4G
CUST-14472,40,Female,Chattogram,Samsung S23 Ultra,Unlimited Data Max,15,6,Prepaid,1,15.0,4G
CUST-14473,24,Male,Barishal,Realme 11,Student Special 4G,15,10,Prepaid,0,9.0,4G
CUST-14474,57,Female,Dhaka,Xiaomi Redmi Note 12,Prepaid Saver 30D,3,10,Prepaid,0,9.0,4G
CUST-14475,33,Female,Rajshahi,Samsung S23 Ultra,Prepaid Saver 30D,2,10,Prepaid,0,16.0,4G
CUST-14476,62,Female,Dhaka,Samsung S23 Ultra,Prepaid Saver 30D,23,10,Prepaid,0,16.0,4G
CUST-14477,35,Male,Rangpur,Xiaomi Redmi Note 12,Unlimited Data Max,48,9,Prepaid,0,30.0,3G
CUST-14478,58,Male,Barishal,Realme 11,Unlimited Data Max,49,8,Prepaid,0,9.0,5G
CUST-14479,43,Female,Dhaka,Samsung S23 Ultra,Student Special 4G,39,5,Prepaid,0,15.0,4G
CUST-14480,39,Female,Rajshahi,Xiaomi Redmi Note 12,Unlimited Data Max,47,10,Prepaid,0,16.0,4G
CUST-14481,31,Female,Mymensingh,Xiaomi Redmi Note 12,Family Bundle,10,10,Postpaid,1,23.0,3G
CUST-14482,57,Male,Rangpur,Samsung S23 Ultra,Student Special 4G,71,5,Prepaid,0,15.0,4G
CUST-14483,20,Male,Dhaka,Realme 11,Student Special 4G,15,10,Prepaid,0,23.0,4G
CUST-14484,40,Male,Dhaka,Realme 11,Student Special 4G,27,7,Prepaid,0,29.0,4G
CUST-14485,35,Female,Mymensingh,Samsung S23 Ultra,Postpaid Corporate,48,10,Postpaid,0,16.0,5G
CUST-14486,43,Female,Chattogram,Realme 11,Prepaid Saver 30D,10,5,Prepaid,0,29.0,3G
CUST-14487,29,Female,Rajshahi,iPhone 15 Pro,Family Bundle,31,5,Postpaid,0,22.0,3G
CUST-14488,49,Male,Dhaka,Xiaomi Redmi Note 12,Prepaid Saver 30D,67,10,Prepaid,0,16.0,4G
CUST-14489,36,Male,Chattogram,Vivo Y20,Unlimited Data Max,17,8,Prepaid,0,14.0,4G
CUST-14490,26,Female,Rajshahi,Vivo Y20,Prepaid Saver 30D,44,4,Prepaid,0,15.0,4G
CUST-14491,27,Female,Mymensingh,iPhone 15 Pro,Unlimited Data Max,44,10,Prepaid,1,14.0,5G
CUST-14492,50,Male,Rangpur,iPhone 15 Pro,Postpaid Corporate,6,10,Postpaid,0,16.0,4G
CUST-14493,30,Female,Rangpur,Samsung S23 Ultra,Family Bundle,4,5,Postpaid,0,22.0,3G
CUST-14494,32,Male,Dhaka,Vivo Y20,Postpaid Corporate,11,10,Postpaid,1,9.0,4G
CUST-14495,47,Male,Mymensingh,iPhone 15 Pro,Unlimited Data Max,2,5,Prepaid,1,20.0,4G
CUST-14496,33,Female,Sylhet,Vivo Y20,Unlimited Data Max,38,10,Prepaid,1,16.0,4G
CUST-14497,36,Female,Chattogram,Vivo Y20,Prepaid Saver 30D,19,10,Prepaid,0,9.0,5G
CUST-14498,29,Female,Dhaka,Xiaomi Redmi Note 12,Unlimited Data Max,43,10,Prepaid,1,9.0,3G
CUST-14499,34,Female,Rangpur,Realme 11,Prepaid Saver 30D,21,9,Prepaid,1,23.0,4G
CUST-14500,50,Female,Chattogram,Xiaomi Redmi Note 12,Student Special 4G,25,4,Prepaid,0,22.0,3G
CUST-14501,43,Female,Sylhet,Xiaomi Redmi Note 12,Postpaid Corporate,8,6,Postpaid,0,22.0,4G
CUST-14502,64,Female,Dhaka,iPhone 15 Pro,Postpaid Corporate,57,10,Postpaid,0,9.0,3G
CUST-14503,54,Female,Rangpur,Vivo Y20,Prepaid Saver 30D,9,10,Prepaid,0,16.0,4G
CUST-14504,18,Male,Khulna,Samsung S23 Ultra,Unlimited Data Max,65,7,Prepaid,0,15.0,3G
CUST-14505,35,Female,Mymensingh,Realme 11,Postpaid Corporate,12,10,Postpaid,0,16.0,5G
CUST-14506,31,Male,Rajshahi,Vivo Y20,Prepaid Saver 30D,71,8,Prepaid,0,9.0,4G
CUST-14507,45,Female,Chattogram,Vivo Y20,Prepaid Saver 30D,52,10,Prepaid,0,9.0,5G
CUST-14508,30,Female,Khulna,Realme 11,Postpaid Corporate,59,10,Postpaid,0,9.0,4G
CUST-14509,63,Female,Sylhet,Realme 11,Prepaid Saver 30D,58,4,Prepaid,0,15.0,3G
CUST-14510,32,Female,Sylhet,Vivo Y20,Unlimited Data Max,32,10,Prepaid,0,16.0,5G
CUST-14511,42,Male,Sylhet,Vivo Y20,Prepaid Saver 30D,13,10,Prepaid,0,9.0,4G
CUST-14512,23,Male,Mymensingh,iPhone 15 Pro,Prepaid Saver 30D,49,10,Prepaid,0,14.0,5G
CUST-14513,60,Male,Mymensingh,Realme 11,Postpaid Corporate,47,10,Postpaid,0,9.0,4G
CUST-14514,60,Male,Khulna,Xiaomi Redmi Note 12,Unlimited Data Max,58,10,Prepaid,0,16.0,4G
CUST-14515,55,Female,Khulna,iPhone 15 Pro,Student Special 4G,17,6,Prepaid,0,29.0,4G
CUST-14516,34,Female,Khulna,Vivo Y20,Prepaid Saver 30D,59,5,Prepaid,0,15.0,3G
CUST-14517,20,Female,Barishal,Samsung S23 Ultra,Unlimited Data Max,63,4,Prepaid,0,15.0,4G
CUST-14518,51,Male,Chattogram,Samsung S23 Ultra,Unlimited Data Max,52,5,Prepaid,1,15.0,4G
CUST-14519,38,Male,Khulna,Samsung S23 Ultra,Family Bundle,20,10,Postpaid,1,9.0,4G
CUST-14520,64,Female,Dhaka,iPhone 15 Pro,Prepaid Saver 30D,18,6,Prepaid,1,22.0,4G
CUST-14521,50,Female,Dhaka,Xiaomi Redmi Note 12,Student Special 4G,10,4,Prepaid,0,15.0,4G
CUST-14522,43,Male,Chattogram,Vivo Y20,Student Special 4G,59,10,Prepaid,0,9.0,3G
CUST-14523,64,Female,Rajshahi,Vivo Y20,Prepaid Saver 30D,32,5,Prepaid,0,15.0,4G
CUST-14524,55,Female,Sylhet,Vivo Y20,Prepaid Saver 30D,22,9,Prepaid,0,16.0,4G
CUST-14525,39,Female,Khulna,Realme 11,Postpaid Corporate,11,10,Postpaid,0,16.0,4G
CUST-14526,18,Male,Sylhet,Xiaomi Redmi Note 12,Student Special 4G,36,9,Prepaid,0,16.0,4G
CUST-14527,22,Male,Rangpur,Realme 11,Prepaid Saver 30D,15,10,Prepaid,1,16.0,5G
CUST-14528,38,Female,Chattogram,iPhone 15 Pro,Family Bundle,60,4,Postpaid,0,15.0,4G
CUST-14529,44,Female,Chattogram,Realme 11,Postpaid Corporate,25,6,Postpaid,0,20.0,4G
CUST-14530,19,Male,Chattogram,Samsung S23 Ultra,Student Special 4G,32,8,Prepaid,0,16.0,5G
CUST-14531,23,Male,Chattogram,Vivo Y20,Unlimited Data Max,47,10,Prepaid,0,21.0,4G
CUST-14532,51,Female,Khulna,Vivo Y20,Prepaid Saver 30D,50,9,Prepaid,0,16.0,3G
CUST-14533,53,Male,Dhaka,Realme 11,Unlimited Data Max,9,10,Prepaid,0,9.0,3G
CUST-14534,19,Male,Rangpur,Samsung S23 Ultra,Family Bundle,6,10,Postpaid,0,9.0,4G
CUST-14535,41,Female,Khulna,iPhone 15 Pro,Unlimited Data Max,21,10,Prepaid,0,9.0,4G
CUST-14536,21,Male,Dhaka,Realme 11,Postpaid Corporate,54,10,Postpaid,0,9.0,4G
CUST-14537,52,Female,Sylhet,Xiaomi Redmi Note 12,Unlimited Data Max,61,10,Prepaid,0,23.0,4G
CUST-14538,57,Female,Sylhet,Xiaomi Redmi Note 12,Unlimited Data Max,70,10,Prepaid,0,9.0,4G
CUST-14539,58,Male,Rajshahi,Xiaomi Redmi Note 12,Prepaid Saver 30D,20,4,Prepaid,0,34.0,4G
CUST-14540,46,Male,Rajshahi,Vivo Y20,Student Special 4G,55,6,Prepaid,0,15.0,4G
CUST-14541,47,Female,Sylhet,Samsung S23 Ultra,Prepaid Saver 30D,12,10,Prepaid,0,9.0,4G
CUST-14542,61,Female,Khulna,Xiaomi Redmi Note 12,Student Special 4G,14,4,Prepaid,0,15.0,5G
CUST-14543,46,Female,Rangpur,iPhone 15 Pro,Student Special 4G,38,9,Prepaid,0,16.0,5G
CUST-14544,38,Male,Chattogram,Realme 11,Family Bundle,7,10,Postpaid,0,9.0,3G
CUST-14545,53,Male,Khulna,iPhone 15 Pro,Postpaid Corporate,3,8,Postpaid,0,9.0,4G
CUST-14546,45,Female,Dhaka,iPhone 15 Pro,Postpaid Corporate,71,5,Postpaid,0,15.0,3G
CUST-14547,57,Male,Barishal,Samsung S23 Ultra,Postpaid Corporate,58,4,Postpaid,1,15.0,4G
CUST-14548,42,Female,Chattogram,Vivo Y20,Unlimited Data Max,48,10,Prepaid,0,16.0,4G
CUST-14549,58,Female,Barishal,iPhone 15 Pro,Prepaid Saver 30D,16,9,Prepaid,0,9.0,5G
CUST-14550,20,Male,Dhaka,Vivo Y20,Student Special 4G,6,10,Prepaid,1,14.0,4G
CUST-14551,19,Female,Barishal,Vivo Y20,Unlimited Data Max,10,5,Prepaid,0,15.0,4G
CUST-14552,22,Male,Dhaka,Vivo Y20,Unlimited Data Max,30,8,Prepaid,0,21.0,3G
CUST-14553,44,Male,Rajshahi,iPhone 15 Pro,Postpaid Corporate,58,9,Postpaid,0,16.0,4G
CUST-14554,51,Male,Khulna,Realme 11,Student Special 4G,43,10,Prepaid,0,9.0,4G
CUST-14555,28,Female,Mymensingh,Vivo Y20,Prepaid Saver 30D,60,5,Prepaid,0,15.0,4G
CUST-14556,25,Female,Barishal,Samsung S23 Ultra,Student Special 4G,65,10,Prepaid,1,9.0,4G
CUST-14557,58,Female,Rangpur,Samsung S23 Ultra,Prepaid Saver 30D,53,10,Prepaid,0,9.0,4G
CUST-14558,53,Male,Chattogram,iPhone 15 Pro,Prepaid Saver 30D,8,9,Prepaid,0,9.0,4G
CUST-14559,48,Female,Dhaka,Vivo Y20,Family Bundle,17,4,Postpaid,0,36.0,3G
CUST-14560,40,Male,Dhaka,Samsung S23 Ultra,Prepaid Saver 30D,24,5,Prepaid,1,15.0,4G
CUST-14561,37,Female,Sylhet,Realme 11,Prepaid Saver 30D,38,10,Prepaid,0,9.0,5G
CUST-14562,18,Male,Sylhet,Vivo Y20,Family Bundle,57,10,Postpaid,1,30.0,4G
CUST-14563,26,Male,Rajshahi,Vivo Y20,Prepaid Saver 30D,69,10,Prepaid,0,28.0,4G
CUST-14564,60,Female,Rajshahi,Xiaomi Redmi Note 12,Unlimited Data Max,70,10,Prepaid,0,9.0,4G
CUST-14565,33,Male,Dhaka,Xiaomi Redmi Note 12,Family Bundle,34,7,Postpaid,0,22.0,5G
CUST-14566,51,Female,Mymensingh,Realme 11,Prepaid Saver 30D,71,6,Prepaid,1,15.0,5G
CUST-14567,51,Male,Chattogram,Realme 11,Family Bundle,68,10,Postpaid,0,9.0,4G
CUST-14568,32,Male,Dhaka,Realme 11,Student Special 4G,12,10,Prepaid,0,9.0,4G
CUST-14569,27,Female,Sylhet,iPhone 15 Pro,Prepaid Saver 30D,49,9,Prepaid,0,16.0,4G
CUST-14570,50,Male,Sylhet,Vivo Y20,Prepaid Saver 30D,32,9,Prepaid,0,9.0,4G
CUST-14571,22,Female,Dhaka,Xiaomi Redmi Note 12,Prepaid Saver 30D,60,10,Prepaid,0,16.0,4G
CUST-14572,41,Male,Chattogram,iPhone 15 Pro,Unlimited Data Max,62,7,Prepaid,0,27.0,5G
CUST-14573,59,Female,Chattogram,Realme 11,Prepaid Saver 30D,14,8,Prepaid,0,23.0,4G
CUST-14574,51,Female,Dhaka,Realme 11,Student Special 4G,43,4,Prepaid,1,15.0,3G
CUST-14575,53,Male,Chattogram,Samsung S23 Ultra,Family Bundle,66,10,Postpaid,0,23.0,4G
CUST-14576,21,Male,Mymensingh,Samsung S23 Ultra,Family Bundle,48,9,Postpaid,0,9.0,5G
CUST-14577,27,Female,Chattogram,Samsung S23 Ultra,Family Bundle,61,10,Postpaid,0,23.0,4G
CUST-14578,30,Female,Chattogram,Xiaomi Redmi Note 12,Unlimited Data Max,52,6,Prepaid,0,15.0,3G
CUST-14579,31,Male,Dhaka,Vivo Y20,Prepaid Saver 30D,56,8,Prepaid,0,14.0,4G
CUST-14580,27,Male,Rajshahi,iPhone 15 Pro,Unlimited Data Max,61,4,Prepaid,0,20.0,4G
CUST-14581,63,Male,Dhaka,Samsung S23 Ultra,Postpaid Corporate,67,10,Postpaid,0,9.0,4G
CUST-14582,25,Male,Dhaka,Vivo Y20,Family Bundle,15,7,Postpaid,0,15.0,4G
CUST-14583,51,Male,Mymensingh,Realme 11,Student Special 4G,57,5,Prepaid,1,15.0,5G
CUST-14584,45,Male,Rajshahi,Xiaomi Redmi Note 12,Student Special 4G,28,10,Prepaid,0,9.0,4G
CUST-14585,46,Female,Dhaka,Samsung S23 Ultra,Prepaid Saver 30D,41,10,Prepaid,0,9.0,4G
CUST-14586,28,Female,Rajshahi,Realme 11,Prepaid Saver 30D,47,5,Prepaid,1,22.0,4G
CUST-14587,32,Male,Dhaka,iPhone 15 Pro,Prepaid Saver 30D,47,9,Prepaid,0,9.0,4G
CUST-14588,46,Female,Mymensingh,iPhone 15 Pro,Prepaid Saver 30D,14,8,Prepaid,0,9.0,4G
CUST-14589,32,Female,Dhaka,iPhone 15 Pro,Prepaid Saver 30D,59,5,Prepaid,0,15.0,3G
CUST-14590,50,Female,Sylhet,Samsung S23 Ultra,Student Special 4G,51,6,Prepaid,1,20.0,4G
CUST-14591,19,Female,Sylhet,Xiaomi Redmi Note 12,Prepaid Saver 30D,54,10,Prepaid,0,16.0,5G
CUST-14592,21,Female,Rajshahi,Realme 11,Postpaid Corporate,44,10,Postpaid,0,9.0,4G
CUST-14593,52,Female,Rangpur,Vivo Y20,Student Special 4G,43,5,Prepaid,1,15.0,5G
CUST-14594,46,Male,Chattogram,Realme 11,Prepaid Saver 30D,20,10,Prepaid,0,9.0,4G
CUST-14595,20,Male,Mymensingh,Vivo Y20,Postpaid Corporate,43,10,Postpaid,0,16.0,5G
CUST-14596,60,Female,Chattogram,Vivo Y20,Student Special 4G,20,10,Prepaid,0,9.0,4G
CUST-14597,18,Female,Dhaka,iPhone 15 Pro,Family Bundle,63,10,Postpaid,0,9.0,4G
CUST-14598,62,Male,Dhaka,Xiaomi Redmi Note 12,Unlimited Data Max,4,10,Prepaid,1,16.0,4G
CUST-14599,52,Female,Rajshahi,iPhone 15 Pro,Postpaid Corporate,1,10,Postpaid,0,9.0,4G
CUST-14600,64,Male,Rajshahi,Realme 11,Prepaid Saver 30D,52,4,Prepaid,0,15.0,4G
CUST-14601,62,Male,Rangpur,Vivo Y20,Prepaid Saver 30D,51,6,Prepaid,0,20.0,4G
CUST-14602,32,Female,Khulna,Vivo Y20,Unlimited Data Max,40,8,Prepaid,0,9.0,4G
CUST-14603,53,Female,Sylhet,Samsung S23 Ultra,Prepaid Saver 30D,41,10,Prepaid,0,9.0,4G
CUST-14604,27,Male,Rangpur,Xiaomi Redmi Note 12,Prepaid Saver 30D,3,6,Prepaid,0,15.0,4G
CUST-14605,40,Female,Rangpur,Samsung S23 Ultra,Postpaid Corporate,60,10,Postpaid,0,9.0,4G
CUST-14606,29,Female,Chattogram,iPhone 15 Pro,Prepaid Saver 30D,61,10,Prepaid,0,9.0,3G
CUST-14607,40,Male,Khulna,Xiaomi Redmi Note 12,Unlimited Data Max,15,10,Prepaid,0,9.0,4G
CUST-14608,59,Male,Rajshahi,Realme 11,Student Special 4G,2,5,Prepaid,1,15.0,4G
CUST-14609,38,Female,Sylhet,Realme 11,Unlimited Data Max,38,7,Prepaid,0,15.0,4G
CUST-14610,22,Female,Barishal,Vivo Y20,Prepaid Saver 30D,18,8,Prepaid,0,9.0,4G
CUST-14611,33,Male,Dhaka,iPhone 15 Pro,Unlimited Data Max,10,8,Prepaid,0,9.0,4G
CUST-14612,54,Male,Dhaka,Xiaomi Redmi Note 12,Prepaid Saver 30D,9,10,Prepaid,1,14.0,4G
CUST-14613,42,Male,Dhaka,Samsung S23 Ultra,Prepaid Saver 30D,47,7,Prepaid,0,20.0,4G
CUST-14614,44,Female,Rajshahi,Samsung S23 Ultra,Student Special 4G,26,10,Prepaid,0,9.0,4G
CUST-14615,38,Female,Barishal,Vivo Y20,Postpaid Corporate,55,10,Postpaid,0,9.0,3G
CUST-14616,31,Female,Dhaka,Vivo Y20,Unlimited Data Max,23,10,Prepaid,0,9.0,5G
CUST-14617,46,Male,Rajshahi,Vivo Y20,Unlimited Data Max,45,7,Prepaid,0,15.0,4G
CUST-14618,47,Male,Dhaka,iPhone 15 Pro,Student Special 4G,20,4,Prepaid,0,20.0,3G
CUST-14619,60,Male,Chattogram,Realme 11,Unlimited Data Max,40,6,Prepaid,0,15.0,4G
CUST-14620,47,Male,Khulna,iPhone 15 Pro,Unlimited Data Max,50,10,Prepaid,0,16.0,5G
CUST-14621,64,Male,Dhaka,Realme 11,Unlimited Data Max,25,6,Prepaid,1,20.0,4G
CUST-14622,56,Female,Sylhet,Xiaomi Redmi Note 12,Student Special 4G,64,10,Prepaid,0,9.0,5G
CUST-14623,21,Male,Rajshahi,Vivo Y20,Postpaid Corporate,46,8,Postpaid,0,16.0,4G
CUST-14624,36,Male,Sylhet,iPhone 15 Pro,Prepaid Saver 30D,15,6,Prepaid,0,22.0,5G
CUST-14625,36,Male,Chattogram,Realme 11,Unlimited Data Max,64,10,Prepaid,0,16.0,4G
CUST-14626,18,Female,Rajshahi,Realme 11,Student Special 4G,36,5,Prepaid,0,15.0,5G
CUST-14627,26,Female,Khulna,Realme 11,Unlimited Data Max,52,10,Prepaid,0,16.0,4G
CUST-14628,53,Male,Rajshahi,Samsung S23 Ultra,Prepaid Saver 30D,25,9,Prepaid,0,9.0,4G
CUST-14629,34,Male,Dhaka,Xiaomi Redmi Note 12,Student Special 4G,2,10,Prepaid,1,16.0,5G
CUST-14630,24,Female,Chattogram,Xiaomi Redmi Note 12,Unlimited Data Max,40,10,Prepaid,0,9.0,4G
CUST-14631,31,Male,Barishal,iPhone 15 Pro,Prepaid Saver 30D,37,4,Prepaid,0,15.0,4G
CUST-14632,30,Female,Rangpur,Vivo Y20,Postpaid Corporate,52,10,Postpaid,0,16.0,4G
CUST-14633,26,Female,Rajshahi,Vivo Y20,Postpaid Corporate,53,4,Postpaid,1,15.0,4G
CUST-14634,22,Male,Chattogram,Samsung S23 Ultra,Prepaid Saver 30D,49,10,Prepaid,1,9.0,4G
CUST-14635,53,Female,Mymensingh,Realme 11,Prepaid Saver 30D,36,7,Prepaid,0,15.0,4G
CUST-14636,56,Male,Rajshahi,Vivo Y20,Prepaid Saver 30D,1,7,Prepaid,1,22.0,5G
CUST-14637,41,Male,Khulna,iPhone 15 Pro,Prepaid Saver 30D,42,10,Prepaid,0,9.0,4G
CUST-14638,46,Female,Dhaka,Realme 11,Prepaid Saver 30D,68,6,Prepaid,0,22.0,5G
CUST-14639,61,Male,Rangpur,Realme 11,Prepaid Saver 30D,65,10,Prepaid,0,14.0,5G
CUST-14640,57,Male,Mymensingh,Samsung S23 Ultra,Prepaid Saver 30D,6,4,Prepaid,0,15.0,3G
CUST-14641,19,Male,Rajshahi,Vivo Y20,Prepaid Saver 30D,63,5,Prepaid,1,15.0,4G
CUST-14642,62,Female,Mymensingh,Realme 11,Prepaid Saver 30D,11,7,Prepaid,1,15.0,4G
CUST-14643,21,Male,Rajshahi,iPhone 15 Pro,Prepaid Saver 30D,6,6,Prepaid,0,22.0,4G
CUST-14644,19,Male,Chattogram,iPhone 15 Pro,Postpaid Corporate,2,10,Postpaid,0,23.0,4G
CUST-14645,36,Male,Sylhet,Realme 11,Family Bundle,37,10,Postpaid,0,9.0,4G
CUST-14646,53,Female,Dhaka,Vivo Y20,Postpaid Corporate,13,8,Postpaid,0,9.0,4G
CUST-14647,21,Female,Rangpur,Samsung S23 Ultra,Postpaid Corporate,45,9,Postpaid,0,16.0,4G
CUST-14648,31,Female,Rangpur,iPhone 15 Pro,Unlimited Data Max,34,7,Prepaid,1,15.0,5G
CUST-14649,30,Female,Mymensingh,Realme 11,Student Special 4G,61,8,Prepaid,1,14.0,4G
CUST-14650,36,Female,Khulna,Samsung S23 Ultra,Prepaid Saver 30D,15,7,Prepaid,0,15.0,4G
CUST-14651,64,Male,Chattogram,Vivo Y20,Student Special 4G,19,6,Prepaid,0,15.0,5G
CUST-14652,33,Male,Dhaka,iPhone 15 Pro,Family Bundle,37,10,Postpaid,1,14.0,5G
CUST-14653,27,Female,Khulna,Vivo Y20,Unlimited Data Max,10,5,Prepaid,0,41.0,4G
CUST-14654,23,Male,Chattogram,Samsung S23 Ultra,Family Bundle,33,6,Postpaid,0,15.0,4G
CUST-14655,27,Male,Chattogram,Vivo Y20,Postpaid Corporate,43,5,Postpaid,0,22.0,4G
CUST-14656,24,Male,Sylhet,Samsung S23 Ultra,Postpaid Corporate,44,8,Postpaid,0,16.0,5G
CUST-14657,44,Male,Dhaka,Realme 11,Prepaid Saver 30D,34,10,Prepaid,0,16.0,4G
CUST-14658,37,Female,Dhaka,iPhone 15 Pro,Prepaid Saver 30D,8,9,Prepaid,0,9.0,5G
CUST-14659,41,Male,Dhaka,Xiaomi Redmi Note 12,Student Special 4G,19,10,Prepaid,0,16.0,4G
CUST-14660,57,Female,Mymensingh,Samsung S23 Ultra,Unlimited Data Max,6,9,Prepaid,0,16.0,5G
CUST-14661,45,Male,Dhaka,Realme 11,Prepaid Saver 30D,67,7,Prepaid,1,15.0,4G
CUST-14662,25,Male,Rajshahi,Realme 11,Unlimited Data Max,42,10,Prepaid,1,23.0,4G
CUST-14663,35,Female,Dhaka,iPhone 15 Pro,Prepaid Saver 30D,23,10,Prepaid,0,9.0,3G
CUST-14664,32,Male,Barishal,Xiaomi Redmi Note 12,Postpaid Corporate,22,4,Postpaid,0,15.0,4G
CUST-14665,56,Male,Dhaka,Xiaomi Redmi Note 12,Student Special 4G,4,5,Prepaid,0,15.0,4G
CUST-14666,32,Male,Barishal,Realme 11,Student Special 4G,34,10,Prepaid,0,9.0,4G
CUST-14667,24,Female,Rangpur,Xiaomi Redmi Note 12,Postpaid Corporate,5,4,Postpaid,0,15.0,5G
CUST-14668,52,Female,Chattogram,Samsung S23 Ultra,Postpaid Corporate,50,5,Postpaid,0,15.0,4G
CUST-14669,38,Male,Chattogram,Xiaomi Redmi Note 12,Family Bundle,15,4,Postpaid,0,15.0,4G
CUST-14670,22,Female,Dhaka,iPhone 15 Pro,Prepaid Saver 30D,8,10,Prepaid,0,9.0,4G
CUST-14671,50,Female,Chattogram,Xiaomi Redmi Note 12,Postpaid Corporate,9,5,Postpaid,0,15.0,4G
CUST-14672,27,Male,Khulna,iPhone 15 Pro,Student Special 4G,3,6,Prepaid,1,15.0,4G
CUST-14673,58,Female,Dhaka,iPhone 15 Pro,Student Special 4G,29,10,Prepaid,1,9.0,3G
CUST-14674,57,Female,Sylhet,iPhone 15 Pro,Student Special 4G,5,5,Prepaid,1,22.0,4G
CUST-14675,35,Male,Chattogram,iPhone 15 Pro,Prepaid Saver 30D,6,6,Prepaid,0,15.0,4G
CUST-14676,44,Male,Khulna,Realme 11,Prepaid Saver 30D,16,10,Prepaid,0,9.0,4G
CUST-14677,44,Male,Rajshahi,iPhone 15 Pro,Postpaid Corporate,40,5,Postpaid,0,15.0,4G
CUST-14678,48,Female,Chattogram,Realme 11,Postpaid Corporate,16,6,Postpaid,0,15.0,4G
CUST-14679,21,Female,Mymensingh,Xiaomi Redmi Note 12,Prepaid Saver 30D,29,10,Prepaid,0,9.0,3G
CUST-14680,33,Male,Rangpur,Realme 11,Unlimited Data Max,31,4,Prepaid,0,22.0,4G
CUST-14681,26,Female,Rajshahi,Samsung S23 Ultra,Unlimited Data Max,43,7,Prepaid,0,15.0,5G
CUST-14682,50,Male,Sylhet,iPhone 15 Pro,Prepaid Saver 30D,4,6,Prepaid,0,15.0,5G
CUST-14683,21,Male,Rajshahi,Vivo Y20,Unlimited Data Max,71,6,Prepaid,1,22.0,4G
CUST-14684,42,Female,Dhaka,Vivo Y20,Prepaid Saver 30D,7,7,Prepaid,0,29.0,4G
CUST-14685,52,Female,Sylhet,Samsung S23 Ultra,Unlimited Data Max,71,6,Prepaid,0,22.0,5G
CUST-14686,62,Male,Chattogram,Vivo Y20,Unlimited Data Max,21,10,Prepaid,1,9.0,5G
CUST-14687,31,Male,Khulna,Vivo Y20,Student Special 4G,30,5,Prepaid,0,29.0,5G
CUST-14688,18,Male,Rajshahi,Samsung S23 Ultra,Prepaid Saver 30D,5,7,Prepaid,1,29.0,5G
CUST-14689,52,Male,Rangpur,iPhone 15 Pro,Student Special 4G,27,4,Prepaid,1,15.0,4G
CUST-14690,18,Female,Rangpur,Samsung S23 Ultra,Unlimited Data Max,64,5,Prepaid,0,15.0,4G
CUST-14691,21,Female,Chattogram,Vivo Y20,Prepaid Saver 30D,49,10,Prepaid,0,16.0,4G
CUST-14692,64,Male,Rajshahi,Vivo Y20,Unlimited Data Max,45,8,Prepaid,1,16.0,5G
CUST-14693,58,Male,Chattogram,Realme 11,Unlimited Data Max,27,8,Prepaid,0,30.0,4G
CUST-14694,51,Female,Rajshahi,iPhone 15 Pro,Unlimited Data Max,66,6,Prepaid,0,20.0,4G
CUST-14695,57,Male,Mymensingh,Vivo Y20,Prepaid Saver 30D,56,5,Prepaid,1,15.0,4G
CUST-14696,21,Female,Chattogram,Vivo Y20,Unlimited Data Max,18,10,Prepaid,0,16.0,4G
CUST-14697,22,Male,Rangpur,Vivo Y20,Student Special 4G,43,10,Prepaid,0,9.0,4G
CUST-14698,32,Male,Dhaka,iPhone 15 Pro,Prepaid Saver 30D,29,8,Prepaid,0,16.0,4G
CUST-14699,19,Male,Khulna,Realme 11,Unlimited Data Max,15,4,Prepaid,1,22.0,4G
CUST-14700,59,Male,Sylhet,Realme 11,Student Special 4G,47,10,Prepaid,0,9.0,4G
CUST-14701,20,Male,Mymensingh,Samsung S23 Ultra,Prepaid Saver 30D,30,8,Prepaid,0,9.0,4G
CUST-14702,43,Female,Khulna,Xiaomi Redmi Note 12,Prepaid Saver 30D,7,5,Prepaid,0,15.0,4G
CUST-14703,58,Male,Barishal,Xiaomi Redmi Note 12,Prepaid Saver 30D,62,5,Prepaid,0,15.0,4G
CUST-14704,52,Female,Chattogram,Xiaomi Redmi Note 12,Postpaid Corporate,44,10,Postpaid,0,9.0,4G
CUST-14705,29,Female,Barishal,iPhone 15 Pro,Prepaid Saver 30D,40,4,Prepaid,0,22.0,4G
CUST-14706,40,Female,Dhaka,Realme 11,Family Bundle,71,7,Postpaid,0,15.0,4G
CUST-14707,43,Female,Dhaka,Vivo Y20,Prepaid Saver 30D,51,9,Prepaid,0,9.0,4G
CUST-14708,54,Male,Khulna,Realme 11,Prepaid Saver 30D,70,6,Prepaid,1,15.0,4G
CUST-14709,38,Male,Mymensingh,Vivo Y20,Student Special 4G,51,5,Prepaid,1,22.0,4G
CUST-14710,31,Female,Chattogram,Realme 11,Postpaid Corporate,13,10,Postpaid,1,9.0,4G
CUST-14711,55,Male,Khulna,iPhone 15 Pro,Family Bundle,35,4,Postpaid,1,22.0,4G
CUST-14712,59,Female,Rangpur,Realme 11,Student Special 4G,37,10,Prepaid,1,21.0,4G
CUST-14713,40,Female,Chattogram,Realme 11,Prepaid Saver 30D,21,8,Prepaid,0,16.0,4G
CUST-14714,19,Male,Mymensingh,Vivo Y20,Postpaid Corporate,22,10,Postpaid,0,9.0,4G
CUST-14715,41,Male,Barishal,iPhone 15 Pro,Prepaid Saver 30D,43,10,Prepaid,0,16.0,4G
CUST-14716,59,Male,Khulna,Samsung S23 Ultra,Unlimited Data Max,30,10,Prepaid,0,9.0,4G
CUST-14717,64,Male,Rajshahi,Realme 11,Prepaid Saver 30D,9,8,Prepaid,0,9.0,4G
CUST-14718,36,Male,Barishal,Realme 11,Prepaid Saver 30D,42,4,Prepaid,0,15.0,4G
CUST-14719,25,Female,Dhaka,Realme 11,Postpaid Corporate,43,4,Postpaid,1,29.0,3G
CUST-14720,44,Female,Rangpur,Realme 11,Postpaid Corporate,58,7,Postpaid,0,15.0,4G
CUST-14721,57,Male,Chattogram,Xiaomi Redmi Note 12,Family Bundle,8,7,Postpaid,0,15.0,4G
CUST-14722,62,Female,Rajshahi,Samsung S23 Ultra,Unlimited Data Max,33,10,Prepaid,0,23.0,4G
CUST-14723,20,Female,Khulna,Vivo Y20,Prepaid Saver 30D,65,8,Prepaid,0,9.0,4G
CUST-14724,31,Female,Chattogram,iPhone 15 Pro,Prepaid Saver 30D,19,10,Prepaid,0,9.0,4G
CUST-14725,40,Female,Rajshahi,iPhone 15 Pro,Prepaid Saver 30D,53,6,Prepaid,0,22.0,4G
CUST-14726,22,Male,Khulna,Vivo Y20,Unlimited Data Max,25,10,Prepaid,1,23.0,4G
CUST-14727,59,Female,Chattogram,Realme 11,Prepaid Saver 30D,13,7,Prepaid,0,15.0,5G
CUST-14728,23,Male,Sylhet,Xiaomi Redmi Note 12,Postpaid Corporate,51,10,Postpaid,0,23.0,5G
CUST-14729,49,Male,Dhaka,Realme 11,Prepaid Saver 30D,56,9,Prepaid,0,9.0,3G
CUST-14730,61,Male,Rajshahi,Samsung S23 Ultra,Postpaid Corporate,65,4,Postpaid,1,20.0,4G
CUST-14731,50,Male,Chattogram,iPhone 15 Pro,Prepaid Saver 30D,52,10,Prepaid,0,9.0,4G
CUST-14732,53,Female,Chattogram,iPhone 15 Pro,Prepaid Saver 30D,22,6,Prepaid,1,15.0,4G
CUST-14733,30,Male,Rajshahi,Xiaomi Redmi Note 12,Family Bundle,52,10,Postpaid,0,9.0,5G
CUST-14734,56,Female,Mymensingh,iPhone 15 Pro,Unlimited Data Max,3,10,Prepaid,0,16.0,4G
CUST-14735,37,Female,Dhaka,Samsung S23 Ultra,Prepaid Saver 30D,24,6,Prepaid,1,15.0,4G
CUST-14736,20,Male,Rajshahi,Realme 11,Family Bundle,16,9,Postpaid,0,9.0,4G
CUST-14737,35,Female,Dhaka,Xiaomi Redmi Note 12,Unlimited Data Max,38,10,Prepaid,0,9.0,4G
CUST-14738,34,Female,Dhaka,iPhone 15 Pro,Prepaid Saver 30D,50,10,Prepaid,0,9.0,5G
CUST-14739,42,Female,Rajshahi,Vivo Y20,Prepaid Saver 30D,42,7,Prepaid,1,15.0,4G
CUST-14740,30,Male,Khulna,iPhone 15 Pro,Postpaid Corporate,13,8,Postpaid,0,9.0,4G
CUST-14741,39,Male,Dhaka,Samsung S23 Ultra,Postpaid Corporate,27,10,Postpaid,1,16.0,4G
CUST-14742,38,Male,Rajshahi,Vivo Y20,Postpaid Corporate,7,8,Postpaid,0,9.0,4G
CUST-14743,33,Female,Khulna,Samsung S23 Ultra,Family Bundle,40,10,Postpaid,0,21.0,4G
CUST-14744,50,Female,Sylhet,Samsung S23 Ultra,Prepaid Saver 30D,53,5,Prepaid,0,22.0,5G
CUST-14745,32,Female,Rajshahi,Xiaomi Redmi Note 12,Prepaid Saver 30D,18,10,Prepaid,0,16.0,5G
CUST-14746,53,Male,Dhaka,Xiaomi Redmi Note 12,Family Bundle,38,7,Postpaid,0,20.0,3G
CUST-14747,29,Female,Dhaka,iPhone 15 Pro,Unlimited Data Max,63,7,Prepaid,1,15.0,5G
CUST-14748,58,Male,Sylhet,Vivo Y20,Family Bundle,9,10,Postpaid,1,16.0,4G
CUST-14749,35,Female,Rangpur,iPhone 15 Pro,Family Bundle,69,10,Postpaid,0,9.0,5G
CUST-14750,19,Female,Chattogram,Vivo Y20,Family Bundle,24,9,Postpaid,0,9.0,4G
CUST-14751,25,Male,Dhaka,Realme 11,Unlimited Data Max,24,9,Prepaid,0,14.0,4G
CUST-14752,55,Male,Dhaka,Samsung S23 Ultra,Prepaid Saver 30D,51,10,Prepaid,0,16.0,5G
CUST-14753,58,Male,Rangpur,Xiaomi Redmi Note 12,Student Special 4G,25,10,Prepaid,0,9.0,4G
CUST-14754,27,Female,Sylhet,Samsung S23 Ultra,Prepaid Saver 30D,29,6,Prepaid,0,15.0,3G
CUST-14755,46,Female,Rajshahi,Vivo Y20,Prepaid Saver 30D,16,9,Prepaid,0,16.0,3G
CUST-14756,44,Male,Dhaka,Realme 11,Prepaid Saver 30D,10,10,Prepaid,0,21.0,3G
CUST-14757,24,Male,Rangpur,Xiaomi Redmi Note 12,Unlimited Data Max,62,4,Prepaid,0,15.0,4G
CUST-14758,39,Male,Barishal,Realme 11,Student Special 4G,7,5,Prepaid,0,15.0,5G
CUST-14759,50,Male,Dhaka,Realme 11,Family Bundle,12,8,Postpaid,0,9.0,4G
CUST-14760,63,Female,Dhaka,Xiaomi Redmi Note 12,Unlimited Data Max,59,9,Prepaid,1,9.0,4G
CUST-14761,57,Male,Khulna,iPhone 15 Pro,Unlimited Data Max,57,4,Prepaid,0,15.0,3G
CUST-14762,22,Female,Khulna,iPhone 15 Pro,Prepaid Saver 30D,16,8,Prepaid,0,9.0,3G
CUST-14763,29,Male,Chattogram,iPhone 15 Pro,Unlimited Data Max,60,5,Prepaid,0,15.0,5G
CUST-14764,38,Female,Chattogram,Realme 11,Postpaid Corporate,52,10,Postpaid,1,14.0,4G
CUST-14765,25,Female,Rajshahi,Xiaomi Redmi Note 12,Postpaid Corporate,23,8,Postpaid,0,16.0,4G
CUST-14766,44,Male,Chattogram,Xiaomi Redmi Note 12,Prepaid Saver 30D,6,4,Prepaid,0,15.0,4G
CUST-14767,18,Male,Dhaka,Realme 11,Student Special 4G,56,8,Prepaid,0,9.0,5G
CUST-14768,23,Female,Chattogram,Xiaomi Redmi Note 12,Unlimited Data Max,49,10,Prepaid,0,9.0,5G
CUST-14769,20,Male,Dhaka,Vivo Y20,Prepaid Saver 30D,33,4,Prepaid,0,15.0,5G
CUST-14770,31,Male,Dhaka,iPhone 15 Pro,Student Special 4G,20,8,Prepaid,0,23.0,5G
CUST-14771,53,Female,Mymensingh,Samsung S23 Ultra,Unlimited Data Max,25,5,Prepaid,0,22.0,4G
CUST-14772,26,Male,Dhaka,Xiaomi Redmi Note 12,Prepaid Saver 30D,20,10,Prepaid,0,30.0,4G
CUST-14773,64,Female,Dhaka,Xiaomi Redmi Note 12,Postpaid Corporate,64,8,Postpaid,0,9.0,5G
CUST-14774,30,Female,Rangpur,Vivo Y20,Unlimited Data Max,15,10,Prepaid,0,9.0,4G
CUST-14775,20,Male,Chattogram,Realme 11,Prepaid Saver 30D,33,10,Prepaid,0,23.0,4G
CUST-14776,33,Male,Rajshahi,Vivo Y20,Student Special 4G,46,4,Prepaid,1,22.0,4G
CUST-14777,53,Male,Chattogram,Samsung S23 Ultra,Prepaid Saver 30D,4,8,Prepaid,0,16.0,5G
CUST-14778,23,Male,Rangpur,Xiaomi Redmi Note 12,Prepaid Saver 30D,36,4,Prepaid,0,15.0,4G
CUST-14779,21,Male,Barishal,Vivo Y20,Unlimited Data Max,46,10,Prepaid,1,14.0,5G
CUST-14780,57,Female,Khulna,Xiaomi Redmi Note 12,Postpaid Corporate,38,9,Postpaid,0,9.0,4G
CUST-14781,45,Male,Khulna,iPhone 15 Pro,Prepaid Saver 30D,47,8,Prepaid,0,9.0,5G
CUST-14782,34,Male,Khulna,Realme 11,Student Special 4G,35,6,Prepaid,1,29.0,4G
CUST-14783,53,Male,Rajshahi,Vivo Y20,Unlimited Data Max,46,5,Prepaid,0,15.0,5G
CUST-14784,57,Male,Chattogram,iPhone 15 Pro,Student Special 4G,70,10,Prepaid,0,9.0,4G
CUST-14785,34,Male,Dhaka,Xiaomi Redmi Note 12,Student Special 4G,26,4,Prepaid,0,20.0,4G
CUST-14786,44,Male,Rangpur,Vivo Y20,Student Special 4G,26,5,Prepaid,0,20.0,5G
CUST-14787,18,Female,Rangpur,Samsung S23 Ultra,Postpaid Corporate,49,7,Postpaid,1,15.0,4G
CUST-14788,32,Female,Dhaka,Samsung S23 Ultra,Unlimited Data Max,7,7,Prepaid,0,22.0,4G
CUST-14789,45,Female,Khulna,Realme 11,Prepaid Saver 30D,21,10,Prepaid,0,9.0,3G
CUST-14790,27,Female,Rajshahi,Realme 11,Prepaid Saver 30D,12,7,Prepaid,1,15.0,4G
CUST-14791,64,Female,Rajshahi,Samsung S23 Ultra,Unlimited Data Max,33,7,Prepaid,1,15.0,4G
CUST-14792,63,Male,Rangpur,Xiaomi Redmi Note 12,Prepaid Saver 30D,9,6,Prepaid,0,22.0,5G
CUST-14793,30,Male,Rangpur,Realme 11,Postpaid Corporate,16,7,Postpaid,0,15.0,4G
CUST-14794,36,Female,Dhaka,Vivo Y20,Prepaid Saver 30D,31,6,Prepaid,0,15.0,4G
CUST-14795,26,Male,Mymensingh,Vivo Y20,Family Bundle,44,10,Postpaid,1,23.0,4G
CUST-14796,41,Female,Dhaka,iPhone 15 Pro,Postpaid Corporate,31,10,Postpaid,0,9.0,4G
CUST-14797,23,Female,Chattogram,Xiaomi Redmi Note 12,Prepaid Saver 30D,58,10,Prepaid,0,9.0,4G
CUST-14798,36,Male,Rangpur,Realme 11,Prepaid Saver 30D,57,10,Prepaid,0,9.0,4G
CUST-14799,44,Female,Khulna,iPhone 15 Pro,Prepaid Saver 30D,7,10,Prepaid,0,9.0,4G
CUST-14800,46,Female,Barishal,Samsung S23 Ultra,Prepaid Saver 30D,50,10,Prepaid,0,9.0,4G
CUST-14801,46,Female,Mymensingh,Xiaomi Redmi Note 12,Unlimited Data Max,2,7,Prepaid,0,20.0,4G
CUST-14802,28,Male,Dhaka,Realme 11,Prepaid Saver 30D,13,10,Prepaid,0,9.0,4G
CUST-14803,55,Male,Chattogram,Xiaomi Redmi Note 12,Postpaid Corporate,55,10,Postpaid,0,9.0,4G
CUST-14804,50,Male,Khulna,Realme 11,Prepaid Saver 30D,42,4,Prepaid,0,15.0,4G
CUST-14805,53,Male,Rajshahi,Realme 11,Prepaid Saver 30D,23,7,Prepaid,1,15.0,4G
CUST-14806,39,Female,Dhaka,Vivo Y20,Unlimited Data Max,11,10,Prepaid,0,9.0,3G
CUST-14807,59,Female,Barishal,Realme 11,Prepaid Saver 30D,23,6,Prepaid,0,15.0,5G
CUST-14808,36,Male,Khulna,Samsung S23 Ultra,Unlimited Data Max,56,9,Prepaid,0,9.0,5G
CUST-14809,55,Female,Barishal,Xiaomi Redmi Note 12,Student Special 4G,41,10,Prepaid,0,9.0,4G
CUST-14810,27,Female,Sylhet,Samsung S23 Ultra,Postpaid Corporate,10,10,Postpaid,0,23.0,4G
CUST-14811,29,Male,Dhaka,Realme 11,Prepaid Saver 30D,35,10,Prepaid,1,16.0,4G
CUST-14812,42,Male,Rangpur,Vivo Y20,Family Bundle,15,10,Postpaid,0,9.0,5G
CUST-14813,44,Female,Barishal,Realme 11,Postpaid Corporate,9,10,Postpaid,0,14.0,4G
CUST-14814,53,Female,Chattogram,iPhone 15 Pro,Unlimited Data Max,7,10,Prepaid,0,9.0,4G
CUST-14815,31,Female,Dhaka,Realme 11,Student Special 4G,54,9,Prepaid,0,14.0,3G
CUST-14816,59,Female,Rajshahi,Samsung S23 Ultra,Student Special 4G,12,6,Prepaid,1,22.0,3G
CUST-14817,33,Female,Sylhet,iPhone 15 Pro,Prepaid Saver 30D,13,10,Prepaid,0,9.0,4G
CUST-14818,43,Female,Dhaka,iPhone 15 Pro,Unlimited Data Max,62,6,Prepaid,0,15.0,4G
CUST-14819,61,Male,Dhaka,Xiaomi Redmi Note 12,Student Special 4G,59,5,Prepaid,0,15.0,4G
CUST-14820,43,Female,Barishal,iPhone 15 Pro,Unlimited Data Max,36,10,Prepaid,0,9.0,5G
CUST-14821,50,Female,Khulna,Xiaomi Redmi Note 12,Prepaid Saver 30D,55,10,Prepaid,0,9.0,4G
CUST-14822,60,Male,Dhaka,Samsung S23 Ultra,Student Special 4G,2,10,Prepaid,0,9.0,4G
CUST-14823,63,Female,Rangpur,Vivo Y20,Student Special 4G,12,10,Prepaid,0,28.0,4G
CUST-14824,41,Female,Dhaka,iPhone 15 Pro,Postpaid Corporate,26,10,Postpaid,0,16.0,5G
CUST-14825,37,Male,Rajshahi,Vivo Y20,Unlimited Data Max,54,7,Prepaid,0,15.0,4G
CUST-14826,27,Male,Rangpur,Samsung S23 Ultra,Prepaid Saver 30D,7,5,Prepaid,0,22.0,4G
CUST-14827,43,Female,Chattogram,Vivo Y20,Student Special 4G,47,6,Prepaid,0,15.0,4G
CUST-14828,61,Female,Dhaka,Realme 11,Postpaid Corporate,5,5,Postpaid,0,15.0,4G
CUST-14829,40,Female,Rangpur,iPhone 15 Pro,Student Special 4G,70,10,Prepaid,0,9.0,4G
CUST-14830,34,Male,Dhaka,Realme 11,Unlimited Data Max,15,8,Prepaid,1,16.0,4G
CUST-14831,23,Female,Khulna,Realme 11,Family Bundle,51,8,Postpaid,0,14.0,5G
CUST-14832,36,Male,Rangpur,Realme 11,Unlimited Data Max,45,10,Prepaid,0,9.0,5G
CUST-14833,29,Male,Chattogram,Vivo Y20,Prepaid Saver 30D,28,10,Prepaid,0,9.0,3G
CUST-14834,63,Male,Rangpur,Vivo Y20,Student Special 4G,55,5,Prepaid,1,15.0,4G
CUST-14835,42,Female,Dhaka,Samsung S23 Ultra,Prepaid Saver 30D,45,10,Prepaid,0,23.0,5G
CUST-14836,24,Female,Khulna,iPhone 15 Pro,Postpaid Corporate,32,10,Postpaid,0,9.0,4G
CUST-14837,21,Male,Dhaka,Samsung S23 Ultra,Prepaid Saver 30D,47,10,Prepaid,0,16.0,5G
CUST-14838,57,Male,Dhaka,Samsung S23 Ultra,Student Special 4G,21,10,Prepaid,0,9.0,4G
CUST-14839,61,Male,Barishal,Samsung S23 Ultra,Unlimited Data Max,53,7,Prepaid,0,22.0,4G
CUST-14840,53,Male,Chattogram,Realme 11,Unlimited Data Max,50,10,Prepaid,0,9.0,4G
CUST-14841,23,Male,Dhaka,Realme 11,Postpaid Corporate,34,10,Postpaid,0,23.0,4G
CUST-14842,22,Female,Dhaka,Samsung S23 Ultra,Student Special 4G,47,10,Prepaid,0,16.0,5G
CUST-14843,27,Male,Khulna,Xiaomi Redmi Note 12,Family Bundle,59,10,Postpaid,0,9.0,3G
CUST-14844,53,Male,Barishal,Samsung S23 Ultra,Prepaid Saver 30D,46,10,Prepaid,0,16.0,4G
CUST-14845,53,Male,Chattogram,Samsung S23 Ultra,Postpaid Corporate,21,8,Postpaid,0,16.0,4G
CUST-14846,57,Female,Chattogram,Samsung S23 Ultra,Prepaid Saver 30D,20,10,Prepaid,1,9.0,4G
CUST-14847,22,Male,Dhaka,Xiaomi Redmi Note 12,Prepaid Saver 30D,69,4,Prepaid,0,15.0,4G
CUST-14848,25,Male,Chattogram,Samsung S23 Ultra,Unlimited Data Max,58,5,Prepaid,0,15.0,4G
CUST-14849,60,Female,Chattogram,Realme 11,Prepaid Saver 30D,23,10,Prepaid,0,9.0,3G
CUST-14850,61,Male,Khulna,Vivo Y20,Unlimited Data Max,51,8,Prepaid,0,9.0,5G
CUST-14851,52,Male,Rajshahi,Vivo Y20,Prepaid Saver 30D,3,6,Prepaid,0,15.0,4G
CUST-14852,22,Female,Mymensingh,Vivo Y20,Prepaid Saver 30D,50,9,Prepaid,0,9.0,4G
CUST-14853,21,Female,Dhaka,Realme 11,Student Special 4G,15,5,Prepaid,0,20.0,4G
CUST-14854,20,Female,Rangpur,Vivo Y20,Unlimited Data Max,23,4,Prepaid,0,15.0,3G
CUST-14855,50,Male,Khulna,Vivo Y20,Student Special 4G,66,4,Prepaid,0,15.0,3G
CUST-14856,57,Male,Khulna,iPhone 15 Pro,Student Special 4G,10,10,Prepaid,0,16.0,3G
CUST-14857,47,Female,Chattogram,Realme 11,Prepaid Saver 30D,57,7,Prepaid,0,27.0,4G
CUST-14858,30,Female,Chattogram,iPhone 15 Pro,Postpaid Corporate,29,10,Postpaid,0,9.0,4G
CUST-14859,53,Female,Dhaka,Vivo Y20,Prepaid Saver 30D,32,9,Prepaid,1,16.0,5G
CUST-14860,20,Female,Chattogram,Samsung S23 Ultra,Unlimited Data Max,33,7,Prepaid,0,27.0,4G
CUST-14861,56,Female,Mymensingh,Xiaomi Redmi Note 12,Postpaid Corporate,65,4,Postpaid,0,15.0,4G
CUST-14862,59,Female,Dhaka,iPhone 15 Pro,Postpaid Corporate,36,5,Postpaid,0,22.0,4G
CUST-14863,51,Female,Chattogram,Vivo Y20,Prepaid Saver 30D,18,9,Prepaid,0,16.0,4G
CUST-14864,59,Female,Chattogram,iPhone 15 Pro,Student Special 4G,1,10,Prepaid,0,21.0,4G
CUST-14865,45,Female,Chattogram,Vivo Y20,Postpaid Corporate,17,10,Postpaid,0,14.0,4G
CUST-14866,40,Female,Dhaka,Xiaomi Redmi Note 12,Prepaid Saver 30D,12,5,Prepaid,1,22.0,5G
CUST-14867,33,Male,Barishal,Realme 11,Unlimited Data Max,10,9,Prepaid,0,9.0,4G
CUST-14868,61,Female,Khulna,Xiaomi Redmi Note 12,Student Special 4G,71,4,Prepaid,0,22.0,3G
CUST-14869,50,Male,Dhaka,Xiaomi Redmi Note 12,Family Bundle,32,9,Postpaid,0,9.0,4G
CUST-14870,26,Male,Khulna,iPhone 15 Pro,Postpaid Corporate,71,5,Postpaid,0,15.0,4G
CUST-14871,62,Male,Sylhet,iPhone 15 Pro,Student Special 4G,37,6,Prepaid,1,22.0,4G
CUST-14872,20,Female,Rangpur,Realme 11,Prepaid Saver 30D,16,8,Prepaid,0,9.0,4G
CUST-14873,45,Male,Khulna,iPhone 15 Pro,Unlimited Data Max,11,8,Prepaid,0,16.0,4G
CUST-14874,26,Male,Dhaka,Vivo Y20,Family Bundle,54,5,Postpaid,0,15.0,4G
CUST-14875,49,Male,Mymensingh,Samsung S23 Ultra,Postpaid Corporate,9,10,Postpaid,0,21.0,5G
CUST-14876,37,Male,Sylhet,iPhone 15 Pro,Prepaid Saver 30D,4,8,Prepaid,0,9.0,5G
CUST-14877,38,Male,Dhaka,Samsung S23 Ultra,Postpaid Corporate,28,10,Postpaid,1,9.0,4G
CUST-14878,49,Male,Chattogram,Vivo Y20,Prepaid Saver 30D,23,10,Prepaid,0,9.0,4G
CUST-14879,53,Female,Rajshahi,Xiaomi Redmi Note 12,Unlimited Data Max,17,10,Prepaid,0,9.0,4G
CUST-14880,35,Male,Barishal,Samsung S23 Ultra,Postpaid Corporate,37,4,Postpaid,0,15.0,4G
CUST-14881,64,Female,Rajshahi,Samsung S23 Ultra,Unlimited Data Max,41,8,Prepaid,0,14.0,4G
CUST-14882,41,Female,Chattogram,Vivo Y20,Unlimited Data Max,31,10,Prepaid,0,9.0,5G
CUST-14883,25,Female,Chattogram,Vivo Y20,Unlimited Data Max,38,5,Prepaid,0,22.0,4G
CUST-14884,18,Female,Rajshahi,iPhone 15 Pro,Prepaid Saver 30D,48,6,Prepaid,0,22.0,3G
CUST-14885,27,Female,Mymensingh,Realme 11,Family Bundle,12,10,Postpaid,0,16.0,4G
CUST-14886,50,Female,Khulna,iPhone 15 Pro,Unlimited Data Max,27,4,Prepaid,0,27.0,4G
CUST-14887,43,Male,Rangpur,Vivo Y20,Prepaid Saver 30D,1,10,Prepaid,0,21.0,4G
CUST-14888,33,Female,Rangpur,Realme 11,Student Special 4G,69,10,Prepaid,0,9.0,4G
CUST-14889,40,Male,Dhaka,Xiaomi Redmi Note 12,Student Special 4G,46,10,Prepaid,0,9.0,4G
CUST-14890,57,Female,Sylhet,Vivo Y20,Postpaid Corporate,58,10,Postpaid,0,9.0,4G
CUST-14891,44,Female,Dhaka,iPhone 15 Pro,Family Bundle,55,10,Postpaid,0,9.0,5G
CUST-14892,20,Female,Chattogram,Vivo Y20,Postpaid Corporate,1,10,Postpaid,1,23.0,4G
CUST-14893,20,Female,Rangpur,iPhone 15 Pro,Postpaid Corporate,35,6,Postpaid,0,15.0,4G
CUST-14894,40,Male,Dhaka,Vivo Y20,Prepaid Saver 30D,62,5,Prepaid,0,20.0,4G
CUST-14895,37,Male,Rangpur,Vivo Y20,Prepaid Saver 30D,41,10,Prepaid,0,16.0,4G
CUST-14896,57,Female,Chattogram,Xiaomi Redmi Note 12,Prepaid Saver 30D,43,8,Prepaid,0,9.0,4G
CUST-14897,45,Male,Chattogram,Samsung S23 Ultra,Student Special 4G,69,4,Prepaid,0,15.0,4G
CUST-14898,53,Male,Barishal,Realme 11,Postpaid Corporate,54,8,Postpaid,0,9.0,5G
CUST-14899,45,Male,Khulna,Realme 11,Student Special 4G,55,4,Prepaid,0,15.0,4G
CUST-14900,34,Female,Rangpur,Vivo Y20,Postpaid Corporate,57,9,Postpaid,0,14.0,4G
CUST-14901,48,Male,Dhaka,iPhone 15 Pro,Postpaid Corporate,24,10,Postpaid,0,14.0,4G
CUST-14902,47,Female,Chattogram,iPhone 15 Pro,Unlimited Data Max,70,4,Prepaid,0,15.0,4G
CUST-14903,51,Male,Dhaka,iPhone 15 Pro,Prepaid Saver 30D,61,5,Prepaid,0,22.0,5G
CUST-14904,26,Male,Dhaka,iPhone 15 Pro,Prepaid Saver 30D,3,10,Prepaid,0,14.0,4G
CUST-14905,48,Male,Mymensingh,Samsung S23 Ultra,Unlimited Data Max,39,7,Prepaid,0,15.0,4G
CUST-14906,31,Male,Mymensingh,Samsung S23 Ultra,Family Bundle,18,4,Postpaid,0,15.0,4G
CUST-14907,55,Female,Chattogram,Xiaomi Redmi Note 12,Unlimited Data Max,38,4,Prepaid,0,15.0,3G
CUST-14908,55,Female,Dhaka,Vivo Y20,Unlimited Data Max,58,7,Prepaid,0,15.0,4G
CUST-14909,47,Female,Mymensingh,Samsung S23 Ultra,Postpaid Corporate,50,4,Postpaid,0,15.0,4G
CUST-14910,62,Male,Dhaka,iPhone 15 Pro,Unlimited Data Max,57,5,Prepaid,0,15.0,4G
CUST-14911,43,Female,Dhaka,Vivo Y20,Prepaid Saver 30D,31,6,Prepaid,1,22.0,5G
CUST-14912,19,Female,Khulna,Samsung S23 Ultra,Unlimited Data Max,6,10,Prepaid,0,21.0,3G
CUST-14913,46,Female,Dhaka,Samsung S23 Ultra,Unlimited Data Max,63,9,Prepaid,0,9.0,4G
CUST-14914,54,Female,Barishal,Vivo Y20,Postpaid Corporate,6,10,Postpaid,0,9.0,4G
CUST-14915,22,Female,Chattogram,iPhone 15 Pro,Prepaid Saver 30D,12,7,Prepaid,0,22.0,5G
CUST-14916,22,Female,Rajshahi,iPhone 15 Pro,Prepaid Saver 30D,52,4,Prepaid,0,15.0,4G
CUST-14917,30,Male,Chattogram,Samsung S23 Ultra,Unlimited Data Max,30,9,Prepaid,1,16.0,4G
CUST-14918,57,Male,Rajshahi,Xiaomi Redmi Note 12,Prepaid Saver 30D,34,10,Prepaid,0,9.0,5G
CUST-14919,42,Female,Dhaka,Vivo Y20,Prepaid Saver 30D,5,10,Prepaid,0,9.0,4G
CUST-14920,63,Female,Dhaka,Vivo Y20,Unlimited Data Max,13,6,Prepaid,0,15.0,4G
CUST-14921,59,Male,Rajshahi,Realme 11,Postpaid Corporate,51,4,Postpaid,1,20.0,4G
CUST-14922,44,Male,Dhaka,Realme 11,Prepaid Saver 30D,41,4,Prepaid,0,15.0,5G
CUST-14923,49,Female,Chattogram,Realme 11,Family Bundle,20,10,Postpaid,0,9.0,4G
CUST-14924,33,Female,Chattogram,Realme 11,Student Special 4G,29,6,Prepaid,0,15.0,4G
CUST-14925,22,Male,Mymensingh,Xiaomi Redmi Note 12,Prepaid Saver 30D,31,4,Prepaid,0,36.0,4G
CUST-14926,36,Female,Dhaka,iPhone 15 Pro,Unlimited Data Max,66,7,Prepaid,1,20.0,4G
CUST-14927,45,Female,Rajshahi,Vivo Y20,Student Special 4G,63,10,Prepaid,0,9.0,4G
CUST-14928,26,Female,Dhaka,Vivo Y20,Prepaid Saver 30D,35,8,Prepaid,0,9.0,4G
CUST-14929,28,Female,Dhaka,Samsung S23 Ultra,Student Special 4G,14,10,Prepaid,0,9.0,4G
CUST-14930,18,Male,Dhaka,Samsung S23 Ultra,Prepaid Saver 30D,41,9,Prepaid,0,9.0,4G
CUST-14931,52,Male,Chattogram,Realme 11,Unlimited Data Max,1,10,Prepaid,0,9.0,5G
CUST-14932,60,Female,Rangpur,Samsung S23 Ultra,Student Special 4G,46,6,Prepaid,0,15.0,4G
CUST-14933,56,Male,Chattogram,Vivo Y20,Student Special 4G,42,9,Prepaid,0,9.0,4G
CUST-14934,35,Male,Rangpur,Vivo Y20,Unlimited Data Max,64,8,Prepaid,0,16.0,4G
CUST-14935,45,Male,Barishal,Samsung S23 Ultra,Postpaid Corporate,32,10,Postpaid,0,16.0,3G
CUST-14936,63,Female,Dhaka,Realme 11,Prepaid Saver 30D,40,5,Prepaid,0,22.0,3G
CUST-14937,45,Female,Barishal,Samsung S23 Ultra,Prepaid Saver 30D,4,5,Prepaid,0,22.0,4G
CUST-14938,31,Male,Rajshahi,iPhone 15 Pro,Student Special 4G,59,6,Prepaid,0,15.0,4G
CUST-14939,33,Female,Chattogram,Xiaomi Redmi Note 12,Unlimited Data Max,22,10,Prepaid,0,16.0,4G
CUST-14940,52,Male,Khulna,Realme 11,Unlimited Data Max,54,10,Prepaid,0,9.0,5G
CUST-14941,38,Male,Rangpur,Samsung S23 Ultra,Unlimited Data Max,17,4,Prepaid,1,22.0,4G
CUST-14942,57,Female,Mymensingh,Samsung S23 Ultra,Family Bundle,25,8,Postpaid,0,16.0,4G
CUST-14943,58,Female,Chattogram,iPhone 15 Pro,Unlimited Data Max,19,9,Prepaid,0,9.0,4G
CUST-14944,19,Male,Rajshahi,Realme 11,Postpaid Corporate,64,10,Postpaid,0,16.0,4G
CUST-14945,51,Male,Dhaka,Xiaomi Redmi Note 12,Student Special 4G,57,8,Prepaid,1,14.0,4G
CUST-14946,35,Female,Barishal,iPhone 15 Pro,Student Special 4G,50,10,Prepaid,0,16.0,4G
CUST-14947,42,Male,Dhaka,Samsung S23 Ultra,Unlimited Data Max,22,10,Prepaid,0,16.0,4G
CUST-14948,30,Male,Rajshahi,Vivo Y20,Unlimited Data Max,53,9,Prepaid,0,9.0,4G
CUST-14949,35,Male,Dhaka,Realme 11,Family Bundle,35,10,Postpaid,0,9.0,4G
CUST-14950,33,Male,Rajshahi,Vivo Y20,Prepaid Saver 30D,51,4,Prepaid,0,15.0,4G
CUST-14951,20,Female,Mymensingh,Xiaomi Redmi Note 12,Unlimited Data Max,19,7,Prepaid,0,22.0,4G
CUST-14952,54,Male,Dhaka,Vivo Y20,Unlimited Data Max,39,10,Prepaid,0,9.0,3G
CUST-14953,24,Male,Dhaka,Realme 11,Student Special 4G,68,5,Prepaid,1,20.0,5G
CUST-14954,35,Male,Rajshahi,Xiaomi Redmi Note 12,Family Bundle,6,9,Postpaid,0,16.0,4G
CUST-14955,27,Male,Dhaka,Xiaomi Redmi Note 12,Prepaid Saver 30D,55,10,Prepaid,0,21.0,4G
CUST-14956,25,Male,Chattogram,Xiaomi Redmi Note 12,Prepaid Saver 30D,50,9,Prepaid,0,9.0,4G
CUST-14957,35,Male,Dhaka,Xiaomi Redmi Note 12,Postpaid Corporate,31,10,Postpaid,0,16.0,4G
CUST-14958,61,Male,Rangpur,Realme 11,Unlimited Data Max,65,10,Prepaid,0,9.0,4G
CUST-14959,62,Female,Dhaka,Xiaomi Redmi Note 12,Student Special 4G,52,4,Prepaid,0,15.0,4G
CUST-14960,35,Female,Chattogram,Vivo Y20,Prepaid Saver 30D,38,9,Prepaid,0,9.0,5G
CUST-14961,41,Female,Chattogram,Vivo Y20,Unlimited Data Max,23,10,Prepaid,0,16.0,4G
CUST-14962,64,Male,Barishal,Xiaomi Redmi Note 12,Prepaid Saver 30D,49,10,Prepaid,0,16.0,4G
CUST-14963,29,Female,Sylhet,iPhone 15 Pro,Unlimited Data Max,6,9,Prepaid,1,16.0,4G
CUST-14964,62,Male,Khulna,Realme 11,Prepaid Saver 30D,19,8,Prepaid,0,9.0,4G
CUST-14965,22,Female,Rajshahi,Realme 11,Postpaid Corporate,31,7,Postpaid,0,15.0,5G
CUST-14966,28,Male,Rajshahi,iPhone 15 Pro,Prepaid Saver 30D,16,7,Prepaid,0,15.0,4G
CUST-14967,33,Female,Dhaka,Vivo Y20,Postpaid Corporate,41,4,Postpaid,1,15.0,4G
CUST-14968,19,Male,Rajshahi,Realme 11,Unlimited Data Max,62,10,Prepaid,0,9.0,3G
CUST-14969,56,Male,Sylhet,Realme 11,Prepaid Saver 30D,25,10,Prepaid,0,9.0,4G
CUST-14970,58,Male,Rajshahi,Realme 11,Prepaid Saver 30D,29,6,Prepaid,1,22.0,4G
CUST-14971,36,Female,Rajshahi,iPhone 15 Pro,Prepaid Saver 30D,29,5,Prepaid,1,36.0,5G
CUST-14972,57,Male,Dhaka,Realme 11,Unlimited Data Max,52,9,Prepaid,0,16.0,5G
CUST-14973,54,Male,Rangpur,Samsung S23 Ultra,Student Special 4G,51,10,Prepaid,0,16.0,5G
CUST-14974,55,Female,Chattogram,Realme 11,Unlimited Data Max,17,10,Prepaid,0,21.0,4G
CUST-14975,55,Male,Rajshahi,Xiaomi Redmi Note 12,Unlimited Data Max,64,6,Prepaid,0,15.0,4G
CUST-14976,44,Male,Dhaka,Xiaomi Redmi Note 12,Unlimited Data Max,46,8,Prepaid,0,16.0,5G
CUST-14977,23,Male,Khulna,Realme 11,Postpaid Corporate,64,9,Postpaid,1,23.0,5G
CUST-14978,61,Male,Rangpur,iPhone 15 Pro,Unlimited Data Max,63,9,Prepaid,0,9.0,5G
CUST-14979,46,Male,Khulna,Realme 11,Unlimited Data Max,41,6,Prepaid,0,20.0,5G
CUST-14980,60,Male,Barishal,Samsung S23 Ultra,Prepaid Saver 30D,50,10,Prepaid,0,21.0,4G
CUST-14981,63,Female,Rajshahi,Realme 11,Prepaid Saver 30D,45,10,Prepaid,0,9.0,3G
CUST-14982,26,Male,Sylhet,Realme 11,Unlimited Data Max,44,10,Prepaid,0,9.0,5G
CUST-14983,36,Female,Mymensingh,Samsung S23 Ultra,Postpaid Corporate,38,5,Postpaid,1,22.0,4G
CUST-14984,27,Male,Rangpur,Realme 11,Postpaid Corporate,17,10,Postpaid,0,9.0,4G
CUST-14985,20,Female,Rangpur,Realme 11,Unlimited Data Max,27,7,Prepaid,0,15.0,4G
CUST-14986,63,Male,Rangpur,Xiaomi Redmi Note 12,Unlimited Data Max,51,10,Prepaid,0,9.0,4G
CUST-14987,61,Male,Dhaka,Realme 11,Prepaid Saver 30D,53,9,Prepaid,0,16.0,5G
CUST-14988,61,Male,Dhaka,Samsung S23 Ultra,Family Bundle,34,9,Postpaid,1,9.0,4G
CUST-14989,59,Female,Rangpur,Vivo Y20,Student Special 4G,8,9,Prepaid,0,16.0,4G
CUST-14990,48,Female,Rangpur,Vivo Y20,Prepaid Saver 30D,10,6,Prepaid,0,15.0,4G
CUST-14991,42,Female,Chattogram,Realme 11,Family Bundle,64,9,Postpaid,0,9.0,4G
CUST-14992,64,Female,Chattogram,Samsung S23 Ultra,Prepaid Saver 30D,9,10,Prepaid,0,9.0,4G
CUST-14993,43,Male,Dhaka,Xiaomi Redmi Note 12,Prepaid Saver 30D,21,4,Prepaid,0,15.0,5G
CUST-14994,48,Female,Rajshahi,Vivo Y20,Family Bundle,5,5,Postpaid,0,22.0,5G
CUST-14995,27,Female,Rangpur,Realme 11,Postpaid Corporate,16,4,Postpaid,0,22.0,4G
CUST-14996,53,Female,Khulna,Vivo Y20,Prepaid Saver 30D,60,8,Prepaid,0,9.0,4G
CUST-14997,56,Female,Chattogram,Realme 11,Postpaid Corporate,20,6,Postpaid,0,22.0,4G
CUST-14998,49,Male,Dhaka,Realme 11,Family Bundle,60,9,Postpaid,0,23.0,5G
CUST-14999,41,Male,Rangpur,iPhone 15 Pro,Unlimited Data Max,58,4,Prepaid,0,15.0,5G
CUST-15000,27,Male,Dhaka,Vivo Y20,Prepaid Saver 30D,50,5,Prepaid,0,15.0,3G
CUST-15001,19,Female,Chattogram,Xiaomi Redmi Note 12,Prepaid Saver 30D,20,6,Prepaid,0,15.0,5G
CUST-15002,47,Female,Dhaka,Vivo Y20,Family Bundle,71,10,Postpaid,0,14.0,4G
CUST-15003,50,Female,Rajshahi,iPhone 15 Pro,Unlimited Data Max,44,4,Prepaid,0,22.0,5G
CUST-15004,54,Female,Dhaka,iPhone 15 Pro,Unlimited Data Max,55,9,Prepaid,1,9.0,4G
CUST-15005,62,Male,Chattogram,Samsung S23 Ultra,Prepaid Saver 30D,25,9,Prepaid,0,9.0,3G
CUST-15006,41,Male,Dhaka,Realme 11,Unlimited Data Max,48,7,Prepaid,0,15.0,4G
CUST-15007,56,Male,Sylhet,Realme 11,Postpaid Corporate,47,5,Postpaid,0,15.0,3G
CUST-15008,51,Female,Dhaka,iPhone 15 Pro,Prepaid Saver 30D,43,10,Prepaid,1,16.0,3G
CUST-15009,31,Female,Dhaka,iPhone 15 Pro,Student Special 4G,43,8,Prepaid,0,9.0,5G
CUST-15010,57,Female,Chattogram,Xiaomi Redmi Note 12,Postpaid Corporate,50,9,Postpaid,0,14.0,4G
CUST-15011,20,Female,Dhaka,Realme 11,Prepaid Saver 30D,71,10,Prepaid,0,9.0,4G
CUST-15012,46,Male,Rajshahi,iPhone 15 Pro,Student Special 4G,62,4,Prepaid,1,15.0,4G
CUST-15013,62,Female,Rajshahi,Xiaomi Redmi Note 12,Unlimited Data Max,23,10,Prepaid,0,16.0,4G
CUST-15014,48,Female,Dhaka,Samsung S23 Ultra,Prepaid Saver 30D,64,4,Prepaid,0,15.0,5G
CUST-15015,62,Female,Rangpur,Vivo Y20,Postpaid Corporate,25,9,Postpaid,0,9.0,4G
CUST-15016,20,Female,Dhaka,Vivo Y20,Unlimited Data Max,18,4,Prepaid,0,22.0,5G
CUST-15017,43,Female,Rangpur,Realme 11,Unlimited Data Max,15,4,Prepaid,0,22.0,4G
CUST-15018,54,Male,Barishal,Vivo Y20,Prepaid Saver 30D,50,8,Prepaid,0,9.0,3G
CUST-15019,48,Female,Dhaka,Realme 11,Prepaid Saver 30D,33,9,Prepaid,0,9.0,5G
CUST-15020,59,Male,Rangpur,Vivo Y20,Postpaid Corporate,59,7,Postpaid,0,15.0,5G
CUST-15021,39,Female,Rangpur,Xiaomi Redmi Note 12,Unlimited Data Max,60,6,Prepaid,1,20.0,4G
CUST-15022,50,Female,Rajshahi,iPhone 15 Pro,Unlimited Data Max,39,5,Prepaid,0,15.0,4G
CUST-15023,37,Female,Mymensingh,Vivo Y20,Family Bundle,15,9,Postpaid,0,9.0,4G
CUST-15024,58,Male,Rajshahi,Samsung S23 Ultra,Unlimited Data Max,8,8,Prepaid,0,14.0,4G
CUST-15025,23,Male,Mymensingh,Xiaomi Redmi Note 12,Family Bundle,69,10,Postpaid,1,16.0,4G
CUST-15026,29,Female,Dhaka,Realme 11,Postpaid Corporate,22,8,Postpaid,0,9.0,4G
CUST-15027,22,Female,Dhaka,Realme 11,Postpaid Corporate,1,9,Postpaid,1,16.0,4G
CUST-15028,50,Male,Mymensingh,Realme 11,Prepaid Saver 30D,29,10,Prepaid,0,9.0,4G
CUST-15029,28,Female,Khulna,Xiaomi Redmi Note 12,Student Special 4G,58,10,Prepaid,0,9.0,5G
CUST-15030,32,Female,Rangpur,Vivo Y20,Family Bundle,7,8,Postpaid,0,9.0,5G
CUST-15031,57,Female,Dhaka,iPhone 15 Pro,Postpaid Corporate,50,6,Postpaid,0,15.0,4G
CUST-15032,34,Male,Chattogram,Samsung S23 Ultra,Postpaid Corporate,30,7,Postpaid,1,22.0,4G
CUST-15033,24,Female,Chattogram,Realme 11,Prepaid Saver 30D,65,6,Prepaid,0,22.0,4G
CUST-15034,18,Male,Rangpur,iPhone 15 Pro,Unlimited Data Max,32,8,Prepaid,0,23.0,4G
CUST-15035,28,Female,Barishal,Xiaomi Redmi Note 12,Family Bundle,38,5,Postpaid,1,22.0,3G
CUST-15036,60,Female,Rangpur,Xiaomi Redmi Note 12,Unlimited Data Max,33,8,Prepaid,0,9.0,4G
CUST-15037,43,Male,Barishal,iPhone 15 Pro,Prepaid Saver 30D,49,4,Prepaid,0,22.0,4G
CUST-15038,64,Female,Dhaka,Vivo Y20,Prepaid Saver 30D,6,10,Prepaid,0,16.0,4G
CUST-15039,28,Male,Rajshahi,iPhone 15 Pro,Student Special 4G,4,4,Prepaid,0,15.0,3G
CUST-15040,34,Female,Dhaka,Realme 11,Postpaid Corporate,42,10,Postpaid,0,9.0,4G
CUST-15041,25,Male,Rangpur,Samsung S23 Ultra,Postpaid Corporate,28,10,Postpaid,0,16.0,4G
CUST-15042,36,Female,Chattogram,Vivo Y20,Unlimited Data Max,12,10,Prepaid,0,9.0,5G
CUST-15043,44,Male,Dhaka,Vivo Y20,Unlimited Data Max,55,8,Prepaid,0,9.0,4G
CUST-15044,55,Male,Khulna,Samsung S23 Ultra,Unlimited Data Max,54,10,Prepaid,1,9.0,4G
CUST-15045,35,Male,Rangpur,Realme 11,Family Bundle,8,10,Postpaid,0,9.0,5G
CUST-15046,54,Female,Chattogram,Xiaomi Redmi Note 12,Unlimited Data Max,14,10,Prepaid,0,9.0,5G
CUST-15047,47,Male,Dhaka,Samsung S23 Ultra,Family Bundle,56,10,Postpaid,0,9.0,4G
CUST-15048,31,Male,Mymensingh,Realme 11,Unlimited Data Max,34,8,Prepaid,0,14.0,4G
CUST-15049,60,Male,Sylhet,Realme 11,Student Special 4G,22,10,Prepaid,0,23.0,3G
CUST-15050,38,Male,Rangpur,Vivo Y20,Prepaid Saver 30D,38,6,Prepaid,0,15.0,4G
CUST-15051,25,Male,Rangpur,Realme 11,Student Special 4G,26,10,Prepaid,0,9.0,4G
CUST-15052,63,Female,Dhaka,Realme 11,Postpaid Corporate,7,8,Postpaid,0,16.0,4G
CUST-15053,60,Female,Khulna,Realme 11,Student Special 4G,46,6,Prepaid,0,15.0,4G
CUST-15054,20,Female,Rangpur,Realme 11,Postpaid Corporate,50,6,Postpaid,0,15.0,4G
CUST-15055,60,Female,Rangpur,Xiaomi Redmi Note 12,Prepaid Saver 30D,6,10,Prepaid,0,9.0,4G
CUST-15056,62,Female,Rajshahi,Realme 11,Family Bundle,18,5,Postpaid,0,15.0,4G
CUST-15057,56,Male,Rajshahi,Samsung S23 Ultra,Postpaid Corporate,45,10,Postpaid,0,16.0,5G
CUST-15058,29,Female,Rangpur,Realme 11,Unlimited Data Max,54,6,Prepaid,0,22.0,5G
CUST-15059,47,Male,Chattogram,iPhone 15 Pro,Prepaid Saver 30D,65,9,Prepaid,0,21.0,3G
CUST-15060,43,Female,Dhaka,Xiaomi Redmi Note 12,Prepaid Saver 30D,43,9,Prepaid,0,9.0,4G
CUST-15061,47,Male,Sylhet,Realme 11,Student Special 4G,7,10,Prepaid,0,28.0,4G
CUST-15062,46,Female,Khulna,Samsung S23 Ultra,Student Special 4G,26,6,Prepaid,0,22.0,4G
CUST-15063,48,Male,Chattogram,Realme 11,Prepaid Saver 30D,18,10,Prepaid,1,9.0,5G
CUST-15064,42,Male,Dhaka,iPhone 15 Pro,Postpaid Corporate,71,10,Postpaid,0,9.0,4G
CUST-15065,50,Male,Mymensingh,Realme 11,Unlimited Data Max,1,10,Prepaid,0,9.0,4G
CUST-15066,42,Female,Rangpur,Realme 11,Prepaid Saver 30D,27,8,Prepaid,0,9.0,4G
CUST-15067,18,Male,Rajshahi,Samsung S23 Ultra,Student Special 4G,37,5,Prepaid,0,15.0,4G
CUST-15068,19,Male,Barishal,iPhone 15 Pro,Unlimited Data Max,22,9,Prepaid,0,9.0,4G
CUST-15069,63,Male,Dhaka,Vivo Y20,Prepaid Saver 30D,52,4,Prepaid,0,22.0,4G
CUST-15070,60,Female,Barishal,iPhone 15 Pro,Unlimited Data Max,10,10,Prepaid,0,21.0,3G
CUST-15071,45,Female,Rangpur,Xiaomi Redmi Note 12,Unlimited Data Max,66,6,Prepaid,1,15.0,5G
CUST-15072,26,Female,Chattogram,Samsung S23 Ultra,Unlimited Data Max,29,5,Prepaid,1,27.0,5G
CUST-15073,54,Female,Khulna,Realme 11,Unlimited Data Max,27,10,Prepaid,0,16.0,4G
CUST-15074,24,Male,Khulna,Samsung S23 Ultra,Prepaid Saver 30D,66,10,Prepaid,0,9.0,4G
CUST-15075,35,Female,Khulna,iPhone 15 Pro,Family Bundle,11,4,Postpaid,0,20.0,5G
CUST-15076,33,Male,Khulna,Xiaomi Redmi Note 12,Unlimited Data Max,34,10,Prepaid,0,9.0,5G
CUST-15077,18,Male,Rajshahi,Realme 11,Student Special 4G,3,10,Prepaid,0,16.0,4G
CUST-15078,55,Male,Khulna,Xiaomi Redmi Note 12,Postpaid Corporate,37,6,Postpaid,0,15.0,5G
CUST-15079,41,Male,Chattogram,Vivo Y20,Unlimited Data Max,24,7,Prepaid,0,15.0,3G
CUST-15080,32,Male,Dhaka,Xiaomi Redmi Note 12,Prepaid Saver 30D,53,8,Prepaid,0,9.0,4G
CUST-15081,41,Female,Khulna,iPhone 15 Pro,Unlimited Data Max,37,10,Prepaid,0,16.0,4G
CUST-15082,18,Female,Dhaka,Samsung S23 Ultra,Student Special 4G,45,9,Prepaid,0,9.0,4G
CUST-15083,38,Male,Rajshahi,Realme 11,Postpaid Corporate,64,10,Postpaid,0,16.0,4G
CUST-15084,42,Male,Dhaka,Xiaomi Redmi Note 12,Prepaid Saver 30D,68,4,Prepaid,0,15.0,5G
CUST-15085,33,Female,Rangpur,Realme 11,Unlimited Data Max,16,9,Prepaid,0,9.0,4G
CUST-15086,57,Male,Chattogram,iPhone 15 Pro,Unlimited Data Max,36,4,Prepaid,0,20.0,4G
CUST-15087,29,Female,Rajshahi,iPhone 15 Pro,Postpaid Corporate,56,7,Postpaid,0,22.0,4G
CUST-15088,24,Male,Chattogram,Xiaomi Redmi Note 12,Unlimited Data Max,10,9,Prepaid,0,16.0,4G
CUST-15089,42,Female,Dhaka,iPhone 15 Pro,Prepaid Saver 30D,35,10,Prepaid,0,9.0,4G
CUST-15090,59,Female,Dhaka,Vivo Y20,Postpaid Corporate,40,6,Postpaid,0,15.0,3G
CUST-15091,35,Male,Mymensingh,Realme 11,Postpaid Corporate,62,6,Postpaid,0,22.0,5G
CUST-15092,20,Male,Chattogram,Vivo Y20,Unlimited Data Max,7,10,Prepaid,0,23.0,3G
CUST-15093,63,Female,Rajshahi,iPhone 15 Pro,Prepaid Saver 30D,62,9,Prepaid,0,9.0,4G
CUST-15094,38,Male,Khulna,Samsung S23 Ultra,Prepaid Saver 30D,17,10,Prepaid,1,16.0,4G
CUST-15095,26,Male,Sylhet,Samsung S23 Ultra,Student Special 4G,61,10,Prepaid,1,23.0,4G
CUST-15096,46,Male,Rajshahi,Vivo Y20,Prepaid Saver 30D,47,4,Prepaid,1,22.0,5G
CUST-15097,33,Male,Khulna,Vivo Y20,Prepaid Saver 30D,29,10,Prepaid,1,21.0,4G
CUST-15098,62,Female,Rangpur,Realme 11,Unlimited Data Max,10,4,Prepaid,0,22.0,4G
CUST-15099,31,Male,Chattogram,Xiaomi Redmi Note 12,Postpaid Corporate,25,10,Postpaid,0,9.0,5G
CUST-15100,43,Male,Mymensingh,iPhone 15 Pro,Postpaid Corporate,53,8,Postpaid,0,16.0,4G
CUST-15101,43,Female,Dhaka,Realme 11,Postpaid Corporate,15,8,Postpaid,0,14.0,5G
CUST-15102,29,Female,Rajshahi,Xiaomi Redmi Note 12,Postpaid Corporate,48,5,Postpaid,0,22.0,3G
CUST-15103,41,Female,Barishal,Realme 11,Student Special 4G,17,10,Prepaid,0,9.0,5G
CUST-15104,23,Female,Dhaka,Samsung S23 Ultra,Student Special 4G,6,9,Prepaid,1,9.0,4G
CUST-15105,48,Male,Mymensingh,Xiaomi Redmi Note 12,Prepaid Saver 30D,44,10,Prepaid,0,16.0,5G
CUST-15106,53,Female,Dhaka,Realme 11,Unlimited Data Max,58,4,Prepaid,0,15.0,4G
CUST-15107,62,Male,Chattogram,Realme 11,Family Bundle,69,10,Postpaid,0,16.0,4G
CUST-15108,33,Female,Dhaka,Samsung S23 Ultra,Postpaid Corporate,36,10,Postpaid,0,9.0,4G
CUST-15109,31,Female,Rangpur,Samsung S23 Ultra,Family Bundle,44,10,Postpaid,0,9.0,4G
CUST-15110,43,Female,Chattogram,Vivo Y20,Prepaid Saver 30D,49,10,Prepaid,1,14.0,5G
CUST-15111,50,Female,Dhaka,iPhone 15 Pro,Family Bundle,30,10,Postpaid,0,9.0,4G
CUST-15112,64,Male,Sylhet,Xiaomi Redmi Note 12,Unlimited Data Max,3,4,Prepaid,0,22.0,4G
CUST-15113,19,Male,Rangpur,Realme 11,Prepaid Saver 30D,18,4,Prepaid,0,15.0,5G
CUST-15114,29,Female,Barishal,Xiaomi Redmi Note 12,Prepaid Saver 30D,27,10,Prepaid,0,9.0,4G
CUST-15115,30,Male,Khulna,Vivo Y20,Unlimited Data Max,47,6,Prepaid,0,20.0,4G
CUST-15116,30,Female,Chattogram,Vivo Y20,Unlimited Data Max,22,10,Prepaid,0,9.0,4G
CUST-15117,39,Female,Sylhet,iPhone 15 Pro,Unlimited Data Max,15,10,Prepaid,1,14.0,4G
CUST-15118,59,Male,Dhaka,Samsung S23 Ultra,Unlimited Data Max,65,10,Prepaid,0,9.0,4G
CUST-15119,19,Female,Dhaka,Vivo Y20,Family Bundle,7,10,Postpaid,0,9.0,4G
CUST-15120,56,Female,Dhaka,Realme 11,Family Bundle,56,6,Postpaid,0,29.0,4G
CUST-15121,47,Female,Khulna,Realme 11,Student Special 4G,7,10,Prepaid,0,14.0,4G
CUST-15122,46,Male,Chattogram,Xiaomi Redmi Note 12,Family Bundle,23,10,Postpaid,0,9.0,4G
CUST-15123,49,Male,Rajshahi,Xiaomi Redmi Note 12,Student Special 4G,61,7,Prepaid,1,15.0,4G
CUST-15124,23,Male,Dhaka,Samsung S23 Ultra,Family Bundle,60,6,Postpaid,0,15.0,4G
CUST-15125,53,Male,Khulna,Xiaomi Redmi Note 12,Unlimited Data Max,28,10,Prepaid,0,9.0,5G
CUST-15126,29,Male,Rangpur,Xiaomi Redmi Note 12,Prepaid Saver 30D,2,10,Prepaid,0,9.0,4G
CUST-15127,42,Male,Chattogram,Samsung S23 Ultra,Student Special 4G,67,10,Prepaid,1,16.0,4G
CUST-15128,49,Male,Chattogram,Realme 11,Prepaid Saver 30D,64,5,Prepaid,0,22.0,4G
CUST-15129,46,Male,Dhaka,Realme 11,Postpaid Corporate,36,8,Postpaid,0,21.0,4G
CUST-15130,33,Female,Rajshahi,Vivo Y20,Prepaid Saver 30D,3,7,Prepaid,1,22.0,5G
CUST-15131,36,Female,Barishal,Samsung S23 Ultra,Prepaid Saver 30D,50,9,Prepaid,0,16.0,5G
CUST-15132,40,Female,Rajshahi,iPhone 15 Pro,Prepaid Saver 30D,56,9,Prepaid,0,9.0,5G
CUST-15133,19,Male,Dhaka,Xiaomi Redmi Note 12,Postpaid Corporate,59,10,Postpaid,1,9.0,5G
CUST-15134,52,Female,Khulna,Vivo Y20,Prepaid Saver 30D,52,10,Prepaid,0,30.0,4G
CUST-15135,22,Female,Khulna,iPhone 15 Pro,Prepaid Saver 30D,63,9,Prepaid,0,30.0,4G
CUST-15136,39,Male,Barishal,Vivo Y20,Postpaid Corporate,37,5,Postpaid,0,15.0,4G
CUST-15137,48,Female,Chattogram,Vivo Y20,Prepaid Saver 30D,12,5,Prepaid,0,15.0,5G
CUST-15138,21,Male,Rajshahi,Samsung S23 Ultra,Prepaid Saver 30D,49,5,Prepaid,0,15.0,3G
CUST-15139,64,Female,Dhaka,iPhone 15 Pro,Postpaid Corporate,16,9,Postpaid,0,16.0,5G
CUST-15140,35,Male,Khulna,iPhone 15 Pro,Prepaid Saver 30D,45,5,Prepaid,0,15.0,5G
CUST-15141,18,Female,Sylhet,Xiaomi Redmi Note 12,Family Bundle,11,5,Postpaid,1,27.0,4G
CUST-15142,48,Male,Barishal,Vivo Y20,Prepaid Saver 30D,3,5,Prepaid,0,29.0,4G
CUST-15143,44,Female,Dhaka,iPhone 15 Pro,Family Bundle,32,10,Postpaid,0,9.0,5G
CUST-15144,48,Female,Dhaka,Realme 11,Student Special 4G,43,6,Prepaid,0,22.0,5G
CUST-15145,53,Male,Chattogram,Samsung S23 Ultra,Student Special 4G,12,10,Prepaid,0,21.0,4G
CUST-15146,40,Male,Sylhet,Xiaomi Redmi Note 12,Student Special 4G,56,8,Prepaid,1,21.0,5G
CUST-15147,56,Male,Sylhet,iPhone 15 Pro,Postpaid Corporate,47,10,Postpaid,0,23.0,5G
CUST-15148,35,Male,Dhaka,Vivo Y20,Prepaid Saver 30D,57,9,Prepaid,0,9.0,4G
CUST-15149,43,Male,Sylhet,Realme 11,Prepaid Saver 30D,26,10,Prepaid,0,16.0,4G
CUST-15150,25,Female,Barishal,iPhone 15 Pro,Unlimited Data Max,47,5,Prepaid,0,22.0,4G
CUST-15151,47,Female,Sylhet,Realme 11,Unlimited Data Max,69,10,Prepaid,0,16.0,5G
CUST-15152,30,Female,Rangpur,iPhone 15 Pro,Unlimited Data Max,13,9,Prepaid,0,9.0,5G
CUST-15153,50,Female,Chattogram,Xiaomi Redmi Note 12,Postpaid Corporate,58,8,Postpaid,0,14.0,4G
CUST-15154,55,Female,Khulna,Xiaomi Redmi Note 12,Unlimited Data Max,45,10,Prepaid,0,9.0,5G
CUST-15155,58,Male,Rajshahi,Vivo Y20,Prepaid Saver 30D,52,9,Prepaid,0,9.0,4G
CUST-15156,61,Female,Dhaka,iPhone 15 Pro,Unlimited Data Max,45,10,Prepaid,0,28.0,5G
CUST-15157,23,Male,Dhaka,Samsung S23 Ultra,Unlimited Data Max,49,9,Prepaid,0,16.0,4G
CUST-15158,24,Female,Khulna,Samsung S23 Ultra,Prepaid Saver 30D,56,5,Prepaid,1,22.0,4G
CUST-15159,61,Male,Chattogram,Vivo Y20,Student Special 4G,3,7,Prepaid,0,15.0,3G
CUST-15160,35,Male,Chattogram,iPhone 15 Pro,Prepaid Saver 30D,3,10,Prepaid,0,9.0,4G
CUST-15161,19,Male,Chattogram,Samsung S23 Ultra,Family Bundle,6,4,Postpaid,1,22.0,4G
CUST-15162,31,Female,Rajshahi,Xiaomi Redmi Note 12,Unlimited Data Max,66,6,Prepaid,0,15.0,4G
CUST-15163,57,Female,Dhaka,Vivo Y20,Prepaid Saver 30D,31,10,Prepaid,0,9.0,5G
CUST-15164,34,Female,Dhaka,Vivo Y20,Unlimited Data Max,71,5,Prepaid,0,15.0,4G
CUST-15165,21,Male,Chattogram,Vivo Y20,Prepaid Saver 30D,65,4,Prepaid,0,15.0,4G
CUST-15166,51,Female,Chattogram,Realme 11,Unlimited Data Max,25,10,Prepaid,0,9.0,4G
CUST-15167,27,Female,Mymensingh,Vivo Y20,Unlimited Data Max,7,6,Prepaid,0,15.0,5G
CUST-15168,34,Male,Chattogram,Realme 11,Postpaid Corporate,60,6,Postpaid,0,15.0,5G
CUST-15169,18,Female,Mymensingh,Samsung S23 Ultra,Postpaid Corporate,30,8,Postpaid,0,9.0,5G
CUST-15170,46,Female,Dhaka,Xiaomi Redmi Note 12,Unlimited Data Max,22,10,Prepaid,0,23.0,4G
CUST-15171,38,Male,Mymensingh,Xiaomi Redmi Note 12,Family Bundle,57,10,Postpaid,0,16.0,4G
CUST-15172,58,Male,Dhaka,Xiaomi Redmi Note 12,Postpaid Corporate,35,6,Postpaid,0,15.0,4G
CUST-15173,33,Male,Rangpur,Vivo Y20,Prepaid Saver 30D,23,7,Prepaid,0,15.0,4G
CUST-15174,27,Female,Barishal,Vivo Y20,Prepaid Saver 30D,29,9,Prepaid,0,9.0,4G
CUST-15175,25,Female,Rangpur,Xiaomi Redmi Note 12,Prepaid Saver 30D,66,10,Prepaid,1,23.0,4G
CUST-15176,27,Female,Dhaka,Samsung S23 Ultra,Student Special 4G,22,4,Prepaid,0,15.0,5G
CUST-15177,39,Female,Barishal,iPhone 15 Pro,Prepaid Saver 30D,67,8,Prepaid,0,23.0,5G
CUST-15178,22,Male,Khulna,Samsung S23 Ultra,Unlimited Data Max,42,5,Prepaid,0,22.0,4G
CUST-15179,36,Male,Chattogram,Xiaomi Redmi Note 12,Unlimited Data Max,5,6,Prepaid,1,15.0,4G
CUST-15180,58,Male,Dhaka,iPhone 15 Pro,Prepaid Saver 30D,9,10,Prepaid,0,9.0,4G
CUST-15181,54,Male,Rajshahi,Samsung S23 Ultra,Prepaid Saver 30D,44,4,Prepaid,0,15.0,4G
CUST-15182,47,Female,Rajshahi,Samsung S23 Ultra,Prepaid Saver 30D,10,10,Prepaid,0,9.0,4G
CUST-15183,59,Female,Khulna,Xiaomi Redmi Note 12,Family Bundle,11,4,Postpaid,0,29.0,4G
CUST-15184,54,Female,Sylhet,Samsung S23 Ultra,Prepaid Saver 30D,33,10,Prepaid,0,9.0,5G
CUST-15185,48,Female,Dhaka,Samsung S23 Ultra,Prepaid Saver 30D,32,8,Prepaid,0,16.0,4G
CUST-15186,58,Male,Barishal,iPhone 15 Pro,Unlimited Data Max,67,9,Prepaid,0,9.0,3G
CUST-15187,23,Female,Rajshahi,Realme 11,Prepaid Saver 30D,64,8,Prepaid,0,16.0,4G
CUST-15188,56,Male,Chattogram,Realme 11,Postpaid Corporate,67,7,Postpaid,1,22.0,5G
CUST-15189,31,Female,Chattogram,iPhone 15 Pro,Family Bundle,6,10,Postpaid,0,16.0,4G
CUST-15190,52,Female,Chattogram,Realme 11,Postpaid Corporate,58,7,Postpaid,0,15.0,4G
CUST-15191,60,Female,Dhaka,Samsung S23 Ultra,Unlimited Data Max,67,4,Prepaid,0,22.0,5G
CUST-15192,41,Female,Dhaka,Realme 11,Student Special 4G,44,4,Prepaid,0,22.0,4G
CUST-15193,22,Male,Dhaka,Samsung S23 Ultra,Student Special 4G,71,6,Prepaid,1,20.0,5G
CUST-15194,35,Female,Khulna,Samsung S23 Ultra,Unlimited Data Max,58,6,Prepaid,0,15.0,5G
CUST-15195,37,Female,Rajshahi,Vivo Y20,Family Bundle,48,4,Postpaid,0,22.0,4G
CUST-15196,62,Female,Sylhet,Xiaomi Redmi Note 12,Postpaid Corporate,29,4,Postpaid,0,15.0,5G
CUST-15197,62,Male,Chattogram,Xiaomi Redmi Note 12,Student Special 4G,26,10,Prepaid,0,9.0,4G
CUST-15198,44,Male,Chattogram,iPhone 15 Pro,Prepaid Saver 30D,29,8,Prepaid,1,9.0,4G
CUST-15199,62,Female,Khulna,Realme 11,Unlimited Data Max,18,7,Prepaid,0,15.0,4G
CUST-15200,38,Male,Chattogram,Realme 11,Student Special 4G,42,10,Prepaid,0,9.0,3G
CUST-15201,37,Female,Dhaka,Realme 11,Prepaid Saver 30D,31,9,Prepaid,0,9.0,4G
CUST-15202,57,Male,Khulna,iPhone 15 Pro,Family Bundle,22,5,Postpaid,0,22.0,3G
CUST-15203,49,Female,Rajshahi,Realme 11,Unlimited Data Max,13,10,Prepaid,0,9.0,4G
CUST-15204,42,Male,Chattogram,Realme 11,Prepaid Saver 30D,37,10,Prepaid,0,28.0,4G
CUST-15205,39,Female,Mymensingh,Xiaomi Redmi Note 12,Postpaid Corporate,2,6,Postpaid,0,15.0,4G
CUST-15206,51,Male,Mymensingh,iPhone 15 Pro,Prepaid Saver 30D,27,10,Prepaid,0,16.0,4G
CUST-15207,53,Female,Rangpur,Realme 11,Prepaid Saver 30D,5,5,Prepaid,0,15.0,4G
CUST-15208,41,Male,Dhaka,Xiaomi Redmi Note 12,Postpaid Corporate,24,10,Postpaid,0,14.0,4G
CUST-15209,19,Female,Rajshahi,iPhone 15 Pro,Postpaid Corporate,48,9,Postpaid,0,23.0,4G
CUST-15210,22,Male,Rajshahi,Vivo Y20,Prepaid Saver 30D,46,6,Prepaid,0,15.0,4G
CUST-15211,24,Female,Chattogram,Xiaomi Redmi Note 12,Prepaid Saver 30D,2,10,Prepaid,0,9.0,5G
CUST-15212,39,Female,Khulna,Xiaomi Redmi Note 12,Postpaid Corporate,51,9,Postpaid,0,9.0,5G
CUST-15213,46,Female,Mymensingh,iPhone 15 Pro,Prepaid Saver 30D,22,10,Prepaid,0,16.0,5G
CUST-15214,55,Male,Dhaka,Realme 11,Student Special 4G,34,4,Prepaid,1,29.0,4G
CUST-15215,28,Male,Dhaka,Vivo Y20,Postpaid Corporate,49,7,Postpaid,0,15.0,4G
CUST-15216,54,Male,Dhaka,Realme 11,Prepaid Saver 30D,3,8,Prepaid,0,16.0,4G
CUST-15217,49,Male,Rajshahi,Xiaomi Redmi Note 12,Unlimited Data Max,13,6,Prepaid,0,15.0,5G
CUST-15218,20,Female,Barishal,Realme 11,Unlimited Data Max,12,9,Prepaid,0,16.0,4G
CUST-15219,34,Female,Dhaka,iPhone 15 Pro,Prepaid Saver 30D,24,7,Prepaid,0,15.0,4G
CUST-15220,32,Male,Chattogram,Samsung S23 Ultra,Postpaid Corporate,2,10,Postpaid,0,14.0,3G
CUST-15221,59,Female,Mymensingh,Realme 11,Student Special 4G,3,6,Prepaid,0,15.0,4G
CUST-15222,61,Male,Mymensingh,Samsung S23 Ultra,Family Bundle,37,5,Postpaid,0,15.0,4G
CUST-15223,56,Female,Dhaka,Samsung S23 Ultra,Prepaid Saver 30D,8,10,Prepaid,0,16.0,4G
CUST-15224,42,Male,Khulna,Realme 11,Postpaid Corporate,31,10,Postpaid,0,9.0,4G
CUST-15225,41,Female,Dhaka,Xiaomi Redmi Note 12,Postpaid Corporate,17,4,Postpaid,0,15.0,4G
CUST-15226,32,Male,Dhaka,Vivo Y20,Prepaid Saver 30D,71,10,Prepaid,1,16.0,5G
CUST-15227,54,Male,Rajshahi,Vivo Y20,Postpaid Corporate,9,5,Postpaid,0,15.0,4G
CUST-15228,22,Male,Chattogram,Samsung S23 Ultra,Prepaid Saver 30D,35,10,Prepaid,0,16.0,4G
CUST-15229,30,Male,Rajshahi,Realme 11,Prepaid Saver 30D,34,4,Prepaid,0,20.0,4G
CUST-15230,24,Female,Mymensingh,iPhone 15 Pro,Family Bundle,53,6,Postpaid,0,15.0,4G
CUST-15231,41,Female,Rangpur,Realme 11,Prepaid Saver 30D,10,10,Prepaid,0,16.0,4G
CUST-15232,32,Male,Dhaka,Samsung S23 Ultra,Unlimited Data Max,69,4,Prepaid,0,22.0,3G
CUST-15233,27,Male,Dhaka,Xiaomi Redmi Note 12,Prepaid Saver 30D,22,8,Prepaid,0,9.0,5G
CUST-15234,35,Female,Barishal,Realme 11,Family Bundle,3,7,Postpaid,0,22.0,4G
CUST-15235,58,Female,Rangpur,Xiaomi Redmi Note 12,Unlimited Data Max,52,6,Prepaid,1,29.0,4G
CUST-15236,44,Male,Mymensingh,Xiaomi Redmi Note 12,Family Bundle,39,5,Postpaid,1,22.0,4G
CUST-15237,56,Female,Khulna,Samsung S23 Ultra,Family Bundle,47,7,Postpaid,1,20.0,3G
CUST-15238,60,Female,Rajshahi,Samsung S23 Ultra,Prepaid Saver 30D,65,7,Prepaid,0,20.0,4G
CUST-15239,60,Female,Dhaka,Realme 11,Prepaid Saver 30D,28,5,Prepaid,0,22.0,4G
CUST-15240,34,Female,Khulna,Xiaomi Redmi Note 12,Unlimited Data Max,65,10,Prepaid,0,16.0,4G
CUST-15241,59,Male,Rajshahi,Xiaomi Redmi Note 12,Unlimited Data Max,67,5,Prepaid,1,15.0,5G
CUST-15242,60,Male,Chattogram,iPhone 15 Pro,Prepaid Saver 30D,39,7,Prepaid,0,15.0,4G
CUST-15243,63,Female,Sylhet,Samsung S23 Ultra,Student Special 4G,56,10,Prepaid,0,23.0,4G
CUST-15244,34,Male,Rangpur,Realme 11,Family Bundle,3,7,Postpaid,0,22.0,4G
CUST-15245,28,Male,Sylhet,Samsung S23 Ultra,Unlimited Data Max,44,10,Prepaid,0,23.0,4G
CUST-15246,45,Female,Rajshahi,Realme 11,Prepaid Saver 30D,6,8,Prepaid,0,16.0,4G
CUST-15247,61,Male,Dhaka,Samsung S23 Ultra,Prepaid Saver 30D,32,10,Prepaid,0,9.0,4G
CUST-15248,60,Female,Khulna,Vivo Y20,Prepaid Saver 30D,54,10,Prepaid,0,14.0,5G
CUST-15249,44,Male,Chattogram,iPhone 15 Pro,Prepaid Saver 30D,5,8,Prepaid,0,14.0,5G
CUST-15250,25,Male,Rajshahi,Vivo Y20,Family Bundle,29,10,Postpaid,0,9.0,5G
CUST-15251,37,Male,Chattogram,Samsung S23 Ultra,Prepaid Saver 30D,30,8,Prepaid,0,9.0,4G
CUST-15252,51,Male,Rangpur,Xiaomi Redmi Note 12,Unlimited Data Max,17,7,Prepaid,0,15.0,4G
CUST-15253,44,Female,Chattogram,Xiaomi Redmi Note 12,Postpaid Corporate,39,10,Postpaid,0,16.0,4G
CUST-15254,34,Female,Chattogram,Samsung S23 Ultra,Unlimited Data Max,58,7,Prepaid,1,15.0,4G
CUST-15255,34,Female,Chattogram,Xiaomi Redmi Note 12,Family Bundle,71,4,Postpaid,0,15.0,5G
CUST-15256,20,Female,Rajshahi,iPhone 15 Pro,Family Bundle,65,6,Postpaid,0,15.0,3G
CUST-15257,31,Male,Chattogram,Xiaomi Redmi Note 12,Unlimited Data Max,68,10,Prepaid,0,9.0,4G
CUST-15258,49,Male,Chattogram,iPhone 15 Pro,Prepaid Saver 30D,15,10,Prepaid,0,16.0,5G
CUST-15259,29,Female,Chattogram,Samsung S23 Ultra,Student Special 4G,8,9,Prepaid,0,9.0,4G
CUST-15260,64,Male,Dhaka,Realme 11,Prepaid Saver 30D,13,8,Prepaid,0,9.0,4G
CUST-15261,21,Female,Sylhet,Xiaomi Redmi Note 12,Prepaid Saver 30D,70,7,Prepaid,0,22.0,4G
CUST-15262,45,Female,Dhaka,Vivo Y20,Family Bundle,16,4,Postpaid,0,22.0,3G
CUST-15263,41,Female,Dhaka,Vivo Y20,Unlimited Data Max,54,6,Prepaid,0,29.0,4G
CUST-15264,57,Female,Chattogram,iPhone 15 Pro,Prepaid Saver 30D,29,10,Prepaid,0,16.0,4G
CUST-15265,59,Female,Barishal,iPhone 15 Pro,Unlimited Data Max,49,10,Prepaid,0,16.0,5G
CUST-15266,43,Female,Dhaka,Vivo Y20,Prepaid Saver 30D,54,4,Prepaid,0,22.0,4G
CUST-15267,47,Female,Chattogram,iPhone 15 Pro,Student Special 4G,65,10,Prepaid,0,23.0,4G
CUST-15268,50,Male,Barishal,Samsung S23 Ultra,Postpaid Corporate,7,10,Postpaid,0,9.0,4G
CUST-15269,42,Male,Chattogram,Xiaomi Redmi Note 12,Postpaid Corporate,24,4,Postpaid,0,15.0,4G
CUST-15270,26,Female,Dhaka,Vivo Y20,Unlimited Data Max,9,8,Prepaid,0,14.0,4G
CUST-15271,38,Male,Rajshahi,iPhone 15 Pro,Student Special 4G,29,5,Prepaid,0,27.0,5G
CUST-15272,29,Female,Chattogram,Realme 11,Prepaid Saver 30D,26,10,Prepaid,0,9.0,5G
CUST-15273,39,Male,Mymensingh,iPhone 15 Pro,Prepaid Saver 30D,62,10,Prepaid,1,9.0,4G
CUST-15274,46,Female,Khulna,iPhone 15 Pro,Unlimited Data Max,50,6,Prepaid,1,15.0,4G
CUST-15275,27,Female,Rangpur,Xiaomi Redmi Note 12,Prepaid Saver 30D,8,10,Prepaid,0,9.0,4G
CUST-15276,29,Female,Chattogram,Samsung S23 Ultra,Prepaid Saver 30D,32,6,Prepaid,0,15.0,4G
CUST-15277,56,Female,Rajshahi,iPhone 15 Pro,Prepaid Saver 30D,51,8,Prepaid,0,16.0,4G
CUST-15278,35,Male,Rangpur,iPhone 15 Pro,Prepaid Saver 30D,53,5,Prepaid,0,15.0,5G
CUST-15279,27,Male,Sylhet,Vivo Y20,Prepaid Saver 30D,58,10,Prepaid,0,14.0,4G
CUST-15280,51,Male,Rajshahi,iPhone 15 Pro,Postpaid Corporate,16,5,Postpaid,0,27.0,3G
CUST-15281,51,Male,Chattogram,Vivo Y20,Prepaid Saver 30D,63,10,Prepaid,0,23.0,4G
CUST-15282,56,Female,Sylhet,Samsung S23 Ultra,Student Special 4G,65,10,Prepaid,1,16.0,3G
CUST-15283,53,Female,Rajshahi,Xiaomi Redmi Note 12,Unlimited Data Max,16,5,Prepaid,0,29.0,4G
CUST-15284,64,Male,Chattogram,iPhone 15 Pro,Unlimited Data Max,47,5,Prepaid,0,15.0,4G
CUST-15285,45,Male,Chattogram,Xiaomi Redmi Note 12,Unlimited Data Max,49,5,Prepaid,0,15.0,3G
CUST-15286,31,Female,Sylhet,Realme 11,Unlimited Data Max,63,10,Prepaid,0,9.0,5G
CUST-15287,58,Female,Chattogram,Vivo Y20,Prepaid Saver 30D,7,4,Prepaid,0,15.0,4G
CUST-15288,30,Female,Rajshahi,Realme 11,Unlimited Data Max,17,10,Prepaid,0,14.0,4G
CUST-15289,31,Female,Dhaka,Xiaomi Redmi Note 12,Unlimited Data Max,62,10,Prepaid,0,9.0,5G
CUST-15290,56,Male,Rajshahi,Xiaomi Redmi Note 12,Prepaid Saver 30D,3,6,Prepaid,1,27.0,4G
CUST-15291,59,Male,Chattogram,Vivo Y20,Prepaid Saver 30D,35,9,Prepaid,0,16.0,5G
CUST-15292,33,Male,Rajshahi,Vivo Y20,Postpaid Corporate,21,4,Postpaid,0,15.0,4G
CUST-15293,52,Male,Dhaka,Realme 11,Prepaid Saver 30D,45,10,Prepaid,0,9.0,5G
CUST-15294,61,Male,Rangpur,Samsung S23 Ultra,Family Bundle,34,10,Postpaid,1,9.0,5G
CUST-15295,55,Male,Chattogram,iPhone 15 Pro,Unlimited Data Max,61,10,Prepaid,0,9.0,5G
CUST-15296,18,Female,Chattogram,iPhone 15 Pro,Prepaid Saver 30D,6,6,Prepaid,0,29.0,4G
CUST-15297,49,Male,Chattogram,iPhone 15 Pro,Prepaid Saver 30D,36,10,Prepaid,0,9.0,4G
CUST-15298,25,Female,Chattogram,Vivo Y20,Student Special 4G,37,10,Prepaid,0,9.0,4G
CUST-15299,57,Female,Sylhet,Samsung S23 Ultra,Unlimited Data Max,37,5,Prepaid,0,15.0,5G
CUST-15300,21,Female,Chattogram,Vivo Y20,Family Bundle,6,9,Postpaid,0,9.0,5G
CUST-15301,64,Female,Chattogram,Vivo Y20,Postpaid Corporate,33,5,Postpaid,0,15.0,4G
CUST-15302,26,Female,Rajshahi,Xiaomi Redmi Note 12,Prepaid Saver 30D,63,10,Prepaid,1,9.0,4G
CUST-15303,37,Male,Chattogram,iPhone 15 Pro,Prepaid Saver 30D,43,10,Prepaid,0,9.0,4G
CUST-15304,29,Male,Chattogram,iPhone 15 Pro,Prepaid Saver 30D,8,10,Prepaid,0,21.0,5G
CUST-15305,56,Female,Mymensingh,Realme 11,Unlimited Data Max,51,8,Prepaid,0,16.0,4G
CUST-15306,36,Female,Dhaka,Realme 11,Family Bundle,66,10,Postpaid,0,16.0,4G
CUST-15307,52,Male,Rangpur,Xiaomi Redmi Note 12,Student Special 4G,58,10,Prepaid,1,23.0,4G
CUST-15308,21,Male,Mymensingh,Xiaomi Redmi Note 12,Unlimited Data Max,7,8,Prepaid,1,9.0,3G
CUST-15309,39,Male,Dhaka,Vivo Y20,Unlimited Data Max,3,7,Prepaid,0,15.0,5G
CUST-15310,60,Male,Khulna,Realme 11,Prepaid Saver 30D,13,5,Prepaid,0,15.0,4G
CUST-15311,61,Female,Rangpur,Realme 11,Student Special 4G,25,10,Prepaid,0,9.0,4G
CUST-15312,27,Male,Dhaka,iPhone 15 Pro,Prepaid Saver 30D,66,7,Prepaid,0,15.0,4G
CUST-15313,36,Female,Rajshahi,Samsung S23 Ultra,Postpaid Corporate,31,9,Postpaid,0,16.0,4G
CUST-15314,37,Female,Dhaka,Xiaomi Redmi Note 12,Unlimited Data Max,69,10,Prepaid,1,16.0,4G
CUST-15315,44,Female,Khulna,iPhone 15 Pro,Family Bundle,8,4,Postpaid,0,15.0,4G
CUST-15316,43,Male,Rajshahi,iPhone 15 Pro,Unlimited Data Max,55,6,Prepaid,0,22.0,3G
CUST-15317,22,Male,Chattogram,Xiaomi Redmi Note 12,Prepaid Saver 30D,54,9,Prepaid,0,16.0,4G
CUST-15318,53,Male,Dhaka,Vivo Y20,Family Bundle,69,10,Postpaid,0,14.0,4G
CUST-15319,28,Female,Chattogram,Vivo Y20,Postpaid Corporate,38,10,Postpaid,0,9.0,3G
CUST-15320,32,Female,Rajshahi,Realme 11,Prepaid Saver 30D,43,10,Prepaid,0,16.0,4G
CUST-15321,57,Male,Khulna,Realme 11,Student Special 4G,1,8,Prepaid,0,9.0,4G
CUST-15322,50,Male,Dhaka,Xiaomi Redmi Note 12,Unlimited Data Max,63,9,Prepaid,0,9.0,4G
CUST-15323,36,Female,Chattogram,Xiaomi Redmi Note 12,Unlimited Data Max,45,8,Prepaid,1,30.0,4G
CUST-15324,60,Female,Sylhet,Xiaomi Redmi Note 12,Unlimited Data Max,50,5,Prepaid,1,27.0,5G
CUST-15325,36,Female,Dhaka,Vivo Y20,Prepaid Saver 30D,25,10,Prepaid,1,16.0,4G
CUST-15326,44,Female,Dhaka,Vivo Y20,Postpaid Corporate,6,10,Postpaid,1,16.0,5G
CUST-15327,29,Female,Chattogram,Xiaomi Redmi Note 12,Prepaid Saver 30D,52,10,Prepaid,0,16.0,3G
CUST-15328,26,Male,Khulna,Realme 11,Prepaid Saver 30D,53,7,Prepaid,0,27.0,5G
CUST-15329,41,Male,Dhaka,Samsung S23 Ultra,Student Special 4G,13,10,Prepaid,0,21.0,4G
CUST-15330,44,Female,Rangpur,Xiaomi Redmi Note 12,Prepaid Saver 30D,59,6,Prepaid,0,15.0,4G
CUST-15331,55,Male,Mymensingh,Vivo Y20,Unlimited Data Max,1,8,Prepaid,0,9.0,4G
CUST-15332,36,Female,Barishal,Realme 11,Prepaid Saver 30D,47,6,Prepaid,0,22.0,5G
CUST-15333,60,Female,Khulna,Xiaomi Redmi Note 12,Student Special 4G,7,8,Prepaid,1,23.0,4G
CUST-15334,46,Male,Chattogram,iPhone 15 Pro,Prepaid Saver 30D,54,10,Prepaid,0,9.0,4G
CUST-15335,21,Male,Barishal,Vivo Y20,Family Bundle,32,8,Postpaid,0,16.0,4G
CUST-15336,52,Male,Khulna,Vivo Y20,Student Special 4G,24,10,Prepaid,0,9.0,4G
CUST-15337,45,Female,Chattogram,iPhone 15 Pro,Student Special 4G,54,10,Prepaid,0,16.0,4G
CUST-15338,36,Female,Rangpur,Vivo Y20,Student Special 4G,58,5,Prepaid,0,36.0,4G
CUST-15339,39,Female,Khulna,Xiaomi Redmi Note 12,Prepaid Saver 30D,43,10,Prepaid,0,16.0,4G
CUST-15340,32,Female,Chattogram,iPhone 15 Pro,Family Bundle,53,5,Postpaid,0,22.0,3G
CUST-15341,46,Female,Sylhet,iPhone 15 Pro,Prepaid Saver 30D,2,10,Prepaid,0,16.0,4G
CUST-15342,44,Male,Khulna,Xiaomi Redmi Note 12,Prepaid Saver 30D,59,8,Prepaid,0,9.0,4G
CUST-15343,39,Male,Chattogram,Xiaomi Redmi Note 12,Unlimited Data Max,43,6,Prepaid,1,27.0,4G
CUST-15344,31,Female,Dhaka,Realme 11,Student Special 4G,12,10,Prepaid,0,14.0,4G
CUST-15345,36,Female,Sylhet,Samsung S23 Ultra,Prepaid Saver 30D,35,10,Prepaid,0,14.0,4G
CUST-15346,41,Female,Dhaka,Xiaomi Redmi Note 12,Student Special 4G,45,4,Prepaid,1,27.0,4G
CUST-15347,40,Male,Dhaka,Realme 11,Family Bundle,57,5,Postpaid,0,15.0,5G
CUST-15348,32,Male,Dhaka,Vivo Y20,Prepaid Saver 30D,37,9,Prepaid,0,9.0,4G
CUST-15349,45,Male,Dhaka,iPhone 15 Pro,Prepaid Saver 30D,19,5,Prepaid,0,22.0,4G
CUST-15350,28,Male,Chattogram,Realme 11,Unlimited Data Max,19,7,Prepaid,0,15.0,4G
CUST-15351,41,Female,Khulna,iPhone 15 Pro,Prepaid Saver 30D,52,8,Prepaid,0,9.0,4G
CUST-15352,23,Male,Rangpur,Realme 11,Postpaid Corporate,62,8,Postpaid,0,9.0,4G
CUST-15353,40,Male,Rajshahi,iPhone 15 Pro,Prepaid Saver 30D,45,10,Prepaid,0,16.0,4G
CUST-15354,54,Female,Chattogram,Realme 11,Prepaid Saver 30D,57,8,Prepaid,0,14.0,4G
CUST-15355,56,Female,Dhaka,Xiaomi Redmi Note 12,Prepaid Saver 30D,45,4,Prepaid,0,15.0,4G
CUST-15356,50,Male,Barishal,iPhone 15 Pro,Prepaid Saver 30D,35,10,Prepaid,0,16.0,4G
CUST-15357,53,Female,Dhaka,Xiaomi Redmi Note 12,Unlimited Data Max,29,7,Prepaid,0,15.0,5G
CUST-15358,21,Female,Mymensingh,Realme 11,Unlimited Data Max,35,4,Prepaid,0,15.0,4G
CUST-15359,34,Female,Dhaka,Realme 11,Student Special 4G,1,10,Prepaid,1,14.0,4G
CUST-15360,48,Male,Rangpur,Realme 11,Prepaid Saver 30D,42,8,Prepaid,0,16.0,4G
CUST-15361,55,Female,Dhaka,Realme 11,Unlimited Data Max,14,10,Prepaid,0,9.0,3G
CUST-15362,45,Female,Mymensingh,Vivo Y20,Prepaid Saver 30D,64,10,Prepaid,0,9.0,4G
CUST-15363,58,Female,Rangpur,Xiaomi Redmi Note 12,Postpaid Corporate,60,4,Postpaid,1,15.0,4G
CUST-15364,30,Female,Mymensingh,Xiaomi Redmi Note 12,Student Special 4G,36,10,Prepaid,0,16.0,3G
CUST-15365,25,Male,Rangpur,Xiaomi Redmi Note 12,Prepaid Saver 30D,44,6,Prepaid,0,22.0,4G
CUST-15366,22,Female,Rajshahi,Xiaomi Redmi Note 12,Prepaid Saver 30D,3,10,Prepaid,0,16.0,4G
CUST-15367,45,Female,Khulna,Samsung S23 Ultra,Postpaid Corporate,42,10,Postpaid,0,9.0,4G
CUST-15368,49,Female,Dhaka,Vivo Y20,Student Special 4G,61,5,Prepaid,0,22.0,5G
CUST-15369,31,Male,Dhaka,Xiaomi Redmi Note 12,Postpaid Corporate,38,5,Postpaid,0,15.0,4G
CUST-15370,54,Female,Rangpur,Xiaomi Redmi Note 12,Postpaid Corporate,62,10,Postpaid,0,16.0,4G
CUST-15371,52,Female,Barishal,Vivo Y20,Unlimited Data Max,6,4,Prepaid,1,20.0,5G
CUST-15372,34,Female,Sylhet,Xiaomi Redmi Note 12,Prepaid Saver 30D,70,6,Prepaid,0,15.0,3G
CUST-15373,29,Male,Dhaka,Xiaomi Redmi Note 12,Student Special 4G,25,10,Prepaid,0,9.0,5G
CUST-15374,52,Male,Rajshahi,Xiaomi Redmi Note 12,Unlimited Data Max,2,5,Prepaid,0,15.0,4G
CUST-15375,49,Female,Dhaka,Vivo Y20,Prepaid Saver 30D,44,10,Prepaid,0,9.0,4G
CUST-15376,26,Female,Sylhet,iPhone 15 Pro,Postpaid Corporate,44,7,Postpaid,0,15.0,4G
CUST-15377,29,Male,Barishal,Samsung S23 Ultra,Family Bundle,9,8,Postpaid,1,16.0,4G
CUST-15378,40,Male,Dhaka,Samsung S23 Ultra,Unlimited Data Max,25,5,Prepaid,0,29.0,4G
CUST-15379,42,Male,Rangpur,Realme 11,Student Special 4G,66,9,Prepaid,0,14.0,4G
CUST-15380,25,Male,Dhaka,Samsung S23 Ultra,Unlimited Data Max,14,7,Prepaid,0,29.0,5G
CUST-15381,62,Male,Dhaka,Realme 11,Student Special 4G,6,10,Prepaid,0,9.0,4G
CUST-15382,36,Male,Rangpur,Vivo Y20,Student Special 4G,59,10,Prepaid,1,14.0,3G
CUST-15383,35,Male,Rangpur,Realme 11,Student Special 4G,49,8,Prepaid,0,9.0,5G
CUST-15384,20,Female,Chattogram,Samsung S23 Ultra,Family Bundle,36,4,Postpaid,0,15.0,5G
CUST-15385,59,Male,Khulna,Realme 11,Family Bundle,22,10,Postpaid,1,16.0,4G
CUST-15386,29,Female,Chattogram,Xiaomi Redmi Note 12,Family Bundle,62,8,Postpaid,0,9.0,4G
CUST-15387,64,Male,Chattogram,Samsung S23 Ultra,Prepaid Saver 30D,62,10,Prepaid,0,16.0,4G
CUST-15388,41,Male,Khulna,Samsung S23 Ultra,Prepaid Saver 30D,1,10,Prepaid,0,9.0,4G
CUST-15389,59,Male,Chattogram,Realme 11,Unlimited Data Max,59,5,Prepaid,0,22.0,4G
CUST-15390,26,Male,Dhaka,Xiaomi Redmi Note 12,Unlimited Data Max,34,5,Prepaid,0,22.0,5G
CUST-15391,25,Female,Dhaka,Xiaomi Redmi Note 12,Postpaid Corporate,24,8,Postpaid,1,16.0,5G
CUST-15392,55,Male,Rangpur,Realme 11,Unlimited Data Max,25,10,Prepaid,0,23.0,4G
CUST-15393,56,Male,Khulna,Xiaomi Redmi Note 12,Family Bundle,33,7,Postpaid,0,22.0,3G
CUST-15394,43,Female,Chattogram,Vivo Y20,Unlimited Data Max,41,8,Prepaid,0,9.0,4G
CUST-15395,19,Female,Sylhet,Samsung S23 Ultra,Unlimited Data Max,69,10,Prepaid,1,9.0,4G
CUST-15396,62,Male,Rangpur,iPhone 15 Pro,Unlimited Data Max,2,10,Prepaid,0,14.0,4G
CUST-15397,36,Male,Dhaka,Samsung S23 Ultra,Unlimited Data Max,44,10,Prepaid,0,9.0,4G
CUST-15398,61,Male,Sylhet,Xiaomi Redmi Note 12,Unlimited Data Max,5,10,Prepaid,0,14.0,5G
CUST-15399,58,Female,Dhaka,Vivo Y20,Prepaid Saver 30D,1,10,Prepaid,0,16.0,4G
CUST-15400,58,Female,Dhaka,Xiaomi Redmi Note 12,Prepaid Saver 30D,22,5,Prepaid,0,29.0,4G
CUST-15401,50,Male,Dhaka,iPhone 15 Pro,Student Special 4G,56,8,Prepaid,0,9.0,4G
CUST-15402,49,Male,Chattogram,Samsung S23 Ultra,Prepaid Saver 30D,25,10,Prepaid,0,14.0,4G
CUST-15403,43,Female,Mymensingh,iPhone 15 Pro,Postpaid Corporate,26,9,Postpaid,0,16.0,3G
CUST-15404,19,Female,Khulna,iPhone 15 Pro,Postpaid Corporate,65,5,Postpaid,1,20.0,4G
CUST-15405,36,Female,Rangpur,Samsung S23 Ultra,Unlimited Data Max,20,10,Prepaid,1,23.0,3G
CUST-15406,52,Female,Chattogram,Samsung S23 Ultra,Unlimited Data Max,55,5,Prepaid,0,20.0,5G
CUST-15407,56,Female,Chattogram,Realme 11,Student Special 4G,60,7,Prepaid,0,15.0,5G
CUST-15408,44,Male,Dhaka,Realme 11,Postpaid Corporate,46,10,Postpaid,0,9.0,5G
CUST-15409,51,Male,Chattogram,Realme 11,Unlimited Data Max,69,10,Prepaid,0,9.0,4G
CUST-15410,19,Female,Sylhet,Samsung S23 Ultra,Postpaid Corporate,70,4,Postpaid,0,15.0,4G
CUST-15411,40,Female,Rajshahi,Vivo Y20,Prepaid Saver 30D,5,7,Prepaid,0,15.0,4G
CUST-15412,41,Male,Rajshahi,Xiaomi Redmi Note 12,Unlimited Data Max,13,7,Prepaid,1,22.0,4G
CUST-15413,59,Male,Rajshahi,Xiaomi Redmi Note 12,Unlimited Data Max,28,9,Prepaid,0,14.0,4G
CUST-15414,32,Female,Chattogram,Vivo Y20,Student Special 4G,48,10,Prepaid,0,14.0,4G
CUST-15415,28,Male,Chattogram,iPhone 15 Pro,Prepaid Saver 30D,20,10,Prepaid,0,16.0,5G
CUST-15416,34,Female,Dhaka,Xiaomi Redmi Note 12,Prepaid Saver 30D,46,5,Prepaid,0,15.0,4G
CUST-15417,26,Male,Rangpur,Samsung S23 Ultra,Unlimited Data Max,64,10,Prepaid,0,16.0,4G
CUST-15418,44,Male,Dhaka,Xiaomi Redmi Note 12,Unlimited Data Max,1,4,Prepaid,0,15.0,5G
CUST-15419,48,Female,Barishal,iPhone 15 Pro,Unlimited Data Max,62,9,Prepaid,0,23.0,4G
CUST-15420,55,Male,Mymensingh,Samsung S23 Ultra,Prepaid Saver 30D,35,9,Prepaid,0,9.0,4G
CUST-15421,63,Male,Chattogram,Realme 11,Student Special 4G,64,8,Prepaid,0,16.0,4G
CUST-15422,21,Male,Khulna,Samsung S23 Ultra,Student Special 4G,49,10,Prepaid,0,9.0,3G
CUST-15423,29,Female,Barishal,Vivo Y20,Unlimited Data Max,4,10,Prepaid,0,21.0,4G
CUST-15424,32,Female,Dhaka,iPhone 15 Pro,Unlimited Data Max,65,10,Prepaid,0,9.0,4G
CUST-15425,29,Male,Dhaka,Samsung S23 Ultra,Unlimited Data Max,4,8,Prepaid,0,9.0,4G
CUST-15426,56,Male,Rangpur,Xiaomi Redmi Note 12,Student Special 4G,18,8,Prepaid,0,16.0,4G
CUST-15427,24,Male,Rajshahi,iPhone 15 Pro,Prepaid Saver 30D,40,9,Prepaid,0,9.0,4G
CUST-15428,19,Male,Barishal,Realme 11,Student Special 4G,65,6,Prepaid,0,15.0,4G
CUST-15429,58,Male,Rajshahi,Realme 11,Prepaid Saver 30D,12,10,Prepaid,0,16.0,4G
CUST-15430,63,Female,Rajshahi,Xiaomi Redmi Note 12,Prepaid Saver 30D,39,7,Prepaid,0,15.0,4G
CUST-15431,28,Male,Mymensingh,Xiaomi Redmi Note 12,Prepaid Saver 30D,8,5,Prepaid,0,15.0,4G
CUST-15432,33,Male,Sylhet,Realme 11,Postpaid Corporate,25,8,Postpaid,0,23.0,4G
CUST-15433,41,Female,Rajshahi,Realme 11,Prepaid Saver 30D,19,10,Prepaid,0,16.0,4G
CUST-15434,42,Male,Chattogram,Samsung S23 Ultra,Unlimited Data Max,31,9,Prepaid,0,9.0,5G
CUST-15435,64,Female,Dhaka,Xiaomi Redmi Note 12,Prepaid Saver 30D,51,4,Prepaid,0,15.0,5G
CUST-15436,36,Female,Dhaka,Realme 11,Family Bundle,52,4,Postpaid,0,15.0,5G
CUST-15437,18,Female,Dhaka,iPhone 15 Pro,Prepaid Saver 30D,48,10,Prepaid,0,9.0,5G
CUST-15438,37,Male,Sylhet,Vivo Y20,Postpaid Corporate,2,10,Postpaid,0,14.0,4G
CUST-15439,44,Male,Khulna,Xiaomi Redmi Note 12,Family Bundle,56,6,Postpaid,1,29.0,4G
CUST-15440,42,Male,Dhaka,iPhone 15 Pro,Prepaid Saver 30D,46,10,Prepaid,0,14.0,5G
CUST-15441,42,Male,Sylhet,iPhone 15 Pro,Prepaid Saver 30D,5,8,Prepaid,0,16.0,4G
CUST-15442,61,Female,Mymensingh,Realme 11,Unlimited Data Max,68,5,Prepaid,0,22.0,4G
CUST-15443,55,Female,Dhaka,Realme 11,Student Special 4G,55,6,Prepaid,0,15.0,4G
CUST-15444,29,Male,Rangpur,iPhone 15 Pro,Family Bundle,50,10,Postpaid,0,21.0,4G
CUST-15445,34,Male,Dhaka,Samsung S23 Ultra,Family Bundle,35,7,Postpaid,0,15.0,4G
CUST-15446,49,Female,Dhaka,Samsung S23 Ultra,Unlimited Data Max,57,10,Prepaid,0,9.0,3G
CUST-15447,37,Male,Dhaka,Xiaomi Redmi Note 12,Family Bundle,23,10,Postpaid,0,16.0,4G
CUST-15448,38,Female,Sylhet,Vivo Y20,Prepaid Saver 30D,52,10,Prepaid,0,16.0,4G
CUST-15449,25,Female,Dhaka,Vivo Y20,Postpaid Corporate,44,8,Postpaid,0,30.0,5G
CUST-15450,29,Female,Dhaka,Xiaomi Redmi Note 12,Unlimited Data Max,44,5,Prepaid,0,15.0,4G
CUST-15451,52,Male,Mymensingh,Xiaomi Redmi Note 12,Unlimited Data Max,57,8,Prepaid,0,9.0,4G
CUST-15452,57,Female,Rangpur,Xiaomi Redmi Note 12,Postpaid Corporate,13,10,Postpaid,0,14.0,4G
CUST-15453,54,Male,Chattogram,iPhone 15 Pro,Prepaid Saver 30D,8,10,Prepaid,1,16.0,5G
CUST-15454,32,Male,Chattogram,Xiaomi Redmi Note 12,Family Bundle,40,8,Postpaid,1,14.0,4G
CUST-15455,24,Male,Sylhet,Vivo Y20,Prepaid Saver 30D,58,5,Prepaid,1,15.0,5G
CUST-15456,25,Female,Rajshahi,Realme 11,Student Special 4G,19,6,Prepaid,1,29.0,4G
CUST-15457,36,Female,Dhaka,iPhone 15 Pro,Prepaid Saver 30D,41,7,Prepaid,0,22.0,3G
CUST-15458,42,Male,Dhaka,Samsung S23 Ultra,Unlimited Data Max,68,10,Prepaid,0,9.0,4G
CUST-15459,59,Male,Dhaka,Realme 11,Unlimited Data Max,45,9,Prepaid,0,9.0,4G
CUST-15460,60,Female,Mymensingh,Vivo Y20,Student Special 4G,6,8,Prepaid,0,16.0,4G
CUST-15461,18,Female,Khulna,Samsung S23 Ultra,Student Special 4G,63,10,Prepaid,0,9.0,4G
CUST-15462,51,Female,Rajshahi,iPhone 15 Pro,Unlimited Data Max,70,5,Prepaid,0,20.0,5G
CUST-15463,32,Male,Barishal,Vivo Y20,Prepaid Saver 30D,51,6,Prepaid,0,29.0,5G
CUST-15464,27,Male,Rajshahi,iPhone 15 Pro,Prepaid Saver 30D,44,10,Prepaid,0,14.0,4G
CUST-15465,44,Male,Barishal,Samsung S23 Ultra,Postpaid Corporate,42,7,Postpaid,0,15.0,4G
CUST-15466,19,Female,Rangpur,iPhone 15 Pro,Postpaid Corporate,45,9,Postpaid,0,21.0,3G
CUST-15467,33,Male,Barishal,iPhone 15 Pro,Student Special 4G,24,10,Prepaid,0,21.0,5G
CUST-15468,43,Male,Chattogram,Xiaomi Redmi Note 12,Prepaid Saver 30D,46,10,Prepaid,0,9.0,4G
CUST-15469,30,Female,Chattogram,Vivo Y20,Unlimited Data Max,37,9,Prepaid,0,21.0,4G
CUST-15470,45,Female,Chattogram,Vivo Y20,Unlimited Data Max,57,4,Prepaid,0,20.0,5G
CUST-15471,39,Male,Dhaka,Xiaomi Redmi Note 12,Family Bundle,60,10,Postpaid,0,21.0,5G
CUST-15472,55,Female,Mymensingh,Samsung S23 Ultra,Prepaid Saver 30D,51,4,Prepaid,1,20.0,5G
CUST-15473,26,Female,Rangpur,iPhone 15 Pro,Unlimited Data Max,71,4,Prepaid,0,15.0,4G
CUST-15474,20,Male,Dhaka,Samsung S23 Ultra,Student Special 4G,32,6,Prepaid,0,15.0,5G
CUST-15475,42,Male,Khulna,Samsung S23 Ultra,Prepaid Saver 30D,54,6,Prepaid,0,20.0,4G
CUST-15476,30,Male,Dhaka,iPhone 15 Pro,Prepaid Saver 30D,25,10,Prepaid,0,21.0,4G
CUST-15477,51,Male,Rajshahi,Samsung S23 Ultra,Unlimited Data Max,57,9,Prepaid,0,16.0,4G
CUST-15478,22,Male,Chattogram,Xiaomi Redmi Note 12,Student Special 4G,19,10,Prepaid,0,9.0,5G
CUST-15479,45,Male,Dhaka,iPhone 15 Pro,Postpaid Corporate,50,5,Postpaid,0,15.0,4G
CUST-15480,64,Female,Chattogram,Realme 11,Prepaid Saver 30D,2,10,Prepaid,0,9.0,4G
CUST-15481,22,Female,Chattogram,Xiaomi Redmi Note 12,Prepaid Saver 30D,55,8,Prepaid,0,9.0,5G
CUST-15482,32,Female,Khulna,Vivo Y20,Prepaid Saver 30D,21,9,Prepaid,0,9.0,4G
CUST-15483,57,Male,Chattogram,Xiaomi Redmi Note 12,Postpaid Corporate,18,4,Postpaid,1,22.0,4G
CUST-15484,43,Female,Chattogram,Samsung S23 Ultra,Prepaid Saver 30D,24,10,Prepaid,0,16.0,4G
CUST-15485,26,Female,Rangpur,Vivo Y20,Prepaid Saver 30D,31,9,Prepaid,0,23.0,5G
CUST-15486,28,Female,Chattogram,iPhone 15 Pro,Prepaid Saver 30D,10,10,Prepaid,1,14.0,4G
CUST-15487,53,Female,Khulna,Realme 11,Family Bundle,40,10,Postpaid,1,16.0,5G
CUST-15488,58,Male,Dhaka,Realme 11,Prepaid Saver 30D,9,6,Prepaid,0,22.0,4G
CUST-15489,34,Female,Rangpur,Vivo Y20,Prepaid Saver 30D,40,10,Prepaid,1,16.0,4G
CUST-15490,40,Female,Mymensingh,Realme 11,Prepaid Saver 30D,27,8,Prepaid,0,23.0,4G
CUST-15491,54,Female,Barishal,Xiaomi Redmi Note 12,Postpaid Corporate,43,7,Postpaid,1,15.0,4G
CUST-15492,26,Male,Rangpur,iPhone 15 Pro,Student Special 4G,11,10,Prepaid,0,9.0,4G
CUST-15493,27,Female,Dhaka,Xiaomi Redmi Note 12,Family Bundle,70,4,Postpaid,0,27.0,4G
CUST-15494,54,Female,Dhaka,Realme 11,Prepaid Saver 30D,2,10,Prepaid,0,16.0,4G
CUST-15495,26,Female,Mymensingh,Xiaomi Redmi Note 12,Prepaid Saver 30D,61,10,Prepaid,0,9.0,3G
CUST-15496,54,Male,Rajshahi,Samsung S23 Ultra,Prepaid Saver 30D,25,6,Prepaid,0,29.0,4G
CUST-15497,41,Male,Dhaka,iPhone 15 Pro,Student Special 4G,59,9,Prepaid,0,9.0,5G
CUST-15498,64,Female,Dhaka,Vivo Y20,Postpaid Corporate,43,10,Postpaid,0,9.0,4G
CUST-15499,19,Female,Chattogram,iPhone 15 Pro,Prepaid Saver 30D,59,9,Prepaid,0,9.0,3G
CUST-15500,62,Male,Khulna,Xiaomi Redmi Note 12,Prepaid Saver 30D,40,10,Prepaid,0,9.0,3G
CUST-15501,28,Female,Sylhet,Vivo Y20,Unlimited Data Max,57,10,Prepaid,0,9.0,5G
CUST-15502,19,Female,Dhaka,iPhone 15 Pro,Postpaid Corporate,47,6,Postpaid,0,15.0,4G
CUST-15503,52,Male,Sylhet,Realme 11,Prepaid Saver 30D,49,7,Prepaid,0,15.0,5G
CUST-15504,43,Male,Chattogram,Realme 11,Prepaid Saver 30D,41,10,Prepaid,0,9.0,4G
CUST-15505,57,Female,Rajshahi,iPhone 15 Pro,Unlimited Data Max,19,8,Prepaid,0,9.0,4G
CUST-15506,23,Female,Sylhet,Vivo Y20,Unlimited Data Max,61,7,Prepaid,0,20.0,4G
CUST-15507,21,Female,Mymensingh,Xiaomi Redmi Note 12,Unlimited Data Max,61,10,Prepaid,0,21.0,5G
CUST-15508,44,Female,Chattogram,iPhone 15 Pro,Postpaid Corporate,52,5,Postpaid,0,15.0,5G
CUST-15509,59,Male,Dhaka,iPhone 15 Pro,Postpaid Corporate,20,8,Postpaid,0,14.0,4G
CUST-15510,37,Male,Chattogram,iPhone 15 Pro,Prepaid Saver 30D,29,7,Prepaid,1,15.0,4G
CUST-15511,55,Female,Khulna,Xiaomi Redmi Note 12,Prepaid Saver 30D,52,10,Prepaid,1,23.0,4G
CUST-15512,60,Female,Sylhet,iPhone 15 Pro,Student Special 4G,14,10,Prepaid,0,16.0,3G
CUST-15513,58,Male,Dhaka,iPhone 15 Pro,Student Special 4G,8,10,Prepaid,0,9.0,3G
CUST-15514,41,Female,Chattogram,Realme 11,Postpaid Corporate,29,7,Postpaid,1,20.0,4G
CUST-15515,50,Male,Dhaka,Vivo Y20,Postpaid Corporate,39,7,Postpaid,1,22.0,5G
CUST-15516,42,Male,Khulna,Realme 11,Student Special 4G,64,5,Prepaid,0,20.0,4G
CUST-15517,49,Male,Khulna,Xiaomi Redmi Note 12,Postpaid Corporate,23,10,Postpaid,0,16.0,5G
CUST-15518,44,Male,Chattogram,Realme 11,Unlimited Data Max,16,7,Prepaid,0,15.0,5G
CUST-15519,42,Female,Rajshahi,Xiaomi Redmi Note 12,Prepaid Saver 30D,51,7,Prepaid,0,29.0,4G
CUST-15520,38,Female,Chattogram,iPhone 15 Pro,Unlimited Data Max,63,7,Prepaid,0,27.0,3G
CUST-15521,48,Male,Khulna,Realme 11,Student Special 4G,61,10,Prepaid,0,9.0,4G
CUST-15522,53,Female,Dhaka,Samsung S23 Ultra,Postpaid Corporate,45,10,Postpaid,0,9.0,4G
CUST-15523,61,Female,Chattogram,Vivo Y20,Family Bundle,2,7,Postpaid,0,22.0,4G
CUST-15524,46,Female,Mymensingh,Xiaomi Redmi Note 12,Unlimited Data Max,47,10,Prepaid,1,16.0,5G
CUST-15525,22,Male,Mymensingh,Vivo Y20,Prepaid Saver 30D,9,6,Prepaid,0,15.0,4G
CUST-15526,45,Female,Dhaka,Samsung S23 Ultra,Postpaid Corporate,56,8,Postpaid,0,9.0,4G
CUST-15527,32,Male,Rajshahi,Xiaomi Redmi Note 12,Student Special 4G,66,10,Prepaid,0,14.0,5G
CUST-15528,19,Male,Dhaka,Xiaomi Redmi Note 12,Student Special 4G,44,9,Prepaid,1,16.0,4G
CUST-15529,21,Female,Dhaka,iPhone 15 Pro,Unlimited Data Max,17,10,Prepaid,0,16.0,4G
CUST-15530,45,Male,Sylhet,Xiaomi Redmi Note 12,Family Bundle,22,9,Postpaid,1,9.0,4G
CUST-15531,62,Male,Sylhet,Realme 11,Family Bundle,52,10,Postpaid,0,9.0,4G
CUST-15532,41,Female,Chattogram,Vivo Y20,Family Bundle,54,8,Postpaid,0,9.0,4G
CUST-15533,38,Female,Sylhet,Vivo Y20,Postpaid Corporate,58,10,Postpaid,0,16.0,5G
CUST-15534,22,Male,Rajshahi,iPhone 15 Pro,Student Special 4G,8,10,Prepaid,0,16.0,4G
CUST-15535,49,Male,Chattogram,Vivo Y20,Unlimited Data Max,53,10,Prepaid,0,9.0,4G
CUST-15536,20,Male,Dhaka,Xiaomi Redmi Note 12,Prepaid Saver 30D,69,7,Prepaid,0,22.0,4G
CUST-15537,57,Female,Barishal,Xiaomi Redmi Note 12,Unlimited Data Max,3,9,Prepaid,0,23.0,3G
CUST-15538,56,Female,Khulna,Samsung S23 Ultra,Prepaid Saver 30D,31,10,Prepaid,0,9.0,4G
CUST-15539,64,Female,Sylhet,Realme 11,Family Bundle,53,10,Postpaid,0,9.0,5G
CUST-15540,31,Male,Dhaka,Vivo Y20,Postpaid Corporate,38,5,Postpaid,0,22.0,4G
CUST-15541,25,Male,Dhaka,iPhone 15 Pro,Prepaid Saver 30D,69,4,Prepaid,0,15.0,3G
CUST-15542,32,Male,Chattogram,Vivo Y20,Student Special 4G,49,4,Prepaid,0,15.0,3G
CUST-15543,55,Male,Khulna,Samsung S23 Ultra,Prepaid Saver 30D,27,5,Prepaid,0,22.0,4G
CUST-15544,28,Female,Rajshahi,Vivo Y20,Prepaid Saver 30D,45,6,Prepaid,0,15.0,5G
CUST-15545,59,Male,Chattogram,iPhone 15 Pro,Postpaid Corporate,51,6,Postpaid,0,20.0,4G
CUST-15546,25,Female,Khulna,Xiaomi Redmi Note 12,Prepaid Saver 30D,56,5,Prepaid,0,15.0,3G
CUST-15547,20,Female,Dhaka,Samsung S23 Ultra,Postpaid Corporate,20,10,Postpaid,0,9.0,4G
CUST-15548,28,Male,Rajshahi,Vivo Y20,Student Special 4G,66,10,Prepaid,0,9.0,4G
CUST-15549,53,Female,Mymensingh,Xiaomi Redmi Note 12,Prepaid Saver 30D,71,5,Prepaid,0,15.0,4G
CUST-15550,46,Female,Mymensingh,Vivo Y20,Prepaid Saver 30D,16,7,Prepaid,0,15.0,4G
CUST-15551,34,Male,Dhaka,iPhone 15 Pro,Prepaid Saver 30D,15,7,Prepaid,0,22.0,5G
CUST-15552,48,Male,Khulna,Samsung S23 Ultra,Family Bundle,28,10,Postpaid,0,9.0,4G
CUST-15553,48,Male,Mymensingh,Realme 11,Prepaid Saver 30D,22,4,Prepaid,1,22.0,4G
CUST-15554,44,Male,Mymensingh,Samsung S23 Ultra,Student Special 4G,14,10,Prepaid,1,23.0,5G
CUST-15555,42,Female,Khulna,Realme 11,Postpaid Corporate,12,4,Postpaid,0,15.0,4G
CUST-15556,22,Female,Rangpur,Samsung S23 Ultra,Unlimited Data Max,51,9,Prepaid,0,9.0,5G
CUST-15557,30,Male,Chattogram,Samsung S23 Ultra,Prepaid Saver 30D,68,9,Prepaid,0,9.0,4G
CUST-15558,42,Female,Barishal,Realme 11,Unlimited Data Max,7,6,Prepaid,0,20.0,5G
CUST-15559,24,Female,Sylhet,Realme 11,Unlimited Data Max,41,4,Prepaid,0,15.0,4G
CUST-15560,40,Male,Chattogram,Samsung S23 Ultra,Unlimited Data Max,20,8,Prepaid,0,9.0,4G
CUST-15561,23,Female,Rangpur,Samsung S23 Ultra,Postpaid Corporate,18,10,Postpaid,0,23.0,5G
CUST-15562,54,Male,Khulna,Vivo Y20,Postpaid Corporate,41,9,Postpaid,0,14.0,4G
CUST-15563,22,Male,Rangpur,Samsung S23 Ultra,Prepaid Saver 30D,10,10,Prepaid,0,16.0,4G
CUST-15564,22,Male,Khulna,iPhone 15 Pro,Prepaid Saver 30D,6,7,Prepaid,0,15.0,4G
CUST-15565,47,Female,Rangpur,Vivo Y20,Prepaid Saver 30D,63,10,Prepaid,0,9.0,5G
CUST-15566,28,Female,Rajshahi,Xiaomi Redmi Note 12,Student Special 4G,32,10,Prepaid,0,9.0,4G
CUST-15567,34,Male,Dhaka,Samsung S23 Ultra,Family Bundle,5,7,Postpaid,1,15.0,4G
CUST-15568,32,Male,Dhaka,Vivo Y20,Student Special 4G,63,10,Prepaid,0,9.0,4G
CUST-15569,28,Male,Barishal,iPhone 15 Pro,Prepaid Saver 30D,46,10,Prepaid,0,16.0,5G
CUST-15570,53,Female,Dhaka,Realme 11,Family Bundle,53,9,Postpaid,0,14.0,4G
CUST-15571,50,Female,Sylhet,Realme 11,Student Special 4G,44,8,Prepaid,0,9.0,5G
CUST-15572,29,Male,Dhaka,iPhone 15 Pro,Unlimited Data Max,34,5,Prepaid,0,22.0,4G
CUST-15573,50,Female,Rajshahi,iPhone 15 Pro,Prepaid Saver 30D,55,5,Prepaid,0,15.0,4G
CUST-15574,51,Female,Dhaka,Xiaomi Redmi Note 12,Prepaid Saver 30D,25,10,Prepaid,1,16.0,4G
CUST-15575,43,Female,Dhaka,iPhone 15 Pro,Postpaid Corporate,49,7,Postpaid,0,15.0,5G
CUST-15576,45,Female,Sylhet,Samsung S23 Ultra,Prepaid Saver 30D,63,10,Prepaid,0,21.0,4G
CUST-15577,61,Female,Barishal,Realme 11,Prepaid Saver 30D,60,7,Prepaid,1,22.0,4G
CUST-15578,39,Female,Khulna,Realme 11,Unlimited Data Max,40,6,Prepaid,0,15.0,4G
CUST-15579,36,Male,Dhaka,Realme 11,Prepaid Saver 30D,3,9,Prepaid,0,9.0,3G
CUST-15580,43,Male,Chattogram,Realme 11,Postpaid Corporate,2,7,Postpaid,1,15.0,4G
CUST-15581,57,Female,Chattogram,Xiaomi Redmi Note 12,Prepaid Saver 30D,31,8,Prepaid,1,16.0,4G
CUST-15582,51,Male,Mymensingh,Vivo Y20,Prepaid Saver 30D,48,8,Prepaid,0,16.0,4G
CUST-15583,21,Female,Chattogram,Vivo Y20,Postpaid Corporate,6,10,Postpaid,0,9.0,3G
CUST-15584,39,Female,Rajshahi,Vivo Y20,Family Bundle,30,10,Postpaid,0,16.0,3G
CUST-15585,52,Male,Khulna,Samsung S23 Ultra,Unlimited Data Max,29,10,Prepaid,0,16.0,4G
CUST-15586,28,Female,Chattogram,Samsung S23 Ultra,Prepaid Saver 30D,33,10,Prepaid,0,9.0,4G
CUST-15587,64,Male,Dhaka,Xiaomi Redmi Note 12,Prepaid Saver 30D,40,6,Prepaid,0,22.0,4G
CUST-15588,55,Female,Chattogram,Realme 11,Unlimited Data Max,20,10,Prepaid,0,16.0,4G
CUST-15589,57,Female,Rajshahi,iPhone 15 Pro,Student Special 4G,43,8,Prepaid,1,9.0,4G
CUST-15590,21,Male,Khulna,Samsung S23 Ultra,Family Bundle,33,8,Postpaid,0,16.0,5G
CUST-15591,45,Female,Barishal,Samsung S23 Ultra,Prepaid Saver 30D,66,10,Prepaid,0,14.0,4G
CUST-15592,42,Male,Khulna,Xiaomi Redmi Note 12,Prepaid Saver 30D,24,7,Prepaid,1,27.0,4G
CUST-15593,47,Male,Dhaka,Vivo Y20,Unlimited Data Max,66,6,Prepaid,1,22.0,3G
CUST-15594,57,Female,Mymensingh,Xiaomi Redmi Note 12,Postpaid Corporate,69,8,Postpaid,0,9.0,4G
CUST-15595,34,Female,Barishal,Realme 11,Unlimited Data Max,22,4,Prepaid,0,22.0,3G
CUST-15596,43,Male,Barishal,Samsung S23 Ultra,Prepaid Saver 30D,29,9,Prepaid,1,14.0,4G
CUST-15597,49,Male,Dhaka,iPhone 15 Pro,Unlimited Data Max,50,10,Prepaid,0,9.0,4G
CUST-15598,53,Male,Mymensingh,Realme 11,Postpaid Corporate,33,5,Postpaid,0,20.0,4G
CUST-15599,54,Male,Mymensingh,Xiaomi Redmi Note 12,Family Bundle,51,8,Postpaid,0,16.0,4G
CUST-15600,33,Female,Dhaka,Samsung S23 Ultra,Unlimited Data Max,19,6,Prepaid,0,15.0,5G
CUST-15601,64,Male,Chattogram,iPhone 15 Pro,Student Special 4G,68,5,Prepaid,0,15.0,4G
CUST-15602,18,Female,Mymensingh,Realme 11,Student Special 4G,50,5,Prepaid,0,22.0,4G
CUST-15603,41,Female,Barishal,Realme 11,Unlimited Data Max,6,8,Prepaid,0,23.0,4G
CUST-15604,46,Female,Khulna,Vivo Y20,Family Bundle,18,9,Postpaid,0,14.0,4G
CUST-15605,20,Male,Dhaka,iPhone 15 Pro,Postpaid Corporate,44,9,Postpaid,0,9.0,5G
CUST-15606,39,Female,Chattogram,Vivo Y20,Prepaid Saver 30D,21,4,Prepaid,0,15.0,3G
CUST-15607,46,Male,Dhaka,Vivo Y20,Postpaid Corporate,29,4,Postpaid,0,22.0,5G
CUST-15608,46,Male,Chattogram,iPhone 15 Pro,Prepaid Saver 30D,46,5,Prepaid,0,36.0,4G
CUST-15609,23,Male,Khulna,iPhone 15 Pro,Unlimited Data Max,25,10,Prepaid,0,9.0,5G
CUST-15610,31,Female,Chattogram,Vivo Y20,Prepaid Saver 30D,65,10,Prepaid,0,9.0,4G
CUST-15611,29,Female,Dhaka,iPhone 15 Pro,Postpaid Corporate,44,8,Postpaid,0,9.0,4G
CUST-15612,48,Female,Dhaka,Xiaomi Redmi Note 12,Family Bundle,30,4,Postpaid,1,15.0,4G
CUST-15613,33,Female,Barishal,Vivo Y20,Prepaid Saver 30D,20,4,Prepaid,0,22.0,3G
CUST-15614,44,Female,Khulna,iPhone 15 Pro,Prepaid Saver 30D,21,7,Prepaid,1,20.0,5G
CUST-15615,52,Male,Rajshahi,Vivo Y20,Unlimited Data Max,3,10,Prepaid,1,16.0,4G
CUST-15616,55,Male,Sylhet,Samsung S23 Ultra,Family Bundle,7,5,Postpaid,0,15.0,5G
CUST-15617,26,Female,Chattogram,iPhone 15 Pro,Unlimited Data Max,56,9,Prepaid,0,9.0,3G
CUST-15618,60,Female,Chattogram,iPhone 15 Pro,Family Bundle,55,9,Postpaid,0,16.0,4G
CUST-15619,25,Male,Dhaka,Xiaomi Redmi Note 12,Unlimited Data Max,7,10,Prepaid,0,9.0,4G
CUST-15620,19,Female,Rangpur,iPhone 15 Pro,Unlimited Data Max,40,6,Prepaid,1,22.0,4G
CUST-15621,20,Male,Dhaka,Vivo Y20,Unlimited Data Max,24,6,Prepaid,0,20.0,4G
CUST-15622,27,Female,Dhaka,Realme 11,Prepaid Saver 30D,50,10,Prepaid,0,9.0,5G
CUST-15623,59,Female,Rajshahi,Realme 11,Prepaid Saver 30D,43,8,Prepaid,0,9.0,4G
CUST-15624,27,Female,Barishal,Realme 11,Family Bundle,57,5,Postpaid,1,22.0,4G
CUST-15625,50,Female,Khulna,Realme 11,Prepaid Saver 30D,45,10,Prepaid,0,14.0,4G
CUST-15626,37,Female,Dhaka,Realme 11,Unlimited Data Max,15,10,Prepaid,0,16.0,4G
CUST-15627,19,Male,Khulna,Realme 11,Postpaid Corporate,48,10,Postpaid,0,16.0,4G
CUST-15628,38,Female,Rajshahi,Realme 11,Prepaid Saver 30D,60,5,Prepaid,1,27.0,4G
CUST-15629,19,Female,Dhaka,Vivo Y20,Postpaid Corporate,71,10,Postpaid,0,9.0,4G
CUST-15630,40,Female,Mymensingh,Samsung S23 Ultra,Student Special 4G,50,10,Prepaid,0,16.0,5G
CUST-15631,44,Male,Dhaka,Xiaomi Redmi Note 12,Family Bundle,29,10,Postpaid,0,9.0,4G
CUST-15632,42,Male,Chattogram,Samsung S23 Ultra,Prepaid Saver 30D,37,8,Prepaid,0,16.0,4G
CUST-15633,31,Female,Rangpur,Samsung S23 Ultra,Prepaid Saver 30D,10,10,Prepaid,0,16.0,3G
CUST-15634,54,Male,Rajshahi,Vivo Y20,Prepaid Saver 30D,46,9,Prepaid,0,9.0,4G
CUST-15635,46,Female,Sylhet,Xiaomi Redmi Note 12,Prepaid Saver 30D,10,4,Prepaid,0,15.0,3G
CUST-15636,29,Male,Rajshahi,Realme 11,Prepaid Saver 30D,19,5,Prepaid,0,15.0,5G
CUST-15637,38,Female,Chattogram,Realme 11,Unlimited Data Max,37,10,Prepaid,0,9.0,4G
CUST-15638,23,Female,Dhaka,Samsung S23 Ultra,Unlimited Data Max,34,8,Prepaid,0,9.0,5G
CUST-15639,61,Male,Dhaka,Xiaomi Redmi Note 12,Family Bundle,28,9,Postpaid,0,23.0,4G
CUST-15640,53,Female,Barishal,Samsung S23 Ultra,Family Bundle,46,10,Postpaid,0,9.0,4G
CUST-15641,31,Female,Dhaka,iPhone 15 Pro,Unlimited Data Max,65,6,Prepaid,1,15.0,4G
CUST-15642,49,Female,Dhaka,Samsung S23 Ultra,Family Bundle,66,10,Postpaid,0,9.0,4G
CUST-15643,49,Female,Barishal,Realme 11,Student Special 4G,37,6,Prepaid,0,15.0,5G
CUST-15644,46,Female,Rangpur,Samsung S23 Ultra,Unlimited Data Max,40,8,Prepaid,0,9.0,4G
CUST-15645,20,Male,Chattogram,Xiaomi Redmi Note 12,Family Bundle,33,6,Postpaid,0,15.0,5G
CUST-15646,59,Male,Dhaka,iPhone 15 Pro,Family Bundle,64,10,Postpaid,0,16.0,4G
CUST-15647,62,Male,Rajshahi,Vivo Y20,Postpaid Corporate,62,5,Postpaid,0,22.0,4G
CUST-15648,63,Female,Khulna,Realme 11,Student Special 4G,4,7,Prepaid,0,22.0,4G
CUST-15649,64,Female,Chattogram,iPhone 15 Pro,Prepaid Saver 30D,57,6,Prepaid,0,15.0,5G
CUST-15650,61,Female,Khulna,iPhone 15 Pro,Prepaid Saver 30D,3,10,Prepaid,0,16.0,4G
CUST-15651,52,Male,Rajshahi,Realme 11,Postpaid Corporate,51,4,Postpaid,0,22.0,4G
CUST-15652,20,Female,Rangpur,Realme 11,Prepaid Saver 30D,25,10,Prepaid,1,14.0,5G
CUST-15653,39,Female,Dhaka,Xiaomi Redmi Note 12,Prepaid Saver 30D,38,10,Prepaid,0,9.0,4G
CUST-15654,29,Male,Barishal,Samsung S23 Ultra,Postpaid Corporate,56,10,Postpaid,0,9.0,4G
CUST-15655,28,Male,Khulna,Samsung S23 Ultra,Student Special 4G,17,9,Prepaid,0,9.0,4G
CUST-15656,57,Male,Chattogram,Realme 11,Student Special 4G,10,10,Prepaid,0,23.0,4G
CUST-15657,56,Female,Rajshahi,Xiaomi Redmi Note 12,Unlimited Data Max,41,5,Prepaid,0,22.0,4G
CUST-15658,42,Female,Mymensingh,Vivo Y20,Prepaid Saver 30D,60,9,Prepaid,0,9.0,4G
CUST-15659,52,Male,Rajshahi,Samsung S23 Ultra,Unlimited Data Max,9,10,Prepaid,0,14.0,5G
CUST-15660,24,Male,Sylhet,Samsung S23 Ultra,Postpaid Corporate,28,6,Postpaid,0,15.0,5G
CUST-15661,28,Female,Khulna,Realme 11,Unlimited Data Max,39,5,Prepaid,0,22.0,5G
CUST-15662,58,Male,Rangpur,Vivo Y20,Family Bundle,17,6,Postpaid,0,22.0,4G
CUST-15663,39,Female,Mymensingh,Realme 11,Postpaid Corporate,61,8,Postpaid,0,9.0,4G
CUST-15664,43,Male,Chattogram,Samsung S23 Ultra,Prepaid Saver 30D,43,4,Prepaid,1,22.0,4G
CUST-15665,39,Male,Rajshahi,Samsung S23 Ultra,Postpaid Corporate,37,10,Postpaid,0,9.0,4G
CUST-15666,27,Male,Mymensingh,Vivo Y20,Unlimited Data Max,10,10,Prepaid,0,21.0,4G
CUST-15667,56,Female,Sylhet,Xiaomi Redmi Note 12,Unlimited Data Max,5,10,Prepaid,0,23.0,4G
CUST-15668,53,Male,Chattogram,Xiaomi Redmi Note 12,Unlimited Data Max,12,10,Prepaid,0,9.0,4G
CUST-15669,50,Female,Dhaka,Vivo Y20,Prepaid Saver 30D,3,9,Prepaid,0,16.0,5G
CUST-15670,34,Male,Rangpur,iPhone 15 Pro,Student Special 4G,38,10,Prepaid,0,9.0,5G
CUST-15671,48,Male,Chattogram,iPhone 15 Pro,Unlimited Data Max,62,9,Prepaid,0,16.0,4G
CUST-15672,62,Male,Mymensingh,Realme 11,Student Special 4G,54,10,Prepaid,0,9.0,4G
CUST-15673,48,Male,Khulna,Vivo Y20,Unlimited Data Max,16,4,Prepaid,0,29.0,4G
CUST-15674,41,Male,Chattogram,iPhone 15 Pro,Prepaid Saver 30D,14,10,Prepaid,0,16.0,4G
CUST-15675,30,Female,Chattogram,Samsung S23 Ultra,Postpaid Corporate,38,8,Postpaid,0,16.0,4G
CUST-15676,42,Male,Rajshahi,Samsung S23 Ultra,Student Special 4G,56,8,Prepaid,0,16.0,5G
CUST-15677,35,Female,Barishal,Samsung S23 Ultra,Family Bundle,56,7,Postpaid,0,15.0,4G
CUST-15678,46,Male,Rajshahi,iPhone 15 Pro,Postpaid Corporate,38,8,Postpaid,0,14.0,3G
CUST-15679,20,Male,Rajshahi,Xiaomi Redmi Note 12,Prepaid Saver 30D,18,8,Prepaid,0,21.0,5G
CUST-15680,26,Female,Mymensingh,Xiaomi Redmi Note 12,Unlimited Data Max,35,7,Prepaid,0,22.0,5G
CUST-15681,54,Female,Dhaka,iPhone 15 Pro,Prepaid Saver 30D,53,10,Prepaid,0,9.0,4G
CUST-15682,35,Male,Barishal,Realme 11,Family Bundle,63,9,Postpaid,0,9.0,3G
CUST-15683,38,Male,Rajshahi,Vivo Y20,Prepaid Saver 30D,6,10,Prepaid,0,9.0,4G
CUST-15684,43,Female,Chattogram,iPhone 15 Pro,Prepaid Saver 30D,55,10,Prepaid,0,9.0,4G
CUST-15685,38,Male,Dhaka,Realme 11,Unlimited Data Max,54,10,Prepaid,0,9.0,4G
CUST-15686,53,Male,Sylhet,Xiaomi Redmi Note 12,Unlimited Data Max,16,7,Prepaid,0,15.0,5G
CUST-15687,29,Female,Dhaka,Realme 11,Student Special 4G,5,10,Prepaid,0,9.0,5G
CUST-15688,53,Female,Dhaka,Samsung S23 Ultra,Prepaid Saver 30D,22,4,Prepaid,0,22.0,4G
CUST-15689,27,Male,Sylhet,Realme 11,Family Bundle,20,10,Postpaid,0,9.0,4G
CUST-15690,35,Male,Chattogram,Realme 11,Prepaid Saver 30D,9,4,Prepaid,0,36.0,3G
CUST-15691,45,Male,Chattogram,Realme 11,Student Special 4G,19,8,Prepaid,0,9.0,4G
CUST-15692,59,Male,Dhaka,Vivo Y20,Unlimited Data Max,14,6,Prepaid,0,15.0,4G
CUST-15693,28,Female,Rajshahi,Realme 11,Unlimited Data Max,64,10,Prepaid,0,9.0,4G
CUST-15694,45,Female,Rangpur,Vivo Y20,Prepaid Saver 30D,7,10,Prepaid,0,9.0,4G
CUST-15695,21,Male,Rajshahi,Realme 11,Unlimited Data Max,38,10,Prepaid,0,9.0,4G
CUST-15696,21,Male,Sylhet,Xiaomi Redmi Note 12,Family Bundle,24,10,Postpaid,0,16.0,4G
CUST-15697,54,Male,Barishal,Vivo Y20,Student Special 4G,60,10,Prepaid,0,16.0,5G
CUST-15698,51,Male,Khulna,Realme 11,Prepaid Saver 30D,34,5,Prepaid,0,15.0,5G
CUST-15699,35,Female,Chattogram,Xiaomi Redmi Note 12,Prepaid Saver 30D,42,4,Prepaid,1,20.0,5G
CUST-15700,47,Male,Rangpur,Xiaomi Redmi Note 12,Prepaid Saver 30D,29,10,Prepaid,1,16.0,5G
CUST-15701,35,Female,Sylhet,iPhone 15 Pro,Postpaid Corporate,58,9,Postpaid,0,23.0,5G
CUST-15702,31,Female,Dhaka,Realme 11,Unlimited Data Max,48,10,Prepaid,0,9.0,4G
CUST-15703,38,Female,Rangpur,Xiaomi Redmi Note 12,Prepaid Saver 30D,40,7,Prepaid,0,27.0,4G
CUST-15704,32,Male,Mymensingh,Samsung S23 Ultra,Unlimited Data Max,29,10,Prepaid,1,16.0,5G
CUST-15705,56,Female,Chattogram,Xiaomi Redmi Note 12,Family Bundle,32,4,Postpaid,1,15.0,3G
CUST-15706,37,Female,Khulna,Vivo Y20,Prepaid Saver 30D,18,8,Prepaid,0,16.0,3G
CUST-15707,33,Male,Sylhet,iPhone 15 Pro,Postpaid Corporate,47,10,Postpaid,0,9.0,4G
CUST-15708,43,Male,Dhaka,Realme 11,Family Bundle,21,8,Postpaid,0,14.0,5G
CUST-15709,53,Male,Barishal,Xiaomi Redmi Note 12,Prepaid Saver 30D,21,10,Prepaid,0,9.0,3G
CUST-15710,30,Female,Sylhet,iPhone 15 Pro,Unlimited Data Max,34,4,Prepaid,0,22.0,4G
CUST-15711,62,Female,Dhaka,iPhone 15 Pro,Prepaid Saver 30D,66,10,Prepaid,0,9.0,4G
CUST-15712,39,Male,Dhaka,Vivo Y20,Postpaid Corporate,32,10,Postpaid,1,9.0,4G
CUST-15713,49,Male,Rajshahi,Samsung S23 Ultra,Prepaid Saver 30D,65,4,Prepaid,0,15.0,5G
CUST-15714,62,Male,Khulna,Realme 11,Unlimited Data Max,38,10,Prepaid,1,9.0,4G
CUST-15715,38,Male,Dhaka,Vivo Y20,Unlimited Data Max,6,4,Prepaid,0,15.0,4G
CUST-15716,27,Female,Chattogram,Samsung S23 Ultra,Postpaid Corporate,42,10,Postpaid,0,16.0,4G
CUST-15717,53,Female,Rangpur,Realme 11,Postpaid Corporate,66,7,Postpaid,0,22.0,4G
CUST-15718,18,Male,Dhaka,Realme 11,Unlimited Data Max,63,10,Prepaid,0,9.0,4G
CUST-15719,39,Female,Mymensingh,iPhone 15 Pro,Student Special 4G,13,6,Prepaid,0,20.0,4G
CUST-15720,64,Female,Rangpur,Samsung S23 Ultra,Prepaid Saver 30D,20,7,Prepaid,1,15.0,4G
CUST-15721,37,Female,Barishal,Vivo Y20,Unlimited Data Max,49,4,Prepaid,0,22.0,4G
CUST-15722,50,Female,Rangpur,Samsung S23 Ultra,Prepaid Saver 30D,32,10,Prepaid,0,16.0,4G
CUST-15723,42,Male,Rajshahi,Vivo Y20,Postpaid Corporate,59,4,Postpaid,0,22.0,4G
CUST-15724,28,Female,Sylhet,Realme 11,Postpaid Corporate,37,10,Postpaid,0,16.0,4G
CUST-15725,32,Male,Chattogram,Vivo Y20,Prepaid Saver 30D,18,7,Prepaid,0,22.0,4G
CUST-15726,42,Female,Dhaka,iPhone 15 Pro,Prepaid Saver 30D,24,10,Prepaid,0,9.0,4G
CUST-15727,22,Male,Mymensingh,Samsung S23 Ultra,Prepaid Saver 30D,8,5,Prepaid,1,22.0,4G
CUST-15728,37,Male,Sylhet,Realme 11,Prepaid Saver 30D,21,10,Prepaid,0,21.0,5G
CUST-15729,37,Female,Sylhet,iPhone 15 Pro,Prepaid Saver 30D,54,5,Prepaid,1,22.0,4G
CUST-15730,57,Female,Dhaka,Xiaomi Redmi Note 12,Prepaid Saver 30D,16,4,Prepaid,0,15.0,4G
CUST-15731,23,Male,Khulna,Xiaomi Redmi Note 12,Prepaid Saver 30D,32,10,Prepaid,0,9.0,4G
CUST-15732,57,Male,Chattogram,iPhone 15 Pro,Unlimited Data Max,13,10,Prepaid,0,16.0,4G
CUST-15733,37,Male,Mymensingh,Realme 11,Prepaid Saver 30D,35,10,Prepaid,1,9.0,5G
CUST-15734,48,Female,Rangpur,Xiaomi Redmi Note 12,Unlimited Data Max,69,5,Prepaid,0,29.0,4G
CUST-15735,44,Male,Rajshahi,Realme 11,Postpaid Corporate,55,10,Postpaid,0,9.0,4G
CUST-15736,32,Female,Dhaka,Realme 11,Prepaid Saver 30D,55,8,Prepaid,1,14.0,4G
CUST-15737,61,Female,Sylhet,Realme 11,Postpaid Corporate,19,6,Postpaid,0,15.0,4G
CUST-15738,28,Female,Chattogram,iPhone 15 Pro,Unlimited Data Max,22,7,Prepaid,0,15.0,4G
CUST-15739,19,Female,Dhaka,Realme 11,Prepaid Saver 30D,7,5,Prepaid,1,22.0,4G
CUST-15740,53,Female,Khulna,iPhone 15 Pro,Unlimited Data Max,66,10,Prepaid,0,9.0,4G
CUST-15741,47,Male,Khulna,Vivo Y20,Unlimited Data Max,68,9,Prepaid,0,9.0,5G
CUST-15742,59,Female,Rajshahi,Vivo Y20,Student Special 4G,25,5,Prepaid,0,15.0,5G
CUST-15743,39,Male,Khulna,Xiaomi Redmi Note 12,Unlimited Data Max,50,10,Prepaid,0,9.0,4G
CUST-15744,18,Female,Chattogram,Samsung S23 Ultra,Unlimited Data Max,15,9,Prepaid,0,21.0,4G
CUST-15745,18,Male,Chattogram,Vivo Y20,Prepaid Saver 30D,47,10,Prepaid,0,9.0,5G
CUST-15746,38,Female,Khulna,Xiaomi Redmi Note 12,Prepaid Saver 30D,7,5,Prepaid,1,29.0,4G
CUST-15747,29,Male,Mymensingh,Vivo Y20,Family Bundle,24,10,Postpaid,0,9.0,4G
CUST-15748,61,Male,Dhaka,Samsung S23 Ultra,Family Bundle,28,7,Postpaid,0,15.0,5G
CUST-15749,23,Female,Dhaka,iPhone 15 Pro,Prepaid Saver 30D,71,8,Prepaid,0,9.0,4G
CUST-15750,59,Female,Barishal,iPhone 15 Pro,Unlimited Data Max,34,5,Prepaid,0,15.0,4G
CUST-15751,28,Male,Rajshahi,Vivo Y20,Prepaid Saver 30D,16,10,Prepaid,0,9.0,3G
CUST-15752,23,Male,Dhaka,Xiaomi Redmi Note 12,Prepaid Saver 30D,4,9,Prepaid,0,9.0,4G
CUST-15753,30,Female,Khulna,Samsung S23 Ultra,Prepaid Saver 30D,13,10,Prepaid,0,9.0,4G
CUST-15754,24,Male,Dhaka,Realme 11,Unlimited Data Max,18,10,Prepaid,0,9.0,5G
CUST-15755,36,Female,Dhaka,Samsung S23 Ultra,Unlimited Data Max,23,4,Prepaid,0,22.0,4G
CUST-15756,33,Male,Dhaka,Xiaomi Redmi Note 12,Unlimited Data Max,10,10,Prepaid,0,14.0,4G
CUST-15757,42,Female,Chattogram,Vivo Y20,Prepaid Saver 30D,53,7,Prepaid,0,22.0,4G
CUST-15758,43,Female,Mymensingh,Xiaomi Redmi Note 12,Prepaid Saver 30D,28,9,Prepaid,1,23.0,4G
CUST-15759,18,Female,Dhaka,Xiaomi Redmi Note 12,Student Special 4G,17,9,Prepaid,1,23.0,4G
CUST-15760,23,Male,Dhaka,Samsung S23 Ultra,Unlimited Data Max,38,10,Prepaid,0,9.0,4G
CUST-15761,25,Male,Sylhet,Xiaomi Redmi Note 12,Student Special 4G,23,6,Prepaid,0,22.0,5G
CUST-15762,27,Male,Dhaka,Vivo Y20,Unlimited Data Max,49,10,Prepaid,0,9.0,4G
CUST-15763,22,Male,Dhaka,Vivo Y20,Unlimited Data Max,38,8,Prepaid,0,16.0,4G
CUST-15764,32,Male,Dhaka,Vivo Y20,Postpaid Corporate,67,10,Postpaid,0,16.0,3G
CUST-15765,43,Male,Dhaka,iPhone 15 Pro,Unlimited Data Max,47,10,Prepaid,0,9.0,5G
CUST-15766,32,Female,Barishal,Samsung S23 Ultra,Family Bundle,27,9,Postpaid,0,14.0,5G
CUST-15767,33,Female,Rangpur,iPhone 15 Pro,Family Bundle,11,9,Postpaid,1,16.0,4G
CUST-15768,40,Male,Dhaka,iPhone 15 Pro,Unlimited Data Max,8,10,Prepaid,0,28.0,5G
CUST-15769,43,Male,Rajshahi,Samsung S23 Ultra,Unlimited Data Max,47,10,Prepaid,0,9.0,4G
CUST-15770,33,Female,Sylhet,Realme 11,Unlimited Data Max,3,6,Prepaid,1,27.0,4G
CUST-15771,28,Male,Barishal,Xiaomi Redmi Note 12,Family Bundle,28,6,Postpaid,0,20.0,4G
CUST-15772,37,Female,Mymensingh,Realme 11,Unlimited Data Max,2,10,Prepaid,0,23.0,4G
CUST-15773,19,Male,Chattogram,Samsung S23 Ultra,Student Special 4G,25,10,Prepaid,0,9.0,5G
CUST-15774,41,Male,Dhaka,Realme 11,Prepaid Saver 30D,63,7,Prepaid,0,15.0,4G
CUST-15775,62,Male,Rangpur,Samsung S23 Ultra,Prepaid Saver 30D,6,7,Prepaid,0,15.0,4G
CUST-15776,36,Male,Chattogram,Realme 11,Unlimited Data Max,70,10,Prepaid,0,9.0,4G
CUST-15777,23,Female,Sylhet,Vivo Y20,Student Special 4G,70,10,Prepaid,0,9.0,4G
CUST-15778,51,Male,Khulna,iPhone 15 Pro,Postpaid Corporate,62,10,Postpaid,0,9.0,5G
CUST-15779,23,Female,Dhaka,iPhone 15 Pro,Unlimited Data Max,50,6,Prepaid,0,15.0,4G
CUST-15780,27,Male,Barishal,Xiaomi Redmi Note 12,Unlimited Data Max,13,6,Prepaid,1,22.0,4G
CUST-15781,24,Female,Khulna,Xiaomi Redmi Note 12,Prepaid Saver 30D,8,9,Prepaid,0,9.0,5G
CUST-15782,59,Male,Dhaka,Xiaomi Redmi Note 12,Prepaid Saver 30D,66,5,Prepaid,0,15.0,4G
CUST-15783,64,Female,Chattogram,Samsung S23 Ultra,Student Special 4G,27,10,Prepaid,1,16.0,4G
CUST-15784,44,Male,Dhaka,iPhone 15 Pro,Prepaid Saver 30D,32,7,Prepaid,0,15.0,4G
CUST-15785,47,Male,Barishal,Xiaomi Redmi Note 12,Family Bundle,6,6,Postpaid,0,22.0,4G
CUST-15786,48,Female,Sylhet,Realme 11,Unlimited Data Max,5,10,Prepaid,0,9.0,4G
CUST-15787,46,Male,Dhaka,Realme 11,Student Special 4G,39,10,Prepaid,0,16.0,4G
CUST-15788,43,Female,Dhaka,Realme 11,Family Bundle,29,10,Postpaid,0,28.0,4G
CUST-15789,64,Male,Rajshahi,Xiaomi Redmi Note 12,Postpaid Corporate,50,9,Postpaid,0,14.0,4G
CUST-15790,52,Female,Rajshahi,Xiaomi Redmi Note 12,Family Bundle,60,10,Postpaid,0,9.0,4G
CUST-15791,22,Female,Rangpur,iPhone 15 Pro,Prepaid Saver 30D,5,8,Prepaid,0,9.0,4G
CUST-15792,36,Male,Sylhet,iPhone 15 Pro,Postpaid Corporate,69,4,Postpaid,0,22.0,4G
CUST-15793,63,Female,Chattogram,iPhone 15 Pro,Unlimited Data Max,66,10,Prepaid,0,9.0,4G
CUST-15794,36,Male,Dhaka,Xiaomi Redmi Note 12,Prepaid Saver 30D,41,4,Prepaid,0,15.0,4G
CUST-15795,27,Male,Mymensingh,Samsung S23 Ultra,Prepaid Saver 30D,27,5,Prepaid,1,15.0,5G
CUST-15796,58,Female,Barishal,iPhone 15 Pro,Student Special 4G,12,6,Prepaid,1,15.0,4G
CUST-15797,47,Female,Rajshahi,Samsung S23 Ultra,Family Bundle,17,10,Postpaid,0,9.0,4G
CUST-15798,44,Female,Barishal,Xiaomi Redmi Note 12,Prepaid Saver 30D,50,10,Prepaid,1,9.0,4G
CUST-15799,37,Male,Rangpur,Xiaomi Redmi Note 12,Student Special 4G,10,5,Prepaid,0,15.0,3G
CUST-15800,23,Male,Rajshahi,Samsung S23 Ultra,Student Special 4G,69,10,Prepaid,0,9.0,4G
CUST-15801,36,Male,Khulna,Samsung S23 Ultra,Student Special 4G,11,10,Prepaid,0,9.0,4G
CUST-15802,38,Female,Dhaka,Xiaomi Redmi Note 12,Unlimited Data Max,54,9,Prepaid,0,9.0,3G
CUST-15803,61,Female,Sylhet,iPhone 15 Pro,Prepaid Saver 30D,61,10,Prepaid,0,21.0,4G
CUST-15804,32,Female,Rajshahi,Vivo Y20,Prepaid Saver 30D,21,8,Prepaid,0,9.0,5G
CUST-15805,25,Female,Rajshahi,Samsung S23 Ultra,Student Special 4G,35,5,Prepaid,0,22.0,4G
CUST-15806,38,Male,Rangpur,Xiaomi Redmi Note 12,Prepaid Saver 30D,41,5,Prepaid,0,15.0,4G
CUST-15807,64,Female,Barishal,Vivo Y20,Student Special 4G,57,5,Prepaid,0,15.0,4G
CUST-15808,40,Female,Barishal,Samsung S23 Ultra,Family Bundle,4,8,Postpaid,0,16.0,4G
CUST-15809,35,Female,Chattogram,Xiaomi Redmi Note 12,Prepaid Saver 30D,17,10,Prepaid,0,14.0,4G
CUST-15810,49,Male,Mymensingh,Xiaomi Redmi Note 12,Student Special 4G,11,5,Prepaid,0,15.0,4G
CUST-15811,48,Male,Khulna,Xiaomi Redmi Note 12,Prepaid Saver 30D,23,5,Prepaid,0,15.0,4G
CUST-15812,32,Male,Dhaka,Vivo Y20,Postpaid Corporate,48,10,Postpaid,0,14.0,4G
CUST-15813,63,Female,Sylhet,Xiaomi Redmi Note 12,Prepaid Saver 30D,30,10,Prepaid,0,14.0,4G
CUST-15814,45,Female,Chattogram,iPhone 15 Pro,Family Bundle,35,10,Postpaid,0,16.0,4G
CUST-15815,20,Female,Rajshahi,iPhone 15 Pro,Student Special 4G,33,10,Prepaid,0,16.0,4G
CUST-15816,37,Male,Dhaka,Realme 11,Student Special 4G,1,10,Prepaid,0,9.0,3G
CUST-15817,61,Female,Dhaka,iPhone 15 Pro,Prepaid Saver 30D,7,5,Prepaid,0,15.0,5G
CUST-15818,36,Male,Barishal,Realme 11,Prepaid Saver 30D,17,7,Prepaid,0,29.0,5G
CUST-15819,44,Male,Rajshahi,iPhone 15 Pro,Student Special 4G,4,8,Prepaid,0,9.0,4G
CUST-15820,46,Female,Rajshahi,Samsung S23 Ultra,Family Bundle,59,10,Postpaid,0,16.0,4G
CUST-15821,51,Female,Dhaka,Xiaomi Redmi Note 12,Family Bundle,71,10,Postpaid,0,21.0,4G
CUST-15822,58,Male,Dhaka,iPhone 15 Pro,Postpaid Corporate,35,10,Postpaid,0,9.0,4G
CUST-15823,25,Male,Khulna,iPhone 15 Pro,Postpaid Corporate,48,10,Postpaid,0,28.0,4G
CUST-15824,42,Female,Dhaka,iPhone 15 Pro,Unlimited Data Max,4,4,Prepaid,0,15.0,4G
CUST-15825,43,Male,Khulna,Samsung S23 Ultra,Student Special 4G,4,4,Prepaid,0,22.0,4G
CUST-15826,25,Male,Dhaka,iPhone 15 Pro,Prepaid Saver 30D,43,8,Prepaid,0,9.0,4G
CUST-15827,49,Female,Rangpur,Vivo Y20,Student Special 4G,55,10,Prepaid,0,9.0,3G
CUST-15828,23,Female,Rajshahi,iPhone 15 Pro,Unlimited Data Max,66,7,Prepaid,0,27.0,4G
CUST-15829,39,Female,Chattogram,Realme 11,Family Bundle,26,6,Postpaid,0,22.0,4G
CUST-15830,33,Female,Rajshahi,Xiaomi Redmi Note 12,Prepaid Saver 30D,30,6,Prepaid,0,15.0,5G
CUST-15831,25,Female,Dhaka,Samsung S23 Ultra,Unlimited Data Max,57,10,Prepaid,1,9.0,4G
CUST-15832,56,Female,Sylhet,Vivo Y20,Postpaid Corporate,10,10,Postpaid,0,9.0,4G
CUST-15833,29,Female,Khulna,Vivo Y20,Postpaid Corporate,68,7,Postpaid,0,22.0,5G
CUST-15834,29,Female,Barishal,iPhone 15 Pro,Student Special 4G,22,4,Prepaid,0,15.0,4G
CUST-15835,58,Male,Rajshahi,Samsung S23 Ultra,Postpaid Corporate,2,6,Postpaid,1,22.0,5G
CUST-15836,59,Female,Chattogram,Vivo Y20,Prepaid Saver 30D,57,6,Prepaid,0,15.0,5G
CUST-15837,19,Female,Rangpur,Samsung S23 Ultra,Unlimited Data Max,69,8,Prepaid,0,9.0,4G
CUST-15838,31,Male,Sylhet,Vivo Y20,Student Special 4G,35,7,Prepaid,0,15.0,4G
CUST-15839,51,Male,Mymensingh,Samsung S23 Ultra,Family Bundle,12,5,Postpaid,0,15.0,4G
CUST-15840,54,Female,Khulna,Vivo Y20,Student Special 4G,11,10,Prepaid,0,9.0,5G
CUST-15841,64,Female,Khulna,Vivo Y20,Unlimited Data Max,22,8,Prepaid,1,16.0,4G
CUST-15842,44,Female,Dhaka,iPhone 15 Pro,Student Special 4G,38,6,Prepaid,0,27.0,4G
CUST-15843,18,Male,Chattogram,iPhone 15 Pro,Prepaid Saver 30D,45,7,Prepaid,0,15.0,4G
CUST-15844,59,Female,Sylhet,Samsung S23 Ultra,Family Bundle,50,10,Postpaid,0,9.0,4G
CUST-15845,25,Female,Dhaka,Realme 11,Unlimited Data Max,51,10,Prepaid,0,9.0,4G
CUST-15846,23,Female,Dhaka,iPhone 15 Pro,Unlimited Data Max,18,8,Prepaid,0,9.0,5G
CUST-15847,49,Female,Chattogram,Realme 11,Unlimited Data Max,13,9,Prepaid,0,9.0,5G
CUST-15848,46,Male,Sylhet,Realme 11,Student Special 4G,68,7,Prepaid,0,15.0,3G
CUST-15849,20,Female,Sylhet,Xiaomi Redmi Note 12,Postpaid Corporate,10,10,Postpaid,0,21.0,4G
CUST-15850,25,Male,Dhaka,iPhone 15 Pro,Postpaid Corporate,37,10,Postpaid,0,16.0,3G
CUST-15851,45,Male,Dhaka,iPhone 15 Pro,Prepaid Saver 30D,21,5,Prepaid,0,15.0,4G
CUST-15852,30,Male,Rajshahi,Xiaomi Redmi Note 12,Student Special 4G,52,9,Prepaid,0,9.0,3G
CUST-15853,50,Male,Dhaka,Samsung S23 Ultra,Prepaid Saver 30D,24,10,Prepaid,0,21.0,5G
CUST-15854,37,Female,Sylhet,Xiaomi Redmi Note 12,Unlimited Data Max,8,6,Prepaid,0,15.0,4G
CUST-15855,45,Male,Rangpur,Realme 11,Student Special 4G,23,8,Prepaid,0,9.0,3G
CUST-15856,40,Male,Rajshahi,Xiaomi Redmi Note 12,Prepaid Saver 30D,8,10,Prepaid,0,9.0,4G
CUST-15857,35,Male,Chattogram,iPhone 15 Pro,Prepaid Saver 30D,13,4,Prepaid,1,27.0,4G
CUST-15858,34,Male,Mymensingh,Vivo Y20,Prepaid Saver 30D,34,9,Prepaid,0,9.0,4G
CUST-15859,50,Female,Sylhet,Xiaomi Redmi Note 12,Postpaid Corporate,69,10,Postpaid,0,9.0,4G
CUST-15860,42,Female,Dhaka,Realme 11,Unlimited Data Max,15,9,Prepaid,0,16.0,5G
CUST-15861,45,Male,Rangpur,Samsung S23 Ultra,Prepaid Saver 30D,57,7,Prepaid,0,15.0,4G
CUST-15862,45,Male,Dhaka,Vivo Y20,Prepaid Saver 30D,37,10,Prepaid,0,9.0,4G
CUST-15863,27,Female,Sylhet,Realme 11,Postpaid Corporate,70,6,Postpaid,0,15.0,5G
CUST-15864,60,Female,Mymensingh,Vivo Y20,Prepaid Saver 30D,37,9,Prepaid,0,16.0,4G
CUST-15865,44,Male,Chattogram,Realme 11,Unlimited Data Max,8,7,Prepaid,0,22.0,4G
CUST-15866,51,Female,Dhaka,Xiaomi Redmi Note 12,Prepaid Saver 30D,30,10,Prepaid,1,9.0,5G
CUST-15867,59,Male,Barishal,Xiaomi Redmi Note 12,Prepaid Saver 30D,6,8,Prepaid,0,9.0,5G
CUST-15868,61,Male,Dhaka,Realme 11,Unlimited Data Max,16,7,Prepaid,0,15.0,4G
CUST-15869,49,Female,Rangpur,Xiaomi Redmi Note 12,Postpaid Corporate,39,6,Postpaid,0,15.0,4G
CUST-15870,54,Male,Chattogram,Realme 11,Prepaid Saver 30D,64,9,Prepaid,0,9.0,4G
CUST-15871,40,Male,Sylhet,iPhone 15 Pro,Prepaid Saver 30D,44,10,Prepaid,0,16.0,4G
CUST-15872,52,Male,Chattogram,Realme 11,Prepaid Saver 30D,26,10,Prepaid,0,14.0,4G
CUST-15873,33,Male,Mymensingh,iPhone 15 Pro,Prepaid Saver 30D,46,5,Prepaid,0,15.0,4G
CUST-15874,51,Female,Sylhet,Xiaomi Redmi Note 12,Postpaid Corporate,18,4,Postpaid,0,15.0,4G
CUST-15875,22,Male,Mymensingh,Samsung S23 Ultra,Postpaid Corporate,7,5,Postpaid,1,41.0,4G
CUST-15876,60,Male,Rangpur,Vivo Y20,Student Special 4G,53,10,Prepaid,0,16.0,4G
CUST-15877,29,Male,Sylhet,Realme 11,Prepaid Saver 30D,60,5,Prepaid,0,27.0,4G
CUST-15878,48,Male,Mymensingh,iPhone 15 Pro,Prepaid Saver 30D,44,5,Prepaid,0,15.0,3G
CUST-15879,18,Female,Rajshahi,Samsung S23 Ultra,Unlimited Data Max,35,8,Prepaid,0,14.0,3G
CUST-15880,25,Female,Barishal,Vivo Y20,Prepaid Saver 30D,33,5,Prepaid,0,15.0,4G
CUST-15881,64,Male,Dhaka,Samsung S23 Ultra,Student Special 4G,27,5,Prepaid,1,15.0,5G
CUST-15882,57,Female,Dhaka,Xiaomi Redmi Note 12,Unlimited Data Max,69,5,Prepaid,0,36.0,4G
CUST-15883,28,Male,Rangpur,Samsung S23 Ultra,Unlimited Data Max,36,4,Prepaid,0,41.0,4G
CUST-15884,24,Male,Mymensingh,Realme 11,Postpaid Corporate,62,9,Postpaid,0,9.0,4G
CUST-15885,56,Female,Khulna,iPhone 15 Pro,Prepaid Saver 30D,3,6,Prepaid,0,15.0,3G
CUST-15886,64,Male,Sylhet,Xiaomi Redmi Note 12,Family Bundle,26,6,Postpaid,0,22.0,4G
CUST-15887,25,Female,Chattogram,Xiaomi Redmi Note 12,Unlimited Data Max,16,10,Prepaid,0,9.0,5G
CUST-15888,49,Female,Sylhet,iPhone 15 Pro,Student Special 4G,9,10,Prepaid,0,9.0,4G
CUST-15889,31,Female,Chattogram,Realme 11,Postpaid Corporate,71,4,Postpaid,0,15.0,4G
CUST-15890,52,Male,Dhaka,Xiaomi Redmi Note 12,Student Special 4G,4,10,Prepaid,0,9.0,3G
CUST-15891,37,Male,Mymensingh,Xiaomi Redmi Note 12,Prepaid Saver 30D,40,4,Prepaid,0,22.0,4G
CUST-15892,23,Female,Dhaka,iPhone 15 Pro,Prepaid Saver 30D,16,9,Prepaid,0,9.0,5G
CUST-15893,33,Female,Mymensingh,Xiaomi Redmi Note 12,Unlimited Data Max,6,9,Prepaid,0,9.0,4G
CUST-15894,43,Male,Rajshahi,iPhone 15 Pro,Student Special 4G,70,10,Prepaid,0,9.0,4G
CUST-15895,55,Male,Rangpur,Xiaomi Redmi Note 12,Unlimited Data Max,21,8,Prepaid,0,9.0,5G
CUST-15896,18,Female,Chattogram,Realme 11,Unlimited Data Max,25,10,Prepaid,0,16.0,4G
CUST-15897,63,Male,Chattogram,Xiaomi Redmi Note 12,Prepaid Saver 30D,14,5,Prepaid,0,15.0,4G
CUST-15898,48,Male,Barishal,Samsung S23 Ultra,Student Special 4G,49,8,Prepaid,1,21.0,4G
CUST-15899,59,Female,Dhaka,Vivo Y20,Prepaid Saver 30D,66,10,Prepaid,0,9.0,4G
CUST-15900,61,Female,Chattogram,Realme 11,Prepaid Saver 30D,25,9,Prepaid,0,16.0,4G
CUST-15901,25,Female,Dhaka,Vivo Y20,Postpaid Corporate,58,10,Postpaid,0,9.0,4G
CUST-15902,22,Female,Rangpur,Samsung S23 Ultra,Student Special 4G,30,4,Prepaid,0,15.0,4G
CUST-15903,54,Female,Sylhet,Vivo Y20,Student Special 4G,39,8,Prepaid,0,9.0,5G
CUST-15904,26,Male,Rangpur,Xiaomi Redmi Note 12,Prepaid Saver 30D,57,4,Prepaid,0,15.0,4G
CUST-15905,24,Female,Barishal,Vivo Y20,Unlimited Data Max,68,9,Prepaid,0,9.0,3G
CUST-15906,40,Male,Khulna,Realme 11,Unlimited Data Max,44,7,Prepaid,1,15.0,4G
CUST-15907,60,Male,Chattogram,Vivo Y20,Prepaid Saver 30D,27,10,Prepaid,0,9.0,4G
CUST-15908,55,Female,Dhaka,Samsung S23 Ultra,Prepaid Saver 30D,34,10,Prepaid,0,16.0,5G
CUST-15909,42,Female,Dhaka,Xiaomi Redmi Note 12,Prepaid Saver 30D,62,4,Prepaid,1,15.0,5G
CUST-15910,27,Female,Sylhet,Realme 11,Prepaid Saver 30D,26,7,Prepaid,1,15.0,4G
CUST-15911,33,Female,Mymensingh,Xiaomi Redmi Note 12,Prepaid Saver 30D,34,10,Prepaid,0,16.0,4G
CUST-15912,50,Male,Dhaka,Vivo Y20,Postpaid Corporate,56,4,Postpaid,0,15.0,4G
CUST-15913,25,Male,Mymensingh,Realme 11,Unlimited Data Max,61,5,Prepaid,0,15.0,3G
CUST-15914,42,Male,Sylhet,Samsung S23 Ultra,Family Bundle,32,10,Postpaid,0,9.0,5G
CUST-15915,18,Male,Barishal,Samsung S23 Ultra,Student Special 4G,64,8,Prepaid,0,9.0,4G
CUST-15916,33,Male,Rajshahi,Realme 11,Prepaid Saver 30D,62,10,Prepaid,0,9.0,4G
CUST-15917,29,Male,Chattogram,iPhone 15 Pro,Prepaid Saver 30D,33,6,Prepaid,0,29.0,4G
CUST-15918,50,Male,Chattogram,iPhone 15 Pro,Family Bundle,20,8,Postpaid,0,9.0,5G
CUST-15919,60,Female,Rangpur,Vivo Y20,Family Bundle,13,10,Postpaid,0,9.0,3G
CUST-15920,24,Female,Barishal,Samsung S23 Ultra,Prepaid Saver 30D,9,7,Prepaid,0,22.0,4G
CUST-15921,55,Male,Rajshahi,Xiaomi Redmi Note 12,Unlimited Data Max,14,10,Prepaid,0,9.0,3G
CUST-15922,48,Male,Chattogram,iPhone 15 Pro,Family Bundle,5,10,Postpaid,0,9.0,4G
CUST-15923,63,Male,Khulna,Samsung S23 Ultra,Postpaid Corporate,21,10,Postpaid,0,16.0,4G
CUST-15924,60,Male,Khulna,iPhone 15 Pro,Postpaid Corporate,71,6,Postpaid,0,15.0,5G
CUST-15925,22,Female,Rangpur,Xiaomi Redmi Note 12,Prepaid Saver 30D,16,6,Prepaid,0,15.0,3G
CUST-15926,52,Female,Rangpur,Xiaomi Redmi Note 12,Student Special 4G,28,4,Prepaid,0,20.0,4G
CUST-15927,45,Female,Mymensingh,Samsung S23 Ultra,Prepaid Saver 30D,28,10,Prepaid,1,23.0,4G
CUST-15928,23,Male,Dhaka,Realme 11,Prepaid Saver 30D,37,10,Prepaid,0,14.0,4G
CUST-15929,30,Male,Chattogram,iPhone 15 Pro,Postpaid Corporate,36,10,Postpaid,0,28.0,4G
CUST-15930,61,Male,Mymensingh,Xiaomi Redmi Note 12,Prepaid Saver 30D,42,10,Prepaid,0,9.0,4G
CUST-15931,43,Female,Dhaka,Xiaomi Redmi Note 12,Prepaid Saver 30D,7,5,Prepaid,0,15.0,5G
CUST-15932,33,Female,Chattogram,Xiaomi Redmi Note 12,Postpaid Corporate,23,10,Postpaid,0,9.0,4G
CUST-15933,33,Female,Sylhet,Xiaomi Redmi Note 12,Postpaid Corporate,65,6,Postpaid,0,15.0,4G
CUST-15934,57,Female,Dhaka,iPhone 15 Pro,Family Bundle,70,5,Postpaid,0,20.0,4G
CUST-15935,31,Female,Barishal,Xiaomi Redmi Note 12,Prepaid Saver 30D,1,9,Prepaid,0,16.0,3G
CUST-15936,25,Female,Rangpur,Xiaomi Redmi Note 12,Prepaid Saver 30D,45,10,Prepaid,0,16.0,4G
CUST-15937,44,Male,Khulna,Samsung S23 Ultra,Prepaid Saver 30D,10,10,Prepaid,0,9.0,5G
CUST-15938,64,Male,Rajshahi,Realme 11,Prepaid Saver 30D,39,8,Prepaid,0,21.0,4G
CUST-15939,26,Male,Chattogram,Xiaomi Redmi Note 12,Unlimited Data Max,1,5,Prepaid,0,29.0,4G
CUST-15940,30,Male,Dhaka,iPhone 15 Pro,Prepaid Saver 30D,54,4,Prepaid,1,27.0,4G
CUST-15941,40,Female,Mymensingh,Samsung S23 Ultra,Prepaid Saver 30D,71,4,Prepaid,1,15.0,5G
CUST-15942,27,Male,Dhaka,iPhone 15 Pro,Prepaid Saver 30D,9,10,Prepaid,0,9.0,4G
CUST-15943,48,Male,Mymensingh,Xiaomi Redmi Note 12,Unlimited Data Max,30,9,Prepaid,0,23.0,3G
CUST-15944,29,Male,Chattogram,Vivo Y20,Prepaid Saver 30D,14,7,Prepaid,0,29.0,5G
CUST-15945,24,Female,Chattogram,Realme 11,Unlimited Data Max,14,10,Prepaid,0,9.0,5G
CUST-15946,30,Female,Barishal,Xiaomi Redmi Note 12,Postpaid Corporate,57,7,Postpaid,0,22.0,4G
CUST-15947,61,Male,Dhaka,Samsung S23 Ultra,Prepaid Saver 30D,9,6,Prepaid,0,29.0,4G
CUST-15948,61,Male,Chattogram,iPhone 15 Pro,Family Bundle,9,10,Postpaid,0,16.0,4G
CUST-15949,41,Female,Rajshahi,Vivo Y20,Prepaid Saver 30D,27,9,Prepaid,0,9.0,5G
CUST-15950,36,Female,Khulna,Samsung S23 Ultra,Student Special 4G,22,10,Prepaid,0,9.0,4G
CUST-15951,56,Female,Chattogram,Realme 11,Student Special 4G,70,10,Prepaid,0,9.0,3G
CUST-15952,27,Female,Khulna,Xiaomi Redmi Note 12,Student Special 4G,29,7,Prepaid,0,15.0,4G
CUST-15953,48,Female,Chattogram,iPhone 15 Pro,Student Special 4G,39,4,Prepaid,0,22.0,4G
CUST-15954,49,Female,Dhaka,Vivo Y20,Unlimited Data Max,8,10,Prepaid,0,9.0,5G
CUST-15955,51,Female,Rangpur,iPhone 15 Pro,Prepaid Saver 30D,26,7,Prepaid,1,15.0,4G
CUST-15956,28,Male,Rajshahi,Realme 11,Postpaid Corporate,15,10,Postpaid,0,9.0,5G
CUST-15957,51,Female,Mymensingh,Samsung S23 Ultra,Prepaid Saver 30D,26,7,Prepaid,0,15.0,4G
CUST-15958,46,Male,Dhaka,Vivo Y20,Postpaid Corporate,22,10,Postpaid,0,9.0,4G
CUST-15959,59,Male,Chattogram,Samsung S23 Ultra,Postpaid Corporate,9,10,Postpaid,0,9.0,4G
CUST-15960,26,Female,Rajshahi,iPhone 15 Pro,Unlimited Data Max,40,10,Prepaid,1,14.0,4G
CUST-15961,46,Male,Khulna,Vivo Y20,Unlimited Data Max,37,10,Prepaid,0,9.0,4G
CUST-15962,56,Male,Khulna,Realme 11,Postpaid Corporate,37,4,Postpaid,0,15.0,4G
CUST-15963,31,Female,Sylhet,Realme 11,Postpaid Corporate,31,10,Postpaid,0,9.0,4G
CUST-15964,52,Male,Dhaka,iPhone 15 Pro,Student Special 4G,38,6,Prepaid,1,20.0,4G
CUST-15965,22,Female,Rajshahi,Realme 11,Postpaid Corporate,52,9,Postpaid,0,9.0,4G
CUST-15966,51,Male,Khulna,Vivo Y20,Unlimited Data Max,19,6,Prepaid,0,15.0,4G
CUST-15967,46,Female,Chattogram,Realme 11,Unlimited Data Max,14,6,Prepaid,0,15.0,4G
CUST-15968,27,Female,Barishal,iPhone 15 Pro,Prepaid Saver 30D,49,7,Prepaid,0,15.0,4G
CUST-15969,21,Female,Khulna,Vivo Y20,Prepaid Saver 30D,10,8,Prepaid,0,16.0,4G
CUST-15970,53,Female,Dhaka,Samsung S23 Ultra,Student Special 4G,25,10,Prepaid,0,23.0,4G
CUST-15971,29,Male,Mymensingh,Vivo Y20,Postpaid Corporate,42,7,Postpaid,1,22.0,4G
CUST-15972,41,Female,Mymensingh,Samsung S23 Ultra,Student Special 4G,42,10,Prepaid,0,23.0,4G
CUST-15973,20,Female,Dhaka,Samsung S23 Ultra,Prepaid Saver 30D,53,10,Prepaid,0,9.0,4G
CUST-15974,63,Female,Khulna,Samsung S23 Ultra,Prepaid Saver 30D,34,10,Prepaid,0,16.0,5G
CUST-15975,43,Female,Khulna,Samsung S23 Ultra,Prepaid Saver 30D,36,10,Prepaid,0,9.0,4G
CUST-15976,61,Female,Dhaka,Realme 11,Unlimited Data Max,4,10,Prepaid,0,9.0,4G
CUST-15977,25,Female,Rangpur,iPhone 15 Pro,Unlimited Data Max,57,8,Prepaid,0,9.0,4G
CUST-15978,27,Male,Chattogram,Samsung S23 Ultra,Prepaid Saver 30D,17,7,Prepaid,1,15.0,5G
CUST-15979,46,Female,Sylhet,iPhone 15 Pro,Prepaid Saver 30D,60,10,Prepaid,0,16.0,4G
CUST-15980,46,Male,Barishal,Vivo Y20,Unlimited Data Max,46,6,Prepaid,0,15.0,4G
CUST-15981,55,Female,Chattogram,Xiaomi Redmi Note 12,Postpaid Corporate,66,5,Postpaid,0,20.0,5G
CUST-15982,61,Female,Mymensingh,Realme 11,Postpaid Corporate,63,7,Postpaid,0,15.0,5G
CUST-15983,56,Female,Chattogram,iPhone 15 Pro,Unlimited Data Max,27,9,Prepaid,0,9.0,4G
CUST-15984,24,Male,Dhaka,Xiaomi Redmi Note 12,Postpaid Corporate,28,10,Postpaid,0,9.0,4G
CUST-15985,32,Male,Chattogram,Realme 11,Unlimited Data Max,65,10,Prepaid,0,9.0,5G
CUST-15986,60,Male,Rajshahi,Realme 11,Prepaid Saver 30D,63,7,Prepaid,0,22.0,4G
CUST-15987,43,Female,Khulna,Samsung S23 Ultra,Postpaid Corporate,51,10,Postpaid,0,9.0,4G
CUST-15988,58,Female,Chattogram,Realme 11,Prepaid Saver 30D,66,9,Prepaid,1,16.0,4G
CUST-15989,44,Male,Dhaka,Realme 11,Postpaid Corporate,45,10,Postpaid,0,16.0,3G
CUST-15990,20,Male,Chattogram,Samsung S23 Ultra,Prepaid Saver 30D,2,10,Prepaid,0,16.0,4G
CUST-15991,40,Male,Sylhet,iPhone 15 Pro,Unlimited Data Max,40,10,Prepaid,0,16.0,4G
CUST-15992,56,Male,Chattogram,Realme 11,Prepaid Saver 30D,27,10,Prepaid,0,9.0,4G
CUST-15993,48,Male,Khulna,Samsung S23 Ultra,Prepaid Saver 30D,2,9,Prepaid,1,16.0,4G
CUST-15994,24,Male,Dhaka,Realme 11,Unlimited Data Max,40,10,Prepaid,0,9.0,4G
CUST-15995,27,Male,Khulna,Vivo Y20,Prepaid Saver 30D,40,10,Prepaid,0,9.0,4G
CUST-15996,58,Male,Sylhet,Xiaomi Redmi Note 12,Unlimited Data Max,52,6,Prepaid,0,15.0,5G
CUST-15997,64,Male,Dhaka,Xiaomi Redmi Note 12,Prepaid Saver 30D,56,10,Prepaid,0,9.0,4G
CUST-15998,53,Female,Rajshahi,Samsung S23 Ultra,Prepaid Saver 30D,23,10,Prepaid,0,9.0,4G
CUST-15999,22,Female,Dhaka,Realme 11,Student Special 4G,71,9,Prepaid,0,16.0,4G
CUST-16000,47,Female,Mymensingh,Vivo Y20,Student Special 4G,32,8,Prepaid,0,9.0,5G
CUST-16001,56,Female,Dhaka,Vivo Y20,Postpaid Corporate,31,4,Postpaid,0,20.0,5G
CUST-16002,48,Male,Chattogram,Xiaomi Redmi Note 12,Student Special 4G,13,10,Prepaid,0,16.0,5G
CUST-16003,45,Female,Chattogram,Samsung S23 Ultra,Prepaid Saver 30D,71,10,Prepaid,0,9.0,3G
CUST-16004,39,Female,Chattogram,iPhone 15 Pro,Postpaid Corporate,28,10,Postpaid,0,9.0,4G
CUST-16005,29,Male,Sylhet,iPhone 15 Pro,Student Special 4G,13,10,Prepaid,0,9.0,4G
CUST-16006,31,Male,Rajshahi,Samsung S23 Ultra,Student Special 4G,61,5,Prepaid,0,15.0,4G
CUST-16007,53,Male,Chattogram,Samsung S23 Ultra,Student Special 4G,69,9,Prepaid,0,9.0,5G
CUST-16008,21,Female,Dhaka,Xiaomi Redmi Note 12,Family Bundle,16,10,Postpaid,0,16.0,4G
CUST-16009,21,Female,Rajshahi,Samsung S23 Ultra,Prepaid Saver 30D,42,7,Prepaid,0,15.0,5G
CUST-16010,36,Male,Dhaka,Samsung S23 Ultra,Family Bundle,65,10,Postpaid,0,21.0,5G
CUST-16011,54,Female,Dhaka,Vivo Y20,Prepaid Saver 30D,48,5,Prepaid,0,20.0,4G
CUST-16012,48,Male,Rajshahi,Realme 11,Unlimited Data Max,32,10,Prepaid,0,9.0,3G
CUST-16013,45,Female,Chattogram,Vivo Y20,Unlimited Data Max,41,4,Prepaid,1,27.0,5G
CUST-16014,43,Male,Dhaka,iPhone 15 Pro,Prepaid Saver 30D,8,4,Prepaid,0,22.0,3G
CUST-16015,23,Female,Chattogram,iPhone 15 Pro,Unlimited Data Max,70,10,Prepaid,1,9.0,4G
CUST-16016,33,Male,Barishal,Realme 11,Unlimited Data Max,37,10,Prepaid,0,9.0,4G
CUST-16017,21,Female,Mymensingh,Realme 11,Prepaid Saver 30D,4,8,Prepaid,0,16.0,5G
CUST-16018,53,Male,Mymensingh,iPhone 15 Pro,Postpaid Corporate,24,6,Postpaid,0,20.0,3G
CUST-16019,53,Female,Sylhet,Vivo Y20,Unlimited Data Max,30,9,Prepaid,0,14.0,4G
CUST-16020,30,Male,Chattogram,Realme 11,Prepaid Saver 30D,71,6,Prepaid,0,27.0,4G
CUST-16021,31,Female,Rajshahi,iPhone 15 Pro,Postpaid Corporate,63,7,Postpaid,0,15.0,5G
CUST-16022,32,Female,Sylhet,Samsung S23 Ultra,Student Special 4G,22,4,Prepaid,1,29.0,4G
CUST-16023,59,Female,Mymensingh,Samsung S23 Ultra,Postpaid Corporate,12,10,Postpaid,0,9.0,4G
CUST-16024,40,Male,Sylhet,Vivo Y20,Prepaid Saver 30D,4,5,Prepaid,0,22.0,5G
CUST-16025,53,Female,Sylhet,Vivo Y20,Family Bundle,41,10,Postpaid,0,14.0,4G
CUST-16026,39,Male,Rajshahi,Xiaomi Redmi Note 12,Student Special 4G,32,6,Prepaid,0,22.0,4G
CUST-16027,50,Male,Sylhet,Realme 11,Prepaid Saver 30D,38,10,Prepaid,0,16.0,5G
CUST-16028,42,Male,Khulna,Vivo Y20,Unlimited Data Max,20,10,Prepaid,0,14.0,4G
CUST-16029,31,Male,Dhaka,Samsung S23 Ultra,Prepaid Saver 30D,58,8,Prepaid,0,14.0,3G
CUST-16030,59,Female,Rangpur,Vivo Y20,Student Special 4G,37,8,Prepaid,0,9.0,5G
CUST-16031,51,Male,Rangpur,Xiaomi Redmi Note 12,Student Special 4G,66,7,Prepaid,0,15.0,4G
CUST-16032,54,Female,Chattogram,Xiaomi Redmi Note 12,Student Special 4G,18,4,Prepaid,1,22.0,4G
CUST-16033,62,Female,Dhaka,Samsung S23 Ultra,Family Bundle,19,4,Postpaid,0,22.0,4G
CUST-16034,29,Male,Dhaka,Realme 11,Postpaid Corporate,42,9,Postpaid,0,9.0,4G
CUST-16035,22,Female,Rangpur,Realme 11,Unlimited Data Max,50,10,Prepaid,0,16.0,4G
CUST-16036,45,Male,Chattogram,Samsung S23 Ultra,Unlimited Data Max,21,10,Prepaid,0,9.0,4G
CUST-16037,33,Male,Dhaka,Realme 11,Unlimited Data Max,39,10,Prepaid,1,16.0,4G
CUST-16038,38,Female,Dhaka,Samsung S23 Ultra,Unlimited Data Max,37,10,Prepaid,0,16.0,4G
CUST-16039,29,Female,Chattogram,iPhone 15 Pro,Unlimited Data Max,48,7,Prepaid,0,15.0,4G
CUST-16040,36,Female,Sylhet,Realme 11,Prepaid Saver 30D,46,10,Prepaid,0,9.0,4G
CUST-16041,36,Male,Dhaka,Realme 11,Student Special 4G,15,6,Prepaid,0,15.0,4G
CUST-16042,34,Female,Chattogram,Samsung S23 Ultra,Unlimited Data Max,9,6,Prepaid,1,29.0,4G
CUST-16043,52,Male,Dhaka,Xiaomi Redmi Note 12,Student Special 4G,20,10,Prepaid,0,9.0,4G
CUST-16044,45,Male,Rajshahi,iPhone 15 Pro,Family Bundle,9,4,Postpaid,0,15.0,5G
CUST-16045,40,Female,Mymensingh,Realme 11,Unlimited Data Max,40,10,Prepaid,0,9.0,4G
CUST-16046,23,Male,Dhaka,Vivo Y20,Unlimited Data Max,37,7,Prepaid,0,22.0,4G
CUST-16047,44,Male,Dhaka,Realme 11,Prepaid Saver 30D,1,10,Prepaid,0,9.0,4G
CUST-16048,26,Male,Rangpur,Realme 11,Student Special 4G,59,10,Prepaid,0,9.0,4G
CUST-16049,32,Male,Rajshahi,Xiaomi Redmi Note 12,Postpaid Corporate,51,4,Postpaid,0,15.0,4G
CUST-16050,37,Female,Rajshahi,Xiaomi Redmi Note 12,Unlimited Data Max,34,7,Prepaid,0,15.0,4G
CUST-16051,24,Male,Dhaka,iPhone 15 Pro,Postpaid Corporate,12,10,Postpaid,1,23.0,4G
CUST-16052,36,Female,Sylhet,Vivo Y20,Student Special 4G,12,10,Prepaid,0,21.0,5G
CUST-16053,30,Male,Rajshahi,iPhone 15 Pro,Prepaid Saver 30D,67,9,Prepaid,0,9.0,4G
CUST-16054,57,Female,Dhaka,Vivo Y20,Postpaid Corporate,17,8,Postpaid,0,23.0,4G
CUST-16055,58,Female,Sylhet,Realme 11,Prepaid Saver 30D,62,10,Prepaid,0,16.0,4G
CUST-16056,18,Male,Rangpur,Vivo Y20,Unlimited Data Max,48,10,Prepaid,0,9.0,4G
CUST-16057,46,Female,Rajshahi,Realme 11,Family Bundle,45,4,Postpaid,0,22.0,5G
CUST-16058,48,Female,Rajshahi,iPhone 15 Pro,Unlimited Data Max,60,7,Prepaid,1,15.0,4G
CUST-16059,35,Female,Dhaka,iPhone 15 Pro,Student Special 4G,64,4,Prepaid,0,22.0,5G
CUST-16060,40,Male,Dhaka,Samsung S23 Ultra,Postpaid Corporate,20,9,Postpaid,1,16.0,4G
CUST-16061,55,Female,Chattogram,Vivo Y20,Unlimited Data Max,71,5,Prepaid,0,29.0,5G
CUST-16062,35,Female,Khulna,Samsung S23 Ultra,Postpaid Corporate,10,10,Postpaid,0,9.0,4G
CUST-16063,21,Male,Dhaka,Vivo Y20,Unlimited Data Max,56,7,Prepaid,0,22.0,5G
CUST-16064,35,Male,Dhaka,Realme 11,Unlimited Data Max,28,10,Prepaid,0,9.0,4G
CUST-16065,29,Female,Sylhet,Samsung S23 Ultra,Prepaid Saver 30D,45,10,Prepaid,0,16.0,4G
CUST-16066,35,Female,Chattogram,Vivo Y20,Student Special 4G,60,6,Prepaid,0,15.0,4G
CUST-16067,28,Male,Rangpur,Samsung S23 Ultra,Family Bundle,32,10,Postpaid,0,16.0,4G
CUST-16068,25,Male,Dhaka,Samsung S23 Ultra,Prepaid Saver 30D,6,4,Prepaid,1,15.0,3G
CUST-16069,64,Male,Barishal,Xiaomi Redmi Note 12,Prepaid Saver 30D,58,10,Prepaid,0,16.0,4G
CUST-16070,24,Female,Barishal,Samsung S23 Ultra,Family Bundle,10,10,Postpaid,0,9.0,4G
CUST-16071,51,Female,Dhaka,Samsung S23 Ultra,Postpaid Corporate,51,10,Postpaid,0,16.0,5G
CUST-16072,51,Female,Dhaka,Realme 11,Unlimited Data Max,32,9,Prepaid,0,14.0,4G
CUST-16073,47,Male,Dhaka,Vivo Y20,Prepaid Saver 30D,34,4,Prepaid,0,20.0,4G
CUST-16074,60,Male,Mymensingh,Samsung S23 Ultra,Prepaid Saver 30D,19,6,Prepaid,1,15.0,5G
CUST-16075,18,Male,Dhaka,Realme 11,Prepaid Saver 30D,36,10,Prepaid,0,21.0,4G
CUST-16076,32,Female,Chattogram,Realme 11,Prepaid Saver 30D,14,6,Prepaid,0,22.0,4G
CUST-16077,26,Male,Dhaka,Samsung S23 Ultra,Postpaid Corporate,17,10,Postpaid,0,21.0,5G
CUST-16078,45,Male,Chattogram,Samsung S23 Ultra,Postpaid Corporate,34,10,Postpaid,0,14.0,4G
CUST-16079,47,Female,Chattogram,Xiaomi Redmi Note 12,Prepaid Saver 30D,56,10,Prepaid,0,16.0,4G
CUST-16080,60,Female,Chattogram,Realme 11,Postpaid Corporate,37,4,Postpaid,0,15.0,4G
CUST-16081,35,Male,Mymensingh,iPhone 15 Pro,Prepaid Saver 30D,63,9,Prepaid,0,9.0,4G
CUST-16082,29,Male,Mymensingh,Xiaomi Redmi Note 12,Student Special 4G,20,5,Prepaid,0,15.0,4G
CUST-16083,61,Male,Rangpur,Xiaomi Redmi Note 12,Unlimited Data Max,2,6,Prepaid,0,20.0,4G
CUST-16084,49,Female,Rajshahi,Realme 11,Prepaid Saver 30D,22,10,Prepaid,0,9.0,4G
CUST-16085,53,Female,Khulna,iPhone 15 Pro,Prepaid Saver 30D,8,10,Prepaid,0,16.0,4G
CUST-16086,38,Female,Dhaka,Realme 11,Prepaid Saver 30D,38,10,Prepaid,0,16.0,4G
CUST-16087,39,Male,Barishal,Vivo Y20,Postpaid Corporate,71,10,Postpaid,1,16.0,4G
CUST-16088,36,Male,Mymensingh,Xiaomi Redmi Note 12,Prepaid Saver 30D,35,5,Prepaid,0,15.0,4G
CUST-16089,53,Female,Dhaka,Realme 11,Prepaid Saver 30D,13,9,Prepaid,1,9.0,5G
CUST-16090,27,Female,Dhaka,Samsung S23 Ultra,Prepaid Saver 30D,42,6,Prepaid,0,29.0,5G
CUST-16091,63,Male,Sylhet,Vivo Y20,Postpaid Corporate,53,4,Postpaid,1,22.0,5G
CUST-16092,26,Female,Chattogram,iPhone 15 Pro,Postpaid Corporate,62,10,Postpaid,0,9.0,4G
CUST-16093,39,Female,Barishal,Samsung S23 Ultra,Student Special 4G,35,8,Prepaid,0,9.0,4G
CUST-16094,32,Male,Sylhet,Xiaomi Redmi Note 12,Student Special 4G,31,6,Prepaid,0,22.0,4G
CUST-16095,48,Female,Dhaka,iPhone 15 Pro,Postpaid Corporate,38,10,Postpaid,0,16.0,5G
CUST-16096,49,Male,Dhaka,Xiaomi Redmi Note 12,Unlimited Data Max,16,10,Prepaid,0,16.0,4G
CUST-16097,61,Female,Chattogram,Vivo Y20,Student Special 4G,8,7,Prepaid,0,15.0,4G
CUST-16098,55,Male,Dhaka,Xiaomi Redmi Note 12,Prepaid Saver 30D,55,10,Prepaid,0,9.0,4G
CUST-16099,29,Female,Sylhet,iPhone 15 Pro,Postpaid Corporate,10,10,Postpaid,0,9.0,4G
CUST-16100,27,Female,Mymensingh,Vivo Y20,Family Bundle,49,6,Postpaid,1,22.0,5G
CUST-16101,59,Male,Dhaka,iPhone 15 Pro,Prepaid Saver 30D,42,6,Prepaid,0,15.0,4G
CUST-16102,40,Male,Dhaka,Vivo Y20,Prepaid Saver 30D,34,5,Prepaid,1,15.0,5G
CUST-16103,22,Female,Dhaka,Vivo Y20,Unlimited Data Max,27,7,Prepaid,0,15.0,4G
CUST-16104,56,Female,Khulna,Xiaomi Redmi Note 12,Family Bundle,70,6,Postpaid,0,20.0,4G
CUST-16105,48,Female,Dhaka,Realme 11,Prepaid Saver 30D,57,7,Prepaid,0,15.0,4G
CUST-16106,19,Female,Chattogram,Realme 11,Student Special 4G,12,6,Prepaid,0,15.0,4G
CUST-16107,54,Female,Mymensingh,Vivo Y20,Unlimited Data Max,70,5,Prepaid,0,27.0,4G
CUST-16108,46,Female,Rangpur,Xiaomi Redmi Note 12,Unlimited Data Max,10,10,Prepaid,0,16.0,5G
CUST-16109,46,Female,Rangpur,Xiaomi Redmi Note 12,Unlimited Data Max,58,7,Prepaid,0,15.0,4G
CUST-16110,58,Male,Rangpur,iPhone 15 Pro,Student Special 4G,31,5,Prepaid,0,27.0,4G
CUST-16111,41,Female,Khulna,Xiaomi Redmi Note 12,Unlimited Data Max,29,10,Prepaid,0,16.0,5G
CUST-16112,39,Male,Rajshahi,Realme 11,Family Bundle,36,6,Postpaid,0,20.0,4G
CUST-16113,47,Female,Sylhet,Xiaomi Redmi Note 12,Postpaid Corporate,35,8,Postpaid,0,9.0,4G
CUST-16114,27,Male,Barishal,iPhone 15 Pro,Family Bundle,9,10,Postpaid,0,9.0,4G
CUST-16115,25,Male,Dhaka,Xiaomi Redmi Note 12,Prepaid Saver 30D,12,6,Prepaid,0,22.0,3G
CUST-16116,57,Female,Chattogram,Xiaomi Redmi Note 12,Prepaid Saver 30D,53,5,Prepaid,0,22.0,4G
CUST-16117,28,Female,Sylhet,Samsung S23 Ultra,Unlimited Data Max,50,10,Prepaid,0,9.0,5G
CUST-16118,41,Female,Sylhet,Realme 11,Prepaid Saver 30D,28,4,Prepaid,0,22.0,4G
CUST-16119,30,Female,Rajshahi,Vivo Y20,Prepaid Saver 30D,32,9,Prepaid,0,16.0,4G
CUST-16120,28,Male,Dhaka,iPhone 15 Pro,Unlimited Data Max,28,10,Prepaid,0,9.0,3G
CUST-16121,46,Female,Sylhet,iPhone 15 Pro,Family Bundle,61,8,Postpaid,0,9.0,4G
CUST-16122,55,Male,Barishal,Samsung S23 Ultra,Unlimited Data Max,5,5,Prepaid,0,15.0,4G
CUST-16123,38,Male,Chattogram,Xiaomi Redmi Note 12,Prepaid Saver 30D,47,10,Prepaid,0,9.0,4G
CUST-16124,24,Male,Khulna,Xiaomi Redmi Note 12,Postpaid Corporate,22,10,Postpaid,0,16.0,4G
CUST-16125,29,Female,Rajshahi,Vivo Y20,Prepaid Saver 30D,13,7,Prepaid,0,20.0,4G
CUST-16126,25,Female,Rangpur,Vivo Y20,Unlimited Data Max,12,5,Prepaid,0,15.0,4G
CUST-16127,59,Female,Dhaka,Realme 11,Family Bundle,30,9,Postpaid,0,16.0,4G
CUST-16128,33,Male,Dhaka,iPhone 15 Pro,Unlimited Data Max,11,10,Prepaid,0,9.0,4G
CUST-16129,35,Female,Dhaka,Samsung S23 Ultra,Prepaid Saver 30D,49,4,Prepaid,0,34.0,4G
CUST-16130,21,Male,Barishal,Xiaomi Redmi Note 12,Unlimited Data Max,24,8,Prepaid,0,9.0,5G
CUST-16131,38,Male,Rangpur,Realme 11,Unlimited Data Max,61,7,Prepaid,1,29.0,5G
CUST-16132,60,Male,Dhaka,Samsung S23 Ultra,Prepaid Saver 30D,11,7,Prepaid,0,15.0,4G
CUST-16133,37,Male,Chattogram,Xiaomi Redmi Note 12,Student Special 4G,25,6,Prepaid,0,20.0,5G
CUST-16134,48,Male,Dhaka,Samsung S23 Ultra,Prepaid Saver 30D,28,10,Prepaid,0,9.0,4G
CUST-16135,26,Male,Rajshahi,iPhone 15 Pro,Prepaid Saver 30D,48,10,Prepaid,0,9.0,3G
CUST-16136,24,Female,Rangpur,iPhone 15 Pro,Unlimited Data Max,22,4,Prepaid,0,15.0,3G
CUST-16137,52,Male,Chattogram,Samsung S23 Ultra,Family Bundle,13,4,Postpaid,1,22.0,4G
CUST-16138,21,Male,Chattogram,iPhone 15 Pro,Unlimited Data Max,29,7,Prepaid,0,15.0,4G
CUST-16139,39,Female,Sylhet,Realme 11,Prepaid Saver 30D,65,10,Prepaid,0,16.0,5G
CUST-16140,32,Male,Khulna,Vivo Y20,Unlimited Data Max,58,4,Prepaid,1,22.0,4G
CUST-16141,18,Male,Dhaka,Realme 11,Unlimited Data Max,41,10,Prepaid,0,14.0,4G
CUST-16142,42,Male,Chattogram,iPhone 15 Pro,Unlimited Data Max,71,10,Prepaid,0,21.0,5G
CUST-16143,63,Female,Sylhet,Vivo Y20,Unlimited Data Max,55,7,Prepaid,1,22.0,5G
CUST-16144,21,Female,Rajshahi,Xiaomi Redmi Note 12,Prepaid Saver 30D,55,7,Prepaid,0,15.0,5G
CUST-16145,56,Male,Chattogram,iPhone 15 Pro,Prepaid Saver 30D,29,6,Prepaid,0,22.0,4G
CUST-16146,43,Male,Chattogram,Vivo Y20,Student Special 4G,36,10,Prepaid,0,23.0,4G
CUST-16147,52,Male,Chattogram,iPhone 15 Pro,Unlimited Data Max,67,5,Prepaid,0,15.0,4G
CUST-16148,22,Female,Chattogram,Realme 11,Prepaid Saver 30D,66,7,Prepaid,1,15.0,5G
CUST-16149,58,Female,Chattogram,Samsung S23 Ultra,Prepaid Saver 30D,52,6,Prepaid,0,29.0,5G
CUST-16150,18,Male,Chattogram,iPhone 15 Pro,Unlimited Data Max,7,7,Prepaid,0,22.0,5G
CUST-16151,60,Male,Chattogram,Vivo Y20,Unlimited Data Max,11,10,Prepaid,0,23.0,4G
CUST-16152,48,Female,Dhaka,iPhone 15 Pro,Unlimited Data Max,33,4,Prepaid,0,22.0,5G
CUST-16153,33,Male,Dhaka,Vivo Y20,Unlimited Data Max,40,4,Prepaid,0,15.0,5G
CUST-16154,18,Female,Dhaka,Xiaomi Redmi Note 12,Prepaid Saver 30D,45,8,Prepaid,1,21.0,4G
CUST-16155,46,Male,Rangpur,Vivo Y20,Unlimited Data Max,20,8,Prepaid,0,9.0,4G
CUST-16156,22,Female,Dhaka,Xiaomi Redmi Note 12,Prepaid Saver 30D,56,10,Prepaid,0,23.0,4G
CUST-16157,46,Female,Rangpur,Xiaomi Redmi Note 12,Prepaid Saver 30D,60,6,Prepaid,0,22.0,3G
CUST-16158,54,Female,Rangpur,iPhone 15 Pro,Prepaid Saver 30D,15,9,Prepaid,0,9.0,5G
CUST-16159,30,Female,Sylhet,iPhone 15 Pro,Unlimited Data Max,56,10,Prepaid,0,9.0,4G
CUST-16160,29,Female,Chattogram,Vivo Y20,Prepaid Saver 30D,11,10,Prepaid,0,9.0,4G
CUST-16161,28,Male,Chattogram,Xiaomi Redmi Note 12,Prepaid Saver 30D,36,7,Prepaid,0,15.0,4G
CUST-16162,28,Female,Khulna,Xiaomi Redmi Note 12,Family Bundle,63,10,Postpaid,0,9.0,4G
CUST-16163,23,Female,Chattogram,iPhone 15 Pro,Unlimited Data Max,22,7,Prepaid,0,15.0,3G
CUST-16164,29,Male,Chattogram,Realme 11,Unlimited Data Max,49,8,Prepaid,0,9.0,4G
CUST-16165,48,Male,Chattogram,iPhone 15 Pro,Student Special 4G,61,4,Prepaid,0,15.0,4G
CUST-16166,32,Female,Khulna,iPhone 15 Pro,Prepaid Saver 30D,35,10,Prepaid,0,9.0,4G
CUST-16167,54,Female,Rajshahi,Samsung S23 Ultra,Unlimited Data Max,61,10,Prepaid,0,14.0,4G
CUST-16168,56,Female,Dhaka,Vivo Y20,Student Special 4G,46,6,Prepaid,0,22.0,4G
CUST-16169,53,Male,Sylhet,Samsung S23 Ultra,Prepaid Saver 30D,36,9,Prepaid,0,14.0,5G
CUST-16170,43,Female,Rajshahi,Vivo Y20,Postpaid Corporate,9,10,Postpaid,0,9.0,4G
CUST-16171,32,Female,Chattogram,iPhone 15 Pro,Unlimited Data Max,51,4,Prepaid,0,15.0,4G
CUST-16172,61,Female,Dhaka,Samsung S23 Ultra,Prepaid Saver 30D,23,10,Prepaid,0,16.0,4G
CUST-16173,27,Female,Chattogram,Vivo Y20,Prepaid Saver 30D,21,10,Prepaid,0,16.0,5G
CUST-16174,39,Male,Rangpur,Realme 11,Student Special 4G,66,10,Prepaid,0,9.0,4G
CUST-16175,39,Male,Rajshahi,Realme 11,Prepaid Saver 30D,25,10,Prepaid,0,9.0,5G
CUST-16176,53,Female,Mymensingh,Xiaomi Redmi Note 12,Prepaid Saver 30D,26,6,Prepaid,0,27.0,4G
CUST-16177,43,Male,Mymensingh,Realme 11,Family Bundle,68,8,Postpaid,0,16.0,5G
CUST-16178,55,Male,Dhaka,Samsung S23 Ultra,Family Bundle,21,10,Postpaid,0,9.0,5G
CUST-16179,61,Male,Sylhet,iPhone 15 Pro,Unlimited Data Max,53,10,Prepaid,1,23.0,4G
CUST-16180,36,Male,Sylhet,Xiaomi Redmi Note 12,Prepaid Saver 30D,37,4,Prepaid,0,15.0,4G
CUST-16181,59,Male,Rajshahi,Realme 11,Postpaid Corporate,6,6,Postpaid,1,15.0,5G
CUST-16182,25,Female,Dhaka,Xiaomi Redmi Note 12,Student Special 4G,42,7,Prepaid,0,15.0,4G
CUST-16183,61,Male,Barishal,Xiaomi Redmi Note 12,Family Bundle,33,10,Postpaid,0,16.0,4G
CUST-16184,26,Male,Barishal,Realme 11,Postpaid Corporate,52,10,Postpaid,0,14.0,4G
CUST-16185,57,Male,Chattogram,Samsung S23 Ultra,Postpaid Corporate,29,10,Postpaid,0,9.0,4G
CUST-16186,36,Female,Khulna,Xiaomi Redmi Note 12,Unlimited Data Max,18,10,Prepaid,0,9.0,4G
CUST-16187,63,Female,Rajshahi,iPhone 15 Pro,Prepaid Saver 30D,17,9,Prepaid,0,14.0,4G
CUST-16188,24,Male,Sylhet,Xiaomi Redmi Note 12,Prepaid Saver 30D,38,8,Prepaid,0,21.0,4G
CUST-16189,39,Male,Chattogram,Samsung S23 Ultra,Postpaid Corporate,71,9,Postpaid,1,9.0,4G
CUST-16190,60,Male,Dhaka,Vivo Y20,Prepaid Saver 30D,32,5,Prepaid,0,22.0,4G
CUST-16191,20,Female,Barishal,Vivo Y20,Prepaid Saver 30D,10,5,Prepaid,0,15.0,4G
CUST-16192,30,Male,Sylhet,Vivo Y20,Prepaid Saver 30D,59,4,Prepaid,0,15.0,3G
CUST-16193,21,Male,Rajshahi,Vivo Y20,Family Bundle,23,5,Postpaid,0,15.0,5G
CUST-16194,33,Female,Dhaka,Realme 11,Prepaid Saver 30D,31,7,Prepaid,0,15.0,4G
CUST-16195,36,Female,Khulna,iPhone 15 Pro,Student Special 4G,61,8,Prepaid,1,21.0,4G
CUST-16196,47,Male,Khulna,Samsung S23 Ultra,Postpaid Corporate,8,10,Postpaid,0,16.0,4G
CUST-16197,30,Male,Dhaka,Realme 11,Prepaid Saver 30D,10,10,Prepaid,1,9.0,4G
CUST-16198,25,Male,Chattogram,Vivo Y20,Prepaid Saver 30D,15,10,Prepaid,0,9.0,5G
CUST-16199,25,Female,Dhaka,iPhone 15 Pro,Prepaid Saver 30D,27,6,Prepaid,0,15.0,4G
CUST-16200,62,Female,Chattogram,Vivo Y20,Student Special 4G,61,9,Prepaid,0,9.0,5G
CUST-16201,62,Male,Khulna,Samsung S23 Ultra,Unlimited Data Max,46,8,Prepaid,0,9.0,5G
CUST-16202,28,Female,Dhaka,iPhone 15 Pro,Family Bundle,56,10,Postpaid,1,35.0,3G
CUST-16203,27,Male,Rajshahi,Realme 11,Student Special 4G,24,4,Prepaid,0,20.0,4G
CUST-16204,20,Male,Khulna,Xiaomi Redmi Note 12,Prepaid Saver 30D,30,4,Prepaid,0,15.0,4G
CUST-16205,63,Female,Khulna,Realme 11,Unlimited Data Max,30,6,Prepaid,0,27.0,4G
CUST-16206,51,Male,Sylhet,iPhone 15 Pro,Unlimited Data Max,9,4,Prepaid,0,15.0,5G
CUST-16207,53,Female,Dhaka,Realme 11,Unlimited Data Max,40,7,Prepaid,0,15.0,4G
CUST-16208,31,Male,Mymensingh,iPhone 15 Pro,Unlimited Data Max,24,7,Prepaid,0,15.0,4G
CUST-16209,48,Female,Barishal,Samsung S23 Ultra,Unlimited Data Max,68,10,Prepaid,0,16.0,5G
CUST-16210,20,Male,Rajshahi,Xiaomi Redmi Note 12,Family Bundle,50,10,Postpaid,0,30.0,4G
CUST-16211,49,Male,Dhaka,Xiaomi Redmi Note 12,Postpaid Corporate,62,5,Postpaid,0,15.0,4G
CUST-16212,45,Female,Chattogram,Xiaomi Redmi Note 12,Student Special 4G,14,9,Prepaid,0,23.0,3G
CUST-16213,33,Male,Barishal,Samsung S23 Ultra,Prepaid Saver 30D,8,5,Prepaid,0,15.0,4G
CUST-16214,51,Female,Mymensingh,Xiaomi Redmi Note 12,Postpaid Corporate,32,10,Postpaid,0,9.0,4G
CUST-16215,48,Female,Mymensingh,Samsung S23 Ultra,Student Special 4G,41,4,Prepaid,0,29.0,5G
CUST-16216,38,Male,Mymensingh,Vivo Y20,Prepaid Saver 30D,40,6,Prepaid,0,15.0,5G
CUST-16217,26,Female,Dhaka,Samsung S23 Ultra,Postpaid Corporate,47,9,Postpaid,1,9.0,5G
CUST-16218,19,Male,Mymensingh,Vivo Y20,Student Special 4G,60,10,Prepaid,0,16.0,5G
CUST-16219,62,Female,Khulna,Samsung S23 Ultra,Family Bundle,24,9,Postpaid,0,16.0,4G
CUST-16220,31,Female,Chattogram,Realme 11,Prepaid Saver 30D,21,10,Prepaid,0,16.0,4G
CUST-16221,32,Male,Dhaka,iPhone 15 Pro,Student Special 4G,19,5,Prepaid,1,20.0,4G
CUST-16222,50,Female,Dhaka,Samsung S23 Ultra,Prepaid Saver 30D,26,10,Prepaid,0,14.0,5G
CUST-16223,29,Male,Rangpur,iPhone 15 Pro,Prepaid Saver 30D,43,6,Prepaid,0,27.0,3G
CUST-16224,35,Female,Dhaka,Samsung S23 Ultra,Prepaid Saver 30D,58,10,Prepaid,0,9.0,4G
CUST-16225,51,Female,Dhaka,Realme 11,Prepaid Saver 30D,30,7,Prepaid,0,22.0,4G
CUST-16226,45,Male,Sylhet,Vivo Y20,Prepaid Saver 30D,30,10,Prepaid,0,16.0,5G
CUST-16227,48,Female,Rangpur,iPhone 15 Pro,Unlimited Data Max,65,4,Prepaid,0,22.0,4G
CUST-16228,18,Female,Chattogram,Xiaomi Redmi Note 12,Unlimited Data Max,25,10,Prepaid,0,9.0,5G
CUST-16229,39,Male,Rangpur,Samsung S23 Ultra,Student Special 4G,12,10,Prepaid,0,16.0,5G
CUST-16230,40,Female,Chattogram,Xiaomi Redmi Note 12,Student Special 4G,25,7,Prepaid,1,29.0,4G
CUST-16231,47,Female,Rangpur,Vivo Y20,Student Special 4G,3,10,Prepaid,0,9.0,4G
CUST-16232,25,Male,Chattogram,Xiaomi Redmi Note 12,Prepaid Saver 30D,26,9,Prepaid,0,16.0,5G
CUST-16233,25,Female,Dhaka,Vivo Y20,Family Bundle,64,7,Postpaid,1,29.0,5G
CUST-16234,53,Female,Sylhet,Realme 11,Prepaid Saver 30D,58,9,Prepaid,0,9.0,4G
CUST-16235,49,Male,Chattogram,Samsung S23 Ultra,Prepaid Saver 30D,64,9,Prepaid,0,14.0,4G
CUST-16236,56,Male,Rangpur,Samsung S23 Ultra,Prepaid Saver 30D,22,7,Prepaid,0,22.0,4G
CUST-16237,30,Male,Dhaka,iPhone 15 Pro,Prepaid Saver 30D,30,7,Prepaid,0,22.0,5G
CUST-16238,64,Male,Chattogram,Vivo Y20,Postpaid Corporate,61,8,Postpaid,0,9.0,5G
CUST-16239,30,Female,Sylhet,Samsung S23 Ultra,Prepaid Saver 30D,54,4,Prepaid,0,15.0,4G
CUST-16240,48,Male,Khulna,Samsung S23 Ultra,Family Bundle,14,9,Postpaid,0,9.0,4G
CUST-16241,25,Male,Rangpur,Vivo Y20,Unlimited Data Max,61,9,Prepaid,0,9.0,4G
CUST-16242,61,Female,Rangpur,Samsung S23 Ultra,Unlimited Data Max,8,9,Prepaid,0,9.0,4G
CUST-16243,33,Female,Barishal,iPhone 15 Pro,Prepaid Saver 30D,19,10,Prepaid,1,9.0,4G
CUST-16244,55,Female,Dhaka,Realme 11,Unlimited Data Max,38,8,Prepaid,0,23.0,5G
CUST-16245,33,Female,Dhaka,Samsung S23 Ultra,Family Bundle,47,7,Postpaid,0,20.0,4G
CUST-16246,55,Female,Khulna,Samsung S23 Ultra,Prepaid Saver 30D,57,10,Prepaid,0,14.0,4G
CUST-16247,39,Male,Chattogram,Realme 11,Prepaid Saver 30D,53,6,Prepaid,0,15.0,4G
CUST-16248,20,Female,Dhaka,Samsung S23 Ultra,Postpaid Corporate,21,4,Postpaid,0,15.0,4G
CUST-16249,26,Female,Rajshahi,Realme 11,Prepaid Saver 30D,26,6,Prepaid,0,20.0,4G
CUST-16250,50,Male,Chattogram,Xiaomi Redmi Note 12,Unlimited Data Max,52,10,Prepaid,0,23.0,4G
CUST-16251,27,Male,Mymensingh,iPhone 15 Pro,Prepaid Saver 30D,68,7,Prepaid,0,22.0,5G
CUST-16252,30,Male,Dhaka,Realme 11,Prepaid Saver 30D,62,5,Prepaid,0,15.0,4G
CUST-16253,43,Male,Chattogram,iPhone 15 Pro,Postpaid Corporate,69,8,Postpaid,0,23.0,4G
CUST-16254,29,Female,Chattogram,Vivo Y20,Student Special 4G,48,5,Prepaid,0,15.0,5G
CUST-16255,24,Female,Chattogram,Xiaomi Redmi Note 12,Prepaid Saver 30D,35,10,Prepaid,0,21.0,4G
CUST-16256,47,Male,Khulna,Realme 11,Postpaid Corporate,55,5,Postpaid,0,22.0,3G
CUST-16257,50,Female,Chattogram,iPhone 15 Pro,Postpaid Corporate,6,5,Postpaid,1,15.0,5G
CUST-16258,52,Female,Rangpur,Vivo Y20,Prepaid Saver 30D,67,10,Prepaid,0,9.0,4G
CUST-16259,62,Male,Rajshahi,iPhone 15 Pro,Prepaid Saver 30D,66,10,Prepaid,0,9.0,3G
CUST-16260,23,Female,Chattogram,Xiaomi Redmi Note 12,Prepaid Saver 30D,36,6,Prepaid,0,22.0,4G
CUST-16261,38,Female,Rangpur,Vivo Y20,Prepaid Saver 30D,38,10,Prepaid,0,16.0,4G
CUST-16262,28,Female,Sylhet,Vivo Y20,Prepaid Saver 30D,38,4,Prepaid,0,22.0,4G
CUST-16263,60,Female,Barishal,Realme 11,Prepaid Saver 30D,10,5,Prepaid,0,20.0,4G
CUST-16264,43,Male,Sylhet,Realme 11,Prepaid Saver 30D,15,6,Prepaid,0,22.0,5G
CUST-16265,22,Female,Dhaka,Realme 11,Student Special 4G,52,9,Prepaid,1,9.0,5G
CUST-16266,50,Male,Mymensingh,Xiaomi Redmi Note 12,Prepaid Saver 30D,3,9,Prepaid,0,9.0,4G
CUST-16267,20,Female,Chattogram,Realme 11,Family Bundle,49,7,Postpaid,0,15.0,4G
CUST-16268,30,Female,Rajshahi,Xiaomi Redmi Note 12,Unlimited Data Max,22,6,Prepaid,0,15.0,4G
CUST-16269,51,Male,Rangpur,Xiaomi Redmi Note 12,Prepaid Saver 30D,10,10,Prepaid,0,23.0,4G
CUST-16270,41,Male,Sylhet,iPhone 15 Pro,Postpaid Corporate,43,8,Postpaid,0,16.0,4G
CUST-16271,53,Male,Sylhet,iPhone 15 Pro,Prepaid Saver 30D,20,10,Prepaid,0,9.0,4G
CUST-16272,44,Male,Chattogram,Samsung S23 Ultra,Family Bundle,32,4,Postpaid,0,15.0,4G
CUST-16273,57,Female,Mymensingh,Realme 11,Prepaid Saver 30D,62,10,Prepaid,0,23.0,5G
CUST-16274,44,Male,Dhaka,Samsung S23 Ultra,Prepaid Saver 30D,50,10,Prepaid,0,16.0,4G
CUST-16275,20,Male,Chattogram,Samsung S23 Ultra,Prepaid Saver 30D,69,8,Prepaid,0,9.0,4G
CUST-16276,21,Male,Chattogram,iPhone 15 Pro,Prepaid Saver 30D,29,10,Prepaid,1,21.0,4G
CUST-16277,54,Female,Sylhet,Samsung S23 Ultra,Student Special 4G,29,10,Prepaid,0,9.0,4G
CUST-16278,19,Male,Mymensingh,Realme 11,Student Special 4G,49,10,Prepaid,0,23.0,4G
CUST-16279,35,Male,Barishal,Samsung S23 Ultra,Unlimited Data Max,10,9,Prepaid,0,9.0,5G
CUST-16280,18,Male,Sylhet,Xiaomi Redmi Note 12,Student Special 4G,61,4,Prepaid,0,15.0,4G
CUST-16281,32,Male,Rajshahi,Realme 11,Postpaid Corporate,25,10,Postpaid,0,9.0,3G
CUST-16282,45,Male,Dhaka,Xiaomi Redmi Note 12,Prepaid Saver 30D,34,5,Prepaid,0,15.0,5G
CUST-16283,26,Male,Dhaka,Xiaomi Redmi Note 12,Prepaid Saver 30D,37,10,Prepaid,0,9.0,4G
CUST-16284,39,Male,Rajshahi,iPhone 15 Pro,Family Bundle,5,10,Postpaid,0,9.0,5G
CUST-16285,64,Male,Mymensingh,Xiaomi Redmi Note 12,Postpaid Corporate,22,10,Postpaid,0,16.0,5G
CUST-16286,21,Female,Dhaka,Realme 11,Prepaid Saver 30D,10,7,Prepaid,0,15.0,4G
CUST-16287,20,Male,Dhaka,Xiaomi Redmi Note 12,Prepaid Saver 30D,44,4,Prepaid,0,15.0,3G
CUST-16288,30,Female,Barishal,Realme 11,Postpaid Corporate,51,8,Postpaid,0,9.0,4G
CUST-16289,56,Female,Dhaka,Vivo Y20,Family Bundle,1,6,Postpaid,0,20.0,4G
CUST-16290,37,Female,Dhaka,iPhone 15 Pro,Prepaid Saver 30D,1,10,Prepaid,0,14.0,4G
CUST-16291,48,Female,Dhaka,Samsung S23 Ultra,Student Special 4G,58,10,Prepaid,0,9.0,4G
CUST-16292,19,Female,Dhaka,Xiaomi Redmi Note 12,Prepaid Saver 30D,24,5,Prepaid,0,36.0,4G
CUST-16293,52,Male,Mymensingh,iPhone 15 Pro,Prepaid Saver 30D,60,4,Prepaid,0,15.0,3G
CUST-16294,21,Female,Dhaka,Samsung S23 Ultra,Postpaid Corporate,47,10,Postpaid,0,14.0,3G
CUST-16295,51,Male,Dhaka,Realme 11,Unlimited Data Max,56,9,Prepaid,0,9.0,5G
CUST-16296,24,Male,Chattogram,Realme 11,Unlimited Data Max,28,10,Prepaid,1,21.0,4G
CUST-16297,58,Female,Sylhet,Realme 11,Postpaid Corporate,22,10,Postpaid,0,23.0,4G
CUST-16298,31,Female,Chattogram,Realme 11,Unlimited Data Max,52,7,Prepaid,0,22.0,4G
CUST-16299,26,Male,Dhaka,Xiaomi Redmi Note 12,Unlimited Data Max,45,10,Prepaid,0,9.0,4G
CUST-16300,33,Female,Chattogram,Xiaomi Redmi Note 12,Unlimited Data Max,41,6,Prepaid,1,15.0,4G
CUST-16301,18,Female,Mymensingh,iPhone 15 Pro,Unlimited Data Max,26,10,Prepaid,1,14.0,3G
CUST-16302,25,Male,Dhaka,Realme 11,Prepaid Saver 30D,44,10,Prepaid,0,16.0,3G
CUST-16303,46,Female,Dhaka,Vivo Y20,Prepaid Saver 30D,28,4,Prepaid,0,15.0,4G
CUST-16304,32,Female,Rangpur,Vivo Y20,Family Bundle,64,10,Postpaid,0,16.0,4G
CUST-16305,34,Female,Rajshahi,Xiaomi Redmi Note 12,Postpaid Corporate,51,10,Postpaid,0,16.0,4G
CUST-16306,55,Female,Dhaka,Samsung S23 Ultra,Postpaid Corporate,29,10,Postpaid,0,16.0,4G
CUST-16307,23,Female,Dhaka,Vivo Y20,Unlimited Data Max,60,10,Prepaid,0,9.0,4G
CUST-16308,36,Male,Sylhet,Xiaomi Redmi Note 12,Unlimited Data Max,6,10,Prepaid,0,16.0,5G
CUST-16309,26,Female,Sylhet,Realme 11,Student Special 4G,60,5,Prepaid,1,22.0,4G
CUST-16310,40,Male,Mymensingh,iPhone 15 Pro,Postpaid Corporate,30,7,Postpaid,0,22.0,4G
CUST-16311,33,Female,Rajshahi,Vivo Y20,Student Special 4G,17,8,Prepaid,0,9.0,4G
CUST-16312,20,Male,Rangpur,Vivo Y20,Prepaid Saver 30D,59,10,Prepaid,0,21.0,4G
CUST-16313,21,Female,Sylhet,Samsung S23 Ultra,Prepaid Saver 30D,47,10,Prepaid,0,9.0,3G
CUST-16314,58,Female,Chattogram,Xiaomi Redmi Note 12,Prepaid Saver 30D,6,10,Prepaid,0,9.0,3G
CUST-16315,20,Male,Sylhet,Xiaomi Redmi Note 12,Unlimited Data Max,19,7,Prepaid,1,15.0,4G
CUST-16316,54,Female,Mymensingh,Realme 11,Student Special 4G,33,5,Prepaid,0,15.0,5G
CUST-16317,61,Male,Khulna,iPhone 15 Pro,Prepaid Saver 30D,45,7,Prepaid,0,15.0,4G
CUST-16318,39,Male,Dhaka,Samsung S23 Ultra,Prepaid Saver 30D,58,8,Prepaid,0,9.0,3G
CUST-16319,32,Male,Dhaka,iPhone 15 Pro,Unlimited Data Max,27,5,Prepaid,0,29.0,4G
CUST-16320,54,Female,Rajshahi,Xiaomi Redmi Note 12,Postpaid Corporate,58,5,Postpaid,1,22.0,4G
CUST-16321,64,Male,Mymensingh,iPhone 15 Pro,Student Special 4G,57,10,Prepaid,1,21.0,4G
CUST-16322,23,Female,Chattogram,Xiaomi Redmi Note 12,Prepaid Saver 30D,27,6,Prepaid,0,29.0,4G
CUST-16323,63,Female,Khulna,iPhone 15 Pro,Family Bundle,67,6,Postpaid,0,22.0,4G
CUST-16324,62,Male,Chattogram,Realme 11,Prepaid Saver 30D,68,5,Prepaid,0,15.0,4G
CUST-16325,24,Male,Dhaka,Xiaomi Redmi Note 12,Student Special 4G,21,8,Prepaid,0,9.0,4G
CUST-16326,20,Male,Khulna,Samsung S23 Ultra,Postpaid Corporate,40,4,Postpaid,1,15.0,4G
CUST-16327,51,Male,Mymensingh,Realme 11,Family Bundle,62,9,Postpaid,0,9.0,4G
CUST-16328,21,Female,Chattogram,iPhone 15 Pro,Postpaid Corporate,39,4,Postpaid,1,15.0,3G
CUST-16329,46,Male,Chattogram,iPhone 15 Pro,Prepaid Saver 30D,53,4,Prepaid,0,15.0,4G
CUST-16330,21,Male,Dhaka,Realme 11,Prepaid Saver 30D,57,10,Prepaid,0,16.0,5G
CUST-16331,50,Female,Khulna,iPhone 15 Pro,Student Special 4G,41,8,Prepaid,0,23.0,4G
CUST-16332,28,Female,Sylhet,Samsung S23 Ultra,Student Special 4G,26,6,Prepaid,0,15.0,3G
CUST-16333,22,Female,Rajshahi,iPhone 15 Pro,Prepaid Saver 30D,38,5,Prepaid,0,15.0,4G
CUST-16334,21,Female,Rajshahi,iPhone 15 Pro,Postpaid Corporate,60,8,Postpaid,0,9.0,4G
CUST-16335,26,Female,Dhaka,Realme 11,Prepaid Saver 30D,23,6,Prepaid,0,22.0,4G
CUST-16336,43,Female,Chattogram,Realme 11,Unlimited Data Max,60,6,Prepaid,0,29.0,4G
CUST-16337,21,Male,Rangpur,Samsung S23 Ultra,Unlimited Data Max,15,7,Prepaid,0,22.0,5G
CUST-16338,55,Male,Dhaka,Realme 11,Postpaid Corporate,33,5,Postpaid,1,15.0,4G
CUST-16339,46,Male,Chattogram,Realme 11,Postpaid Corporate,6,8,Postpaid,1,23.0,4G
CUST-16340,31,Female,Khulna,Samsung S23 Ultra,Postpaid Corporate,61,8,Postpaid,0,9.0,3G
CUST-16341,64,Female,Mymensingh,iPhone 15 Pro,Prepaid Saver 30D,51,8,Prepaid,0,16.0,4G
CUST-16342,48,Female,Dhaka,Realme 11,Prepaid Saver 30D,9,10,Prepaid,0,9.0,4G
CUST-16343,49,Female,Barishal,Xiaomi Redmi Note 12,Unlimited Data Max,16,4,Prepaid,1,36.0,4G
CUST-16344,26,Male,Khulna,iPhone 15 Pro,Unlimited Data Max,38,6,Prepaid,0,15.0,5G
CUST-16345,51,Female,Barishal,Realme 11,Unlimited Data Max,36,7,Prepaid,0,15.0,4G
CUST-16346,44,Male,Dhaka,Realme 11,Postpaid Corporate,8,7,Postpaid,0,15.0,4G
CUST-16347,64,Female,Rangpur,Xiaomi Redmi Note 12,Student Special 4G,64,4,Prepaid,1,15.0,4G
CUST-16348,40,Male,Sylhet,Samsung S23 Ultra,Family Bundle,33,6,Postpaid,0,15.0,4G
CUST-16349,49,Male,Dhaka,Realme 11,Unlimited Data Max,48,6,Prepaid,1,15.0,4G
CUST-16350,34,Female,Barishal,Samsung S23 Ultra,Student Special 4G,54,10,Prepaid,0,9.0,4G
CUST-16351,19,Female,Dhaka,Vivo Y20,Prepaid Saver 30D,13,4,Prepaid,0,22.0,4G
CUST-16352,24,Female,Dhaka,Samsung S23 Ultra,Prepaid Saver 30D,24,8,Prepaid,1,21.0,4G
CUST-16353,58,Female,Rangpur,Samsung S23 Ultra,Postpaid Corporate,53,5,Postpaid,0,15.0,4G
CUST-16354,52,Male,Rajshahi,iPhone 15 Pro,Family Bundle,55,10,Postpaid,1,16.0,4G
CUST-16355,35,Female,Dhaka,iPhone 15 Pro,Prepaid Saver 30D,16,9,Prepaid,0,9.0,4G
CUST-16356,50,Female,Rajshahi,iPhone 15 Pro,Postpaid Corporate,23,7,Postpaid,0,15.0,5G
CUST-16357,18,Female,Dhaka,Vivo Y20,Prepaid Saver 30D,56,10,Prepaid,0,9.0,5G
CUST-16358,19,Male,Dhaka,iPhone 15 Pro,Unlimited Data Max,25,10,Prepaid,0,21.0,4G
CUST-16359,41,Male,Sylhet,Vivo Y20,Unlimited Data Max,6,5,Prepaid,0,15.0,3G
CUST-16360,47,Female,Chattogram,Samsung S23 Ultra,Unlimited Data Max,36,10,Prepaid,0,9.0,4G
CUST-16361,62,Male,Dhaka,Realme 11,Postpaid Corporate,11,10,Postpaid,0,14.0,4G
CUST-16362,53,Female,Rangpur,Samsung S23 Ultra,Unlimited Data Max,43,9,Prepaid,0,9.0,4G
CUST-16363,30,Female,Dhaka,iPhone 15 Pro,Postpaid Corporate,67,4,Postpaid,0,15.0,4G
CUST-16364,56,Female,Dhaka,Samsung S23 Ultra,Student Special 4G,8,10,Prepaid,1,14.0,3G
CUST-16365,41,Female,Barishal,iPhone 15 Pro,Student Special 4G,20,7,Prepaid,0,15.0,4G
CUST-16366,56,Male,Dhaka,Xiaomi Redmi Note 12,Prepaid Saver 30D,41,5,Prepaid,1,15.0,4G
CUST-16367,26,Male,Dhaka,Vivo Y20,Unlimited Data Max,11,8,Prepaid,0,14.0,4G
CUST-16368,19,Female,Dhaka,Realme 11,Prepaid Saver 30D,38,8,Prepaid,0,9.0,5G
CUST-16369,20,Male,Dhaka,Realme 11,Unlimited Data Max,16,5,Prepaid,1,29.0,4G
CUST-16370,64,Male,Dhaka,Xiaomi Redmi Note 12,Prepaid Saver 30D,46,6,Prepaid,0,15.0,4G
CUST-16371,21,Female,Mymensingh,iPhone 15 Pro,Prepaid Saver 30D,26,10,Prepaid,0,21.0,4G
CUST-16372,62,Female,Rangpur,iPhone 15 Pro,Postpaid Corporate,66,10,Postpaid,1,9.0,5G
CUST-16373,52,Male,Mymensingh,Samsung S23 Ultra,Unlimited Data Max,60,5,Prepaid,0,15.0,4G
CUST-16374,24,Female,Mymensingh,Realme 11,Unlimited Data Max,71,6,Prepaid,0,22.0,4G
CUST-16375,58,Male,Rajshahi,Realme 11,Student Special 4G,11,10,Prepaid,0,9.0,3G
CUST-16376,24,Male,Chattogram,Xiaomi Redmi Note 12,Family Bundle,68,4,Postpaid,1,15.0,5G
CUST-16377,24,Female,Dhaka,Xiaomi Redmi Note 12,Postpaid Corporate,2,9,Postpaid,0,9.0,4G
CUST-16378,45,Male,Barishal,iPhone 15 Pro,Prepaid Saver 30D,16,8,Prepaid,1,9.0,4G
CUST-16379,31,Female,Dhaka,Vivo Y20,Postpaid Corporate,62,10,Postpaid,0,9.0,5G
CUST-16380,31,Male,Sylhet,Vivo Y20,Unlimited Data Max,62,4,Prepaid,0,15.0,4G
CUST-16381,27,Female,Dhaka,Xiaomi Redmi Note 12,Student Special 4G,22,5,Prepaid,0,22.0,4G
CUST-16382,46,Female,Rangpur,Realme 11,Unlimited Data Max,60,10,Prepaid,0,16.0,4G
CUST-16383,19,Female,Chattogram,iPhone 15 Pro,Postpaid Corporate,6,7,Postpaid,1,29.0,4G
CUST-16384,29,Male,Dhaka,Samsung S23 Ultra,Unlimited Data Max,24,7,Prepaid,0,15.0,4G
CUST-16385,44,Male,Dhaka,iPhone 15 Pro,Postpaid Corporate,2,10,Postpaid,0,9.0,4G
CUST-16386,40,Female,Chattogram,Vivo Y20,Student Special 4G,37,8,Prepaid,0,30.0,4G
CUST-16387,50,Female,Dhaka,Xiaomi Redmi Note 12,Postpaid Corporate,64,8,Postpaid,0,16.0,5G
CUST-16388,28,Female,Mymensingh,Vivo Y20,Prepaid Saver 30D,44,4,Prepaid,0,15.0,4G
CUST-16389,48,Female,Dhaka,iPhone 15 Pro,Postpaid Corporate,38,10,Postpaid,0,9.0,5G
CUST-16390,53,Male,Rangpur,Xiaomi Redmi Note 12,Prepaid Saver 30D,15,5,Prepaid,0,15.0,5G
CUST-16391,36,Female,Rangpur,Samsung S23 Ultra,Postpaid Corporate,44,8,Postpaid,0,9.0,4G
CUST-16392,30,Female,Dhaka,Realme 11,Prepaid Saver 30D,24,7,Prepaid,1,20.0,5G
CUST-16393,44,Female,Sylhet,iPhone 15 Pro,Prepaid Saver 30D,44,10,Prepaid,0,23.0,4G
CUST-16394,45,Female,Chattogram,Samsung S23 Ultra,Postpaid Corporate,10,10,Postpaid,0,9.0,4G
CUST-16395,22,Male,Dhaka,iPhone 15 Pro,Unlimited Data Max,38,10,Prepaid,0,16.0,4G
CUST-16396,44,Male,Dhaka,Realme 11,Postpaid Corporate,36,10,Postpaid,0,14.0,5G
CUST-16397,25,Male,Khulna,Vivo Y20,Unlimited Data Max,55,6,Prepaid,1,15.0,5G
CUST-16398,44,Female,Khulna,Vivo Y20,Postpaid Corporate,65,7,Postpaid,0,22.0,4G
CUST-16399,61,Male,Khulna,iPhone 15 Pro,Prepaid Saver 30D,65,10,Prepaid,0,9.0,4G
CUST-16400,43,Male,Rangpur,Xiaomi Redmi Note 12,Student Special 4G,25,10,Prepaid,0,16.0,4G
CUST-16401,53,Male,Dhaka,Xiaomi Redmi Note 12,Unlimited Data Max,46,10,Prepaid,0,9.0,5G
CUST-16402,32,Male,Rajshahi,Realme 11,Prepaid Saver 30D,47,10,Prepaid,0,9.0,4G
CUST-16403,61,Female,Khulna,Realme 11,Unlimited Data Max,60,4,Prepaid,0,20.0,5G
CUST-16404,56,Female,Dhaka,Samsung S23 Ultra,Student Special 4G,58,4,Prepaid,0,22.0,5G
CUST-16405,61,Male,Dhaka,Samsung S23 Ultra,Unlimited Data Max,1,4,Prepaid,1,34.0,4G
CUST-16406,52,Female,Dhaka,Xiaomi Redmi Note 12,Prepaid Saver 30D,57,8,Prepaid,0,9.0,4G
CUST-16407,48,Female,Dhaka,Xiaomi Redmi Note 12,Unlimited Data Max,35,10,Prepaid,0,16.0,4G
CUST-16408,42,Female,Rajshahi,Vivo Y20,Student Special 4G,68,10,Prepaid,0,9.0,4G
CUST-16409,61,Male,Dhaka,Vivo Y20,Prepaid Saver 30D,43,10,Prepaid,0,14.0,5G
CUST-16410,57,Female,Chattogram,Samsung S23 Ultra,Prepaid Saver 30D,28,10,Prepaid,1,9.0,4G
CUST-16411,37,Male,Rajshahi,Xiaomi Redmi Note 12,Unlimited Data Max,15,10,Prepaid,0,14.0,4G
CUST-16412,22,Female,Mymensingh,Xiaomi Redmi Note 12,Prepaid Saver 30D,68,5,Prepaid,0,22.0,4G
CUST-16413,18,Male,Sylhet,Xiaomi Redmi Note 12,Unlimited Data Max,12,10,Prepaid,0,23.0,4G
CUST-16414,28,Female,Dhaka,Samsung S23 Ultra,Prepaid Saver 30D,7,10,Prepaid,0,9.0,4G
CUST-16415,20,Male,Mymensingh,Vivo Y20,Unlimited Data Max,10,6,Prepaid,0,22.0,3G
CUST-16416,27,Female,Dhaka,Samsung S23 Ultra,Family Bundle,40,8,Postpaid,0,14.0,3G
CUST-16417,23,Female,Mymensingh,Vivo Y20,Prepaid Saver 30D,21,4,Prepaid,0,15.0,4G
CUST-16418,64,Male,Dhaka,Vivo Y20,Postpaid Corporate,42,8,Postpaid,1,14.0,4G
CUST-16419,22,Female,Chattogram,Vivo Y20,Prepaid Saver 30D,59,9,Prepaid,0,9.0,4G
CUST-16420,47,Female,Sylhet,Samsung S23 Ultra,Prepaid Saver 30D,21,7,Prepaid,0,15.0,3G
CUST-16421,34,Male,Rajshahi,Xiaomi Redmi Note 12,Student Special 4G,2,8,Prepaid,0,9.0,3G
CUST-16422,26,Male,Khulna,Samsung S23 Ultra,Student Special 4G,26,10,Prepaid,0,9.0,5G
CUST-16423,50,Female,Dhaka,Realme 11,Postpaid Corporate,43,10,Postpaid,0,9.0,5G
CUST-16424,63,Female,Rajshahi,Vivo Y20,Student Special 4G,52,7,Prepaid,0,20.0,4G
CUST-16425,55,Female,Chattogram,Xiaomi Redmi Note 12,Unlimited Data Max,5,10,Prepaid,0,16.0,5G
CUST-16426,63,Female,Dhaka,Samsung S23 Ultra,Family Bundle,63,8,Postpaid,0,9.0,4G
CUST-16427,45,Female,Chattogram,iPhone 15 Pro,Prepaid Saver 30D,43,10,Prepaid,0,9.0,4G
CUST-16428,49,Male,Chattogram,Samsung S23 Ultra,Student Special 4G,35,9,Prepaid,0,9.0,4G
CUST-16429,24,Male,Barishal,Xiaomi Redmi Note 12,Postpaid Corporate,18,10,Postpaid,0,9.0,5G
CUST-16430,58,Male,Rajshahi,iPhone 15 Pro,Prepaid Saver 30D,69,6,Prepaid,0,29.0,4G
CUST-16431,53,Male,Chattogram,Vivo Y20,Prepaid Saver 30D,12,10,Prepaid,0,9.0,4G
CUST-16432,29,Female,Rangpur,iPhone 15 Pro,Family Bundle,32,6,Postpaid,0,22.0,4G
CUST-16433,34,Female,Rangpur,iPhone 15 Pro,Unlimited Data Max,34,9,Prepaid,0,9.0,4G
CUST-16434,46,Male,Chattogram,iPhone 15 Pro,Prepaid Saver 30D,39,5,Prepaid,0,15.0,4G
CUST-16435,18,Female,Mymensingh,Vivo Y20,Postpaid Corporate,17,9,Postpaid,1,14.0,4G
CUST-16436,56,Male,Dhaka,iPhone 15 Pro,Prepaid Saver 30D,67,5,Prepaid,0,15.0,4G
CUST-16437,31,Male,Rangpur,Vivo Y20,Prepaid Saver 30D,27,9,Prepaid,0,9.0,4G
CUST-16438,21,Female,Dhaka,Realme 11,Postpaid Corporate,51,8,Postpaid,0,30.0,5G
CUST-16439,33,Female,Dhaka,iPhone 15 Pro,Family Bundle,45,10,Postpaid,0,9.0,5G
CUST-16440,57,Female,Dhaka,Xiaomi Redmi Note 12,Prepaid Saver 30D,15,5,Prepaid,0,22.0,4G
CUST-16441,30,Male,Rangpur,Samsung S23 Ultra,Family Bundle,67,6,Postpaid,0,15.0,4G
CUST-16442,43,Female,Chattogram,Vivo Y20,Unlimited Data Max,33,10,Prepaid,0,28.0,4G
CUST-16443,56,Female,Rangpur,Vivo Y20,Unlimited Data Max,44,10,Prepaid,0,9.0,3G
CUST-16444,19,Male,Chattogram,iPhone 15 Pro,Unlimited Data Max,46,10,Prepaid,0,9.0,4G
CUST-16445,53,Male,Mymensingh,Samsung S23 Ultra,Prepaid Saver 30D,37,9,Prepaid,0,16.0,4G
CUST-16446,31,Male,Dhaka,Xiaomi Redmi Note 12,Postpaid Corporate,46,6,Postpaid,0,22.0,4G
CUST-16447,50,Female,Chattogram,Realme 11,Unlimited Data Max,40,8,Prepaid,0,9.0,3G
CUST-16448,26,Male,Chattogram,Realme 11,Prepaid Saver 30D,53,10,Prepaid,0,9.0,5G
CUST-16449,24,Male,Dhaka,Samsung S23 Ultra,Postpaid Corporate,34,6,Postpaid,0,29.0,4G
CUST-16450,55,Male,Rajshahi,Samsung S23 Ultra,Postpaid Corporate,58,10,Postpaid,1,16.0,4G
CUST-16451,55,Male,Rajshahi,iPhone 15 Pro,Postpaid Corporate,40,6,Postpaid,0,15.0,4G
CUST-16452,64,Female,Chattogram,Realme 11,Postpaid Corporate,71,8,Postpaid,0,9.0,4G
CUST-16453,49,Female,Dhaka,iPhone 15 Pro,Family Bundle,41,9,Postpaid,0,23.0,5G
CUST-16454,39,Male,Chattogram,Vivo Y20,Postpaid Corporate,42,6,Postpaid,0,15.0,3G
CUST-16455,27,Male,Rajshahi,iPhone 15 Pro,Family Bundle,35,5,Postpaid,1,15.0,4G
CUST-16456,31,Male,Rajshahi,Vivo Y20,Family Bundle,29,7,Postpaid,0,15.0,4G
CUST-16457,48,Female,Rangpur,Vivo Y20,Student Special 4G,56,4,Prepaid,0,22.0,4G
CUST-16458,34,Male,Rangpur,Realme 11,Unlimited Data Max,46,10,Prepaid,0,9.0,5G
CUST-16459,40,Female,Dhaka,Samsung S23 Ultra,Prepaid Saver 30D,28,6,Prepaid,1,22.0,4G
CUST-16460,25,Male,Dhaka,Samsung S23 Ultra,Prepaid Saver 30D,58,8,Prepaid,0,16.0,5G
CUST-16461,38,Male,Rangpur,Samsung S23 Ultra,Unlimited Data Max,8,7,Prepaid,0,22.0,4G
CUST-16462,29,Female,Chattogram,Realme 11,Prepaid Saver 30D,5,6,Prepaid,0,22.0,4G
CUST-16463,23,Male,Barishal,Realme 11,Unlimited Data Max,46,10,Prepaid,0,9.0,5G
CUST-16464,24,Female,Dhaka,Vivo Y20,Prepaid Saver 30D,33,7,Prepaid,0,15.0,4G
CUST-16465,42,Female,Rajshahi,Vivo Y20,Student Special 4G,57,9,Prepaid,0,14.0,3G
CUST-16466,35,Male,Mymensingh,iPhone 15 Pro,Prepaid Saver 30D,48,7,Prepaid,0,20.0,4G
CUST-16467,22,Female,Sylhet,iPhone 15 Pro,Family Bundle,56,8,Postpaid,1,21.0,5G
CUST-16468,42,Female,Dhaka,Realme 11,Student Special 4G,19,6,Prepaid,1,15.0,4G
CUST-16469,25,Female,Dhaka,Realme 11,Student Special 4G,18,10,Prepaid,0,9.0,4G
CUST-16470,18,Male,Dhaka,iPhone 15 Pro,Unlimited Data Max,18,10,Prepaid,1,9.0,4G
CUST-16471,24,Male,Rajshahi,Samsung S23 Ultra,Family Bundle,46,7,Postpaid,1,22.0,4G
CUST-16472,39,Female,Chattogram,Samsung S23 Ultra,Unlimited Data Max,48,9,Prepaid,0,23.0,5G
CUST-16473,62,Female,Sylhet,Vivo Y20,Student Special 4G,71,10,Prepaid,0,16.0,4G
CUST-16474,29,Male,Dhaka,iPhone 15 Pro,Unlimited Data Max,16,10,Prepaid,0,9.0,5G
CUST-16475,31,Female,Rajshahi,Realme 11,Unlimited Data Max,8,10,Prepaid,0,14.0,4G
CUST-16476,29,Female,Rangpur,Vivo Y20,Prepaid Saver 30D,69,10,Prepaid,1,21.0,4G
CUST-16477,34,Female,Dhaka,Vivo Y20,Postpaid Corporate,38,10,Postpaid,0,9.0,4G
CUST-16478,51,Female,Rajshahi,Xiaomi Redmi Note 12,Student Special 4G,27,7,Prepaid,0,27.0,5G
CUST-16479,33,Male,Dhaka,Realme 11,Postpaid Corporate,22,9,Postpaid,0,16.0,4G
CUST-16480,48,Female,Rajshahi,Samsung S23 Ultra,Postpaid Corporate,63,10,Postpaid,0,9.0,5G
CUST-16481,60,Male,Rangpur,Vivo Y20,Prepaid Saver 30D,57,10,Prepaid,0,30.0,4G
CUST-16482,62,Male,Khulna,Vivo Y20,Family Bundle,13,10,Postpaid,0,9.0,5G
CUST-16483,44,Female,Chattogram,iPhone 15 Pro,Prepaid Saver 30D,24,7,Prepaid,1,15.0,4G
CUST-16484,51,Male,Sylhet,iPhone 15 Pro,Family Bundle,62,8,Postpaid,0,9.0,3G
CUST-16485,61,Female,Sylhet,Realme 11,Student Special 4G,53,7,Prepaid,0,22.0,4G
CUST-16486,54,Male,Khulna,Xiaomi Redmi Note 12,Prepaid Saver 30D,58,10,Prepaid,0,9.0,4G
CUST-16487,32,Male,Sylhet,Realme 11,Prepaid Saver 30D,12,6,Prepaid,0,29.0,4G
CUST-16488,24,Male,Dhaka,Samsung S23 Ultra,Postpaid Corporate,42,9,Postpaid,0,14.0,5G
CUST-16489,23,Female,Dhaka,iPhone 15 Pro,Family Bundle,5,6,Postpaid,0,20.0,3G
CUST-16490,59,Male,Dhaka,Realme 11,Postpaid Corporate,32,5,Postpaid,0,15.0,4G
CUST-16491,44,Male,Barishal,Vivo Y20,Student Special 4G,8,5,Prepaid,0,29.0,4G
CUST-16492,31,Male,Khulna,Samsung S23 Ultra,Family Bundle,20,4,Postpaid,0,15.0,4G
CUST-16493,34,Male,Mymensingh,Realme 11,Prepaid Saver 30D,19,10,Prepaid,0,9.0,4G
CUST-16494,31,Female,Chattogram,Samsung S23 Ultra,Prepaid Saver 30D,14,10,Prepaid,0,21.0,3G
CUST-16495,55,Male,Dhaka,Vivo Y20,Postpaid Corporate,61,4,Postpaid,0,15.0,4G
CUST-16496,46,Male,Rajshahi,iPhone 15 Pro,Unlimited Data Max,27,6,Prepaid,0,22.0,4G
CUST-16497,59,Male,Rajshahi,iPhone 15 Pro,Student Special 4G,11,8,Prepaid,0,21.0,5G
CUST-16498,32,Male,Sylhet,Realme 11,Prepaid Saver 30D,71,5,Prepaid,0,15.0,3G
CUST-16499,40,Male,Dhaka,Vivo Y20,Postpaid Corporate,3,7,Postpaid,0,15.0,4G
CUST-16500,23,Female,Rangpur,Xiaomi Redmi Note 12,Prepaid Saver 30D,11,10,Prepaid,0,14.0,4G
CUST-16501,63,Male,Chattogram,iPhone 15 Pro,Student Special 4G,61,7,Prepaid,1,29.0,4G
CUST-16502,42,Male,Chattogram,Vivo Y20,Prepaid Saver 30D,33,9,Prepaid,0,16.0,5G
CUST-16503,43,Male,Rajshahi,Vivo Y20,Prepaid Saver 30D,27,10,Prepaid,0,30.0,5G
CUST-16504,37,Female,Dhaka,Xiaomi Redmi Note 12,Unlimited Data Max,22,4,Prepaid,0,22.0,4G
CUST-16505,30,Female,Rajshahi,Samsung S23 Ultra,Student Special 4G,42,10,Prepaid,0,28.0,3G
CUST-16506,62,Female,Dhaka,Vivo Y20,Prepaid Saver 30D,26,8,Prepaid,0,14.0,4G
CUST-16507,40,Female,Chattogram,Realme 11,Prepaid Saver 30D,6,10,Prepaid,0,16.0,5G
CUST-16508,49,Male,Khulna,Xiaomi Redmi Note 12,Student Special 4G,69,10,Prepaid,0,16.0,5G
CUST-16509,19,Female,Chattogram,Samsung S23 Ultra,Prepaid Saver 30D,65,10,Prepaid,0,16.0,4G
CUST-16510,30,Female,Dhaka,Vivo Y20,Prepaid Saver 30D,13,7,Prepaid,0,15.0,5G
CUST-16511,55,Male,Chattogram,Realme 11,Prepaid Saver 30D,36,10,Prepaid,0,9.0,4G
CUST-16512,22,Female,Dhaka,iPhone 15 Pro,Prepaid Saver 30D,33,6,Prepaid,0,15.0,4G
CUST-16513,22,Female,Rajshahi,iPhone 15 Pro,Prepaid Saver 30D,7,7,Prepaid,0,22.0,4G
CUST-16514,56,Female,Chattogram,iPhone 15 Pro,Prepaid Saver 30D,29,10,Prepaid,0,14.0,5G
CUST-16515,32,Male,Khulna,Vivo Y20,Unlimited Data Max,46,8,Prepaid,0,9.0,5G
CUST-16516,30,Female,Khulna,Xiaomi Redmi Note 12,Prepaid Saver 30D,8,10,Prepaid,1,21.0,4G
CUST-16517,44,Female,Khulna,Vivo Y20,Prepaid Saver 30D,26,6,Prepaid,0,15.0,4G
CUST-16518,27,Male,Dhaka,Realme 11,Prepaid Saver 30D,18,10,Prepaid,0,9.0,4G
CUST-16519,20,Female,Mymensingh,iPhone 15 Pro,Prepaid Saver 30D,26,6,Prepaid,0,22.0,5G
CUST-16520,18,Female,Rangpur,Xiaomi Redmi Note 12,Prepaid Saver 30D,45,9,Prepaid,0,14.0,4G
CUST-16521,21,Male,Chattogram,Vivo Y20,Prepaid Saver 30D,29,10,Prepaid,0,9.0,5G
CUST-16522,25,Male,Rajshahi,Xiaomi Redmi Note 12,Family Bundle,55,10,Postpaid,0,16.0,5G
CUST-16523,50,Male,Chattogram,Realme 11,Prepaid Saver 30D,37,10,Prepaid,0,14.0,5G
CUST-16524,32,Female,Dhaka,Samsung S23 Ultra,Student Special 4G,50,10,Prepaid,0,9.0,4G
CUST-16525,21,Female,Dhaka,Xiaomi Redmi Note 12,Prepaid Saver 30D,44,8,Prepaid,0,9.0,3G
CUST-16526,18,Male,Chattogram,Xiaomi Redmi Note 12,Prepaid Saver 30D,59,7,Prepaid,1,22.0,4G
CUST-16527,40,Female,Chattogram,iPhone 15 Pro,Postpaid Corporate,11,4,Postpaid,0,15.0,5G
CUST-16528,57,Female,Chattogram,Vivo Y20,Unlimited Data Max,71,9,Prepaid,0,9.0,4G
CUST-16529,33,Female,Barishal,iPhone 15 Pro,Family Bundle,54,10,Postpaid,0,9.0,5G
CUST-16530,21,Female,Khulna,Vivo Y20,Prepaid Saver 30D,15,10,Prepaid,0,9.0,4G
CUST-16531,28,Female,Chattogram,Samsung S23 Ultra,Unlimited Data Max,2,10,Prepaid,0,9.0,4G
CUST-16532,41,Female,Rajshahi,Xiaomi Redmi Note 12,Prepaid Saver 30D,2,5,Prepaid,1,22.0,5G
CUST-16533,26,Female,Rangpur,Xiaomi Redmi Note 12,Postpaid Corporate,50,10,Postpaid,0,9.0,4G
CUST-16534,63,Female,Dhaka,iPhone 15 Pro,Unlimited Data Max,31,6,Prepaid,0,22.0,5G
CUST-16535,53,Male,Chattogram,Xiaomi Redmi Note 12,Prepaid Saver 30D,14,10,Prepaid,0,9.0,4G
CUST-16536,34,Female,Dhaka,Vivo Y20,Family Bundle,23,10,Postpaid,0,9.0,5G
CUST-16537,62,Female,Rangpur,Xiaomi Redmi Note 12,Prepaid Saver 30D,32,10,Prepaid,0,23.0,4G
CUST-16538,33,Female,Dhaka,Xiaomi Redmi Note 12,Unlimited Data Max,3,8,Prepaid,0,9.0,4G
CUST-16539,24,Male,Chattogram,Vivo Y20,Unlimited Data Max,40,5,Prepaid,0,22.0,4G
CUST-16540,62,Female,Sylhet,Vivo Y20,Postpaid Corporate,3,9,Postpaid,0,16.0,4G
CUST-16541,63,Male,Dhaka,Samsung S23 Ultra,Prepaid Saver 30D,46,4,Prepaid,0,22.0,4G
CUST-16542,32,Male,Dhaka,Realme 11,Postpaid Corporate,5,10,Postpaid,0,16.0,4G
CUST-16543,45,Male,Rangpur,Vivo Y20,Family Bundle,57,6,Postpaid,0,15.0,4G
CUST-16544,26,Male,Sylhet,Vivo Y20,Unlimited Data Max,18,5,Prepaid,1,22.0,4G
CUST-16545,48,Female,Dhaka,Vivo Y20,Unlimited Data Max,37,9,Prepaid,0,16.0,5G
CUST-16546,50,Female,Dhaka,Samsung S23 Ultra,Unlimited Data Max,28,6,Prepaid,0,15.0,4G
CUST-16547,51,Female,Dhaka,Realme 11,Prepaid Saver 30D,63,10,Prepaid,0,9.0,4G
CUST-16548,44,Female,Chattogram,Vivo Y20,Unlimited Data Max,57,4,Prepaid,0,15.0,3G
CUST-16549,51,Male,Dhaka,Xiaomi Redmi Note 12,Prepaid Saver 30D,68,10,Prepaid,0,9.0,4G
CUST-16550,44,Female,Chattogram,Samsung S23 Ultra,Student Special 4G,51,10,Prepaid,0,9.0,3G
CUST-16551,56,Male,Khulna,Samsung S23 Ultra,Unlimited Data Max,70,7,Prepaid,1,22.0,3G
CUST-16552,26,Female,Rajshahi,iPhone 15 Pro,Family Bundle,16,9,Postpaid,0,9.0,4G
CUST-16553,40,Male,Sylhet,Vivo Y20,Family Bundle,23,7,Postpaid,0,22.0,5G
CUST-16554,37,Female,Rangpur,Samsung S23 Ultra,Prepaid Saver 30D,58,6,Prepaid,0,22.0,4G
CUST-16555,43,Female,Chattogram,Realme 11,Student Special 4G,3,7,Prepaid,0,15.0,4G
CUST-16556,24,Female,Chattogram,Samsung S23 Ultra,Postpaid Corporate,13,7,Postpaid,1,34.0,5G
CUST-16557,33,Female,Khulna,Vivo Y20,Prepaid Saver 30D,51,9,Prepaid,0,16.0,4G
CUST-16558,62,Female,Dhaka,Samsung S23 Ultra,Prepaid Saver 30D,29,9,Prepaid,0,16.0,4G
CUST-16559,22,Male,Barishal,iPhone 15 Pro,Unlimited Data Max,18,10,Prepaid,0,16.0,4G
CUST-16560,47,Female,Rajshahi,Samsung S23 Ultra,Prepaid Saver 30D,22,9,Prepaid,0,9.0,5G
CUST-16561,49,Male,Dhaka,Xiaomi Redmi Note 12,Student Special 4G,55,10,Prepaid,0,9.0,4G
CUST-16562,40,Male,Chattogram,Realme 11,Prepaid Saver 30D,35,10,Prepaid,0,23.0,4G
CUST-16563,19,Female,Dhaka,Xiaomi Redmi Note 12,Prepaid Saver 30D,1,10,Prepaid,0,9.0,4G
CUST-16564,19,Male,Sylhet,Xiaomi Redmi Note 12,Postpaid Corporate,37,8,Postpaid,0,16.0,4G
CUST-16565,30,Male,Mymensingh,Realme 11,Family Bundle,56,9,Postpaid,0,16.0,4G
CUST-16566,22,Male,Chattogram,Xiaomi Redmi Note 12,Unlimited Data Max,12,10,Prepaid,1,9.0,5G
CUST-16567,22,Female,Dhaka,Realme 11,Prepaid Saver 30D,5,10,Prepaid,0,9.0,4G
CUST-16568,25,Female,Rangpur,iPhone 15 Pro,Unlimited Data Max,45,5,Prepaid,0,22.0,4G
CUST-16569,26,Male,Barishal,Samsung S23 Ultra,Family Bundle,63,10,Postpaid,0,9.0,4G
CUST-16570,57,Female,Mymensingh,Samsung S23 Ultra,Prepaid Saver 30D,6,10,Prepaid,0,9.0,4G
CUST-16571,48,Male,Rajshahi,Samsung S23 Ultra,Unlimited Data Max,47,10,Prepaid,0,9.0,4G
CUST-16572,19,Male,Mymensingh,Samsung S23 Ultra,Postpaid Corporate,56,10,Postpaid,0,9.0,5G
CUST-16573,47,Male,Chattogram,Samsung S23 Ultra,Prepaid Saver 30D,12,5,Prepaid,0,27.0,4G
CUST-16574,24,Male,Rangpur,Samsung S23 Ultra,Unlimited Data Max,19,10,Prepaid,0,9.0,4G
CUST-16575,37,Female,Dhaka,Samsung S23 Ultra,Student Special 4G,37,7,Prepaid,0,15.0,4G
CUST-16576,19,Male,Barishal,Realme 11,Postpaid Corporate,44,10,Postpaid,0,9.0,4G
CUST-16577,22,Male,Chattogram,iPhone 15 Pro,Unlimited Data Max,36,4,Prepaid,0,15.0,4G
CUST-16578,24,Female,Dhaka,Xiaomi Redmi Note 12,Family Bundle,14,9,Postpaid,0,16.0,4G
CUST-16579,38,Male,Barishal,Samsung S23 Ultra,Unlimited Data Max,63,5,Prepaid,0,22.0,3G
CUST-16580,39,Female,Rajshahi,Vivo Y20,Unlimited Data Max,30,10,Prepaid,0,9.0,5G
CUST-16581,34,Female,Rangpur,iPhone 15 Pro,Prepaid Saver 30D,38,8,Prepaid,0,9.0,4G
CUST-16582,47,Female,Barishal,Xiaomi Redmi Note 12,Unlimited Data Max,39,10,Prepaid,0,9.0,4G
CUST-16583,51,Female,Rajshahi,Realme 11,Prepaid Saver 30D,40,10,Prepaid,1,14.0,4G
CUST-16584,52,Male,Sylhet,Vivo Y20,Prepaid Saver 30D,21,8,Prepaid,0,16.0,5G
CUST-16585,45,Male,Barishal,Realme 11,Unlimited Data Max,23,5,Prepaid,0,22.0,5G
CUST-16586,43,Female,Rajshahi,Xiaomi Redmi Note 12,Family Bundle,10,8,Postpaid,0,9.0,4G
CUST-16587,41,Male,Sylhet,iPhone 15 Pro,Prepaid Saver 30D,52,7,Prepaid,0,15.0,5G
CUST-16588,29,Male,Rajshahi,iPhone 15 Pro,Prepaid Saver 30D,23,6,Prepaid,0,15.0,4G
CUST-16589,40,Female,Dhaka,Samsung S23 Ultra,Prepaid Saver 30D,4,7,Prepaid,1,29.0,4G
CUST-16590,18,Female,Rangpur,iPhone 15 Pro,Student Special 4G,4,6,Prepaid,1,29.0,5G
CUST-16591,63,Male,Mymensingh,Realme 11,Unlimited Data Max,69,10,Prepaid,1,16.0,4G
CUST-16592,35,Female,Dhaka,iPhone 15 Pro,Unlimited Data Max,31,10,Prepaid,0,9.0,4G
CUST-16593,53,Female,Chattogram,iPhone 15 Pro,Student Special 4G,44,5,Prepaid,1,15.0,5G
CUST-16594,62,Male,Dhaka,Samsung S23 Ultra,Unlimited Data Max,38,6,Prepaid,0,27.0,4G
CUST-16595,41,Male,Dhaka,iPhone 15 Pro,Student Special 4G,61,4,Prepaid,0,22.0,4G
CUST-16596,58,Female,Dhaka,Samsung S23 Ultra,Prepaid Saver 30D,64,8,Prepaid,0,16.0,4G
CUST-16597,40,Male,Chattogram,Xiaomi Redmi Note 12,Student Special 4G,56,10,Prepaid,1,23.0,4G
CUST-16598,24,Male,Rangpur,iPhone 15 Pro,Unlimited Data Max,70,6,Prepaid,0,34.0,4G
CUST-16599,19,Male,Mymensingh,Vivo Y20,Family Bundle,16,9,Postpaid,0,9.0,4G
CUST-16600,24,Female,Dhaka,Xiaomi Redmi Note 12,Prepaid Saver 30D,32,7,Prepaid,0,22.0,4G
CUST-16601,62,Female,Chattogram,iPhone 15 Pro,Unlimited Data Max,21,4,Prepaid,0,15.0,5G
CUST-16602,40,Male,Chattogram,Xiaomi Redmi Note 12,Student Special 4G,60,6,Prepaid,1,20.0,5G
CUST-16603,33,Male,Chattogram,Vivo Y20,Unlimited Data Max,20,10,Prepaid,0,9.0,4G
CUST-16604,38,Female,Khulna,Samsung S23 Ultra,Prepaid Saver 30D,57,10,Prepaid,0,9.0,4G
CUST-16605,30,Male,Chattogram,iPhone 15 Pro,Prepaid Saver 30D,17,8,Prepaid,0,9.0,4G
CUST-16606,58,Female,Sylhet,Xiaomi Redmi Note 12,Unlimited Data Max,50,9,Prepaid,1,21.0,4G
CUST-16607,64,Male,Dhaka,Samsung S23 Ultra,Unlimited Data Max,2,9,Prepaid,0,9.0,3G
CUST-16608,21,Female,Barishal,Xiaomi Redmi Note 12,Prepaid Saver 30D,56,7,Prepaid,0,22.0,5G
CUST-16609,51,Female,Rangpur,Samsung S23 Ultra,Prepaid Saver 30D,59,10,Prepaid,0,9.0,4G
CUST-16610,33,Female,Dhaka,Vivo Y20,Prepaid Saver 30D,40,8,Prepaid,0,16.0,3G
CUST-16611,20,Male,Dhaka,Realme 11,Postpaid Corporate,39,4,Postpaid,0,22.0,4G
CUST-16612,61,Male,Chattogram,Samsung S23 Ultra,Prepaid Saver 30D,33,7,Prepaid,1,22.0,4G
CUST-16613,20,Female,Mymensingh,Xiaomi Redmi Note 12,Prepaid Saver 30D,42,5,Prepaid,1,15.0,4G
CUST-16614,27,Male,Dhaka,iPhone 15 Pro,Prepaid Saver 30D,41,8,Prepaid,0,9.0,5G
CUST-16615,19,Female,Rangpur,Xiaomi Redmi Note 12,Prepaid Saver 30D,35,8,Prepaid,0,23.0,4G
CUST-16616,40,Female,Mymensingh,Xiaomi Redmi Note 12,Unlimited Data Max,37,8,Prepaid,0,9.0,4G
CUST-16617,46,Male,Rangpur,Vivo Y20,Prepaid Saver 30D,9,5,Prepaid,0,22.0,3G
CUST-16618,33,Male,Khulna,Samsung S23 Ultra,Unlimited Data Max,34,10,Prepaid,0,16.0,4G
CUST-16619,21,Female,Rajshahi,Xiaomi Redmi Note 12,Postpaid Corporate,31,5,Postpaid,0,15.0,3G
CUST-16620,23,Female,Mymensingh,Vivo Y20,Unlimited Data Max,64,6,Prepaid,0,29.0,4G
CUST-16621,61,Female,Dhaka,Samsung S23 Ultra,Unlimited Data Max,21,7,Prepaid,1,29.0,4G
CUST-16622,55,Male,Mymensingh,iPhone 15 Pro,Prepaid Saver 30D,69,8,Prepaid,0,9.0,4G
CUST-16623,62,Male,Mymensingh,Realme 11,Prepaid Saver 30D,64,8,Prepaid,0,16.0,5G
CUST-16624,42,Male,Barishal,Samsung S23 Ultra,Postpaid Corporate,56,10,Postpaid,0,21.0,5G
CUST-16625,43,Male,Mymensingh,iPhone 15 Pro,Postpaid Corporate,50,10,Postpaid,0,9.0,4G
CUST-16626,54,Male,Dhaka,Vivo Y20,Family Bundle,23,4,Postpaid,0,22.0,4G
CUST-16627,46,Male,Khulna,Xiaomi Redmi Note 12,Prepaid Saver 30D,12,9,Prepaid,1,9.0,4G
CUST-16628,38,Female,Chattogram,Samsung S23 Ultra,Unlimited Data Max,57,9,Prepaid,0,9.0,5G
CUST-16629,31,Male,Barishal,Vivo Y20,Student Special 4G,50,10,Prepaid,0,16.0,4G
CUST-16630,40,Female,Barishal,Xiaomi Redmi Note 12,Postpaid Corporate,60,7,Postpaid,0,20.0,5G
CUST-16631,21,Female,Chattogram,Xiaomi Redmi Note 12,Unlimited Data Max,39,8,Prepaid,0,9.0,3G
CUST-16632,27,Male,Barishal,Vivo Y20,Unlimited Data Max,64,10,Prepaid,0,16.0,3G
CUST-16633,52,Female,Chattogram,iPhone 15 Pro,Prepaid Saver 30D,6,8,Prepaid,0,9.0,4G
CUST-16634,58,Male,Khulna,iPhone 15 Pro,Prepaid Saver 30D,8,10,Prepaid,0,16.0,4G
CUST-16635,22,Female,Dhaka,Xiaomi Redmi Note 12,Prepaid Saver 30D,5,7,Prepaid,0,29.0,4G
CUST-16636,22,Female,Sylhet,iPhone 15 Pro,Unlimited Data Max,23,10,Prepaid,0,9.0,3G
CUST-16637,22,Male,Rajshahi,Samsung S23 Ultra,Family Bundle,11,4,Postpaid,0,15.0,4G
CUST-16638,55,Female,Chattogram,Samsung S23 Ultra,Prepaid Saver 30D,3,10,Prepaid,0,9.0,4G
CUST-16639,32,Male,Dhaka,iPhone 15 Pro,Student Special 4G,58,5,Prepaid,0,22.0,5G
CUST-16640,33,Female,Dhaka,Samsung S23 Ultra,Unlimited Data Max,12,9,Prepaid,0,9.0,4G
CUST-16641,18,Male,Dhaka,Xiaomi Redmi Note 12,Postpaid Corporate,59,4,Postpaid,1,15.0,4G
CUST-16642,63,Male,Dhaka,Vivo Y20,Student Special 4G,46,4,Prepaid,0,20.0,4G
CUST-16643,38,Female,Mymensingh,iPhone 15 Pro,Unlimited Data Max,44,10,Prepaid,0,9.0,4G
CUST-16644,55,Female,Mymensingh,Samsung S23 Ultra,Prepaid Saver 30D,9,10,Prepaid,0,14.0,5G
CUST-16645,51,Male,Dhaka,Samsung S23 Ultra,Unlimited Data Max,2,7,Prepaid,0,15.0,4G
CUST-16646,24,Female,Mymensingh,Samsung S23 Ultra,Prepaid Saver 30D,10,4,Prepaid,0,15.0,5G
CUST-16647,55,Female,Dhaka,Xiaomi Redmi Note 12,Student Special 4G,23,4,Prepaid,0,22.0,4G
CUST-16648,43,Male,Rangpur,Xiaomi Redmi Note 12,Postpaid Corporate,68,10,Postpaid,0,9.0,3G
CUST-16649,46,Female,Sylhet,Xiaomi Redmi Note 12,Student Special 4G,29,10,Prepaid,0,16.0,3G
CUST-16650,27,Female,Dhaka,Realme 11,Unlimited Data Max,17,7,Prepaid,0,27.0,4G
CUST-16651,57,Male,Rajshahi,iPhone 15 Pro,Student Special 4G,21,6,Prepaid,0,15.0,4G
CUST-16652,61,Female,Rajshahi,Realme 11,Postpaid Corporate,24,10,Postpaid,0,21.0,5G
CUST-16653,37,Female,Dhaka,Vivo Y20,Unlimited Data Max,42,10,Prepaid,0,14.0,4G
CUST-16654,22,Male,Chattogram,Samsung S23 Ultra,Student Special 4G,58,10,Prepaid,0,9.0,4G
CUST-16655,57,Female,Rajshahi,Samsung S23 Ultra,Unlimited Data Max,5,10,Prepaid,0,9.0,4G
CUST-16656,59,Female,Dhaka,iPhone 15 Pro,Unlimited Data Max,56,10,Prepaid,0,9.0,3G
CUST-16657,41,Female,Chattogram,Samsung S23 Ultra,Student Special 4G,2,7,Prepaid,1,22.0,4G
CUST-16658,45,Female,Khulna,Vivo Y20,Unlimited Data Max,23,10,Prepaid,0,16.0,4G
CUST-16659,28,Male,Dhaka,Vivo Y20,Unlimited Data Max,42,6,Prepaid,1,20.0,4G
CUST-16660,21,Male,Chattogram,Xiaomi Redmi Note 12,Unlimited Data Max,8,6,Prepaid,0,22.0,5G
CUST-16661,62,Male,Sylhet,Samsung S23 Ultra,Student Special 4G,19,10,Prepaid,0,16.0,4G
CUST-16662,40,Male,Chattogram,Vivo Y20,Unlimited Data Max,46,7,Prepaid,1,20.0,4G
CUST-16663,30,Female,Dhaka,Vivo Y20,Prepaid Saver 30D,49,10,Prepaid,0,14.0,4G
CUST-16664,50,Female,Mymensingh,Xiaomi Redmi Note 12,Unlimited Data Max,6,7,Prepaid,1,15.0,4G
CUST-16665,19,Male,Chattogram,Realme 11,Prepaid Saver 30D,56,10,Prepaid,0,9.0,4G
CUST-16666,21,Female,Rajshahi,Realme 11,Prepaid Saver 30D,29,6,Prepaid,1,22.0,4G
CUST-16667,29,Female,Mymensingh,Xiaomi Redmi Note 12,Student Special 4G,44,4,Prepaid,1,15.0,4G
CUST-16668,39,Male,Dhaka,iPhone 15 Pro,Student Special 4G,16,8,Prepaid,0,14.0,4G
CUST-16669,35,Male,Dhaka,iPhone 15 Pro,Student Special 4G,71,9,Prepaid,0,9.0,4G
CUST-16670,26,Male,Sylhet,iPhone 15 Pro,Postpaid Corporate,55,7,Postpaid,0,15.0,5G
CUST-16671,34,Female,Rangpur,iPhone 15 Pro,Prepaid Saver 30D,46,6,Prepaid,0,27.0,4G
CUST-16672,33,Male,Chattogram,Realme 11,Unlimited Data Max,14,10,Prepaid,1,9.0,4G
CUST-16673,42,Female,Dhaka,Vivo Y20,Prepaid Saver 30D,55,7,Prepaid,0,15.0,4G
CUST-16674,44,Male,Dhaka,Samsung S23 Ultra,Prepaid Saver 30D,27,10,Prepaid,0,23.0,5G
CUST-16675,59,Male,Rangpur,Samsung S23 Ultra,Postpaid Corporate,46,4,Postpaid,0,20.0,5G
CUST-16676,55,Male,Rajshahi,Xiaomi Redmi Note 12,Unlimited Data Max,47,10,Prepaid,0,23.0,4G
CUST-16677,31,Male,Dhaka,Realme 11,Postpaid Corporate,58,10,Postpaid,0,21.0,4G
CUST-16678,60,Male,Rangpur,Xiaomi Redmi Note 12,Prepaid Saver 30D,60,5,Prepaid,0,22.0,5G
CUST-16679,42,Female,Dhaka,Vivo Y20,Prepaid Saver 30D,28,9,Prepaid,0,9.0,4G
CUST-16680,26,Male,Dhaka,Realme 11,Family Bundle,6,10,Postpaid,0,14.0,4G
CUST-16681,33,Male,Khulna,Realme 11,Unlimited Data Max,31,10,Prepaid,0,9.0,3G
CUST-16682,52,Male,Dhaka,Xiaomi Redmi Note 12,Unlimited Data Max,29,8,Prepaid,0,9.0,5G
CUST-16683,56,Female,Khulna,Samsung S23 Ultra,Unlimited Data Max,24,5,Prepaid,0,15.0,4G
CUST-16684,35,Male,Dhaka,Samsung S23 Ultra,Prepaid Saver 30D,35,4,Prepaid,1,29.0,4G
CUST-16685,25,Female,Rajshahi,Realme 11,Prepaid Saver 30D,41,10,Prepaid,0,9.0,4G
CUST-16686,27,Female,Sylhet,iPhone 15 Pro,Family Bundle,45,5,Postpaid,0,15.0,4G
CUST-16687,22,Male,Dhaka,Realme 11,Student Special 4G,27,7,Prepaid,0,15.0,3G
CUST-16688,50,Female,Dhaka,iPhone 15 Pro,Postpaid Corporate,44,10,Postpaid,0,9.0,5G
CUST-16689,41,Female,Rajshahi,Samsung S23 Ultra,Postpaid Corporate,71,10,Postpaid,0,16.0,5G
CUST-16690,39,Male,Chattogram,Realme 11,Prepaid Saver 30D,47,8,Prepaid,0,16.0,4G
CUST-16691,49,Female,Rajshahi,Vivo Y20,Family Bundle,43,10,Postpaid,0,9.0,4G
CUST-16692,56,Male,Khulna,Xiaomi Redmi Note 12,Prepaid Saver 30D,21,9,Prepaid,0,9.0,5G
CUST-16693,55,Female,Chattogram,Samsung S23 Ultra,Unlimited Data Max,24,5,Prepaid,0,15.0,4G
CUST-16694,24,Female,Rangpur,Xiaomi Redmi Note 12,Family Bundle,4,8,Postpaid,0,21.0,4G
CUST-16695,45,Male,Dhaka,Vivo Y20,Prepaid Saver 30D,37,10,Prepaid,0,28.0,4G
CUST-16696,59,Male,Chattogram,iPhone 15 Pro,Unlimited Data Max,6,10,Prepaid,0,16.0,4G
CUST-16697,54,Male,Chattogram,Samsung S23 Ultra,Postpaid Corporate,56,9,Postpaid,0,9.0,4G
CUST-16698,33,Male,Rajshahi,Realme 11,Unlimited Data Max,68,10,Prepaid,0,9.0,4G
CUST-16699,36,Male,Sylhet,iPhone 15 Pro,Unlimited Data Max,58,5,Prepaid,1,34.0,4G
CUST-16700,59,Female,Dhaka,Samsung S23 Ultra,Prepaid Saver 30D,12,9,Prepaid,0,16.0,5G
CUST-16701,19,Female,Chattogram,Realme 11,Prepaid Saver 30D,46,5,Prepaid,0,22.0,4G
CUST-16702,42,Male,Chattogram,iPhone 15 Pro,Prepaid Saver 30D,31,4,Prepaid,0,15.0,4G
CUST-16703,23,Female,Mymensingh,Samsung S23 Ultra,Unlimited Data Max,1,10,Prepaid,0,30.0,4G
CUST-16704,60,Female,Dhaka,Samsung S23 Ultra,Prepaid Saver 30D,51,10,Prepaid,0,16.0,4G
CUST-16705,19,Female,Dhaka,Samsung S23 Ultra,Unlimited Data Max,62,10,Prepaid,0,16.0,4G
CUST-16706,19,Female,Dhaka,Samsung S23 Ultra,Prepaid Saver 30D,33,8,Prepaid,0,23.0,5G
CUST-16707,33,Male,Dhaka,Samsung S23 Ultra,Prepaid Saver 30D,65,9,Prepaid,0,9.0,4G
CUST-16708,27,Female,Mymensingh,iPhone 15 Pro,Unlimited Data Max,4,4,Prepaid,1,29.0,4G
CUST-16709,41,Female,Khulna,Vivo Y20,Unlimited Data Max,62,5,Prepaid,0,36.0,4G
CUST-16710,32,Female,Chattogram,iPhone 15 Pro,Prepaid Saver 30D,49,4,Prepaid,0,15.0,4G
CUST-16711,34,Female,Dhaka,Samsung S23 Ultra,Prepaid Saver 30D,48,7,Prepaid,1,15.0,5G
CUST-16712,44,Male,Dhaka,Vivo Y20,Student Special 4G,36,8,Prepaid,0,16.0,4G
CUST-16713,44,Female,Khulna,Realme 11,Unlimited Data Max,2,6,Prepaid,0,15.0,4G
CUST-16714,61,Female,Chattogram,Vivo Y20,Unlimited Data Max,33,10,Prepaid,0,16.0,5G
CUST-16715,40,Male,Chattogram,Xiaomi Redmi Note 12,Unlimited Data Max,68,10,Prepaid,0,23.0,4G
CUST-16716,44,Male,Khulna,Xiaomi Redmi Note 12,Postpaid Corporate,33,8,Postpaid,0,14.0,5G
CUST-16717,49,Female,Dhaka,Xiaomi Redmi Note 12,Prepaid Saver 30D,5,8,Prepaid,0,9.0,4G
CUST-16718,26,Male,Khulna,Samsung S23 Ultra,Postpaid Corporate,36,9,Postpaid,0,16.0,4G
CUST-16719,49,Male,Dhaka,iPhone 15 Pro,Postpaid Corporate,11,7,Postpaid,0,29.0,4G
CUST-16720,58,Female,Chattogram,Xiaomi Redmi Note 12,Unlimited Data Max,30,10,Prepaid,0,9.0,4G
CUST-16721,32,Male,Mymensingh,iPhone 15 Pro,Prepaid Saver 30D,45,10,Prepaid,0,9.0,5G
CUST-16722,26,Female,Dhaka,Vivo Y20,Family Bundle,5,5,Postpaid,0,29.0,5G
CUST-16723,34,Female,Chattogram,Vivo Y20,Prepaid Saver 30D,33,10,Prepaid,0,16.0,4G
CUST-16724,30,Male,Rajshahi,Xiaomi Redmi Note 12,Prepaid Saver 30D,36,8,Prepaid,0,9.0,5G
CUST-16725,45,Male,Dhaka,Realme 11,Prepaid Saver 30D,54,5,Prepaid,0,22.0,4G
CUST-16726,58,Male,Rangpur,iPhone 15 Pro,Prepaid Saver 30D,5,10,Prepaid,1,23.0,5G
CUST-16727,46,Male,Chattogram,Vivo Y20,Student Special 4G,45,8,Prepaid,0,30.0,5G
CUST-16728,23,Male,Rangpur,Realme 11,Unlimited Data Max,45,5,Prepaid,0,15.0,4G
CUST-16729,32,Female,Rajshahi,Realme 11,Unlimited Data Max,1,9,Prepaid,1,14.0,4G
CUST-16730,50,Female,Chattogram,Xiaomi Redmi Note 12,Prepaid Saver 30D,9,8,Prepaid,0,9.0,5G
CUST-16731,33,Female,Khulna,Vivo Y20,Family Bundle,46,6,Postpaid,0,15.0,4G
CUST-16732,45,Female,Mymensingh,Xiaomi Redmi Note 12,Unlimited Data Max,62,10,Prepaid,0,21.0,4G
CUST-16733,50,Male,Dhaka,Vivo Y20,Postpaid Corporate,61,8,Postpaid,0,14.0,4G
CUST-16734,33,Male,Dhaka,Realme 11,Unlimited Data Max,55,9,Prepaid,0,9.0,4G
CUST-16735,48,Female,Sylhet,Xiaomi Redmi Note 12,Postpaid Corporate,61,4,Postpaid,0,15.0,4G
CUST-16736,36,Female,Mymensingh,iPhone 15 Pro,Prepaid Saver 30D,44,7,Prepaid,0,29.0,3G
CUST-16737,24,Male,Sylhet,Vivo Y20,Prepaid Saver 30D,12,4,Prepaid,0,29.0,5G
CUST-16738,35,Male,Rangpur,Samsung S23 Ultra,Family Bundle,38,6,Postpaid,0,15.0,5G
CUST-16739,38,Male,Rajshahi,Samsung S23 Ultra,Postpaid Corporate,25,10,Postpaid,0,9.0,4G
CUST-16740,18,Male,Rajshahi,Samsung S23 Ultra,Unlimited Data Max,19,10,Prepaid,0,9.0,4G
CUST-16741,59,Male,Mymensingh,Samsung S23 Ultra,Family Bundle,9,7,Postpaid,0,29.0,5G
CUST-16742,42,Male,Rangpur,iPhone 15 Pro,Prepaid Saver 30D,2,10,Prepaid,1,23.0,3G
CUST-16743,19,Female,Khulna,Xiaomi Redmi Note 12,Postpaid Corporate,54,10,Postpaid,0,16.0,4G
CUST-16744,58,Male,Chattogram,iPhone 15 Pro,Postpaid Corporate,13,10,Postpaid,0,16.0,5G
CUST-16745,58,Male,Khulna,Xiaomi Redmi Note 12,Student Special 4G,45,4,Prepaid,0,15.0,5G
CUST-16746,18,Female,Chattogram,Xiaomi Redmi Note 12,Prepaid Saver 30D,22,6,Prepaid,0,15.0,4G
CUST-16747,25,Male,Sylhet,Xiaomi Redmi Note 12,Postpaid Corporate,35,10,Postpaid,0,28.0,4G
CUST-16748,35,Male,Mymensingh,Samsung S23 Ultra,Postpaid Corporate,29,6,Postpaid,0,15.0,4G
CUST-16749,41,Female,Khulna,Xiaomi Redmi Note 12,Prepaid Saver 30D,22,10,Prepaid,0,9.0,4G
CUST-16750,52,Female,Chattogram,iPhone 15 Pro,Family Bundle,35,10,Postpaid,0,9.0,4G
CUST-16751,37,Female,Dhaka,Xiaomi Redmi Note 12,Prepaid Saver 30D,56,10,Prepaid,0,23.0,4G
CUST-16752,46,Male,Dhaka,Samsung S23 Ultra,Unlimited Data Max,36,8,Prepaid,0,9.0,5G
CUST-16753,18,Female,Mymensingh,Vivo Y20,Postpaid Corporate,57,6,Postpaid,1,22.0,5G
CUST-16754,48,Male,Khulna,Realme 11,Unlimited Data Max,65,7,Prepaid,0,22.0,4G
CUST-16755,61,Female,Dhaka,iPhone 15 Pro,Student Special 4G,35,9,Prepaid,0,16.0,5G
CUST-16756,42,Male,Dhaka,iPhone 15 Pro,Prepaid Saver 30D,57,10,Prepaid,0,9.0,3G
CUST-16757,39,Male,Dhaka,iPhone 15 Pro,Prepaid Saver 30D,9,10,Prepaid,1,9.0,4G
CUST-16758,31,Male,Dhaka,Vivo Y20,Postpaid Corporate,41,10,Postpaid,0,30.0,4G
CUST-16759,62,Male,Rangpur,Realme 11,Student Special 4G,34,6,Prepaid,1,20.0,4G
CUST-16760,19,Female,Rangpur,Xiaomi Redmi Note 12,Postpaid Corporate,1,5,Postpaid,0,15.0,4G
CUST-16761,31,Male,Rajshahi,Realme 11,Unlimited Data Max,64,5,Prepaid,1,15.0,4G
CUST-16762,24,Male,Dhaka,Samsung S23 Ultra,Prepaid Saver 30D,53,6,Prepaid,0,15.0,5G
CUST-16763,58,Female,Barishal,Vivo Y20,Student Special 4G,42,7,Prepaid,1,15.0,4G
CUST-16764,40,Male,Sylhet,Xiaomi Redmi Note 12,Family Bundle,50,4,Postpaid,0,29.0,3G
CUST-16765,61,Male,Sylhet,iPhone 15 Pro,Postpaid Corporate,54,10,Postpaid,0,9.0,5G
CUST-16766,49,Female,Chattogram,Realme 11,Prepaid Saver 30D,56,7,Prepaid,1,15.0,4G
CUST-16767,44,Male,Mymensingh,Samsung S23 Ultra,Prepaid Saver 30D,21,5,Prepaid,1,15.0,4G
CUST-16768,42,Female,Dhaka,Xiaomi Redmi Note 12,Prepaid Saver 30D,30,9,Prepaid,0,9.0,3G
CUST-16769,27,Male,Chattogram,Vivo Y20,Prepaid Saver 30D,25,5,Prepaid,0,15.0,4G
CUST-16770,44,Male,Sylhet,Realme 11,Unlimited Data Max,65,10,Prepaid,0,9.0,5G
CUST-16771,50,Male,Sylhet,Samsung S23 Ultra,Unlimited Data Max,9,10,Prepaid,0,9.0,4G
CUST-16772,63,Male,Sylhet,Xiaomi Redmi Note 12,Postpaid Corporate,65,10,Postpaid,0,23.0,4G
CUST-16773,43,Female,Chattogram,Realme 11,Prepaid Saver 30D,25,7,Prepaid,0,20.0,3G
CUST-16774,62,Male,Dhaka,Xiaomi Redmi Note 12,Unlimited Data Max,56,10,Prepaid,0,9.0,3G
CUST-16775,62,Female,Rangpur,iPhone 15 Pro,Student Special 4G,13,5,Prepaid,0,22.0,4G
CUST-16776,42,Female,Mymensingh,Realme 11,Unlimited Data Max,60,4,Prepaid,0,27.0,5G
CUST-16777,38,Male,Dhaka,Xiaomi Redmi Note 12,Postpaid Corporate,39,9,Postpaid,0,9.0,5G
CUST-16778,24,Female,Dhaka,Vivo Y20,Student Special 4G,70,10,Prepaid,0,16.0,3G
CUST-16779,30,Female,Barishal,Vivo Y20,Student Special 4G,28,4,Prepaid,0,22.0,4G
CUST-16780,59,Male,Khulna,Vivo Y20,Student Special 4G,71,10,Prepaid,0,9.0,4G
CUST-16781,24,Female,Rangpur,Xiaomi Redmi Note 12,Student Special 4G,60,8,Prepaid,1,14.0,4G
CUST-16782,36,Male,Barishal,Realme 11,Prepaid Saver 30D,1,10,Prepaid,0,16.0,4G
CUST-16783,50,Male,Chattogram,Samsung S23 Ultra,Postpaid Corporate,28,4,Postpaid,1,36.0,5G
CUST-16784,29,Male,Dhaka,Realme 11,Student Special 4G,29,10,Prepaid,0,9.0,5G
CUST-16785,63,Male,Khulna,Realme 11,Prepaid Saver 30D,16,9,Prepaid,0,21.0,5G
CUST-16786,48,Male,Dhaka,Realme 11,Postpaid Corporate,63,8,Postpaid,0,9.0,5G
CUST-16787,19,Female,Barishal,Samsung S23 Ultra,Unlimited Data Max,6,10,Prepaid,0,9.0,4G
CUST-16788,29,Male,Rajshahi,Xiaomi Redmi Note 12,Prepaid Saver 30D,19,10,Prepaid,0,9.0,4G
CUST-16789,52,Male,Chattogram,iPhone 15 Pro,Unlimited Data Max,18,4,Prepaid,0,15.0,4G
CUST-16790,58,Male,Mymensingh,Vivo Y20,Postpaid Corporate,30,4,Postpaid,0,15.0,5G
CUST-16791,61,Female,Khulna,Xiaomi Redmi Note 12,Prepaid Saver 30D,50,9,Prepaid,1,14.0,3G
CUST-16792,58,Female,Dhaka,Realme 11,Unlimited Data Max,1,10,Prepaid,0,9.0,4G
CUST-16793,21,Female,Khulna,Xiaomi Redmi Note 12,Prepaid Saver 30D,45,10,Prepaid,0,9.0,5G
CUST-16794,52,Female,Mymensingh,Samsung S23 Ultra,Postpaid Corporate,29,4,Postpaid,0,22.0,4G
CUST-16795,23,Female,Khulna,Realme 11,Family Bundle,45,7,Postpaid,0,22.0,5G
CUST-16796,21,Female,Khulna,Realme 11,Unlimited Data Max,5,10,Prepaid,0,9.0,4G
CUST-16797,50,Female,Dhaka,iPhone 15 Pro,Unlimited Data Max,61,10,Prepaid,0,9.0,4G
CUST-16798,40,Female,Dhaka,Realme 11,Postpaid Corporate,41,6,Postpaid,0,34.0,5G
CUST-16799,48,Female,Dhaka,iPhone 15 Pro,Prepaid Saver 30D,18,10,Prepaid,0,9.0,4G
CUST-16800,58,Male,Dhaka,Realme 11,Prepaid Saver 30D,57,10,Prepaid,0,9.0,5G
CUST-16801,21,Female,Dhaka,iPhone 15 Pro,Postpaid Corporate,34,6,Postpaid,0,29.0,4G
CUST-16802,42,Female,Chattogram,Realme 11,Student Special 4G,28,10,Prepaid,1,9.0,3G
CUST-16803,57,Male,Rajshahi,Vivo Y20,Prepaid Saver 30D,12,9,Prepaid,0,9.0,4G
CUST-16804,38,Female,Chattogram,Xiaomi Redmi Note 12,Prepaid Saver 30D,35,10,Prepaid,0,9.0,3G
CUST-16805,42,Female,Rangpur,Samsung S23 Ultra,Unlimited Data Max,16,10,Prepaid,0,16.0,4G
CUST-16806,41,Female,Khulna,Realme 11,Family Bundle,53,6,Postpaid,0,22.0,3G
CUST-16807,60,Female,Barishal,Vivo Y20,Student Special 4G,27,10,Prepaid,0,23.0,5G
CUST-16808,20,Female,Mymensingh,Realme 11,Prepaid Saver 30D,9,8,Prepaid,0,9.0,4G
CUST-16809,59,Female,Dhaka,iPhone 15 Pro,Family Bundle,51,10,Postpaid,0,9.0,4G
CUST-16810,56,Female,Sylhet,Xiaomi Redmi Note 12,Unlimited Data Max,60,5,Prepaid,0,15.0,4G
CUST-16811,56,Female,Sylhet,iPhone 15 Pro,Postpaid Corporate,60,6,Postpaid,0,36.0,5G
CUST-16812,37,Male,Rangpur,Realme 11,Student Special 4G,35,6,Prepaid,0,15.0,4G
CUST-16813,42,Male,Khulna,Realme 11,Student Special 4G,22,10,Prepaid,0,9.0,3G
CUST-16814,35,Male,Rangpur,Realme 11,Postpaid Corporate,16,7,Postpaid,1,22.0,4G
CUST-16815,29,Female,Mymensingh,iPhone 15 Pro,Unlimited Data Max,29,6,Prepaid,1,15.0,4G
CUST-16816,59,Female,Rangpur,Samsung S23 Ultra,Unlimited Data Max,8,10,Prepaid,0,21.0,4G
CUST-16817,41,Female,Chattogram,Realme 11,Unlimited Data Max,64,10,Prepaid,0,9.0,5G
CUST-16818,51,Female,Rangpur,iPhone 15 Pro,Student Special 4G,18,10,Prepaid,0,9.0,5G
CUST-16819,22,Female,Mymensingh,Vivo Y20,Prepaid Saver 30D,56,10,Prepaid,0,9.0,5G
CUST-16820,55,Female,Dhaka,Samsung S23 Ultra,Prepaid Saver 30D,28,10,Prepaid,0,9.0,4G
CUST-16821,48,Female,Sylhet,Vivo Y20,Unlimited Data Max,50,7,Prepaid,0,15.0,4G
CUST-16822,64,Male,Mymensingh,Realme 11,Prepaid Saver 30D,65,10,Prepaid,1,14.0,4G
CUST-16823,24,Female,Rangpur,Xiaomi Redmi Note 12,Prepaid Saver 30D,29,9,Prepaid,0,16.0,5G
CUST-16824,43,Male,Barishal,Vivo Y20,Prepaid Saver 30D,69,10,Prepaid,0,16.0,4G
CUST-16825,42,Female,Khulna,Realme 11,Prepaid Saver 30D,25,10,Prepaid,0,21.0,4G
CUST-16826,43,Female,Rajshahi,Samsung S23 Ultra,Unlimited Data Max,19,4,Prepaid,0,15.0,4G
CUST-16827,20,Male,Barishal,iPhone 15 Pro,Unlimited Data Max,52,10,Prepaid,1,9.0,4G
CUST-16828,40,Male,Rajshahi,Vivo Y20,Family Bundle,10,9,Postpaid,0,9.0,4G
CUST-16829,32,Male,Mymensingh,Realme 11,Postpaid Corporate,7,8,Postpaid,0,9.0,4G
CUST-16830,47,Male,Dhaka,Samsung S23 Ultra,Postpaid Corporate,27,7,Postpaid,0,15.0,4G
CUST-16831,28,Female,Mymensingh,Samsung S23 Ultra,Family Bundle,39,10,Postpaid,0,16.0,5G
CUST-16832,38,Female,Chattogram,Vivo Y20,Prepaid Saver 30D,34,10,Prepaid,0,23.0,4G
CUST-16833,47,Female,Rangpur,Samsung S23 Ultra,Postpaid Corporate,5,5,Postpaid,0,20.0,4G
CUST-16834,21,Female,Rangpur,Vivo Y20,Prepaid Saver 30D,39,6,Prepaid,0,15.0,4G
CUST-16835,54,Female,Dhaka,Xiaomi Redmi Note 12,Unlimited Data Max,45,4,Prepaid,1,22.0,4G
CUST-16836,51,Male,Dhaka,Vivo Y20,Prepaid Saver 30D,21,5,Prepaid,0,15.0,4G
CUST-16837,20,Male,Dhaka,iPhone 15 Pro,Student Special 4G,41,4,Prepaid,0,20.0,4G
CUST-16838,21,Male,Dhaka,iPhone 15 Pro,Prepaid Saver 30D,26,6,Prepaid,0,22.0,4G
CUST-16839,57,Male,Rangpur,Realme 11,Unlimited Data Max,5,8,Prepaid,0,9.0,5G
CUST-16840,31,Male,Dhaka,Samsung S23 Ultra,Student Special 4G,53,10,Prepaid,0,9.0,3G
CUST-16841,58,Male,Dhaka,Samsung S23 Ultra,Unlimited Data Max,30,9,Prepaid,0,9.0,4G
CUST-16842,41,Male,Dhaka,Realme 11,Postpaid Corporate,70,6,Postpaid,0,22.0,4G
CUST-16843,34,Female,Mymensingh,Samsung S23 Ultra,Postpaid Corporate,14,4,Postpaid,0,22.0,4G
CUST-16844,30,Female,Rajshahi,Vivo Y20,Prepaid Saver 30D,1,10,Prepaid,0,21.0,4G
CUST-16845,48,Female,Chattogram,Realme 11,Unlimited Data Max,57,5,Prepaid,1,20.0,4G
CUST-16846,23,Female,Dhaka,Realme 11,Prepaid Saver 30D,62,10,Prepaid,0,16.0,5G
CUST-16847,36,Female,Chattogram,Xiaomi Redmi Note 12,Student Special 4G,65,6,Prepaid,0,27.0,3G
CUST-16848,34,Male,Chattogram,Realme 11,Student Special 4G,71,10,Prepaid,0,9.0,4G
CUST-16849,25,Male,Dhaka,Vivo Y20,Student Special 4G,23,10,Prepaid,1,16.0,4G
CUST-16850,34,Male,Rajshahi,Samsung S23 Ultra,Unlimited Data Max,49,10,Prepaid,0,9.0,4G
CUST-16851,42,Female,Khulna,iPhone 15 Pro,Unlimited Data Max,3,4,Prepaid,0,15.0,4G
CUST-16852,49,Female,Barishal,Realme 11,Postpaid Corporate,30,9,Postpaid,0,9.0,4G
CUST-16853,22,Female,Khulna,Samsung S23 Ultra,Postpaid Corporate,64,8,Postpaid,0,16.0,4G
CUST-16854,59,Female,Rajshahi,iPhone 15 Pro,Unlimited Data Max,46,10,Prepaid,0,23.0,5G
CUST-16855,59,Male,Dhaka,Samsung S23 Ultra,Unlimited Data Max,60,10,Prepaid,0,16.0,4G
CUST-16856,50,Female,Chattogram,Samsung S23 Ultra,Unlimited Data Max,68,5,Prepaid,0,20.0,5G
CUST-16857,61,Female,Rajshahi,Xiaomi Redmi Note 12,Prepaid Saver 30D,57,10,Prepaid,0,9.0,5G
CUST-16858,38,Female,Barishal,Realme 11,Postpaid Corporate,49,7,Postpaid,0,15.0,5G
CUST-16859,56,Female,Rajshahi,Samsung S23 Ultra,Family Bundle,26,10,Postpaid,0,14.0,4G
CUST-16860,52,Male,Rajshahi,Vivo Y20,Unlimited Data Max,38,5,Prepaid,0,15.0,4G
CUST-16861,44,Male,Rangpur,Realme 11,Prepaid Saver 30D,6,6,Prepaid,0,22.0,3G
CUST-16862,26,Male,Chattogram,Realme 11,Prepaid Saver 30D,41,4,Prepaid,1,15.0,5G
CUST-16863,44,Male,Chattogram,Samsung S23 Ultra,Prepaid Saver 30D,70,5,Prepaid,0,22.0,3G
CUST-16864,60,Male,Rangpur,Xiaomi Redmi Note 12,Unlimited Data Max,11,10,Prepaid,1,9.0,4G
CUST-16865,64,Female,Dhaka,Vivo Y20,Prepaid Saver 30D,36,5,Prepaid,0,15.0,3G
CUST-16866,39,Male,Dhaka,iPhone 15 Pro,Prepaid Saver 30D,64,10,Prepaid,0,9.0,4G
CUST-16867,29,Female,Khulna,Xiaomi Redmi Note 12,Postpaid Corporate,26,10,Postpaid,0,9.0,4G
CUST-16868,53,Female,Barishal,Xiaomi Redmi Note 12,Postpaid Corporate,42,4,Postpaid,0,22.0,4G
CUST-16869,21,Female,Mymensingh,Realme 11,Postpaid Corporate,56,6,Postpaid,0,15.0,4G
CUST-16870,25,Female,Sylhet,Vivo Y20,Prepaid Saver 30D,56,8,Prepaid,0,16.0,5G
CUST-16871,44,Female,Mymensingh,Samsung S23 Ultra,Prepaid Saver 30D,48,7,Prepaid,0,15.0,4G
CUST-16872,64,Male,Dhaka,Samsung S23 Ultra,Unlimited Data Max,5,10,Prepaid,0,9.0,3G
CUST-16873,33,Male,Sylhet,Samsung S23 Ultra,Unlimited Data Max,3,5,Prepaid,0,15.0,4G
CUST-16874,38,Male,Mymensingh,iPhone 15 Pro,Unlimited Data Max,54,10,Prepaid,0,16.0,3G
CUST-16875,33,Female,Barishal,iPhone 15 Pro,Unlimited Data Max,69,8,Prepaid,0,16.0,4G
CUST-16876,38,Male,Mymensingh,Vivo Y20,Family Bundle,20,7,Postpaid,0,22.0,4G
CUST-16877,18,Female,Barishal,Xiaomi Redmi Note 12,Family Bundle,40,7,Postpaid,1,22.0,5G
CUST-16878,45,Male,Dhaka,Realme 11,Student Special 4G,6,10,Prepaid,0,30.0,4G
CUST-16879,46,Male,Khulna,Xiaomi Redmi Note 12,Postpaid Corporate,14,7,Postpaid,1,20.0,5G
CUST-16880,32,Female,Chattogram,Vivo Y20,Postpaid Corporate,35,10,Postpaid,0,16.0,3G
CUST-16881,30,Female,Barishal,iPhone 15 Pro,Postpaid Corporate,2,4,Postpaid,0,15.0,5G
CUST-16882,53,Female,Khulna,Realme 11,Postpaid Corporate,42,6,Postpaid,0,15.0,5G
CUST-16883,26,Male,Dhaka,iPhone 15 Pro,Unlimited Data Max,40,8,Prepaid,0,21.0,3G
CUST-16884,20,Male,Khulna,iPhone 15 Pro,Family Bundle,7,6,Postpaid,1,22.0,4G
CUST-16885,19,Male,Dhaka,Vivo Y20,Student Special 4G,43,5,Prepaid,0,22.0,3G
CUST-16886,59,Male,Mymensingh,Samsung S23 Ultra,Unlimited Data Max,33,6,Prepaid,0,20.0,4G
CUST-16887,35,Male,Rangpur,iPhone 15 Pro,Prepaid Saver 30D,8,9,Prepaid,0,16.0,4G
CUST-16888,22,Female,Chattogram,iPhone 15 Pro,Student Special 4G,16,10,Prepaid,1,23.0,4G
CUST-16889,59,Female,Rajshahi,Samsung S23 Ultra,Family Bundle,39,10,Postpaid,0,9.0,4G
CUST-16890,24,Female,Chattogram,Realme 11,Prepaid Saver 30D,58,10,Prepaid,0,16.0,5G
CUST-16891,33,Male,Dhaka,iPhone 15 Pro,Prepaid Saver 30D,31,9,Prepaid,0,16.0,4G
CUST-16892,18,Male,Dhaka,Xiaomi Redmi Note 12,Prepaid Saver 30D,45,4,Prepaid,0,27.0,5G
CUST-16893,49,Male,Chattogram,iPhone 15 Pro,Prepaid Saver 30D,32,5,Prepaid,0,29.0,4G
CUST-16894,50,Female,Chattogram,Vivo Y20,Unlimited Data Max,62,10,Prepaid,0,9.0,3G
CUST-16895,53,Female,Rajshahi,Xiaomi Redmi Note 12,Unlimited Data Max,70,10,Prepaid,0,9.0,4G
CUST-16896,30,Male,Rajshahi,Realme 11,Prepaid Saver 30D,31,10,Prepaid,1,9.0,5G
CUST-16897,33,Male,Sylhet,Realme 11,Prepaid Saver 30D,22,8,Prepaid,0,9.0,5G
CUST-16898,62,Male,Sylhet,Vivo Y20,Student Special 4G,41,10,Prepaid,1,23.0,4G
CUST-16899,56,Female,Dhaka,Realme 11,Prepaid Saver 30D,63,7,Prepaid,1,29.0,4G
CUST-16900,19,Female,Chattogram,Vivo Y20,Prepaid Saver 30D,43,10,Prepaid,0,16.0,4G
CUST-16901,50,Female,Barishal,Realme 11,Prepaid Saver 30D,25,5,Prepaid,0,20.0,4G
CUST-16902,56,Female,Khulna,Samsung S23 Ultra,Student Special 4G,56,8,Prepaid,0,28.0,4G
CUST-16903,44,Male,Rangpur,Samsung S23 Ultra,Prepaid Saver 30D,13,10,Prepaid,0,9.0,5G
CUST-16904,48,Female,Dhaka,Realme 11,Prepaid Saver 30D,20,10,Prepaid,0,9.0,5G
CUST-16905,18,Male,Chattogram,Samsung S23 Ultra,Unlimited Data Max,11,7,Prepaid,0,15.0,4G
CUST-16906,19,Male,Dhaka,Samsung S23 Ultra,Unlimited Data Max,65,10,Prepaid,1,16.0,4G
CUST-16907,19,Female,Rangpur,Realme 11,Family Bundle,67,8,Postpaid,0,9.0,4G
CUST-16908,25,Female,Dhaka,iPhone 15 Pro,Prepaid Saver 30D,69,10,Prepaid,0,9.0,4G
CUST-16909,64,Male,Rajshahi,iPhone 15 Pro,Prepaid Saver 30D,2,4,Prepaid,0,22.0,5G
CUST-16910,47,Female,Dhaka,Samsung S23 Ultra,Unlimited Data Max,64,10,Prepaid,0,9.0,4G
CUST-16911,54,Male,Dhaka,iPhone 15 Pro,Prepaid Saver 30D,16,10,Prepaid,0,9.0,4G
CUST-16912,31,Male,Dhaka,Vivo Y20,Postpaid Corporate,68,5,Postpaid,0,15.0,4G
CUST-16913,62,Female,Rajshahi,Xiaomi Redmi Note 12,Postpaid Corporate,25,6,Postpaid,0,22.0,4G
CUST-16914,27,Male,Rajshahi,Vivo Y20,Student Special 4G,22,10,Prepaid,0,9.0,3G
CUST-16915,60,Female,Dhaka,Realme 11,Prepaid Saver 30D,47,10,Prepaid,0,16.0,4G
CUST-16916,19,Female,Dhaka,iPhone 15 Pro,Prepaid Saver 30D,57,5,Prepaid,0,15.0,4G
CUST-16917,18,Female,Chattogram,Samsung S23 Ultra,Family Bundle,27,4,Postpaid,1,29.0,5G
CUST-16918,21,Female,Barishal,Vivo Y20,Prepaid Saver 30D,59,7,Prepaid,0,15.0,4G
CUST-16919,55,Female,Chattogram,Vivo Y20,Student Special 4G,2,6,Prepaid,0,22.0,4G
CUST-16920,30,Male,Chattogram,Samsung S23 Ultra,Postpaid Corporate,64,10,Postpaid,0,16.0,4G
CUST-16921,39,Female,Mymensingh,iPhone 15 Pro,Unlimited Data Max,37,10,Prepaid,0,9.0,4G
CUST-16922,40,Male,Rajshahi,Realme 11,Family Bundle,39,6,Postpaid,0,15.0,4G
CUST-16923,55,Female,Rajshahi,Vivo Y20,Prepaid Saver 30D,63,7,Prepaid,0,15.0,4G
CUST-16924,34,Female,Rajshahi,Vivo Y20,Postpaid Corporate,4,5,Postpaid,0,15.0,5G
CUST-16925,18,Female,Sylhet,iPhone 15 Pro,Prepaid Saver 30D,63,4,Prepaid,1,22.0,4G
CUST-16926,36,Male,Sylhet,Vivo Y20,Prepaid Saver 30D,15,10,Prepaid,0,9.0,3G
CUST-16927,31,Female,Dhaka,Realme 11,Prepaid Saver 30D,71,10,Prepaid,0,23.0,4G
CUST-16928,52,Male,Chattogram,Xiaomi Redmi Note 12,Prepaid Saver 30D,52,10,Prepaid,0,16.0,3G
CUST-16929,53,Female,Chattogram,iPhone 15 Pro,Family Bundle,25,10,Postpaid,0,16.0,4G
CUST-16930,22,Female,Rangpur,Vivo Y20,Unlimited Data Max,5,4,Prepaid,0,27.0,4G
CUST-16931,55,Female,Chattogram,Vivo Y20,Prepaid Saver 30D,9,7,Prepaid,0,22.0,4G
CUST-16932,21,Male,Dhaka,Vivo Y20,Unlimited Data Max,9,10,Prepaid,0,9.0,3G
CUST-16933,47,Male,Khulna,Xiaomi Redmi Note 12,Postpaid Corporate,5,10,Postpaid,1,16.0,4G
CUST-16934,36,Male,Khulna,iPhone 15 Pro,Prepaid Saver 30D,44,10,Prepaid,0,9.0,4G
CUST-16935,32,Female,Khulna,Vivo Y20,Prepaid Saver 30D,62,7,Prepaid,0,20.0,3G
CUST-16936,40,Female,Rajshahi,iPhone 15 Pro,Postpaid Corporate,57,4,Postpaid,0,22.0,4G
CUST-16937,32,Female,Khulna,Realme 11,Student Special 4G,54,9,Prepaid,0,9.0,4G
CUST-16938,55,Female,Rangpur,Xiaomi Redmi Note 12,Family Bundle,70,10,Postpaid,0,23.0,5G
CUST-16939,63,Male,Chattogram,Xiaomi Redmi Note 12,Student Special 4G,45,10,Prepaid,0,21.0,4G
CUST-16940,56,Male,Rangpur,iPhone 15 Pro,Prepaid Saver 30D,7,5,Prepaid,0,15.0,5G
CUST-16941,38,Male,Khulna,iPhone 15 Pro,Postpaid Corporate,36,10,Postpaid,0,16.0,3G
CUST-16942,41,Male,Chattogram,Realme 11,Unlimited Data Max,54,10,Prepaid,0,9.0,3G
CUST-16943,39,Female,Sylhet,iPhone 15 Pro,Unlimited Data Max,33,7,Prepaid,0,22.0,4G
CUST-16944,55,Female,Sylhet,Realme 11,Prepaid Saver 30D,22,6,Prepaid,0,15.0,4G
CUST-16945,43,Male,Rangpur,Vivo Y20,Prepaid Saver 30D,36,5,Prepaid,0,15.0,4G
CUST-16946,40,Female,Rangpur,Samsung S23 Ultra,Prepaid Saver 30D,56,5,Prepaid,1,22.0,4G
CUST-16947,37,Male,Dhaka,Vivo Y20,Prepaid Saver 30D,26,9,Prepaid,0,9.0,3G
CUST-16948,35,Male,Chattogram,Samsung S23 Ultra,Postpaid Corporate,26,7,Postpaid,0,15.0,5G
CUST-16949,43,Male,Chattogram,Samsung S23 Ultra,Family Bundle,34,10,Postpaid,1,9.0,4G
CUST-16950,50,Male,Rangpur,Vivo Y20,Unlimited Data Max,30,9,Prepaid,0,9.0,5G
CUST-16951,38,Male,Rangpur,iPhone 15 Pro,Prepaid Saver 30D,15,9,Prepaid,0,16.0,3G
CUST-16952,55,Female,Sylhet,Realme 11,Unlimited Data Max,20,10,Prepaid,0,16.0,4G
CUST-16953,56,Female,Rangpur,Samsung S23 Ultra,Unlimited Data Max,9,5,Prepaid,0,22.0,5G
CUST-16954,38,Male,Mymensingh,Samsung S23 Ultra,Family Bundle,54,4,Postpaid,0,15.0,4G
CUST-16955,60,Male,Chattogram,iPhone 15 Pro,Unlimited Data Max,16,7,Prepaid,1,22.0,5G
CUST-16956,26,Male,Chattogram,Xiaomi Redmi Note 12,Unlimited Data Max,70,4,Prepaid,0,15.0,4G
CUST-16957,61,Male,Dhaka,iPhone 15 Pro,Prepaid Saver 30D,69,10,Prepaid,0,23.0,4G
CUST-16958,31,Female,Rajshahi,iPhone 15 Pro,Prepaid Saver 30D,48,7,Prepaid,0,22.0,4G
CUST-16959,44,Female,Chattogram,Vivo Y20,Prepaid Saver 30D,71,5,Prepaid,0,15.0,4G
CUST-16960,31,Male,Rangpur,Samsung S23 Ultra,Family Bundle,62,4,Postpaid,1,15.0,5G
CUST-16961,38,Male,Mymensingh,Samsung S23 Ultra,Postpaid Corporate,54,10,Postpaid,0,21.0,5G
CUST-16962,33,Female,Dhaka,Samsung S23 Ultra,Prepaid Saver 30D,26,7,Prepaid,0,15.0,3G
CUST-16963,51,Male,Rangpur,Vivo Y20,Postpaid Corporate,60,8,Postpaid,0,14.0,4G
CUST-16964,21,Female,Khulna,Xiaomi Redmi Note 12,Student Special 4G,25,5,Prepaid,0,15.0,4G
CUST-16965,57,Female,Rajshahi,Vivo Y20,Unlimited Data Max,8,10,Prepaid,0,9.0,4G
CUST-16966,60,Female,Dhaka,Vivo Y20,Postpaid Corporate,41,10,Postpaid,0,23.0,4G
CUST-16967,44,Female,Dhaka,iPhone 15 Pro,Postpaid Corporate,9,7,Postpaid,1,15.0,5G
CUST-16968,43,Male,Barishal,Realme 11,Postpaid Corporate,7,10,Postpaid,1,9.0,4G
CUST-16969,50,Female,Khulna,Xiaomi Redmi Note 12,Unlimited Data Max,7,7,Prepaid,0,20.0,3G
CUST-16970,27,Female,Rajshahi,Xiaomi Redmi Note 12,Postpaid Corporate,65,10,Postpaid,0,16.0,4G
CUST-16971,53,Female,Sylhet,Xiaomi Redmi Note 12,Student Special 4G,5,10,Prepaid,0,16.0,4G
CUST-16972,28,Female,Rangpur,Realme 11,Postpaid Corporate,29,8,Postpaid,0,16.0,3G
CUST-16973,49,Female,Chattogram,iPhone 15 Pro,Unlimited Data Max,54,9,Prepaid,0,9.0,5G
CUST-16974,32,Female,Sylhet,Samsung S23 Ultra,Unlimited Data Max,57,10,Prepaid,0,9.0,5G
CUST-16975,53,Male,Chattogram,Realme 11,Postpaid Corporate,5,5,Postpaid,1,22.0,3G
CUST-16976,55,Male,Barishal,Vivo Y20,Postpaid Corporate,64,8,Postpaid,0,9.0,4G
CUST-16977,27,Female,Rajshahi,Xiaomi Redmi Note 12,Family Bundle,68,10,Postpaid,0,14.0,4G
CUST-16978,47,Male,Rangpur,Samsung S23 Ultra,Prepaid Saver 30D,69,6,Prepaid,0,15.0,3G
CUST-16979,41,Female,Sylhet,Samsung S23 Ultra,Unlimited Data Max,47,7,Prepaid,0,15.0,4G
CUST-16980,31,Male,Rangpur,Xiaomi Redmi Note 12,Student Special 4G,37,10,Prepaid,0,16.0,3G
CUST-16981,45,Male,Chattogram,Vivo Y20,Postpaid Corporate,13,10,Postpaid,0,16.0,4G
CUST-16982,64,Female,Chattogram,Realme 11,Prepaid Saver 30D,9,8,Prepaid,0,21.0,4G
CUST-16983,18,Female,Barishal,iPhone 15 Pro,Postpaid Corporate,59,5,Postpaid,0,22.0,4G
CUST-16984,62,Female,Khulna,Realme 11,Prepaid Saver 30D,61,5,Prepaid,0,15.0,4G
CUST-16985,58,Male,Dhaka,Samsung S23 Ultra,Unlimited Data Max,59,10,Prepaid,0,9.0,4G
CUST-16986,42,Male,Chattogram,Xiaomi Redmi Note 12,Unlimited Data Max,44,9,Prepaid,0,9.0,4G
CUST-16987,46,Female,Dhaka,Vivo Y20,Prepaid Saver 30D,41,10,Prepaid,1,9.0,4G
CUST-16988,35,Female,Khulna,Realme 11,Postpaid Corporate,14,5,Postpaid,0,15.0,5G
CUST-16989,24,Female,Rajshahi,Samsung S23 Ultra,Prepaid Saver 30D,7,7,Prepaid,0,15.0,5G
CUST-16990,44,Female,Dhaka,iPhone 15 Pro,Student Special 4G,15,4,Prepaid,0,15.0,4G
CUST-16991,56,Female,Dhaka,Samsung S23 Ultra,Unlimited Data Max,29,5,Prepaid,1,27.0,4G
CUST-16992,28,Male,Mymensingh,Xiaomi Redmi Note 12,Postpaid Corporate,22,4,Postpaid,0,15.0,5G
CUST-16993,51,Male,Mymensingh,iPhone 15 Pro,Prepaid Saver 30D,39,9,Prepaid,0,14.0,5G
CUST-16994,53,Male,Dhaka,Vivo Y20,Unlimited Data Max,56,6,Prepaid,0,20.0,4G
CUST-16995,53,Female,Barishal,iPhone 15 Pro,Prepaid Saver 30D,53,5,Prepaid,0,15.0,5G
CUST-16996,33,Male,Sylhet,Samsung S23 Ultra,Family Bundle,59,10,Postpaid,0,9.0,4G
CUST-16997,36,Female,Rajshahi,Xiaomi Redmi Note 12,Family Bundle,22,8,Postpaid,0,9.0,4G
CUST-16998,37,Male,Chattogram,Realme 11,Prepaid Saver 30D,67,9,Prepaid,0,30.0,4G
CUST-16999,58,Male,Khulna,Realme 11,Prepaid Saver 30D,62,10,Prepaid,1,9.0,4G
CUST-17000,60,Female,Khulna,Vivo Y20,Unlimited Data Max,25,8,Prepaid,0,16.0,5G
CUST-17001,37,Male,Chattogram,iPhone 15 Pro,Prepaid Saver 30D,18,5,Prepaid,0,22.0,4G
CUST-17002,63,Female,Chattogram,Xiaomi Redmi Note 12,Prepaid Saver 30D,64,8,Prepaid,0,9.0,4G
CUST-17003,44,Female,Sylhet,Xiaomi Redmi Note 12,Family Bundle,71,10,Postpaid,0,9.0,4G
CUST-17004,36,Female,Dhaka,Samsung S23 Ultra,Postpaid Corporate,34,10,Postpaid,0,9.0,4G
CUST-17005,18,Male,Chattogram,Samsung S23 Ultra,Unlimited Data Max,9,10,Prepaid,1,9.0,4G
CUST-17006,46,Female,Rajshahi,Realme 11,Family Bundle,44,9,Postpaid,0,9.0,4G
CUST-17007,48,Female,Dhaka,iPhone 15 Pro,Postpaid Corporate,60,7,Postpaid,0,15.0,4G
CUST-17008,63,Male,Mymensingh,Realme 11,Unlimited Data Max,34,8,Prepaid,0,9.0,4G
CUST-17009,51,Female,Dhaka,Vivo Y20,Student Special 4G,10,8,Prepaid,0,16.0,4G
CUST-17010,19,Male,Barishal,iPhone 15 Pro,Prepaid Saver 30D,53,9,Prepaid,0,23.0,4G
CUST-17011,44,Male,Chattogram,Realme 11,Prepaid Saver 30D,54,10,Prepaid,0,16.0,5G
CUST-17012,52,Male,Sylhet,iPhone 15 Pro,Unlimited Data Max,63,4,Prepaid,1,22.0,5G
CUST-17013,41,Female,Khulna,Realme 11,Prepaid Saver 30D,62,8,Prepaid,0,21.0,5G
CUST-17014,38,Female,Rangpur,Samsung S23 Ultra,Unlimited Data Max,34,6,Prepaid,0,22.0,5G
CUST-17015,56,Male,Barishal,iPhone 15 Pro,Student Special 4G,23,10,Prepaid,0,16.0,5G
CUST-17016,46,Male,Rajshahi,Xiaomi Redmi Note 12,Prepaid Saver 30D,12,5,Prepaid,0,15.0,4G
CUST-17017,50,Female,Dhaka,Xiaomi Redmi Note 12,Prepaid Saver 30D,8,4,Prepaid,0,15.0,4G
CUST-17018,39,Female,Mymensingh,Samsung S23 Ultra,Family Bundle,59,10,Postpaid,0,16.0,4G
CUST-17019,31,Female,Dhaka,Vivo Y20,Family Bundle,71,6,Postpaid,0,15.0,3G
CUST-17020,42,Male,Khulna,Samsung S23 Ultra,Student Special 4G,46,6,Prepaid,0,15.0,4G
CUST-17021,63,Male,Barishal,Vivo Y20,Student Special 4G,69,9,Prepaid,0,9.0,4G
CUST-17022,46,Male,Barishal,iPhone 15 Pro,Family Bundle,22,10,Postpaid,0,9.0,4G
CUST-17023,51,Female,Rajshahi,Realme 11,Student Special 4G,54,5,Prepaid,0,15.0,3G
CUST-17024,23,Female,Chattogram,Realme 11,Prepaid Saver 30D,29,9,Prepaid,1,9.0,4G
CUST-17025,64,Female,Barishal,Xiaomi Redmi Note 12,Unlimited Data Max,28,7,Prepaid,0,15.0,5G
CUST-17026,29,Male,Rangpur,Xiaomi Redmi Note 12,Unlimited Data Max,46,5,Prepaid,1,22.0,5G
CUST-17027,63,Female,Dhaka,Samsung S23 Ultra,Prepaid Saver 30D,10,9,Prepaid,0,9.0,5G
CUST-17028,38,Female,Khulna,Vivo Y20,Prepaid Saver 30D,30,10,Prepaid,0,14.0,4G
CUST-17029,61,Male,Rangpur,Samsung S23 Ultra,Prepaid Saver 30D,30,6,Prepaid,0,22.0,4G
CUST-17030,59,Male,Rajshahi,Realme 11,Unlimited Data Max,31,6,Prepaid,0,15.0,4G
CUST-17031,53,Female,Barishal,Samsung S23 Ultra,Prepaid Saver 30D,52,5,Prepaid,0,22.0,4G
CUST-17032,61,Female,Khulna,Realme 11,Prepaid Saver 30D,20,10,Prepaid,0,14.0,5G
CUST-17033,46,Female,Khulna,iPhone 15 Pro,Prepaid Saver 30D,11,6,Prepaid,1,15.0,4G
CUST-17034,57,Male,Dhaka,Xiaomi Redmi Note 12,Postpaid Corporate,44,9,Postpaid,0,9.0,5G
CUST-17035,26,Male,Rajshahi,Samsung S23 Ultra,Prepaid Saver 30D,2,4,Prepaid,1,22.0,5G
CUST-17036,21,Female,Sylhet,iPhone 15 Pro,Prepaid Saver 30D,71,10,Prepaid,0,14.0,3G
CUST-17037,43,Female,Chattogram,Xiaomi Redmi Note 12,Unlimited Data Max,65,5,Prepaid,1,27.0,5G
CUST-17038,56,Male,Chattogram,Realme 11,Postpaid Corporate,28,4,Postpaid,0,15.0,4G
CUST-17039,53,Male,Rajshahi,Xiaomi Redmi Note 12,Student Special 4G,50,4,Prepaid,0,15.0,3G
CUST-17040,42,Male,Dhaka,iPhone 15 Pro,Unlimited Data Max,37,10,Prepaid,0,16.0,4G
CUST-17041,42,Female,Rajshahi,Xiaomi Redmi Note 12,Student Special 4G,50,10,Prepaid,0,9.0,5G
CUST-17042,46,Male,Chattogram,iPhone 15 Pro,Student Special 4G,16,8,Prepaid,0,16.0,4G
CUST-17043,58,Male,Barishal,Xiaomi Redmi Note 12,Family Bundle,68,5,Postpaid,0,15.0,4G
CUST-17044,57,Female,Mymensingh,Xiaomi Redmi Note 12,Student Special 4G,63,10,Prepaid,0,9.0,3G
CUST-17045,23,Female,Sylhet,iPhone 15 Pro,Prepaid Saver 30D,37,4,Prepaid,0,20.0,4G
CUST-17046,45,Male,Chattogram,iPhone 15 Pro,Unlimited Data Max,63,7,Prepaid,0,20.0,4G
CUST-17047,35,Male,Rangpur,Xiaomi Redmi Note 12,Unlimited Data Max,23,10,Prepaid,0,9.0,4G
CUST-17048,55,Male,Dhaka,Xiaomi Redmi Note 12,Unlimited Data Max,56,7,Prepaid,0,15.0,4G
CUST-17049,41,Male,Barishal,Vivo Y20,Prepaid Saver 30D,65,10,Prepaid,0,16.0,5G
CUST-17050,64,Male,Dhaka,Xiaomi Redmi Note 12,Family Bundle,50,7,Postpaid,1,22.0,4G
CUST-17051,38,Female,Dhaka,Xiaomi Redmi Note 12,Unlimited Data Max,70,6,Prepaid,0,27.0,3G
CUST-17052,49,Male,Mymensingh,Xiaomi Redmi Note 12,Prepaid Saver 30D,16,7,Prepaid,0,22.0,4G
CUST-17053,23,Female,Dhaka,Vivo Y20,Family Bundle,2,10,Postpaid,0,9.0,4G
CUST-17054,61,Male,Dhaka,iPhone 15 Pro,Unlimited Data Max,38,8,Prepaid,0,9.0,3G
CUST-17055,25,Female,Chattogram,iPhone 15 Pro,Unlimited Data Max,24,10,Prepaid,1,23.0,4G
CUST-17056,35,Female,Rangpur,iPhone 15 Pro,Prepaid Saver 30D,46,10,Prepaid,0,21.0,4G
CUST-17057,57,Female,Sylhet,Realme 11,Unlimited Data Max,26,10,Prepaid,0,16.0,3G
CUST-17058,63,Female,Dhaka,Realme 11,Prepaid Saver 30D,62,6,Prepaid,1,27.0,4G
CUST-17059,40,Male,Dhaka,Xiaomi Redmi Note 12,Prepaid Saver 30D,8,9,Prepaid,0,9.0,4G
CUST-17060,40,Female,Sylhet,iPhone 15 Pro,Prepaid Saver 30D,69,7,Prepaid,0,15.0,4G
CUST-17061,20,Female,Chattogram,Realme 11,Unlimited Data Max,16,9,Prepaid,0,21.0,5G
CUST-17062,64,Male,Rajshahi,iPhone 15 Pro,Postpaid Corporate,24,10,Postpaid,0,9.0,4G
CUST-17063,18,Male,Khulna,Vivo Y20,Unlimited Data Max,2,10,Prepaid,0,9.0,5G
CUST-17064,19,Female,Rangpur,Realme 11,Prepaid Saver 30D,49,10,Prepaid,1,9.0,5G
CUST-17065,40,Male,Dhaka,Xiaomi Redmi Note 12,Unlimited Data Max,50,8,Prepaid,0,16.0,4G
CUST-17066,18,Female,Dhaka,iPhone 15 Pro,Student Special 4G,66,10,Prepaid,1,30.0,5G
CUST-17067,25,Female,Dhaka,Realme 11,Postpaid Corporate,8,10,Postpaid,0,9.0,5G
CUST-17068,47,Male,Barishal,Realme 11,Unlimited Data Max,35,6,Prepaid,0,15.0,5G
CUST-17069,51,Female,Chattogram,Vivo Y20,Postpaid Corporate,64,5,Postpaid,0,15.0,4G
CUST-17070,32,Female,Sylhet,Realme 11,Prepaid Saver 30D,3,8,Prepaid,0,9.0,4G
CUST-17071,55,Male,Chattogram,Realme 11,Student Special 4G,42,10,Prepaid,0,16.0,4G
CUST-17072,46,Female,Barishal,Samsung S23 Ultra,Family Bundle,17,6,Postpaid,0,22.0,4G
CUST-17073,28,Male,Dhaka,Samsung S23 Ultra,Unlimited Data Max,26,10,Prepaid,0,16.0,4G
CUST-17074,51,Male,Dhaka,Realme 11,Prepaid Saver 30D,54,10,Prepaid,0,9.0,4G
CUST-17075,45,Female,Khulna,Samsung S23 Ultra,Prepaid Saver 30D,58,4,Prepaid,0,15.0,5G
CUST-17076,56,Female,Chattogram,Vivo Y20,Postpaid Corporate,1,7,Postpaid,0,15.0,4G
CUST-17077,25,Male,Rajshahi,Vivo Y20,Unlimited Data Max,47,6,Prepaid,0,22.0,4G
CUST-17078,28,Male,Rangpur,Xiaomi Redmi Note 12,Prepaid Saver 30D,28,10,Prepaid,0,9.0,3G
CUST-17079,32,Male,Chattogram,Realme 11,Student Special 4G,54,10,Prepaid,1,9.0,5G
CUST-17080,34,Male,Rajshahi,Xiaomi Redmi Note 12,Prepaid Saver 30D,60,10,Prepaid,0,14.0,5G
CUST-17081,59,Male,Dhaka,Vivo Y20,Student Special 4G,63,10,Prepaid,0,16.0,4G
CUST-17082,52,Female,Dhaka,Samsung S23 Ultra,Unlimited Data Max,8,10,Prepaid,0,16.0,4G
CUST-17083,43,Male,Sylhet,iPhone 15 Pro,Family Bundle,58,10,Postpaid,1,9.0,4G
CUST-17084,43,Male,Rangpur,Realme 11,Student Special 4G,69,10,Prepaid,0,9.0,4G
CUST-17085,59,Male,Dhaka,Realme 11,Prepaid Saver 30D,56,10,Prepaid,0,14.0,4G
CUST-17086,38,Female,Dhaka,iPhone 15 Pro,Unlimited Data Max,27,9,Prepaid,0,16.0,5G
CUST-17087,28,Female,Dhaka,Vivo Y20,Prepaid Saver 30D,52,4,Prepaid,0,22.0,3G
CUST-17088,24,Female,Dhaka,Xiaomi Redmi Note 12,Postpaid Corporate,5,8,Postpaid,0,9.0,3G
CUST-17089,33,Male,Mymensingh,Vivo Y20,Unlimited Data Max,27,10,Prepaid,0,9.0,3G
CUST-17090,48,Female,Chattogram,iPhone 15 Pro,Family Bundle,59,10,Postpaid,0,16.0,4G
CUST-17091,40,Female,Rangpur,Realme 11,Student Special 4G,47,10,Prepaid,0,16.0,4G
CUST-17092,37,Female,Rajshahi,iPhone 15 Pro,Family Bundle,19,6,Postpaid,0,22.0,4G
CUST-17093,40,Female,Chattogram,Samsung S23 Ultra,Prepaid Saver 30D,41,6,Prepaid,0,15.0,4G
CUST-17094,63,Female,Rangpur,Realme 11,Prepaid Saver 30D,1,10,Prepaid,0,9.0,4G
CUST-17095,64,Female,Rajshahi,Realme 11,Unlimited Data Max,69,6,Prepaid,0,29.0,4G
CUST-17096,25,Female,Dhaka,iPhone 15 Pro,Prepaid Saver 30D,40,4,Prepaid,1,15.0,3G
CUST-17097,23,Female,Dhaka,Realme 11,Unlimited Data Max,36,10,Prepaid,1,16.0,4G
CUST-17098,29,Female,Rangpur,Vivo Y20,Unlimited Data Max,24,9,Prepaid,0,16.0,4G
CUST-17099,58,Female,Sylhet,iPhone 15 Pro,Postpaid Corporate,16,10,Postpaid,0,9.0,4G
CUST-17100,39,Male,Dhaka,Xiaomi Redmi Note 12,Unlimited Data Max,24,8,Prepaid,0,9.0,4G
CUST-17101,58,Female,Mymensingh,iPhone 15 Pro,Unlimited Data Max,33,10,Prepaid,0,9.0,5G
CUST-17102,48,Male,Rangpur,Xiaomi Redmi Note 12,Prepaid Saver 30D,31,7,Prepaid,0,15.0,4G
CUST-17103,44,Female,Sylhet,Vivo Y20,Postpaid Corporate,30,8,Postpaid,0,9.0,4G
CUST-17104,31,Male,Chattogram,Realme 11,Student Special 4G,37,5,Prepaid,0,15.0,4G
CUST-17105,34,Female,Dhaka,Samsung S23 Ultra,Prepaid Saver 30D,34,10,Prepaid,0,9.0,5G
CUST-17106,24,Female,Rangpur,Realme 11,Unlimited Data Max,23,9,Prepaid,0,9.0,4G
CUST-17107,42,Female,Barishal,Xiaomi Redmi Note 12,Prepaid Saver 30D,42,7,Prepaid,0,15.0,3G
CUST-17108,31,Male,Dhaka,Samsung S23 Ultra,Postpaid Corporate,18,9,Postpaid,0,9.0,4G
CUST-17109,31,Female,Khulna,Realme 11,Prepaid Saver 30D,68,6,Prepaid,1,15.0,4G
CUST-17110,19,Female,Dhaka,iPhone 15 Pro,Unlimited Data Max,48,10,Prepaid,0,16.0,4G
CUST-17111,55,Male,Rajshahi,Vivo Y20,Family Bundle,20,9,Postpaid,0,9.0,5G
CUST-17112,62,Male,Chattogram,Vivo Y20,Unlimited Data Max,50,10,Prepaid,0,9.0,4G
CUST-17113,41,Female,Rajshahi,Realme 11,Prepaid Saver 30D,69,10,Prepaid,0,9.0,4G
CUST-17114,43,Female,Dhaka,Realme 11,Unlimited Data Max,55,10,Prepaid,0,16.0,3G
CUST-17115,61,Female,Rangpur,iPhone 15 Pro,Student Special 4G,56,10,Prepaid,0,9.0,4G
CUST-17116,42,Male,Dhaka,Samsung S23 Ultra,Prepaid Saver 30D,16,6,Prepaid,0,15.0,4G
CUST-17117,47,Male,Barishal,Samsung S23 Ultra,Family Bundle,13,8,Postpaid,0,9.0,4G
CUST-17118,38,Female,Sylhet,Xiaomi Redmi Note 12,Student Special 4G,40,9,Prepaid,1,16.0,4G
CUST-17119,42,Female,Rajshahi,iPhone 15 Pro,Student Special 4G,20,10,Prepaid,0,23.0,5G
CUST-17120,42,Female,Dhaka,Vivo Y20,Unlimited Data Max,9,4,Prepaid,0,22.0,4G
CUST-17121,51,Male,Dhaka,iPhone 15 Pro,Prepaid Saver 30D,65,10,Prepaid,0,9.0,4G
CUST-17122,46,Male,Khulna,iPhone 15 Pro,Student Special 4G,25,7,Prepaid,0,15.0,4G
CUST-17123,41,Male,Sylhet,Vivo Y20,Family Bundle,57,8,Postpaid,0,9.0,4G
CUST-17124,21,Female,Dhaka,Vivo Y20,Student Special 4G,52,6,Prepaid,1,22.0,4G
CUST-17125,60,Female,Sylhet,iPhone 15 Pro,Family Bundle,11,9,Postpaid,0,9.0,4G
CUST-17126,59,Male,Dhaka,Samsung S23 Ultra,Postpaid Corporate,14,6,Postpaid,0,15.0,4G
CUST-17127,26,Male,Mymensingh,Samsung S23 Ultra,Prepaid Saver 30D,42,10,Prepaid,0,16.0,5G
CUST-17128,31,Female,Dhaka,Xiaomi Redmi Note 12,Prepaid Saver 30D,45,7,Prepaid,0,15.0,4G
CUST-17129,63,Male,Chattogram,Vivo Y20,Prepaid Saver 30D,20,7,Prepaid,0,34.0,4G
CUST-17130,33,Male,Sylhet,iPhone 15 Pro,Unlimited Data Max,11,4,Prepaid,0,29.0,4G
CUST-17131,56,Male,Chattogram,Samsung S23 Ultra,Prepaid Saver 30D,45,10,Prepaid,0,21.0,5G
CUST-17132,54,Female,Sylhet,iPhone 15 Pro,Unlimited Data Max,17,10,Prepaid,0,23.0,4G
CUST-17133,58,Female,Chattogram,Samsung S23 Ultra,Unlimited Data Max,13,9,Prepaid,0,14.0,4G
CUST-17134,18,Female,Dhaka,Xiaomi Redmi Note 12,Prepaid Saver 30D,27,10,Prepaid,1,9.0,4G
CUST-17135,40,Male,Sylhet,Xiaomi Redmi Note 12,Postpaid Corporate,25,8,Postpaid,0,21.0,3G
CUST-17136,44,Female,Mymensingh,Realme 11,Postpaid Corporate,29,10,Postpaid,0,9.0,4G
CUST-17137,57,Female,Chattogram,Samsung S23 Ultra,Prepaid Saver 30D,28,10,Prepaid,0,23.0,4G
CUST-17138,28,Male,Khulna,Xiaomi Redmi Note 12,Postpaid Corporate,41,10,Postpaid,0,9.0,4G
CUST-17139,32,Female,Chattogram,Samsung S23 Ultra,Prepaid Saver 30D,39,5,Prepaid,0,20.0,4G
CUST-17140,26,Male,Rangpur,Xiaomi Redmi Note 12,Prepaid Saver 30D,3,10,Prepaid,0,9.0,4G
CUST-17141,53,Female,Barishal,Vivo Y20,Prepaid Saver 30D,17,4,Prepaid,0,15.0,4G
CUST-17142,64,Female,Dhaka,Realme 11,Unlimited Data Max,36,5,Prepaid,0,22.0,5G
CUST-17143,24,Female,Chattogram,Vivo Y20,Prepaid Saver 30D,52,6,Prepaid,0,22.0,4G
CUST-17144,28,Female,Mymensingh,Samsung S23 Ultra,Student Special 4G,3,10,Prepaid,0,9.0,4G
CUST-17145,32,Female,Sylhet,Realme 11,Prepaid Saver 30D,58,10,Prepaid,0,14.0,5G
CUST-17146,59,Female,Rangpur,Vivo Y20,Student Special 4G,7,9,Prepaid,0,14.0,3G
CUST-17147,38,Male,Dhaka,Realme 11,Prepaid Saver 30D,46,7,Prepaid,0,22.0,4G
CUST-17148,31,Male,Chattogram,Realme 11,Prepaid Saver 30D,16,8,Prepaid,0,9.0,5G
CUST-17149,33,Female,Chattogram,Samsung S23 Ultra,Student Special 4G,65,10,Prepaid,0,9.0,5G
CUST-17150,46,Male,Rangpur,Realme 11,Postpaid Corporate,50,6,Postpaid,1,22.0,4G
CUST-17151,36,Female,Chattogram,Vivo Y20,Prepaid Saver 30D,57,6,Prepaid,0,15.0,3G
CUST-17152,24,Female,Khulna,iPhone 15 Pro,Postpaid Corporate,58,6,Postpaid,0,27.0,5G
CUST-17153,56,Male,Dhaka,Xiaomi Redmi Note 12,Unlimited Data Max,4,8,Prepaid,0,9.0,5G
CUST-17154,37,Female,Sylhet,Xiaomi Redmi Note 12,Postpaid Corporate,61,10,Postpaid,0,16.0,4G
CUST-17155,30,Male,Dhaka,Samsung S23 Ultra,Postpaid Corporate,7,9,Postpaid,0,9.0,4G
CUST-17156,52,Male,Khulna,Samsung S23 Ultra,Unlimited Data Max,39,4,Prepaid,0,22.0,3G
CUST-17157,53,Female,Rangpur,iPhone 15 Pro,Unlimited Data Max,47,6,Prepaid,1,15.0,4G
CUST-17158,25,Male,Sylhet,Samsung S23 Ultra,Family Bundle,64,4,Postpaid,1,36.0,4G
CUST-17159,21,Male,Khulna,Xiaomi Redmi Note 12,Unlimited Data Max,52,7,Prepaid,0,22.0,4G
CUST-17160,20,Male,Rajshahi,Samsung S23 Ultra,Student Special 4G,51,9,Prepaid,0,9.0,4G
CUST-17161,53,Female,Mymensingh,Samsung S23 Ultra,Prepaid Saver 30D,69,6,Prepaid,0,15.0,5G
CUST-17162,47,Male,Dhaka,Realme 11,Prepaid Saver 30D,2,4,Prepaid,0,29.0,4G
CUST-17163,55,Male,Barishal,iPhone 15 Pro,Prepaid Saver 30D,1,5,Prepaid,0,15.0,4G
CUST-17164,47,Male,Rajshahi,iPhone 15 Pro,Postpaid Corporate,14,10,Postpaid,0,9.0,5G
CUST-17165,36,Female,Mymensingh,iPhone 15 Pro,Prepaid Saver 30D,17,8,Prepaid,0,16.0,4G
CUST-17166,45,Male,Chattogram,Xiaomi Redmi Note 12,Prepaid Saver 30D,36,10,Prepaid,0,16.0,4G
CUST-17167,51,Male,Chattogram,Xiaomi Redmi Note 12,Prepaid Saver 30D,60,9,Prepaid,1,21.0,3G
CUST-17168,36,Female,Rajshahi,Samsung S23 Ultra,Postpaid Corporate,28,7,Postpaid,0,22.0,4G
CUST-17169,61,Female,Chattogram,Samsung S23 Ultra,Prepaid Saver 30D,64,4,Prepaid,0,15.0,4G
CUST-17170,60,Female,Mymensingh,Xiaomi Redmi Note 12,Prepaid Saver 30D,46,10,Prepaid,0,9.0,5G
CUST-17171,55,Male,Rajshahi,Xiaomi Redmi Note 12,Prepaid Saver 30D,33,7,Prepaid,0,15.0,4G
CUST-17172,64,Male,Dhaka,Realme 11,Prepaid Saver 30D,57,9,Prepaid,0,9.0,4G
CUST-17173,36,Male,Dhaka,Samsung S23 Ultra,Prepaid Saver 30D,35,8,Prepaid,0,16.0,4G
CUST-17174,23,Male,Dhaka,Samsung S23 Ultra,Unlimited Data Max,4,4,Prepaid,0,15.0,4G
CUST-17175,40,Male,Dhaka,Xiaomi Redmi Note 12,Student Special 4G,61,10,Prepaid,0,9.0,4G
CUST-17176,53,Female,Khulna,Vivo Y20,Family Bundle,10,5,Postpaid,0,27.0,4G
CUST-17177,54,Male,Rajshahi,iPhone 15 Pro,Unlimited Data Max,33,10,Prepaid,0,9.0,5G
CUST-17178,36,Female,Rangpur,Samsung S23 Ultra,Unlimited Data Max,12,5,Prepaid,0,29.0,4G
CUST-17179,31,Female,Barishal,Xiaomi Redmi Note 12,Family Bundle,56,10,Postpaid,1,30.0,4G
CUST-17180,38,Male,Rajshahi,Xiaomi Redmi Note 12,Prepaid Saver 30D,46,6,Prepaid,0,15.0,4G
CUST-17181,55,Female,Dhaka,Realme 11,Prepaid Saver 30D,68,9,Prepaid,0,9.0,4G
CUST-17182,20,Female,Rangpur,Samsung S23 Ultra,Postpaid Corporate,62,4,Postpaid,0,15.0,4G
CUST-17183,33,Male,Chattogram,Realme 11,Prepaid Saver 30D,19,10,Prepaid,0,9.0,4G
CUST-17184,28,Male,Khulna,iPhone 15 Pro,Prepaid Saver 30D,18,6,Prepaid,0,15.0,5G
CUST-17185,55,Female,Khulna,Samsung S23 Ultra,Family Bundle,20,4,Postpaid,0,15.0,4G
CUST-17186,40,Male,Dhaka,Vivo Y20,Prepaid Saver 30D,11,6,Prepaid,1,22.0,4G
CUST-17187,22,Male,Sylhet,Xiaomi Redmi Note 12,Postpaid Corporate,67,9,Postpaid,0,9.0,4G
CUST-17188,30,Male,Chattogram,iPhone 15 Pro,Unlimited Data Max,6,7,Prepaid,0,20.0,4G
CUST-17189,20,Male,Chattogram,Vivo Y20,Prepaid Saver 30D,31,7,Prepaid,1,15.0,4G
CUST-17190,40,Male,Mymensingh,Realme 11,Student Special 4G,21,4,Prepaid,0,15.0,4G
CUST-17191,64,Female,Dhaka,iPhone 15 Pro,Family Bundle,2,10,Postpaid,1,16.0,4G
CUST-17192,44,Female,Dhaka,Vivo Y20,Student Special 4G,59,7,Prepaid,0,15.0,4G
CUST-17193,58,Female,Dhaka,Xiaomi Redmi Note 12,Unlimited Data Max,36,10,Prepaid,0,16.0,5G
CUST-17194,52,Female,Chattogram,iPhone 15 Pro,Student Special 4G,63,8,Prepaid,0,9.0,4G
CUST-17195,59,Female,Rangpur,Xiaomi Redmi Note 12,Unlimited Data Max,44,10,Prepaid,0,9.0,4G
CUST-17196,32,Female,Khulna,Samsung S23 Ultra,Prepaid Saver 30D,36,7,Prepaid,0,15.0,3G
CUST-17197,62,Male,Chattogram,Vivo Y20,Postpaid Corporate,18,4,Postpaid,1,15.0,3G
CUST-17198,29,Male,Dhaka,iPhone 15 Pro,Prepaid Saver 30D,42,10,Prepaid,0,16.0,4G
CUST-17199,38,Male,Rangpur,Xiaomi Redmi Note 12,Prepaid Saver 30D,52,10,Prepaid,0,9.0,4G
CUST-17200,50,Female,Rangpur,Samsung S23 Ultra,Postpaid Corporate,2,10,Postpaid,0,16.0,3G
CUST-17201,31,Female,Chattogram,Vivo Y20,Student Special 4G,17,10,Prepaid,0,16.0,5G
CUST-17202,30,Female,Mymensingh,iPhone 15 Pro,Unlimited Data Max,26,10,Prepaid,0,9.0,4G
CUST-17203,24,Male,Chattogram,Realme 11,Unlimited Data Max,9,4,Prepaid,0,15.0,4G
CUST-17204,18,Male,Chattogram,iPhone 15 Pro,Postpaid Corporate,6,10,Postpaid,0,16.0,4G
CUST-17205,41,Male,Rangpur,Xiaomi Redmi Note 12,Unlimited Data Max,18,5,Prepaid,0,29.0,4G
CUST-17206,64,Male,Rangpur,Xiaomi Redmi Note 12,Unlimited Data Max,25,10,Prepaid,0,9.0,4G
CUST-17207,28,Female,Chattogram,iPhone 15 Pro,Unlimited Data Max,38,10,Prepaid,0,9.0,4G
CUST-17208,38,Male,Rangpur,Xiaomi Redmi Note 12,Unlimited Data Max,58,10,Prepaid,0,30.0,4G
CUST-17209,61,Female,Rajshahi,Xiaomi Redmi Note 12,Prepaid Saver 30D,61,7,Prepaid,0,22.0,5G
CUST-17210,54,Female,Rajshahi,iPhone 15 Pro,Family Bundle,28,8,Postpaid,0,23.0,3G
CUST-17211,18,Male,Rajshahi,Samsung S23 Ultra,Student Special 4G,38,4,Prepaid,0,22.0,4G
CUST-17212,41,Female,Dhaka,Samsung S23 Ultra,Prepaid Saver 30D,2,7,Prepaid,0,15.0,4G
CUST-17213,24,Male,Sylhet,Xiaomi Redmi Note 12,Unlimited Data Max,61,10,Prepaid,1,16.0,4G
CUST-17214,29,Male,Chattogram,iPhone 15 Pro,Postpaid Corporate,17,6,Postpaid,1,15.0,4G
CUST-17215,29,Female,Dhaka,iPhone 15 Pro,Prepaid Saver 30D,5,10,Prepaid,0,9.0,4G
CUST-17216,46,Female,Dhaka,Realme 11,Student Special 4G,43,4,Prepaid,0,15.0,4G
CUST-17217,27,Male,Rangpur,Realme 11,Prepaid Saver 30D,27,7,Prepaid,0,22.0,4G
CUST-17218,29,Female,Chattogram,Vivo Y20,Postpaid Corporate,30,7,Postpaid,0,15.0,5G
CUST-17219,28,Male,Dhaka,Realme 11,Unlimited Data Max,31,10,Prepaid,0,9.0,4G
CUST-17220,34,Male,Rajshahi,Xiaomi Redmi Note 12,Student Special 4G,45,9,Prepaid,1,16.0,5G
CUST-17221,48,Male,Dhaka,Vivo Y20,Student Special 4G,57,10,Prepaid,0,9.0,4G
CUST-17222,36,Male,Chattogram,Vivo Y20,Prepaid Saver 30D,41,10,Prepaid,0,9.0,4G
CUST-17223,33,Female,Dhaka,iPhone 15 Pro,Family Bundle,44,9,Postpaid,0,23.0,3G
CUST-17224,42,Female,Rajshahi,Samsung S23 Ultra,Unlimited Data Max,58,10,Prepaid,0,9.0,3G
CUST-17225,46,Female,Dhaka,Vivo Y20,Unlimited Data Max,56,10,Prepaid,0,16.0,3G
CUST-17226,18,Female,Dhaka,Vivo Y20,Student Special 4G,13,9,Prepaid,0,16.0,4G
CUST-17227,59,Male,Khulna,Vivo Y20,Postpaid Corporate,25,10,Postpaid,0,9.0,5G
CUST-17228,61,Female,Sylhet,Xiaomi Redmi Note 12,Unlimited Data Max,36,8,Prepaid,0,9.0,4G
CUST-17229,46,Male,Rajshahi,Vivo Y20,Unlimited Data Max,67,10,Prepaid,1,16.0,4G
CUST-17230,45,Female,Chattogram,Realme 11,Unlimited Data Max,44,7,Prepaid,1,22.0,3G
CUST-17231,50,Female,Rangpur,Realme 11,Unlimited Data Max,58,7,Prepaid,0,15.0,4G
CUST-17232,38,Female,Rangpur,Realme 11,Prepaid Saver 30D,57,7,Prepaid,0,15.0,5G
CUST-17233,35,Female,Rajshahi,iPhone 15 Pro,Unlimited Data Max,65,5,Prepaid,0,15.0,5G
CUST-17234,34,Male,Dhaka,Realme 11,Prepaid Saver 30D,37,10,Prepaid,0,9.0,4G
CUST-17235,25,Female,Chattogram,Vivo Y20,Postpaid Corporate,19,8,Postpaid,1,9.0,4G
CUST-17236,57,Female,Rajshahi,Vivo Y20,Postpaid Corporate,30,10,Postpaid,0,9.0,4G
CUST-17237,33,Male,Dhaka,Xiaomi Redmi Note 12,Family Bundle,1,5,Postpaid,0,15.0,5G
CUST-17238,31,Female,Dhaka,Samsung S23 Ultra,Unlimited Data Max,49,10,Prepaid,0,9.0,5G
CUST-17239,63,Female,Barishal,Realme 11,Unlimited Data Max,44,4,Prepaid,0,15.0,4G
CUST-17240,41,Male,Chattogram,iPhone 15 Pro,Unlimited Data Max,12,10,Prepaid,1,9.0,5G
CUST-17241,47,Female,Khulna,iPhone 15 Pro,Prepaid Saver 30D,35,8,Prepaid,0,9.0,4G
CUST-17242,29,Male,Chattogram,Samsung S23 Ultra,Prepaid Saver 30D,51,5,Prepaid,0,15.0,4G
CUST-17243,31,Female,Mymensingh,Samsung S23 Ultra,Unlimited Data Max,56,7,Prepaid,1,22.0,4G
CUST-17244,52,Male,Rajshahi,Xiaomi Redmi Note 12,Postpaid Corporate,56,4,Postpaid,0,15.0,4G
CUST-17245,39,Male,Dhaka,iPhone 15 Pro,Family Bundle,7,4,Postpaid,0,15.0,4G
CUST-17246,24,Female,Chattogram,iPhone 15 Pro,Unlimited Data Max,27,10,Prepaid,0,9.0,5G
CUST-17247,57,Female,Chattogram,Xiaomi Redmi Note 12,Unlimited Data Max,43,10,Prepaid,0,9.0,4G
CUST-17248,36,Female,Dhaka,Xiaomi Redmi Note 12,Student Special 4G,8,10,Prepaid,0,9.0,4G
CUST-17249,49,Male,Rajshahi,Xiaomi Redmi Note 12,Student Special 4G,15,5,Prepaid,0,20.0,3G
CUST-17250,34,Female,Mymensingh,Xiaomi Redmi Note 12,Unlimited Data Max,67,9,Prepaid,0,9.0,4G
CUST-17251,44,Male,Rangpur,Vivo Y20,Postpaid Corporate,37,10,Postpaid,0,16.0,3G
CUST-17252,54,Female,Sylhet,iPhone 15 Pro,Unlimited Data Max,42,7,Prepaid,0,22.0,4G
CUST-17253,59,Male,Chattogram,Samsung S23 Ultra,Postpaid Corporate,12,9,Postpaid,0,9.0,4G
CUST-17254,27,Female,Mymensingh,Vivo Y20,Postpaid Corporate,46,6,Postpaid,0,20.0,5G
CUST-17255,49,Female,Dhaka,Samsung S23 Ultra,Unlimited Data Max,65,10,Prepaid,1,30.0,5G
CUST-17256,60,Male,Dhaka,Realme 11,Prepaid Saver 30D,69,6,Prepaid,0,22.0,5G
CUST-17257,48,Male,Dhaka,iPhone 15 Pro,Postpaid Corporate,14,6,Postpaid,0,15.0,5G
CUST-17258,24,Female,Dhaka,Vivo Y20,Prepaid Saver 30D,16,10,Prepaid,0,16.0,4G
CUST-17259,26,Female,Mymensingh,Samsung S23 Ultra,Student Special 4G,41,6,Prepaid,0,15.0,5G
CUST-17260,27,Male,Khulna,Samsung S23 Ultra,Prepaid Saver 30D,63,10,Prepaid,0,9.0,4G
CUST-17261,23,Female,Dhaka,Xiaomi Redmi Note 12,Student Special 4G,1,10,Prepaid,0,14.0,5G
CUST-17262,53,Male,Chattogram,Xiaomi Redmi Note 12,Postpaid Corporate,16,10,Postpaid,0,14.0,4G
CUST-17263,63,Female,Khulna,Realme 11,Postpaid Corporate,12,9,Postpaid,0,9.0,4G
CUST-17264,42,Male,Rajshahi,Realme 11,Unlimited Data Max,57,10,Prepaid,0,9.0,4G
CUST-17265,46,Male,Khulna,Vivo Y20,Prepaid Saver 30D,36,10,Prepaid,0,16.0,4G
CUST-17266,54,Female,Barishal,Realme 11,Prepaid Saver 30D,51,10,Prepaid,0,9.0,3G
CUST-17267,37,Female,Dhaka,iPhone 15 Pro,Unlimited Data Max,3,5,Prepaid,0,15.0,5G
CUST-17268,40,Male,Rajshahi,Samsung S23 Ultra,Unlimited Data Max,10,10,Prepaid,0,16.0,5G
CUST-17269,45,Male,Rajshahi,iPhone 15 Pro,Unlimited Data Max,39,7,Prepaid,0,22.0,4G
CUST-17270,32,Male,Barishal,Vivo Y20,Family Bundle,30,10,Postpaid,1,9.0,4G
CUST-17271,20,Male,Dhaka,Realme 11,Postpaid Corporate,14,4,Postpaid,0,20.0,4G
CUST-17272,44,Female,Dhaka,Realme 11,Student Special 4G,19,4,Prepaid,0,15.0,4G
CUST-17273,56,Male,Mymensingh,iPhone 15 Pro,Family Bundle,52,10,Postpaid,0,14.0,4G
CUST-17274,21,Female,Chattogram,Xiaomi Redmi Note 12,Postpaid Corporate,1,4,Postpaid,0,15.0,5G
CUST-17275,28,Male,Khulna,Realme 11,Prepaid Saver 30D,62,7,Prepaid,0,15.0,4G
CUST-17276,30,Male,Sylhet,Vivo Y20,Prepaid Saver 30D,12,8,Prepaid,0,16.0,4G
CUST-17277,55,Female,Dhaka,Xiaomi Redmi Note 12,Postpaid Corporate,54,6,Postpaid,0,29.0,5G
CUST-17278,41,Male,Dhaka,Samsung S23 Ultra,Student Special 4G,45,10,Prepaid,0,16.0,4G
CUST-17279,43,Male,Barishal,Vivo Y20,Student Special 4G,5,10,Prepaid,0,9.0,4G
CUST-17280,48,Male,Barishal,Vivo Y20,Prepaid Saver 30D,55,10,Prepaid,1,16.0,3G
CUST-17281,30,Male,Sylhet,Samsung S23 Ultra,Student Special 4G,36,6,Prepaid,0,29.0,3G
CUST-17282,51,Female,Sylhet,iPhone 15 Pro,Prepaid Saver 30D,22,4,Prepaid,0,22.0,4G
CUST-17283,19,Female,Barishal,Vivo Y20,Prepaid Saver 30D,8,4,Prepaid,0,15.0,4G
CUST-17284,23,Male,Rangpur,Vivo Y20,Prepaid Saver 30D,9,6,Prepaid,1,20.0,4G
CUST-17285,56,Male,Chattogram,Vivo Y20,Unlimited Data Max,30,6,Prepaid,1,29.0,5G
CUST-17286,48,Male,Khulna,Vivo Y20,Unlimited Data Max,21,10,Prepaid,0,9.0,4G
CUST-17287,26,Male,Mymensingh,Samsung S23 Ultra,Postpaid Corporate,60,10,Postpaid,0,9.0,5G
CUST-17288,38,Male,Dhaka,Samsung S23 Ultra,Unlimited Data Max,39,6,Prepaid,0,22.0,4G
CUST-17289,20,Male,Dhaka,Xiaomi Redmi Note 12,Family Bundle,3,9,Postpaid,0,16.0,4G
CUST-17290,49,Female,Khulna,Realme 11,Unlimited Data Max,63,10,Prepaid,0,9.0,4G
CUST-17291,53,Male,Chattogram,Xiaomi Redmi Note 12,Unlimited Data Max,18,8,Prepaid,1,9.0,4G
CUST-17292,31,Female,Sylhet,iPhone 15 Pro,Prepaid Saver 30D,44,6,Prepaid,0,36.0,4G
CUST-17293,34,Female,Chattogram,iPhone 15 Pro,Unlimited Data Max,59,8,Prepaid,0,16.0,5G
CUST-17294,29,Male,Barishal,Realme 11,Unlimited Data Max,48,4,Prepaid,0,15.0,4G
CUST-17295,36,Male,Sylhet,Vivo Y20,Unlimited Data Max,29,10,Prepaid,0,16.0,4G
CUST-17296,30,Male,Dhaka,Vivo Y20,Prepaid Saver 30D,1,10,Prepaid,1,9.0,5G
CUST-17297,29,Male,Dhaka,Samsung S23 Ultra,Prepaid Saver 30D,17,4,Prepaid,0,15.0,4G
CUST-17298,38,Male,Dhaka,Samsung S23 Ultra,Prepaid Saver 30D,41,6,Prepaid,0,22.0,5G
CUST-17299,58,Female,Barishal,iPhone 15 Pro,Unlimited Data Max,68,5,Prepaid,0,29.0,4G
CUST-17300,53,Male,Dhaka,Realme 11,Unlimited Data Max,3,10,Prepaid,0,9.0,4G
CUST-17301,31,Male,Dhaka,Samsung S23 Ultra,Unlimited Data Max,12,10,Prepaid,0,9.0,5G
CUST-17302,62,Female,Dhaka,Realme 11,Unlimited Data Max,26,7,Prepaid,0,22.0,5G
CUST-17303,27,Female,Dhaka,Xiaomi Redmi Note 12,Student Special 4G,56,9,Prepaid,0,9.0,5G
CUST-17304,60,Female,Rangpur,Realme 11,Prepaid Saver 30D,68,10,Prepaid,0,16.0,4G
CUST-17305,32,Female,Rangpur,Vivo Y20,Postpaid Corporate,13,10,Postpaid,1,14.0,4G
CUST-17306,43,Male,Dhaka,Xiaomi Redmi Note 12,Student Special 4G,42,10,Prepaid,0,9.0,5G
CUST-17307,27,Male,Sylhet,Realme 11,Unlimited Data Max,69,10,Prepaid,0,9.0,5G
CUST-17308,53,Male,Rangpur,Xiaomi Redmi Note 12,Student Special 4G,71,8,Prepaid,0,14.0,4G
CUST-17309,32,Male,Sylhet,Realme 11,Postpaid Corporate,56,10,Postpaid,0,23.0,4G
CUST-17310,59,Male,Mymensingh,iPhone 15 Pro,Postpaid Corporate,56,10,Postpaid,0,9.0,5G
CUST-17311,21,Male,Chattogram,Samsung S23 Ultra,Student Special 4G,20,9,Prepaid,0,9.0,4G
CUST-17312,41,Male,Chattogram,Samsung S23 Ultra,Unlimited Data Max,22,6,Prepaid,0,29.0,4G
CUST-17313,25,Male,Rangpur,Realme 11,Prepaid Saver 30D,70,4,Prepaid,0,15.0,4G
CUST-17314,59,Female,Dhaka,Realme 11,Prepaid Saver 30D,45,9,Prepaid,0,9.0,4G
CUST-17315,37,Male,Rangpur,Xiaomi Redmi Note 12,Postpaid Corporate,9,10,Postpaid,0,9.0,5G
CUST-17316,49,Male,Rajshahi,Realme 11,Unlimited Data Max,5,10,Prepaid,0,16.0,4G
CUST-17317,59,Female,Chattogram,Xiaomi Redmi Note 12,Unlimited Data Max,62,9,Prepaid,0,23.0,4G
CUST-17318,43,Female,Dhaka,iPhone 15 Pro,Family Bundle,10,10,Postpaid,0,9.0,5G
CUST-17319,20,Male,Sylhet,Xiaomi Redmi Note 12,Prepaid Saver 30D,50,4,Prepaid,0,15.0,4G
CUST-17320,28,Male,Barishal,iPhone 15 Pro,Unlimited Data Max,23,10,Prepaid,0,9.0,4G
CUST-17321,27,Male,Rajshahi,Vivo Y20,Unlimited Data Max,13,6,Prepaid,1,15.0,4G
CUST-17322,60,Male,Sylhet,Realme 11,Prepaid Saver 30D,9,7,Prepaid,0,22.0,4G
CUST-17323,60,Male,Chattogram,Realme 11,Unlimited Data Max,39,7,Prepaid,1,15.0,3G
CUST-17324,40,Female,Dhaka,Realme 11,Unlimited Data Max,58,6,Prepaid,1,36.0,4G
CUST-17325,59,Female,Khulna,Realme 11,Family Bundle,1,6,Postpaid,0,15.0,3G
CUST-17326,29,Male,Rangpur,Realme 11,Unlimited Data Max,50,9,Prepaid,0,9.0,4G
CUST-17327,49,Female,Dhaka,Xiaomi Redmi Note 12,Unlimited Data Max,41,4,Prepaid,0,27.0,4G
CUST-17328,36,Female,Barishal,Vivo Y20,Postpaid Corporate,57,6,Postpaid,0,15.0,4G
CUST-17329,29,Male,Chattogram,Samsung S23 Ultra,Unlimited Data Max,42,6,Prepaid,0,22.0,5G
CUST-17330,29,Male,Dhaka,Realme 11,Unlimited Data Max,9,4,Prepaid,0,15.0,4G
CUST-17331,37,Female,Dhaka,Xiaomi Redmi Note 12,Prepaid Saver 30D,30,10,Prepaid,0,16.0,4G
CUST-17332,33,Male,Chattogram,Samsung S23 Ultra,Postpaid Corporate,71,8,Postpaid,1,16.0,4G
CUST-17333,27,Male,Rangpur,Realme 11,Prepaid Saver 30D,59,9,Prepaid,1,16.0,4G
CUST-17334,33,Male,Barishal,Samsung S23 Ultra,Student Special 4G,25,9,Prepaid,0,21.0,4G
CUST-17335,24,Female,Rangpur,Realme 11,Student Special 4G,67,7,Prepaid,0,15.0,4G
CUST-17336,63,Male,Sylhet,Xiaomi Redmi Note 12,Postpaid Corporate,1,6,Postpaid,0,29.0,4G
CUST-17337,35,Female,Mymensingh,Realme 11,Prepaid Saver 30D,38,4,Prepaid,1,15.0,4G
CUST-17338,23,Male,Khulna,Realme 11,Student Special 4G,55,10,Prepaid,0,9.0,4G
CUST-17339,45,Female,Chattogram,iPhone 15 Pro,Unlimited Data Max,48,10,Prepaid,0,28.0,3G
CUST-17340,59,Male,Khulna,Realme 11,Prepaid Saver 30D,13,10,Prepaid,0,9.0,4G
CUST-17341,34,Male,Dhaka,iPhone 15 Pro,Unlimited Data Max,11,10,Prepaid,0,9.0,5G
CUST-17342,57,Male,Chattogram,Realme 11,Unlimited Data Max,53,10,Prepaid,0,9.0,4G
CUST-17343,46,Male,Khulna,Samsung S23 Ultra,Family Bundle,71,4,Postpaid,0,15.0,4G
CUST-17344,52,Female,Barishal,Samsung S23 Ultra,Unlimited Data Max,55,10,Prepaid,0,9.0,4G
CUST-17345,31,Female,Dhaka,Realme 11,Prepaid Saver 30D,61,10,Prepaid,1,16.0,4G
CUST-17346,19,Male,Mymensingh,Samsung S23 Ultra,Unlimited Data Max,65,10,Prepaid,0,16.0,4G
CUST-17347,34,Male,Dhaka,Vivo Y20,Prepaid Saver 30D,68,6,Prepaid,0,15.0,4G
CUST-17348,61,Male,Chattogram,Samsung S23 Ultra,Student Special 4G,57,9,Prepaid,0,16.0,5G
CUST-17349,55,Male,Barishal,Xiaomi Redmi Note 12,Prepaid Saver 30D,56,6,Prepaid,0,27.0,4G
CUST-17350,54,Male,Dhaka,Vivo Y20,Student Special 4G,57,5,Prepaid,0,15.0,4G
CUST-17351,59,Female,Khulna,Realme 11,Prepaid Saver 30D,23,7,Prepaid,1,15.0,4G
CUST-17352,35,Male,Khulna,Realme 11,Family Bundle,39,7,Postpaid,1,15.0,4G
CUST-17353,33,Female,Chattogram,Realme 11,Student Special 4G,16,10,Prepaid,1,16.0,4G
CUST-17354,61,Male,Khulna,Realme 11,Unlimited Data Max,38,8,Prepaid,0,16.0,5G
CUST-17355,44,Female,Sylhet,Samsung S23 Ultra,Student Special 4G,37,10,Prepaid,0,9.0,5G
CUST-17356,32,Female,Khulna,iPhone 15 Pro,Unlimited Data Max,5,10,Prepaid,0,23.0,5G
CUST-17357,31,Female,Dhaka,Samsung S23 Ultra,Prepaid Saver 30D,6,10,Prepaid,0,16.0,4G
CUST-17358,59,Female,Khulna,iPhone 15 Pro,Unlimited Data Max,68,8,Prepaid,0,16.0,5G
CUST-17359,20,Female,Rangpur,iPhone 15 Pro,Prepaid Saver 30D,40,8,Prepaid,0,9.0,5G
CUST-17360,20,Male,Sylhet,Realme 11,Family Bundle,3,10,Postpaid,0,23.0,5G
CUST-17361,52,Male,Barishal,Vivo Y20,Student Special 4G,27,7,Prepaid,0,22.0,4G
CUST-17362,18,Male,Chattogram,Xiaomi Redmi Note 12,Prepaid Saver 30D,64,8,Prepaid,0,9.0,5G
CUST-17363,26,Female,Chattogram,Samsung S23 Ultra,Family Bundle,52,7,Postpaid,0,22.0,4G
CUST-17364,64,Female,Rajshahi,Realme 11,Prepaid Saver 30D,59,6,Prepaid,0,22.0,4G
CUST-17365,38,Female,Barishal,Xiaomi Redmi Note 12,Unlimited Data Max,45,7,Prepaid,0,22.0,5G
CUST-17366,52,Male,Rangpur,Realme 11,Student Special 4G,50,4,Prepaid,0,15.0,4G
CUST-17367,40,Female,Barishal,iPhone 15 Pro,Unlimited Data Max,18,10,Prepaid,0,23.0,4G
CUST-17368,22,Male,Khulna,Xiaomi Redmi Note 12,Student Special 4G,60,10,Prepaid,0,9.0,4G
CUST-17369,26,Male,Dhaka,Realme 11,Unlimited Data Max,53,10,Prepaid,0,9.0,4G
CUST-17370,53,Female,Dhaka,Realme 11,Prepaid Saver 30D,17,10,Prepaid,0,16.0,4G
CUST-17371,22,Male,Dhaka,iPhone 15 Pro,Prepaid Saver 30D,23,8,Prepaid,0,9.0,4G
CUST-17372,45,Male,Rajshahi,Xiaomi Redmi Note 12,Prepaid Saver 30D,55,9,Prepaid,0,16.0,5G
CUST-17373,34,Female,Dhaka,Vivo Y20,Unlimited Data Max,18,10,Prepaid,0,23.0,3G
CUST-17374,35,Female,Dhaka,Samsung S23 Ultra,Unlimited Data Max,48,4,Prepaid,1,34.0,5G
CUST-17375,62,Male,Rajshahi,iPhone 15 Pro,Unlimited Data Max,30,5,Prepaid,0,15.0,4G
CUST-17376,46,Male,Sylhet,Xiaomi Redmi Note 12,Student Special 4G,21,10,Prepaid,0,9.0,5G
CUST-17377,46,Male,Rajshahi,Vivo Y20,Prepaid Saver 30D,12,4,Prepaid,1,20.0,4G
CUST-17378,34,Male,Rajshahi,Vivo Y20,Unlimited Data Max,52,10,Prepaid,0,16.0,5G
CUST-17379,35,Female,Dhaka,Xiaomi Redmi Note 12,Unlimited Data Max,24,7,Prepaid,1,27.0,5G
CUST-17380,50,Female,Rangpur,Xiaomi Redmi Note 12,Prepaid Saver 30D,40,10,Prepaid,0,23.0,4G
CUST-17381,19,Female,Dhaka,Xiaomi Redmi Note 12,Prepaid Saver 30D,19,10,Prepaid,0,16.0,4G
CUST-17382,29,Female,Sylhet,Xiaomi Redmi Note 12,Prepaid Saver 30D,11,9,Prepaid,0,23.0,4G
CUST-17383,46,Male,Rajshahi,Realme 11,Unlimited Data Max,2,4,Prepaid,0,27.0,3G
CUST-17384,47,Male,Chattogram,Xiaomi Redmi Note 12,Family Bundle,67,9,Postpaid,1,21.0,4G
CUST-17385,22,Male,Barishal,Xiaomi Redmi Note 12,Prepaid Saver 30D,22,4,Prepaid,0,15.0,5G
CUST-17386,55,Female,Rajshahi,Vivo Y20,Prepaid Saver 30D,41,10,Prepaid,0,9.0,4G
CUST-17387,43,Male,Mymensingh,Samsung S23 Ultra,Postpaid Corporate,34,7,Postpaid,0,22.0,5G
CUST-17388,29,Male,Khulna,Vivo Y20,Prepaid Saver 30D,27,10,Prepaid,1,9.0,4G
CUST-17389,53,Female,Sylhet,Realme 11,Unlimited Data Max,59,10,Prepaid,0,9.0,4G
CUST-17390,64,Female,Khulna,Xiaomi Redmi Note 12,Prepaid Saver 30D,65,7,Prepaid,0,15.0,4G
CUST-17391,37,Male,Dhaka,Xiaomi Redmi Note 12,Prepaid Saver 30D,13,7,Prepaid,0,22.0,4G
CUST-17392,31,Male,Khulna,Xiaomi Redmi Note 12,Student Special 4G,3,10,Prepaid,1,16.0,4G
CUST-17393,32,Male,Barishal,Xiaomi Redmi Note 12,Prepaid Saver 30D,24,10,Prepaid,0,23.0,4G
CUST-17394,45,Male,Khulna,iPhone 15 Pro,Student Special 4G,8,9,Prepaid,0,9.0,4G
CUST-17395,20,Male,Rangpur,Realme 11,Prepaid Saver 30D,3,10,Prepaid,1,16.0,4G
CUST-17396,40,Female,Barishal,iPhone 15 Pro,Postpaid Corporate,58,6,Postpaid,0,22.0,5G
CUST-17397,19,Male,Rangpur,Realme 11,Unlimited Data Max,6,10,Prepaid,0,9.0,3G
CUST-17398,19,Male,Rajshahi,Xiaomi Redmi Note 12,Student Special 4G,5,7,Prepaid,0,15.0,4G
CUST-17399,38,Male,Chattogram,iPhone 15 Pro,Unlimited Data Max,26,4,Prepaid,0,15.0,4G
CUST-17400,53,Male,Rangpur,Vivo Y20,Prepaid Saver 30D,41,7,Prepaid,0,15.0,4G
CUST-17401,59,Male,Rajshahi,iPhone 15 Pro,Prepaid Saver 30D,36,5,Prepaid,0,15.0,5G
CUST-17402,22,Male,Dhaka,Realme 11,Family Bundle,53,10,Postpaid,1,14.0,4G
CUST-17403,29,Female,Chattogram,iPhone 15 Pro,Prepaid Saver 30D,54,6,Prepaid,1,29.0,4G
CUST-17404,37,Male,Dhaka,iPhone 15 Pro,Unlimited Data Max,2,10,Prepaid,1,14.0,4G
CUST-17405,44,Male,Khulna,Xiaomi Redmi Note 12,Family Bundle,55,10,Postpaid,1,9.0,5G
CUST-17406,64,Female,Chattogram,Vivo Y20,Student Special 4G,4,7,Prepaid,0,15.0,5G
CUST-17407,50,Male,Dhaka,iPhone 15 Pro,Postpaid Corporate,65,10,Postpaid,0,9.0,4G
CUST-17408,43,Male,Sylhet,Samsung S23 Ultra,Prepaid Saver 30D,22,4,Prepaid,0,15.0,4G
CUST-17409,20,Male,Rajshahi,Samsung S23 Ultra,Prepaid Saver 30D,65,5,Prepaid,0,15.0,4G
CUST-17410,21,Male,Rajshahi,Xiaomi Redmi Note 12,Family Bundle,71,10,Postpaid,0,16.0,5G
CUST-17411,25,Male,Sylhet,Realme 11,Unlimited Data Max,8,7,Prepaid,1,15.0,4G
CUST-17412,49,Female,Barishal,Realme 11,Student Special 4G,28,5,Prepaid,0,22.0,5G
CUST-17413,33,Male,Chattogram,iPhone 15 Pro,Postpaid Corporate,8,5,Postpaid,1,15.0,4G
CUST-17414,29,Female,Mymensingh,Vivo Y20,Family Bundle,69,10,Postpaid,0,16.0,4G
CUST-17415,49,Male,Dhaka,Samsung S23 Ultra,Prepaid Saver 30D,36,8,Prepaid,1,9.0,4G
CUST-17416,56,Female,Chattogram,Xiaomi Redmi Note 12,Prepaid Saver 30D,60,8,Prepaid,0,9.0,4G
CUST-17417,38,Male,Rajshahi,Vivo Y20,Student Special 4G,42,7,Prepaid,0,15.0,4G
CUST-17418,59,Male,Barishal,Vivo Y20,Family Bundle,61,4,Postpaid,0,22.0,3G
CUST-17419,52,Male,Khulna,Realme 11,Family Bundle,43,10,Postpaid,0,9.0,4G
CUST-17420,51,Female,Khulna,iPhone 15 Pro,Prepaid Saver 30D,4,6,Prepaid,0,15.0,5G
CUST-17421,58,Female,Mymensingh,Realme 11,Prepaid Saver 30D,35,7,Prepaid,0,15.0,4G
CUST-17422,26,Male,Dhaka,iPhone 15 Pro,Student Special 4G,47,10,Prepaid,0,9.0,4G
CUST-17423,53,Male,Barishal,iPhone 15 Pro,Prepaid Saver 30D,70,4,Prepaid,0,15.0,4G
CUST-17424,63,Male,Rangpur,Xiaomi Redmi Note 12,Unlimited Data Max,60,9,Prepaid,0,16.0,4G
CUST-17425,64,Female,Sylhet,Realme 11,Unlimited Data Max,37,9,Prepaid,0,30.0,4G
CUST-17426,45,Male,Dhaka,iPhone 15 Pro,Unlimited Data Max,58,10,Prepaid,0,9.0,5G
CUST-17427,53,Female,Barishal,Vivo Y20,Unlimited Data Max,67,10,Prepaid,0,9.0,4G
CUST-17428,59,Male,Khulna,Vivo Y20,Prepaid Saver 30D,63,4,Prepaid,0,29.0,5G
CUST-17429,58,Male,Dhaka,iPhone 15 Pro,Family Bundle,71,7,Postpaid,1,15.0,4G
CUST-17430,60,Female,Chattogram,iPhone 15 Pro,Postpaid Corporate,26,7,Postpaid,0,29.0,5G
CUST-17431,57,Male,Chattogram,Samsung S23 Ultra,Unlimited Data Max,32,10,Prepaid,1,16.0,5G
CUST-17432,35,Male,Chattogram,Xiaomi Redmi Note 12,Postpaid Corporate,2,8,Postpaid,0,9.0,4G
CUST-17433,52,Male,Dhaka,Samsung S23 Ultra,Prepaid Saver 30D,10,8,Prepaid,0,16.0,5G
CUST-17434,37,Female,Dhaka,Vivo Y20,Student Special 4G,58,6,Prepaid,0,22.0,4G
CUST-17435,55,Male,Rangpur,Vivo Y20,Student Special 4G,24,9,Prepaid,0,9.0,4G
CUST-17436,56,Male,Dhaka,Vivo Y20,Unlimited Data Max,32,10,Prepaid,0,9.0,5G
CUST-17437,61,Female,Dhaka,iPhone 15 Pro,Family Bundle,26,9,Postpaid,1,28.0,5G
CUST-17438,45,Female,Chattogram,Realme 11,Unlimited Data Max,66,10,Prepaid,1,9.0,4G
CUST-17439,40,Male,Rangpur,Xiaomi Redmi Note 12,Postpaid Corporate,64,10,Postpaid,0,9.0,4G
CUST-17440,25,Male,Barishal,iPhone 15 Pro,Family Bundle,53,10,Postpaid,0,9.0,5G
CUST-17441,47,Female,Chattogram,Xiaomi Redmi Note 12,Student Special 4G,69,9,Prepaid,0,9.0,5G
CUST-17442,44,Male,Khulna,Samsung S23 Ultra,Unlimited Data Max,39,10,Prepaid,0,9.0,4G
CUST-17443,42,Male,Mymensingh,Vivo Y20,Unlimited Data Max,13,7,Prepaid,0,15.0,4G
CUST-17444,49,Female,Rajshahi,Samsung S23 Ultra,Unlimited Data Max,46,4,Prepaid,1,22.0,3G
CUST-17445,57,Female,Dhaka,iPhone 15 Pro,Unlimited Data Max,2,10,Prepaid,1,9.0,4G
CUST-17446,24,Male,Dhaka,iPhone 15 Pro,Unlimited Data Max,30,10,Prepaid,0,14.0,5G
CUST-17447,38,Female,Dhaka,Xiaomi Redmi Note 12,Unlimited Data Max,59,4,Prepaid,0,15.0,4G
CUST-17448,51,Female,Khulna,Realme 11,Prepaid Saver 30D,13,7,Prepaid,0,27.0,3G
CUST-17449,56,Female,Dhaka,Vivo Y20,Unlimited Data Max,40,6,Prepaid,0,15.0,4G
CUST-17450,54,Male,Dhaka,iPhone 15 Pro,Prepaid Saver 30D,56,9,Prepaid,0,14.0,4G
CUST-17451,55,Female,Barishal,iPhone 15 Pro,Postpaid Corporate,54,6,Postpaid,0,22.0,5G
CUST-17452,58,Female,Sylhet,Samsung S23 Ultra,Unlimited Data Max,43,10,Prepaid,1,14.0,5G
CUST-17453,63,Female,Chattogram,Xiaomi Redmi Note 12,Postpaid Corporate,24,9,Postpaid,0,16.0,4G
CUST-17454,46,Female,Dhaka,Vivo Y20,Student Special 4G,18,10,Prepaid,0,21.0,5G
CUST-17455,29,Male,Sylhet,Samsung S23 Ultra,Prepaid Saver 30D,12,10,Prepaid,0,16.0,4G
CUST-17456,44,Male,Rajshahi,Vivo Y20,Prepaid Saver 30D,53,6,Prepaid,0,15.0,4G
CUST-17457,51,Male,Khulna,iPhone 15 Pro,Postpaid Corporate,19,9,Postpaid,0,9.0,4G
CUST-17458,22,Female,Mymensingh,Vivo Y20,Prepaid Saver 30D,47,10,Prepaid,1,9.0,4G
CUST-17459,53,Male,Chattogram,Samsung S23 Ultra,Prepaid Saver 30D,4,8,Prepaid,0,14.0,5G
CUST-17460,43,Male,Rajshahi,Vivo Y20,Student Special 4G,21,10,Prepaid,1,23.0,3G
CUST-17461,62,Male,Dhaka,iPhone 15 Pro,Student Special 4G,28,4,Prepaid,0,15.0,4G
CUST-17462,27,Male,Sylhet,iPhone 15 Pro,Prepaid Saver 30D,55,10,Prepaid,0,16.0,4G
CUST-17463,60,Female,Chattogram,iPhone 15 Pro,Prepaid Saver 30D,8,10,Prepaid,0,9.0,4G
CUST-17464,39,Female,Khulna,Samsung S23 Ultra,Student Special 4G,34,7,Prepaid,0,15.0,5G
CUST-17465,44,Male,Khulna,Realme 11,Prepaid Saver 30D,33,6,Prepaid,0,22.0,5G
CUST-17466,49,Female,Chattogram,Samsung S23 Ultra,Postpaid Corporate,23,4,Postpaid,0,15.0,4G
CUST-17467,45,Male,Dhaka,Xiaomi Redmi Note 12,Unlimited Data Max,57,5,Prepaid,0,27.0,4G
CUST-17468,60,Female,Rajshahi,Vivo Y20,Unlimited Data Max,70,6,Prepaid,0,27.0,4G
CUST-17469,25,Female,Chattogram,Xiaomi Redmi Note 12,Prepaid Saver 30D,4,10,Prepaid,0,30.0,4G
CUST-17470,52,Male,Sylhet,Vivo Y20,Student Special 4G,67,10,Prepaid,1,14.0,4G
CUST-17471,63,Male,Dhaka,Realme 11,Prepaid Saver 30D,64,10,Prepaid,0,9.0,4G
CUST-17472,28,Female,Khulna,Realme 11,Family Bundle,60,7,Postpaid,1,15.0,5G
CUST-17473,29,Female,Khulna,Vivo Y20,Student Special 4G,9,6,Prepaid,0,15.0,5G
CUST-17474,40,Female,Dhaka,Samsung S23 Ultra,Student Special 4G,28,10,Prepaid,0,21.0,5G
CUST-17475,52,Male,Mymensingh,iPhone 15 Pro,Student Special 4G,47,9,Prepaid,0,16.0,4G
CUST-17476,63,Male,Rajshahi,iPhone 15 Pro,Prepaid Saver 30D,15,4,Prepaid,1,22.0,4G
CUST-17477,55,Female,Khulna,Samsung S23 Ultra,Prepaid Saver 30D,18,10,Prepaid,0,21.0,4G
CUST-17478,55,Female,Khulna,Samsung S23 Ultra,Unlimited Data Max,40,4,Prepaid,0,15.0,5G
CUST-17479,38,Female,Khulna,Samsung S23 Ultra,Prepaid Saver 30D,60,4,Prepaid,0,15.0,5G
CUST-17480,48,Male,Dhaka,Vivo Y20,Unlimited Data Max,12,10,Prepaid,0,9.0,4G
CUST-17481,27,Male,Chattogram,Vivo Y20,Student Special 4G,1,10,Prepaid,0,16.0,4G
CUST-17482,39,Female,Chattogram,Xiaomi Redmi Note 12,Student Special 4G,71,10,Prepaid,0,9.0,5G
CUST-17483,26,Female,Khulna,Vivo Y20,Unlimited Data Max,30,7,Prepaid,0,15.0,4G
CUST-17484,19,Female,Sylhet,iPhone 15 Pro,Prepaid Saver 30D,6,5,Prepaid,0,20.0,5G
CUST-17485,58,Male,Barishal,Xiaomi Redmi Note 12,Postpaid Corporate,69,8,Postpaid,0,9.0,5G
CUST-17486,55,Female,Khulna,Vivo Y20,Postpaid Corporate,20,9,Postpaid,0,16.0,5G
CUST-17487,42,Female,Dhaka,Samsung S23 Ultra,Family Bundle,9,4,Postpaid,0,15.0,4G
CUST-17488,18,Female,Khulna,Samsung S23 Ultra,Unlimited Data Max,48,10,Prepaid,0,9.0,4G
CUST-17489,22,Female,Rajshahi,Xiaomi Redmi Note 12,Unlimited Data Max,55,4,Prepaid,0,20.0,4G
CUST-17490,23,Female,Rajshahi,iPhone 15 Pro,Student Special 4G,9,8,Prepaid,0,9.0,4G
CUST-17491,51,Male,Rajshahi,Realme 11,Unlimited Data Max,52,5,Prepaid,0,22.0,5G
CUST-17492,27,Female,Rajshahi,Realme 11,Student Special 4G,27,4,Prepaid,1,15.0,4G
CUST-17493,29,Female,Chattogram,iPhone 15 Pro,Unlimited Data Max,23,7,Prepaid,0,15.0,4G
CUST-17494,58,Female,Dhaka,Samsung S23 Ultra,Prepaid Saver 30D,48,9,Prepaid,0,9.0,3G
CUST-17495,59,Female,Dhaka,Samsung S23 Ultra,Prepaid Saver 30D,5,10,Prepaid,0,9.0,5G
CUST-17496,53,Male,Sylhet,Xiaomi Redmi Note 12,Student Special 4G,12,4,Prepaid,1,29.0,4G
CUST-17497,32,Female,Rajshahi,iPhone 15 Pro,Unlimited Data Max,60,9,Prepaid,0,9.0,4G
CUST-17498,45,Female,Chattogram,Samsung S23 Ultra,Student Special 4G,70,10,Prepaid,0,16.0,4G
CUST-17499,27,Female,Chattogram,Realme 11,Student Special 4G,65,7,Prepaid,0,22.0,4G
CUST-17500,58,Female,Dhaka,Vivo Y20,Student Special 4G,56,10,Prepaid,0,16.0,5G
CUST-17501,21,Female,Sylhet,Vivo Y20,Family Bundle,10,8,Postpaid,0,9.0,3G
CUST-17502,52,Male,Chattogram,Samsung S23 Ultra,Student Special 4G,22,4,Prepaid,0,22.0,3G
CUST-17503,42,Male,Khulna,Samsung S23 Ultra,Student Special 4G,61,6,Prepaid,0,22.0,4G
CUST-17504,53,Female,Dhaka,Xiaomi Redmi Note 12,Prepaid Saver 30D,51,8,Prepaid,0,9.0,4G
CUST-17505,39,Female,Mymensingh,Vivo Y20,Student Special 4G,60,10,Prepaid,1,9.0,3G
CUST-17506,25,Male,Mymensingh,Xiaomi Redmi Note 12,Family Bundle,30,5,Postpaid,0,22.0,5G
CUST-17507,53,Female,Chattogram,Xiaomi Redmi Note 12,Postpaid Corporate,41,9,Postpaid,0,9.0,3G
CUST-17508,47,Male,Rajshahi,Vivo Y20,Unlimited Data Max,53,10,Prepaid,0,16.0,4G
CUST-17509,39,Male,Chattogram,Realme 11,Unlimited Data Max,56,7,Prepaid,0,15.0,5G
CUST-17510,35,Female,Rajshahi,Vivo Y20,Student Special 4G,52,5,Prepaid,0,15.0,4G
CUST-17511,34,Male,Chattogram,Vivo Y20,Family Bundle,3,10,Postpaid,0,16.0,4G
CUST-17512,40,Male,Khulna,Vivo Y20,Unlimited Data Max,15,10,Prepaid,0,16.0,4G
CUST-17513,30,Male,Dhaka,Xiaomi Redmi Note 12,Family Bundle,36,7,Postpaid,1,15.0,4G
CUST-17514,31,Male,Khulna,iPhone 15 Pro,Prepaid Saver 30D,50,10,Prepaid,0,9.0,4G
CUST-17515,31,Male,Dhaka,Samsung S23 Ultra,Prepaid Saver 30D,69,10,Prepaid,1,16.0,4G
CUST-17516,18,Male,Khulna,Realme 11,Family Bundle,22,5,Postpaid,0,15.0,4G
CUST-17517,61,Male,Barishal,iPhone 15 Pro,Family Bundle,56,9,Postpaid,0,9.0,4G
CUST-17518,29,Male,Dhaka,Samsung S23 Ultra,Prepaid Saver 30D,48,10,Prepaid,0,9.0,4G
CUST-17519,25,Male,Rangpur,Vivo Y20,Family Bundle,20,6,Postpaid,0,22.0,4G
CUST-17520,25,Female,Dhaka,Xiaomi Redmi Note 12,Student Special 4G,13,5,Prepaid,0,15.0,3G
CUST-17521,64,Female,Dhaka,Xiaomi Redmi Note 12,Student Special 4G,45,5,Prepaid,0,22.0,4G
CUST-17522,40,Male,Khulna,Realme 11,Student Special 4G,24,7,Prepaid,0,15.0,4G
CUST-17523,33,Male,Dhaka,iPhone 15 Pro,Prepaid Saver 30D,16,6,Prepaid,0,15.0,4G
CUST-17524,36,Female,Rangpur,Vivo Y20,Unlimited Data Max,16,10,Prepaid,0,16.0,4G
CUST-17525,22,Male,Dhaka,Xiaomi Redmi Note 12,Unlimited Data Max,16,10,Prepaid,0,9.0,4G
CUST-17526,32,Male,Sylhet,Xiaomi Redmi Note 12,Unlimited Data Max,7,8,Prepaid,0,16.0,5G
CUST-17527,29,Female,Rangpur,iPhone 15 Pro,Unlimited Data Max,14,10,Prepaid,0,21.0,3G
CUST-17528,55,Female,Dhaka,Realme 11,Unlimited Data Max,70,9,Prepaid,0,9.0,4G
CUST-17529,20,Male,Dhaka,iPhone 15 Pro,Prepaid Saver 30D,14,10,Prepaid,0,9.0,4G
CUST-17530,37,Female,Mymensingh,Realme 11,Prepaid Saver 30D,30,7,Prepaid,0,27.0,4G
CUST-17531,55,Male,Rajshahi,Vivo Y20,Unlimited Data Max,36,10,Prepaid,0,21.0,5G
CUST-17532,57,Male,Chattogram,Samsung S23 Ultra,Prepaid Saver 30D,50,10,Prepaid,0,16.0,4G
CUST-17533,42,Female,Chattogram,Xiaomi Redmi Note 12,Unlimited Data Max,22,10,Prepaid,0,9.0,5G
CUST-17534,28,Female,Chattogram,Realme 11,Unlimited Data Max,59,7,Prepaid,0,15.0,4G
CUST-17535,33,Female,Rajshahi,iPhone 15 Pro,Postpaid Corporate,56,7,Postpaid,0,22.0,4G
CUST-17536,28,Male,Rajshahi,Samsung S23 Ultra,Student Special 4G,37,4,Prepaid,1,15.0,4G
CUST-17537,49,Female,Chattogram,Xiaomi Redmi Note 12,Postpaid Corporate,64,10,Postpaid,0,16.0,5G
CUST-17538,31,Female,Khulna,Xiaomi Redmi Note 12,Postpaid Corporate,25,9,Postpaid,0,14.0,4G
CUST-17539,47,Male,Rajshahi,Vivo Y20,Family Bundle,35,7,Postpaid,1,20.0,5G
CUST-17540,48,Female,Sylhet,Vivo Y20,Postpaid Corporate,43,6,Postpaid,0,20.0,5G
CUST-17541,62,Male,Chattogram,Samsung S23 Ultra,Unlimited Data Max,14,10,Prepaid,0,23.0,4G
CUST-17542,35,Male,Dhaka,iPhone 15 Pro,Unlimited Data Max,6,10,Prepaid,0,9.0,3G
CUST-17543,63,Female,Dhaka,Samsung S23 Ultra,Postpaid Corporate,71,10,Postpaid,0,16.0,4G
CUST-17544,36,Female,Khulna,Vivo Y20,Postpaid Corporate,4,8,Postpaid,0,9.0,5G
CUST-17545,49,Female,Chattogram,iPhone 15 Pro,Student Special 4G,4,10,Prepaid,0,9.0,4G
CUST-17546,49,Male,Chattogram,Vivo Y20,Unlimited Data Max,8,10,Prepaid,0,16.0,4G
CUST-17547,56,Female,Rajshahi,Samsung S23 Ultra,Family Bundle,40,10,Postpaid,0,9.0,4G
CUST-17548,40,Male,Khulna,Xiaomi Redmi Note 12,Prepaid Saver 30D,20,7,Prepaid,1,22.0,4G
CUST-17549,55,Female,Chattogram,Samsung S23 Ultra,Family Bundle,16,10,Postpaid,0,28.0,4G
CUST-17550,34,Male,Dhaka,Xiaomi Redmi Note 12,Prepaid Saver 30D,62,10,Prepaid,0,9.0,5G
CUST-17551,41,Male,Chattogram,Samsung S23 Ultra,Unlimited Data Max,67,4,Prepaid,0,22.0,5G
CUST-17552,41,Female,Dhaka,Samsung S23 Ultra,Prepaid Saver 30D,63,5,Prepaid,0,20.0,4G
CUST-17553,51,Male,Dhaka,Samsung S23 Ultra,Unlimited Data Max,24,8,Prepaid,0,9.0,3G
CUST-17554,47,Male,Chattogram,Realme 11,Prepaid Saver 30D,7,10,Prepaid,0,9.0,4G
CUST-17555,21,Female,Barishal,Realme 11,Student Special 4G,69,10,Prepaid,0,9.0,4G
CUST-17556,56,Male,Rangpur,Xiaomi Redmi Note 12,Prepaid Saver 30D,39,10,Prepaid,0,9.0,4G
CUST-17557,53,Female,Rangpur,Samsung S23 Ultra,Unlimited Data Max,70,10,Prepaid,0,14.0,5G
CUST-17558,22,Male,Barishal,iPhone 15 Pro,Prepaid Saver 30D,12,10,Prepaid,0,9.0,4G
CUST-17559,63,Male,Mymensingh,iPhone 15 Pro,Postpaid Corporate,67,9,Postpaid,0,9.0,3G
CUST-17560,49,Male,Chattogram,Vivo Y20,Unlimited Data Max,22,8,Prepaid,1,23.0,4G
CUST-17561,21,Female,Rajshahi,Realme 11,Unlimited Data Max,57,7,Prepaid,1,20.0,4G
CUST-17562,41,Male,Rangpur,Samsung S23 Ultra,Student Special 4G,8,9,Prepaid,0,14.0,4G
CUST-17563,57,Male,Khulna,Samsung S23 Ultra,Unlimited Data Max,53,6,Prepaid,0,22.0,5G
CUST-17564,31,Female,Khulna,iPhone 15 Pro,Family Bundle,34,10,Postpaid,0,16.0,4G
CUST-17565,61,Female,Dhaka,iPhone 15 Pro,Unlimited Data Max,68,10,Prepaid,1,9.0,5G
CUST-17566,37,Male,Chattogram,Xiaomi Redmi Note 12,Postpaid Corporate,11,7,Postpaid,0,22.0,4G
CUST-17567,28,Male,Dhaka,Vivo Y20,Postpaid Corporate,16,10,Postpaid,0,16.0,4G
CUST-17568,34,Male,Chattogram,Samsung S23 Ultra,Unlimited Data Max,46,10,Prepaid,1,9.0,4G
CUST-17569,42,Female,Mymensingh,Xiaomi Redmi Note 12,Postpaid Corporate,58,10,Postpaid,0,16.0,4G
CUST-17570,50,Male,Dhaka,Xiaomi Redmi Note 12,Prepaid Saver 30D,64,5,Prepaid,1,27.0,4G
CUST-17571,61,Male,Chattogram,Realme 11,Prepaid Saver 30D,9,4,Prepaid,1,15.0,4G
CUST-17572,27,Male,Khulna,Xiaomi Redmi Note 12,Student Special 4G,1,10,Prepaid,1,16.0,4G
CUST-17573,63,Female,Rajshahi,Xiaomi Redmi Note 12,Family Bundle,26,5,Postpaid,1,15.0,3G
CUST-17574,42,Male,Khulna,iPhone 15 Pro,Unlimited Data Max,7,10,Prepaid,0,9.0,4G
CUST-17575,24,Female,Dhaka,Vivo Y20,Postpaid Corporate,29,8,Postpaid,0,9.0,4G
CUST-17576,61,Male,Rangpur,iPhone 15 Pro,Unlimited Data Max,34,10,Prepaid,0,9.0,4G
CUST-17577,34,Male,Barishal,Samsung S23 Ultra,Unlimited Data Max,71,5,Prepaid,1,29.0,4G
CUST-17578,47,Female,Khulna,Samsung S23 Ultra,Unlimited Data Max,3,7,Prepaid,0,36.0,4G
CUST-17579,50,Female,Dhaka,Samsung S23 Ultra,Postpaid Corporate,23,5,Postpaid,1,15.0,5G
CUST-17580,18,Female,Chattogram,iPhone 15 Pro,Postpaid Corporate,25,8,Postpaid,0,16.0,5G
CUST-17581,28,Female,Sylhet,Vivo Y20,Prepaid Saver 30D,40,4,Prepaid,0,22.0,4G
CUST-17582,50,Male,Dhaka,Samsung S23 Ultra,Family Bundle,23,6,Postpaid,0,15.0,4G
CUST-17583,33,Female,Dhaka,Samsung S23 Ultra,Student Special 4G,45,6,Prepaid,1,20.0,5G
CUST-17584,18,Male,Chattogram,Xiaomi Redmi Note 12,Unlimited Data Max,61,9,Prepaid,0,14.0,4G
CUST-17585,19,Male,Sylhet,Xiaomi Redmi Note 12,Unlimited Data Max,49,4,Prepaid,0,22.0,4G
CUST-17586,56,Female,Rangpur,Xiaomi Redmi Note 12,Prepaid Saver 30D,47,7,Prepaid,0,22.0,5G
CUST-17587,25,Female,Chattogram,Samsung S23 Ultra,Prepaid Saver 30D,9,10,Prepaid,0,9.0,4G
CUST-17588,22,Female,Khulna,iPhone 15 Pro,Unlimited Data Max,63,8,Prepaid,0,16.0,4G
CUST-17589,44,Female,Chattogram,iPhone 15 Pro,Unlimited Data Max,40,9,Prepaid,0,14.0,4G
CUST-17590,23,Male,Rajshahi,Realme 11,Prepaid Saver 30D,12,10,Prepaid,0,16.0,4G
CUST-17591,48,Female,Dhaka,Realme 11,Prepaid Saver 30D,46,9,Prepaid,1,9.0,4G
CUST-17592,43,Male,Chattogram,Vivo Y20,Postpaid Corporate,35,10,Postpaid,0,9.0,5G
CUST-17593,48,Male,Khulna,Xiaomi Redmi Note 12,Student Special 4G,65,10,Prepaid,0,16.0,3G
CUST-17594,41,Female,Rangpur,Xiaomi Redmi Note 12,Family Bundle,46,9,Postpaid,0,9.0,4G
CUST-17595,54,Female,Dhaka,Xiaomi Redmi Note 12,Student Special 4G,68,8,Prepaid,0,9.0,5G
CUST-17596,48,Male,Barishal,iPhone 15 Pro,Prepaid Saver 30D,70,7,Prepaid,0,15.0,4G
CUST-17597,37,Male,Sylhet,Samsung S23 Ultra,Prepaid Saver 30D,17,10,Prepaid,0,9.0,4G
CUST-17598,18,Male,Chattogram,Xiaomi Redmi Note 12,Unlimited Data Max,21,10,Prepaid,0,9.0,5G
CUST-17599,30,Male,Dhaka,iPhone 15 Pro,Family Bundle,15,5,Postpaid,0,15.0,3G
CUST-17600,24,Male,Khulna,iPhone 15 Pro,Prepaid Saver 30D,17,10,Prepaid,1,23.0,5G
CUST-17601,18,Male,Chattogram,Realme 11,Unlimited Data Max,49,6,Prepaid,0,15.0,5G
CUST-17602,30,Female,Chattogram,Samsung S23 Ultra,Postpaid Corporate,68,10,Postpaid,1,16.0,3G
CUST-17603,27,Male,Chattogram,Samsung S23 Ultra,Prepaid Saver 30D,35,7,Prepaid,0,34.0,4G
CUST-17604,21,Female,Chattogram,iPhone 15 Pro,Family Bundle,58,4,Postpaid,0,15.0,4G
CUST-17605,32,Male,Dhaka,Xiaomi Redmi Note 12,Unlimited Data Max,53,10,Prepaid,0,14.0,4G
CUST-17606,41,Female,Rangpur,Vivo Y20,Prepaid Saver 30D,19,10,Prepaid,0,16.0,3G
CUST-17607,26,Male,Chattogram,Xiaomi Redmi Note 12,Family Bundle,61,10,Postpaid,0,9.0,3G
CUST-17608,30,Male,Mymensingh,iPhone 15 Pro,Prepaid Saver 30D,35,10,Prepaid,0,9.0,4G
CUST-17609,18,Female,Dhaka,iPhone 15 Pro,Prepaid Saver 30D,1,8,Prepaid,1,9.0,5G
CUST-17610,20,Male,Barishal,iPhone 15 Pro,Postpaid Corporate,51,8,Postpaid,0,9.0,4G
CUST-17611,25,Female,Khulna,iPhone 15 Pro,Postpaid Corporate,63,10,Postpaid,0,30.0,3G
CUST-17612,39,Female,Dhaka,Realme 11,Unlimited Data Max,18,7,Prepaid,0,15.0,4G
CUST-17613,49,Male,Khulna,Realme 11,Prepaid Saver 30D,19,6,Prepaid,0,15.0,4G
CUST-17614,55,Male,Dhaka,Realme 11,Prepaid Saver 30D,52,9,Prepaid,0,9.0,4G
CUST-17615,47,Female,Mymensingh,iPhone 15 Pro,Unlimited Data Max,69,9,Prepaid,1,21.0,5G
CUST-17616,46,Male,Rangpur,iPhone 15 Pro,Prepaid Saver 30D,19,10,Prepaid,0,9.0,4G
CUST-17617,61,Female,Chattogram,Samsung S23 Ultra,Prepaid Saver 30D,31,5,Prepaid,0,34.0,4G
CUST-17618,30,Female,Sylhet,Realme 11,Postpaid Corporate,49,8,Postpaid,0,21.0,3G
CUST-17619,55,Female,Chattogram,Vivo Y20,Prepaid Saver 30D,61,9,Prepaid,0,9.0,4G
CUST-17620,62,Female,Chattogram,Samsung S23 Ultra,Prepaid Saver 30D,3,10,Prepaid,1,28.0,4G
CUST-17621,44,Female,Chattogram,Samsung S23 Ultra,Unlimited Data Max,15,6,Prepaid,0,15.0,3G
CUST-17622,57,Male,Rajshahi,iPhone 15 Pro,Prepaid Saver 30D,64,10,Prepaid,0,16.0,4G
CUST-17623,24,Female,Mymensingh,Realme 11,Unlimited Data Max,38,9,Prepaid,0,9.0,5G
CUST-17624,59,Male,Sylhet,iPhone 15 Pro,Family Bundle,54,10,Postpaid,0,16.0,5G
CUST-17625,44,Female,Mymensingh,Samsung S23 Ultra,Unlimited Data Max,5,8,Prepaid,0,9.0,5G
CUST-17626,28,Male,Dhaka,iPhone 15 Pro,Student Special 4G,7,5,Prepaid,0,22.0,4G
CUST-17627,20,Female,Rangpur,iPhone 15 Pro,Postpaid Corporate,53,9,Postpaid,0,9.0,3G
CUST-17628,51,Female,Sylhet,iPhone 15 Pro,Student Special 4G,27,10,Prepaid,0,9.0,4G
CUST-17629,38,Female,Rajshahi,Xiaomi Redmi Note 12,Student Special 4G,67,5,Prepaid,0,20.0,4G
CUST-17630,32,Male,Khulna,iPhone 15 Pro,Student Special 4G,31,10,Prepaid,1,9.0,5G
CUST-17631,36,Male,Rangpur,Samsung S23 Ultra,Prepaid Saver 30D,60,9,Prepaid,0,21.0,4G
CUST-17632,64,Female,Chattogram,Samsung S23 Ultra,Prepaid Saver 30D,39,10,Prepaid,0,9.0,5G
CUST-17633,38,Female,Rangpur,Realme 11,Postpaid Corporate,49,7,Postpaid,0,20.0,4G
CUST-17634,21,Female,Sylhet,Realme 11,Unlimited Data Max,47,10,Prepaid,0,9.0,4G
CUST-17635,31,Female,Mymensingh,iPhone 15 Pro,Prepaid Saver 30D,9,5,Prepaid,1,15.0,4G
CUST-17636,24,Male,Chattogram,Vivo Y20,Student Special 4G,57,9,Prepaid,0,9.0,3G
CUST-17637,50,Female,Chattogram,Xiaomi Redmi Note 12,Prepaid Saver 30D,70,9,Prepaid,0,28.0,4G
CUST-17638,55,Female,Sylhet,Realme 11,Prepaid Saver 30D,28,6,Prepaid,0,22.0,4G
CUST-17639,57,Female,Rangpur,Realme 11,Student Special 4G,25,5,Prepaid,0,15.0,5G
CUST-17640,47,Male,Rajshahi,iPhone 15 Pro,Unlimited Data Max,43,10,Prepaid,0,16.0,4G
CUST-17641,54,Male,Sylhet,Xiaomi Redmi Note 12,Student Special 4G,45,8,Prepaid,0,9.0,4G
CUST-17642,37,Male,Dhaka,Xiaomi Redmi Note 12,Student Special 4G,28,10,Prepaid,1,16.0,4G
CUST-17643,47,Male,Rangpur,Xiaomi Redmi Note 12,Unlimited Data Max,20,7,Prepaid,1,15.0,3G
CUST-17644,23,Female,Chattogram,Realme 11,Unlimited Data Max,69,10,Prepaid,1,16.0,4G
CUST-17645,43,Female,Chattogram,iPhone 15 Pro,Family Bundle,59,9,Postpaid,0,9.0,4G
CUST-17646,44,Female,Dhaka,Samsung S23 Ultra,Unlimited Data Max,41,8,Prepaid,0,9.0,4G
CUST-17647,19,Female,Dhaka,Samsung S23 Ultra,Family Bundle,27,8,Postpaid,0,14.0,3G
CUST-17648,43,Female,Dhaka,Xiaomi Redmi Note 12,Prepaid Saver 30D,26,6,Prepaid,0,20.0,4G
CUST-17649,51,Female,Rajshahi,Vivo Y20,Prepaid Saver 30D,28,5,Prepaid,0,22.0,4G
CUST-17650,35,Female,Barishal,iPhone 15 Pro,Postpaid Corporate,43,10,Postpaid,0,23.0,4G
CUST-17651,43,Female,Rajshahi,Xiaomi Redmi Note 12,Prepaid Saver 30D,1,6,Prepaid,0,20.0,4G
CUST-17652,31,Male,Chattogram,Samsung S23 Ultra,Prepaid Saver 30D,47,9,Prepaid,0,9.0,4G
CUST-17653,30,Female,Rangpur,Realme 11,Postpaid Corporate,41,9,Postpaid,0,9.0,4G
CUST-17654,24,Female,Chattogram,Samsung S23 Ultra,Prepaid Saver 30D,11,10,Prepaid,0,9.0,3G
CUST-17655,33,Female,Rajshahi,Xiaomi Redmi Note 12,Unlimited Data Max,18,10,Prepaid,0,9.0,4G
CUST-17656,55,Female,Khulna,Vivo Y20,Student Special 4G,20,5,Prepaid,0,15.0,4G
CUST-17657,61,Male,Dhaka,iPhone 15 Pro,Prepaid Saver 30D,66,4,Prepaid,0,20.0,5G
CUST-17658,47,Female,Dhaka,Vivo Y20,Postpaid Corporate,67,10,Postpaid,1,9.0,4G
CUST-17659,47,Female,Barishal,Samsung S23 Ultra,Prepaid Saver 30D,56,4,Prepaid,1,15.0,4G
CUST-17660,46,Male,Dhaka,Samsung S23 Ultra,Postpaid Corporate,49,10,Postpaid,1,14.0,4G
CUST-17661,40,Male,Chattogram,Samsung S23 Ultra,Unlimited Data Max,68,10,Prepaid,1,9.0,4G
CUST-17662,37,Female,Chattogram,iPhone 15 Pro,Family Bundle,53,10,Postpaid,0,14.0,4G
CUST-17663,47,Female,Rajshahi,Xiaomi Redmi Note 12,Prepaid Saver 30D,28,7,Prepaid,0,15.0,4G
CUST-17664,54,Female,Chattogram,Vivo Y20,Family Bundle,26,7,Postpaid,0,29.0,3G
CUST-17665,37,Male,Chattogram,iPhone 15 Pro,Student Special 4G,47,6,Prepaid,0,22.0,5G
CUST-17666,44,Female,Dhaka,iPhone 15 Pro,Postpaid Corporate,30,5,Postpaid,0,22.0,4G
CUST-17667,40,Female,Dhaka,Samsung S23 Ultra,Prepaid Saver 30D,33,6,Prepaid,1,29.0,4G
CUST-17668,31,Female,Dhaka,Realme 11,Unlimited Data Max,70,6,Prepaid,0,15.0,5G
CUST-17669,31,Male,Mymensingh,Xiaomi Redmi Note 12,Prepaid Saver 30D,65,10,Prepaid,0,16.0,3G
CUST-17670,21,Male,Khulna,Samsung S23 Ultra,Postpaid Corporate,44,8,Postpaid,0,16.0,4G
CUST-17671,38,Male,Dhaka,Xiaomi Redmi Note 12,Prepaid Saver 30D,24,9,Prepaid,1,23.0,4G
CUST-17672,51,Female,Dhaka,iPhone 15 Pro,Unlimited Data Max,32,10,Prepaid,1,23.0,4G
CUST-17673,50,Female,Dhaka,Xiaomi Redmi Note 12,Prepaid Saver 30D,24,5,Prepaid,0,15.0,4G
CUST-17674,64,Male,Mymensingh,iPhone 15 Pro,Unlimited Data Max,30,10,Prepaid,0,9.0,4G
CUST-17675,19,Female,Dhaka,Realme 11,Prepaid Saver 30D,26,8,Prepaid,1,16.0,4G
CUST-17676,53,Female,Rangpur,Samsung S23 Ultra,Prepaid Saver 30D,32,9,Prepaid,0,14.0,5G
CUST-17677,55,Male,Khulna,Xiaomi Redmi Note 12,Unlimited Data Max,36,6,Prepaid,0,15.0,4G
CUST-17678,38,Female,Mymensingh,Realme 11,Unlimited Data Max,46,6,Prepaid,0,15.0,4G
CUST-17679,31,Female,Dhaka,Samsung S23 Ultra,Unlimited Data Max,64,5,Prepaid,0,15.0,5G
CUST-17680,34,Male,Sylhet,Vivo Y20,Prepaid Saver 30D,38,9,Prepaid,1,30.0,3G
CUST-17681,50,Male,Dhaka,Realme 11,Family Bundle,15,10,Postpaid,0,9.0,4G
CUST-17682,58,Male,Dhaka,iPhone 15 Pro,Unlimited Data Max,14,4,Prepaid,0,15.0,5G
CUST-17683,48,Male,Rangpur,Xiaomi Redmi Note 12,Postpaid Corporate,47,8,Postpaid,1,16.0,4G
CUST-17684,42,Male,Khulna,Realme 11,Unlimited Data Max,71,7,Prepaid,0,15.0,4G
CUST-17685,48,Male,Dhaka,Xiaomi Redmi Note 12,Postpaid Corporate,22,10,Postpaid,0,9.0,5G
CUST-17686,21,Female,Dhaka,Realme 11,Unlimited Data Max,7,10,Prepaid,0,16.0,5G
CUST-17687,46,Female,Chattogram,Vivo Y20,Student Special 4G,6,10,Prepaid,0,16.0,4G
CUST-17688,19,Male,Rajshahi,iPhone 15 Pro,Postpaid Corporate,20,6,Postpaid,0,22.0,3G
CUST-17689,63,Female,Dhaka,Samsung S23 Ultra,Postpaid Corporate,68,6,Postpaid,0,15.0,3G
CUST-17690,59,Male,Barishal,Xiaomi Redmi Note 12,Unlimited Data Max,56,8,Prepaid,1,23.0,4G
CUST-17691,41,Female,Barishal,Xiaomi Redmi Note 12,Student Special 4G,56,5,Prepaid,0,29.0,5G
CUST-17692,35,Female,Sylhet,Realme 11,Unlimited Data Max,24,8,Prepaid,0,9.0,5G
CUST-17693,52,Female,Khulna,iPhone 15 Pro,Prepaid Saver 30D,68,6,Prepaid,0,15.0,5G
CUST-17694,47,Male,Dhaka,Vivo Y20,Student Special 4G,29,7,Prepaid,0,22.0,4G
CUST-17695,51,Female,Rangpur,Samsung S23 Ultra,Postpaid Corporate,29,10,Postpaid,0,9.0,4G
CUST-17696,42,Female,Dhaka,Xiaomi Redmi Note 12,Student Special 4G,67,5,Prepaid,0,15.0,5G
CUST-17697,29,Female,Rajshahi,Xiaomi Redmi Note 12,Postpaid Corporate,54,7,Postpaid,1,22.0,5G
CUST-17698,21,Male,Rajshahi,Realme 11,Student Special 4G,21,10,Prepaid,0,9.0,5G
CUST-17699,31,Female,Dhaka,iPhone 15 Pro,Prepaid Saver 30D,47,8,Prepaid,0,9.0,4G
CUST-17700,42,Male,Rajshahi,Vivo Y20,Prepaid Saver 30D,25,10,Prepaid,0,16.0,5G
CUST-17701,37,Male,Sylhet,Samsung S23 Ultra,Prepaid Saver 30D,44,4,Prepaid,0,29.0,5G
CUST-17702,41,Male,Chattogram,Vivo Y20,Prepaid Saver 30D,10,8,Prepaid,0,9.0,4G
CUST-17703,31,Male,Barishal,Xiaomi Redmi Note 12,Postpaid Corporate,3,4,Postpaid,0,29.0,3G
CUST-17704,62,Male,Rangpur,Xiaomi Redmi Note 12,Prepaid Saver 30D,69,4,Prepaid,1,22.0,4G
CUST-17705,35,Male,Dhaka,iPhone 15 Pro,Postpaid Corporate,6,8,Postpaid,0,14.0,4G
CUST-17706,57,Female,Khulna,iPhone 15 Pro,Unlimited Data Max,29,6,Prepaid,0,15.0,5G
CUST-17707,36,Female,Chattogram,Xiaomi Redmi Note 12,Prepaid Saver 30D,14,5,Prepaid,0,15.0,4G
CUST-17708,38,Male,Rangpur,iPhone 15 Pro,Family Bundle,2,10,Postpaid,0,23.0,4G
CUST-17709,46,Female,Rajshahi,Samsung S23 Ultra,Unlimited Data Max,54,10,Prepaid,0,16.0,3G
CUST-17710,30,Female,Sylhet,Xiaomi Redmi Note 12,Unlimited Data Max,21,8,Prepaid,1,23.0,4G
CUST-17711,28,Male,Dhaka,Xiaomi Redmi Note 12,Postpaid Corporate,57,10,Postpaid,1,14.0,4G
CUST-17712,35,Male,Sylhet,Realme 11,Unlimited Data Max,40,4,Prepaid,0,20.0,5G
CUST-17713,55,Female,Dhaka,Xiaomi Redmi Note 12,Prepaid Saver 30D,46,10,Prepaid,0,23.0,3G
CUST-17714,24,Male,Khulna,Xiaomi Redmi Note 12,Postpaid Corporate,48,10,Postpaid,0,16.0,4G
CUST-17715,38,Female,Mymensingh,Xiaomi Redmi Note 12,Prepaid Saver 30D,14,8,Prepaid,1,14.0,5G
CUST-17716,49,Female,Dhaka,Xiaomi Redmi Note 12,Family Bundle,33,10,Postpaid,0,9.0,4G
CUST-17717,51,Male,Khulna,Realme 11,Student Special 4G,56,6,Prepaid,0,15.0,5G
CUST-17718,38,Male,Chattogram,Realme 11,Prepaid Saver 30D,17,10,Prepaid,0,9.0,5G
CUST-17719,21,Male,Dhaka,Vivo Y20,Family Bundle,9,8,Postpaid,0,9.0,4G
CUST-17720,18,Female,Mymensingh,Xiaomi Redmi Note 12,Prepaid Saver 30D,30,6,Prepaid,0,15.0,4G
CUST-17721,40,Male,Barishal,Samsung S23 Ultra,Unlimited Data Max,64,5,Prepaid,1,29.0,4G
CUST-17722,56,Female,Mymensingh,Xiaomi Redmi Note 12,Postpaid Corporate,23,10,Postpaid,0,9.0,4G
CUST-17723,19,Male,Dhaka,iPhone 15 Pro,Prepaid Saver 30D,28,10,Prepaid,0,9.0,4G
CUST-17724,59,Female,Dhaka,Samsung S23 Ultra,Prepaid Saver 30D,9,10,Prepaid,1,30.0,4G
CUST-17725,49,Female,Mymensingh,Vivo Y20,Prepaid Saver 30D,52,10,Prepaid,0,28.0,5G
CUST-17726,18,Male,Chattogram,Realme 11,Unlimited Data Max,24,10,Prepaid,0,9.0,4G
CUST-17727,34,Female,Sylhet,Realme 11,Unlimited Data Max,13,6,Prepaid,0,15.0,4G
CUST-17728,28,Male,Sylhet,Realme 11,Prepaid Saver 30D,8,7,Prepaid,0,15.0,4G
CUST-17729,62,Male,Dhaka,Vivo Y20,Family Bundle,23,10,Postpaid,1,9.0,4G
CUST-17730,44,Female,Dhaka,Realme 11,Student Special 4G,15,10,Prepaid,0,9.0,3G
CUST-17731,33,Male,Chattogram,Realme 11,Prepaid Saver 30D,36,6,Prepaid,0,15.0,4G
CUST-17732,31,Male,Rajshahi,Realme 11,Prepaid Saver 30D,31,4,Prepaid,0,20.0,4G
CUST-17733,44,Male,Chattogram,Realme 11,Unlimited Data Max,36,10,Prepaid,0,9.0,4G
CUST-17734,18,Female,Sylhet,Realme 11,Prepaid Saver 30D,27,10,Prepaid,0,16.0,4G
CUST-17735,30,Male,Sylhet,Samsung S23 Ultra,Postpaid Corporate,7,8,Postpaid,0,9.0,4G
CUST-17736,25,Male,Chattogram,Xiaomi Redmi Note 12,Student Special 4G,56,10,Prepaid,0,9.0,4G
CUST-17737,47,Male,Mymensingh,iPhone 15 Pro,Prepaid Saver 30D,39,10,Prepaid,0,9.0,4G
CUST-17738,49,Male,Dhaka,Vivo Y20,Family Bundle,14,10,Postpaid,0,9.0,4G
CUST-17739,39,Female,Khulna,Xiaomi Redmi Note 12,Student Special 4G,6,10,Prepaid,0,9.0,4G
CUST-17740,24,Female,Chattogram,Xiaomi Redmi Note 12,Unlimited Data Max,67,10,Prepaid,1,21.0,5G
CUST-17741,35,Female,Rajshahi,Xiaomi Redmi Note 12,Family Bundle,66,7,Postpaid,0,15.0,5G
CUST-17742,57,Male,Chattogram,Realme 11,Unlimited Data Max,14,10,Prepaid,0,9.0,4G
CUST-17743,27,Female,Rangpur,Realme 11,Family Bundle,30,9,Postpaid,0,16.0,4G
CUST-17744,25,Male,Dhaka,iPhone 15 Pro,Postpaid Corporate,42,7,Postpaid,0,22.0,4G
CUST-17745,23,Male,Mymensingh,Vivo Y20,Prepaid Saver 30D,32,6,Prepaid,0,15.0,4G
CUST-17746,56,Male,Sylhet,Realme 11,Prepaid Saver 30D,60,10,Prepaid,0,9.0,4G
CUST-17747,23,Female,Rajshahi,iPhone 15 Pro,Prepaid Saver 30D,41,10,Prepaid,0,9.0,4G
CUST-17748,45,Male,Khulna,Realme 11,Student Special 4G,19,6,Prepaid,0,15.0,5G
CUST-17749,64,Male,Dhaka,Xiaomi Redmi Note 12,Student Special 4G,56,8,Prepaid,0,9.0,4G
CUST-17750,48,Female,Dhaka,iPhone 15 Pro,Prepaid Saver 30D,63,10,Prepaid,0,9.0,3G
CUST-17751,37,Male,Dhaka,Vivo Y20,Student Special 4G,5,10,Prepaid,0,23.0,4G
CUST-17752,27,Female,Sylhet,iPhone 15 Pro,Prepaid Saver 30D,61,8,Prepaid,0,16.0,4G
CUST-17753,18,Female,Dhaka,Vivo Y20,Prepaid Saver 30D,50,10,Prepaid,1,9.0,4G
CUST-17754,25,Male,Dhaka,Realme 11,Unlimited Data Max,66,10,Prepaid,0,16.0,4G
CUST-17755,62,Female,Rajshahi,Vivo Y20,Student Special 4G,65,6,Prepaid,0,22.0,4G
CUST-17756,24,Female,Dhaka,Realme 11,Postpaid Corporate,4,8,Postpaid,0,16.0,4G
CUST-17757,18,Male,Rangpur,Realme 11,Prepaid Saver 30D,32,5,Prepaid,0,22.0,4G
CUST-17758,56,Male,Chattogram,Samsung S23 Ultra,Postpaid Corporate,6,4,Postpaid,0,15.0,4G
CUST-17759,37,Male,Barishal,Vivo Y20,Student Special 4G,1,10,Prepaid,1,16.0,4G
CUST-17760,34,Male,Khulna,Realme 11,Unlimited Data Max,66,4,Prepaid,0,27.0,5G
CUST-17761,51,Female,Dhaka,iPhone 15 Pro,Prepaid Saver 30D,18,7,Prepaid,0,22.0,4G
CUST-17762,42,Male,Sylhet,iPhone 15 Pro,Prepaid Saver 30D,5,5,Prepaid,0,15.0,4G
CUST-17763,60,Female,Dhaka,Samsung S23 Ultra,Unlimited Data Max,67,6,Prepaid,1,22.0,4G
CUST-17764,39,Female,Chattogram,iPhone 15 Pro,Prepaid Saver 30D,29,6,Prepaid,0,27.0,4G
CUST-17765,51,Female,Dhaka,Samsung S23 Ultra,Student Special 4G,9,9,Prepaid,0,16.0,5G
CUST-17766,59,Male,Dhaka,Vivo Y20,Prepaid Saver 30D,19,10,Prepaid,0,16.0,4G
CUST-17767,39,Male,Khulna,Xiaomi Redmi Note 12,Student Special 4G,1,9,Prepaid,0,9.0,5G
CUST-17768,31,Male,Dhaka,Realme 11,Family Bundle,49,10,Postpaid,0,9.0,4G
CUST-17769,63,Male,Khulna,Vivo Y20,Unlimited Data Max,67,9,Prepaid,0,16.0,3G
CUST-17770,28,Female,Rangpur,Vivo Y20,Prepaid Saver 30D,28,10,Prepaid,0,23.0,4G
CUST-17771,19,Male,Dhaka,Xiaomi Redmi Note 12,Unlimited Data Max,62,6,Prepaid,1,34.0,4G
CUST-17772,45,Female,Mymensingh,Samsung S23 Ultra,Postpaid Corporate,25,7,Postpaid,0,22.0,4G
CUST-17773,64,Male,Chattogram,Realme 11,Prepaid Saver 30D,33,5,Prepaid,1,15.0,3G
CUST-17774,22,Male,Rajshahi,Vivo Y20,Prepaid Saver 30D,16,9,Prepaid,0,14.0,4G
CUST-17775,57,Female,Dhaka,iPhone 15 Pro,Student Special 4G,1,5,Prepaid,0,15.0,4G
CUST-17776,57,Female,Khulna,Samsung S23 Ultra,Student Special 4G,12,10,Prepaid,0,14.0,4G
CUST-17777,61,Female,Dhaka,Realme 11,Prepaid Saver 30D,42,10,Prepaid,0,9.0,4G
CUST-17778,37,Female,Chattogram,Realme 11,Student Special 4G,8,10,Prepaid,0,9.0,3G
CUST-17779,29,Male,Dhaka,Samsung S23 Ultra,Family Bundle,58,8,Postpaid,0,16.0,4G
CUST-17780,42,Male,Chattogram,Samsung S23 Ultra,Postpaid Corporate,66,10,Postpaid,0,23.0,4G
CUST-17781,24,Female,Rangpur,Xiaomi Redmi Note 12,Unlimited Data Max,21,8,Prepaid,0,16.0,3G
CUST-17782,57,Male,Dhaka,Samsung S23 Ultra,Student Special 4G,20,10,Prepaid,0,16.0,4G
CUST-17783,49,Female,Sylhet,Samsung S23 Ultra,Student Special 4G,13,10,Prepaid,0,9.0,4G
CUST-17784,40,Female,Dhaka,iPhone 15 Pro,Prepaid Saver 30D,30,9,Prepaid,0,9.0,4G
CUST-17785,42,Female,Chattogram,Xiaomi Redmi Note 12,Postpaid Corporate,65,10,Postpaid,0,30.0,5G
CUST-17786,51,Male,Dhaka,Vivo Y20,Prepaid Saver 30D,28,9,Prepaid,0,16.0,4G
CUST-17787,42,Male,Chattogram,Xiaomi Redmi Note 12,Prepaid Saver 30D,55,4,Prepaid,0,29.0,4G
CUST-17788,57,Male,Rangpur,Vivo Y20,Student Special 4G,23,8,Prepaid,0,9.0,5G
CUST-17789,61,Male,Chattogram,Realme 11,Student Special 4G,32,10,Prepaid,0,9.0,4G
CUST-17790,62,Female,Rangpur,iPhone 15 Pro,Unlimited Data Max,36,10,Prepaid,0,16.0,5G
CUST-17791,47,Male,Barishal,Xiaomi Redmi Note 12,Unlimited Data Max,65,6,Prepaid,0,29.0,4G
CUST-17792,52,Female,Dhaka,Samsung S23 Ultra,Prepaid Saver 30D,36,6,Prepaid,0,15.0,4G
CUST-17793,32,Male,Chattogram,Vivo Y20,Prepaid Saver 30D,44,10,Prepaid,0,23.0,5G
CUST-17794,19,Female,Mymensingh,iPhone 15 Pro,Student Special 4G,61,10,Prepaid,0,9.0,5G
CUST-17795,36,Male,Dhaka,Vivo Y20,Unlimited Data Max,68,5,Prepaid,0,20.0,4G
CUST-17796,58,Female,Sylhet,Realme 11,Student Special 4G,64,8,Prepaid,0,9.0,4G
CUST-17797,24,Male,Dhaka,iPhone 15 Pro,Prepaid Saver 30D,8,5,Prepaid,1,15.0,4G
CUST-17798,43,Female,Barishal,Xiaomi Redmi Note 12,Postpaid Corporate,8,6,Postpaid,0,15.0,5G
CUST-17799,27,Male,Rajshahi,Samsung S23 Ultra,Prepaid Saver 30D,31,10,Prepaid,0,23.0,4G
CUST-17800,38,Male,Khulna,Realme 11,Student Special 4G,25,4,Prepaid,0,15.0,4G
CUST-17801,24,Male,Rangpur,Samsung S23 Ultra,Prepaid Saver 30D,49,9,Prepaid,1,9.0,4G
CUST-17802,52,Male,Dhaka,Realme 11,Prepaid Saver 30D,31,8,Prepaid,0,9.0,4G
CUST-17803,56,Female,Rajshahi,Samsung S23 Ultra,Postpaid Corporate,29,7,Postpaid,0,29.0,4G
CUST-17804,53,Male,Chattogram,Samsung S23 Ultra,Prepaid Saver 30D,7,10,Prepaid,0,14.0,4G
CUST-17805,51,Female,Sylhet,iPhone 15 Pro,Prepaid Saver 30D,25,10,Prepaid,0,9.0,4G
CUST-17806,29,Female,Chattogram,Samsung S23 Ultra,Family Bundle,41,4,Postpaid,1,20.0,4G
CUST-17807,42,Male,Rangpur,Vivo Y20,Postpaid Corporate,50,6,Postpaid,1,20.0,3G
CUST-17808,22,Male,Chattogram,Vivo Y20,Unlimited Data Max,12,6,Prepaid,0,15.0,5G
CUST-17809,35,Female,Rajshahi,Vivo Y20,Postpaid Corporate,44,4,Postpaid,0,15.0,4G
CUST-17810,41,Female,Rangpur,Realme 11,Prepaid Saver 30D,41,9,Prepaid,0,9.0,4G
CUST-17811,49,Male,Rangpur,iPhone 15 Pro,Prepaid Saver 30D,21,7,Prepaid,0,20.0,4G
CUST-17812,22,Female,Dhaka,Realme 11,Unlimited Data Max,64,7,Prepaid,1,22.0,4G
CUST-17813,56,Male,Dhaka,Realme 11,Unlimited Data Max,32,10,Prepaid,0,9.0,4G
CUST-17814,39,Male,Rangpur,iPhone 15 Pro,Prepaid Saver 30D,19,10,Prepaid,0,16.0,5G
CUST-17815,59,Female,Khulna,Vivo Y20,Prepaid Saver 30D,51,10,Prepaid,1,23.0,4G
CUST-17816,42,Female,Khulna,Vivo Y20,Prepaid Saver 30D,14,10,Prepaid,0,9.0,4G
CUST-17817,43,Male,Chattogram,iPhone 15 Pro,Unlimited Data Max,45,8,Prepaid,0,9.0,4G
CUST-17818,50,Female,Dhaka,Xiaomi Redmi Note 12,Unlimited Data Max,49,8,Prepaid,0,16.0,4G
CUST-17819,56,Male,Dhaka,Vivo Y20,Unlimited Data Max,33,9,Prepaid,0,16.0,4G
CUST-17820,25,Female,Mymensingh,iPhone 15 Pro,Prepaid Saver 30D,15,6,Prepaid,0,15.0,4G
CUST-17821,42,Male,Chattogram,Vivo Y20,Prepaid Saver 30D,19,9,Prepaid,0,16.0,4G
CUST-17822,19,Male,Dhaka,iPhone 15 Pro,Prepaid Saver 30D,16,7,Prepaid,0,15.0,5G
CUST-17823,40,Female,Rangpur,Vivo Y20,Prepaid Saver 30D,9,7,Prepaid,1,15.0,4G
CUST-17824,56,Male,Khulna,iPhone 15 Pro,Prepaid Saver 30D,71,10,Prepaid,0,9.0,4G
CUST-17825,58,Female,Rangpur,Realme 11,Postpaid Corporate,60,4,Postpaid,0,15.0,4G
CUST-17826,31,Female,Chattogram,Xiaomi Redmi Note 12,Postpaid Corporate,38,10,Postpaid,0,9.0,4G
CUST-17827,36,Male,Dhaka,iPhone 15 Pro,Postpaid Corporate,59,5,Postpaid,0,29.0,4G
CUST-17828,43,Female,Dhaka,Xiaomi Redmi Note 12,Prepaid Saver 30D,47,7,Prepaid,1,15.0,4G
CUST-17829,36,Male,Dhaka,iPhone 15 Pro,Prepaid Saver 30D,44,10,Prepaid,0,16.0,4G
CUST-17830,26,Female,Mymensingh,Realme 11,Prepaid Saver 30D,51,10,Prepaid,0,14.0,5G
CUST-17831,32,Male,Chattogram,Vivo Y20,Family Bundle,41,10,Postpaid,1,23.0,4G
CUST-17832,36,Female,Dhaka,Xiaomi Redmi Note 12,Prepaid Saver 30D,40,10,Prepaid,0,16.0,4G
CUST-17833,42,Female,Chattogram,iPhone 15 Pro,Postpaid Corporate,10,7,Postpaid,0,22.0,4G
CUST-17834,61,Female,Khulna,Realme 11,Prepaid Saver 30D,44,7,Prepaid,0,29.0,5G
CUST-17835,43,Male,Rangpur,Xiaomi Redmi Note 12,Family Bundle,32,7,Postpaid,1,15.0,3G
CUST-17836,36,Male,Barishal,Vivo Y20,Prepaid Saver 30D,18,10,Prepaid,0,23.0,5G
CUST-17837,49,Female,Dhaka,iPhone 15 Pro,Prepaid Saver 30D,35,10,Prepaid,0,16.0,5G
CUST-17838,54,Female,Dhaka,Xiaomi Redmi Note 12,Prepaid Saver 30D,60,4,Prepaid,1,29.0,4G
CUST-17839,38,Female,Rajshahi,Xiaomi Redmi Note 12,Postpaid Corporate,33,4,Postpaid,0,15.0,4G
CUST-17840,40,Male,Chattogram,Vivo Y20,Postpaid Corporate,34,5,Postpaid,0,22.0,4G
CUST-17841,28,Male,Dhaka,Samsung S23 Ultra,Postpaid Corporate,18,9,Postpaid,0,9.0,5G
CUST-17842,58,Female,Rajshahi,Realme 11,Postpaid Corporate,58,10,Postpaid,0,16.0,4G
CUST-17843,58,Female,Khulna,Vivo Y20,Prepaid Saver 30D,9,8,Prepaid,0,9.0,3G
CUST-17844,26,Male,Rajshahi,iPhone 15 Pro,Unlimited Data Max,60,6,Prepaid,0,22.0,4G
CUST-17845,34,Male,Dhaka,Xiaomi Redmi Note 12,Student Special 4G,67,8,Prepaid,0,16.0,4G
CUST-17846,30,Male,Sylhet,iPhone 15 Pro,Prepaid Saver 30D,13,10,Prepaid,0,16.0,4G
CUST-17847,61,Male,Chattogram,Xiaomi Redmi Note 12,Unlimited Data Max,40,4,Prepaid,0,15.0,4G
CUST-17848,21,Female,Chattogram,Vivo Y20,Unlimited Data Max,42,10,Prepaid,0,16.0,4G
CUST-17849,27,Male,Dhaka,iPhone 15 Pro,Prepaid Saver 30D,62,10,Prepaid,0,28.0,4G
CUST-17850,32,Female,Dhaka,iPhone 15 Pro,Prepaid Saver 30D,24,10,Prepaid,0,9.0,5G
CUST-17851,44,Male,Mymensingh,Xiaomi Redmi Note 12,Postpaid Corporate,48,5,Postpaid,0,15.0,4G
CUST-17852,29,Male,Chattogram,Xiaomi Redmi Note 12,Postpaid Corporate,8,10,Postpaid,0,16.0,5G
CUST-17853,43,Female,Chattogram,Realme 11,Unlimited Data Max,59,5,Prepaid,0,22.0,4G
CUST-17854,53,Female,Rajshahi,Samsung S23 Ultra,Prepaid Saver 30D,54,8,Prepaid,0,9.0,4G
CUST-17855,56,Female,Dhaka,Vivo Y20,Student Special 4G,16,7,Prepaid,0,15.0,5G
CUST-17856,22,Female,Rajshahi,Realme 11,Student Special 4G,9,10,Prepaid,1,30.0,4G
CUST-17857,24,Male,Mymensingh,Vivo Y20,Student Special 4G,8,10,Prepaid,0,9.0,5G
CUST-17858,22,Female,Chattogram,Xiaomi Redmi Note 12,Unlimited Data Max,59,10,Prepaid,0,9.0,4G
CUST-17859,60,Male,Rajshahi,Xiaomi Redmi Note 12,Family Bundle,44,10,Postpaid,0,16.0,4G
CUST-17860,48,Female,Rangpur,iPhone 15 Pro,Student Special 4G,27,10,Prepaid,0,9.0,5G
CUST-17861,42,Female,Rajshahi,Vivo Y20,Prepaid Saver 30D,40,9,Prepaid,0,9.0,4G
CUST-17862,55,Female,Barishal,Samsung S23 Ultra,Postpaid Corporate,40,9,Postpaid,0,9.0,4G
CUST-17863,45,Male,Khulna,Xiaomi Redmi Note 12,Prepaid Saver 30D,7,9,Prepaid,1,21.0,5G
CUST-17864,29,Male,Rangpur,iPhone 15 Pro,Postpaid Corporate,32,6,Postpaid,1,15.0,5G
CUST-17865,41,Male,Khulna,Realme 11,Student Special 4G,44,8,Prepaid,0,9.0,4G
CUST-17866,51,Female,Dhaka,Vivo Y20,Prepaid Saver 30D,44,9,Prepaid,0,9.0,4G
CUST-17867,19,Female,Chattogram,Realme 11,Unlimited Data Max,13,4,Prepaid,0,15.0,3G
CUST-17868,46,Female,Mymensingh,Samsung S23 Ultra,Prepaid Saver 30D,66,7,Prepaid,0,15.0,3G
CUST-17869,41,Female,Rajshahi,iPhone 15 Pro,Postpaid Corporate,8,6,Postpaid,0,22.0,5G
CUST-17870,21,Male,Rangpur,Samsung S23 Ultra,Postpaid Corporate,62,10,Postpaid,1,9.0,4G
CUST-17871,30,Female,Rangpur,Xiaomi Redmi Note 12,Prepaid Saver 30D,70,7,Prepaid,0,15.0,4G
CUST-17872,39,Female,Dhaka,Samsung S23 Ultra,Family Bundle,54,5,Postpaid,1,15.0,4G
CUST-17873,34,Male,Khulna,Realme 11,Unlimited Data Max,40,9,Prepaid,0,16.0,3G
CUST-17874,31,Female,Chattogram,Xiaomi Redmi Note 12,Unlimited Data Max,14,8,Prepaid,0,9.0,4G
CUST-17875,48,Male,Chattogram,iPhone 15 Pro,Prepaid Saver 30D,24,10,Prepaid,0,16.0,4G
CUST-17876,37,Female,Chattogram,Vivo Y20,Student Special 4G,39,10,Prepaid,0,9.0,4G
CUST-17877,41,Male,Sylhet,Realme 11,Student Special 4G,7,10,Prepaid,0,9.0,5G
CUST-17878,55,Male,Chattogram,Realme 11,Student Special 4G,51,10,Prepaid,0,14.0,4G
CUST-17879,22,Female,Dhaka,iPhone 15 Pro,Student Special 4G,66,9,Prepaid,0,21.0,4G
CUST-17880,34,Female,Dhaka,iPhone 15 Pro,Prepaid Saver 30D,53,6,Prepaid,0,20.0,4G
CUST-17881,21,Male,Dhaka,Xiaomi Redmi Note 12,Prepaid Saver 30D,67,10,Prepaid,0,16.0,4G
CUST-17882,61,Male,Khulna,Realme 11,Postpaid Corporate,34,8,Postpaid,0,9.0,4G
CUST-17883,26,Male,Barishal,Vivo Y20,Prepaid Saver 30D,19,10,Prepaid,0,16.0,5G
CUST-17884,56,Male,Dhaka,Realme 11,Prepaid Saver 30D,2,10,Prepaid,0,9.0,4G
CUST-17885,26,Male,Dhaka,Samsung S23 Ultra,Unlimited Data Max,31,6,Prepaid,0,15.0,4G
CUST-17886,33,Male,Rajshahi,Vivo Y20,Prepaid Saver 30D,9,10,Prepaid,0,9.0,4G
CUST-17887,46,Female,Mymensingh,iPhone 15 Pro,Prepaid Saver 30D,46,8,Prepaid,0,9.0,4G
CUST-17888,57,Female,Rangpur,Samsung S23 Ultra,Unlimited Data Max,57,10,Prepaid,0,9.0,4G
CUST-17889,26,Female,Dhaka,Xiaomi Redmi Note 12,Family Bundle,8,10,Postpaid,0,23.0,4G
CUST-17890,28,Male,Chattogram,Xiaomi Redmi Note 12,Unlimited Data Max,37,10,Prepaid,0,9.0,4G
CUST-17891,59,Female,Dhaka,Samsung S23 Ultra,Family Bundle,39,9,Postpaid,0,23.0,4G
CUST-17892,33,Female,Sylhet,iPhone 15 Pro,Unlimited Data Max,23,10,Prepaid,1,9.0,3G
CUST-17893,27,Male,Chattogram,iPhone 15 Pro,Student Special 4G,16,10,Prepaid,1,28.0,5G
CUST-17894,52,Female,Chattogram,Xiaomi Redmi Note 12,Prepaid Saver 30D,51,5,Prepaid,0,22.0,4G
CUST-17895,22,Female,Sylhet,Realme 11,Unlimited Data Max,16,9,Prepaid,0,9.0,4G
CUST-17896,58,Male,Sylhet,Realme 11,Unlimited Data Max,3,10,Prepaid,0,9.0,4G
CUST-17897,59,Male,Chattogram,Samsung S23 Ultra,Prepaid Saver 30D,43,10,Prepaid,0,16.0,4G
CUST-17898,58,Male,Rajshahi,Samsung S23 Ultra,Student Special 4G,5,9,Prepaid,0,14.0,3G
CUST-17899,31,Male,Dhaka,Realme 11,Unlimited Data Max,23,5,Prepaid,0,22.0,4G
CUST-17900,23,Male,Dhaka,Vivo Y20,Unlimited Data Max,7,10,Prepaid,0,9.0,4G
CUST-17901,37,Male,Dhaka,Samsung S23 Ultra,Postpaid Corporate,40,10,Postpaid,0,28.0,5G
CUST-17902,33,Male,Sylhet,iPhone 15 Pro,Postpaid Corporate,16,10,Postpaid,0,14.0,5G
CUST-17903,63,Female,Chattogram,Samsung S23 Ultra,Prepaid Saver 30D,19,6,Prepaid,1,15.0,5G
CUST-17904,47,Male,Rajshahi,Xiaomi Redmi Note 12,Unlimited Data Max,29,5,Prepaid,0,22.0,4G
CUST-17905,62,Male,Barishal,iPhone 15 Pro,Prepaid Saver 30D,35,4,Prepaid,1,22.0,3G
CUST-17906,53,Male,Khulna,Samsung S23 Ultra,Unlimited Data Max,52,8,Prepaid,0,16.0,4G
CUST-17907,51,Female,Mymensingh,Vivo Y20,Postpaid Corporate,67,5,Postpaid,1,15.0,4G
CUST-17908,23,Female,Rajshahi,Realme 11,Prepaid Saver 30D,43,10,Prepaid,0,9.0,4G
CUST-17909,21,Male,Sylhet,Xiaomi Redmi Note 12,Family Bundle,35,9,Postpaid,0,16.0,4G
CUST-17910,20,Female,Rajshahi,Realme 11,Prepaid Saver 30D,42,7,Prepaid,0,15.0,5G
CUST-17911,45,Male,Rajshahi,iPhone 15 Pro,Prepaid Saver 30D,36,6,Prepaid,0,15.0,4G
CUST-17912,27,Male,Dhaka,Vivo Y20,Student Special 4G,1,8,Prepaid,0,9.0,4G
CUST-17913,64,Female,Sylhet,Xiaomi Redmi Note 12,Family Bundle,35,5,Postpaid,1,15.0,5G
CUST-17914,24,Female,Dhaka,iPhone 15 Pro,Student Special 4G,53,8,Prepaid,0,9.0,3G
CUST-17915,62,Female,Dhaka,Xiaomi Redmi Note 12,Prepaid Saver 30D,61,10,Prepaid,1,9.0,4G
CUST-17916,49,Female,Dhaka,Xiaomi Redmi Note 12,Student Special 4G,7,8,Prepaid,0,9.0,4G
CUST-17917,22,Male,Dhaka,Realme 11,Unlimited Data Max,49,8,Prepaid,0,16.0,4G
CUST-17918,20,Female,Khulna,Vivo Y20,Student Special 4G,8,10,Prepaid,0,9.0,3G
CUST-17919,36,Female,Dhaka,iPhone 15 Pro,Postpaid Corporate,3,7,Postpaid,0,15.0,4G
CUST-17920,33,Male,Chattogram,Realme 11,Prepaid Saver 30D,4,5,Prepaid,0,22.0,4G
CUST-17921,32,Male,Sylhet,Samsung S23 Ultra,Student Special 4G,9,9,Prepaid,0,9.0,4G
CUST-17922,42,Female,Sylhet,iPhone 15 Pro,Postpaid Corporate,6,5,Postpaid,0,15.0,4G
CUST-17923,24,Male,Dhaka,Xiaomi Redmi Note 12,Postpaid Corporate,42,10,Postpaid,0,16.0,5G
CUST-17924,24,Male,Sylhet,Xiaomi Redmi Note 12,Family Bundle,66,5,Postpaid,0,15.0,4G
CUST-17925,50,Female,Dhaka,Realme 11,Postpaid Corporate,54,10,Postpaid,0,9.0,5G
CUST-17926,64,Male,Dhaka,Samsung S23 Ultra,Prepaid Saver 30D,52,8,Prepaid,0,9.0,4G
CUST-17927,30,Female,Rangpur,Vivo Y20,Unlimited Data Max,9,8,Prepaid,0,16.0,3G
CUST-17928,61,Female,Mymensingh,Xiaomi Redmi Note 12,Prepaid Saver 30D,67,10,Prepaid,1,9.0,5G
CUST-17929,34,Male,Rajshahi,Xiaomi Redmi Note 12,Unlimited Data Max,36,10,Prepaid,0,23.0,4G
CUST-17930,33,Male,Dhaka,Realme 11,Postpaid Corporate,3,5,Postpaid,0,29.0,3G
CUST-17931,22,Male,Dhaka,Realme 11,Student Special 4G,46,10,Prepaid,0,14.0,4G
CUST-17932,37,Female,Chattogram,Xiaomi Redmi Note 12,Prepaid Saver 30D,51,7,Prepaid,0,22.0,5G
CUST-17933,41,Female,Sylhet,Xiaomi Redmi Note 12,Family Bundle,29,7,Postpaid,0,22.0,4G
CUST-17934,49,Male,Chattogram,iPhone 15 Pro,Postpaid Corporate,51,10,Postpaid,1,14.0,3G
CUST-17935,25,Male,Dhaka,Xiaomi Redmi Note 12,Family Bundle,50,5,Postpaid,0,15.0,3G
CUST-17936,26,Female,Chattogram,iPhone 15 Pro,Unlimited Data Max,42,8,Prepaid,1,9.0,4G
CUST-17937,38,Female,Mymensingh,Realme 11,Prepaid Saver 30D,25,5,Prepaid,0,22.0,4G
CUST-17938,21,Female,Dhaka,Xiaomi Redmi Note 12,Postpaid Corporate,71,9,Postpaid,0,16.0,4G
CUST-17939,24,Female,Rajshahi,iPhone 15 Pro,Student Special 4G,45,10,Prepaid,0,16.0,4G
CUST-17940,47,Male,Dhaka,Xiaomi Redmi Note 12,Family Bundle,33,9,Postpaid,0,9.0,4G
CUST-17941,62,Female,Chattogram,Vivo Y20,Student Special 4G,55,10,Prepaid,0,9.0,4G
CUST-17942,44,Female,Barishal,Xiaomi Redmi Note 12,Unlimited Data Max,18,10,Prepaid,0,23.0,5G
CUST-17943,24,Male,Chattogram,iPhone 15 Pro,Prepaid Saver 30D,68,4,Prepaid,1,22.0,4G
CUST-17944,64,Female,Rajshahi,Xiaomi Redmi Note 12,Postpaid Corporate,53,6,Postpaid,0,15.0,4G
CUST-17945,42,Female,Rangpur,Realme 11,Unlimited Data Max,46,8,Prepaid,0,9.0,4G
CUST-17946,51,Female,Dhaka,Samsung S23 Ultra,Family Bundle,19,8,Postpaid,0,14.0,4G
CUST-17947,27,Male,Khulna,Xiaomi Redmi Note 12,Postpaid Corporate,25,5,Postpaid,0,29.0,4G
CUST-17948,45,Male,Chattogram,Samsung S23 Ultra,Student Special 4G,68,9,Prepaid,0,9.0,4G
CUST-17949,21,Male,Rangpur,Vivo Y20,Family Bundle,52,9,Postpaid,0,16.0,4G
CUST-17950,47,Female,Sylhet,Realme 11,Unlimited Data Max,8,8,Prepaid,0,9.0,5G
CUST-17951,27,Male,Rajshahi,Samsung S23 Ultra,Prepaid Saver 30D,58,10,Prepaid,0,9.0,4G
CUST-17952,60,Male,Chattogram,Xiaomi Redmi Note 12,Postpaid Corporate,9,7,Postpaid,0,20.0,3G
CUST-17953,20,Male,Dhaka,Vivo Y20,Student Special 4G,30,10,Prepaid,0,9.0,4G
CUST-17954,48,Male,Sylhet,Vivo Y20,Postpaid Corporate,30,10,Postpaid,0,9.0,4G
CUST-17955,24,Female,Chattogram,Samsung S23 Ultra,Unlimited Data Max,26,10,Prepaid,0,9.0,4G
CUST-17956,50,Female,Mymensingh,iPhone 15 Pro,Postpaid Corporate,36,10,Postpaid,0,9.0,4G
CUST-17957,41,Female,Sylhet,Samsung S23 Ultra,Prepaid Saver 30D,11,8,Prepaid,0,9.0,4G
CUST-17958,63,Male,Rajshahi,iPhone 15 Pro,Prepaid Saver 30D,47,4,Prepaid,0,15.0,4G
CUST-17959,48,Female,Khulna,Vivo Y20,Family Bundle,49,10,Postpaid,0,9.0,4G
CUST-17960,35,Female,Dhaka,Realme 11,Unlimited Data Max,61,9,Prepaid,0,9.0,5G
CUST-17961,22,Female,Sylhet,iPhone 15 Pro,Unlimited Data Max,32,10,Prepaid,0,9.0,5G
CUST-17962,46,Female,Dhaka,iPhone 15 Pro,Prepaid Saver 30D,38,9,Prepaid,0,23.0,4G
CUST-17963,38,Female,Rangpur,Realme 11,Student Special 4G,10,10,Prepaid,0,9.0,4G
CUST-17964,20,Male,Dhaka,Xiaomi Redmi Note 12,Unlimited Data Max,25,10,Prepaid,0,9.0,4G
CUST-17965,45,Female,Rajshahi,Xiaomi Redmi Note 12,Unlimited Data Max,40,10,Prepaid,0,16.0,4G
CUST-17966,27,Female,Rangpur,Xiaomi Redmi Note 12,Prepaid Saver 30D,30,6,Prepaid,0,29.0,5G
CUST-17967,29,Female,Khulna,Vivo Y20,Postpaid Corporate,71,6,Postpaid,0,15.0,5G
CUST-17968,18,Male,Dhaka,Xiaomi Redmi Note 12,Unlimited Data Max,20,10,Prepaid,0,9.0,4G
CUST-17969,35,Female,Barishal,Realme 11,Student Special 4G,4,5,Prepaid,0,20.0,4G
CUST-17970,28,Female,Rajshahi,Vivo Y20,Student Special 4G,62,10,Prepaid,0,16.0,5G
CUST-17971,21,Female,Khulna,iPhone 15 Pro,Prepaid Saver 30D,37,5,Prepaid,0,15.0,4G
CUST-17972,38,Female,Dhaka,Realme 11,Unlimited Data Max,6,7,Prepaid,0,29.0,4G
CUST-17973,28,Male,Rangpur,Vivo Y20,Prepaid Saver 30D,67,10,Prepaid,0,9.0,5G
CUST-17974,24,Female,Sylhet,iPhone 15 Pro,Unlimited Data Max,15,5,Prepaid,0,15.0,4G
CUST-17975,39,Female,Rangpur,iPhone 15 Pro,Prepaid Saver 30D,69,4,Prepaid,0,15.0,4G
CUST-17976,20,Male,Khulna,Samsung S23 Ultra,Student Special 4G,25,10,Prepaid,0,9.0,5G
CUST-17977,64,Male,Sylhet,Realme 11,Unlimited Data Max,25,10,Prepaid,0,9.0,4G
CUST-17978,40,Male,Rangpur,Realme 11,Unlimited Data Max,16,10,Prepaid,1,21.0,4G
CUST-17979,64,Male,Chattogram,Realme 11,Unlimited Data Max,13,8,Prepaid,0,9.0,4G
CUST-17980,59,Male,Sylhet,iPhone 15 Pro,Unlimited Data Max,57,10,Prepaid,0,14.0,4G
CUST-17981,64,Female,Khulna,Realme 11,Prepaid Saver 30D,30,10,Prepaid,0,14.0,4G
CUST-17982,43,Female,Sylhet,Samsung S23 Ultra,Prepaid Saver 30D,40,7,Prepaid,0,22.0,4G
CUST-17983,37,Male,Rajshahi,Realme 11,Student Special 4G,23,10,Prepaid,0,9.0,4G
CUST-17984,51,Female,Mymensingh,Xiaomi Redmi Note 12,Unlimited Data Max,31,5,Prepaid,0,15.0,4G
CUST-17985,21,Male,Dhaka,Vivo Y20,Prepaid Saver 30D,35,8,Prepaid,0,9.0,4G
CUST-17986,57,Female,Barishal,Vivo Y20,Family Bundle,23,10,Postpaid,0,9.0,5G
CUST-17987,33,Male,Dhaka,Xiaomi Redmi Note 12,Prepaid Saver 30D,43,5,Prepaid,0,22.0,4G
CUST-17988,18,Male,Mymensingh,Realme 11,Student Special 4G,34,8,Prepaid,0,16.0,4G
CUST-17989,29,Male,Rangpur,Vivo Y20,Prepaid Saver 30D,55,10,Prepaid,0,16.0,5G
CUST-17990,29,Female,Barishal,iPhone 15 Pro,Unlimited Data Max,56,9,Prepaid,0,9.0,4G
CUST-17991,18,Female,Chattogram,Samsung S23 Ultra,Unlimited Data Max,46,10,Prepaid,0,16.0,4G
CUST-17992,49,Male,Mymensingh,Xiaomi Redmi Note 12,Student Special 4G,8,10,Prepaid,1,16.0,4G
CUST-17993,22,Female,Dhaka,iPhone 15 Pro,Student Special 4G,64,4,Prepaid,0,15.0,4G
CUST-17994,57,Male,Chattogram,Realme 11,Prepaid Saver 30D,50,10,Prepaid,0,9.0,4G
CUST-17995,39,Male,Chattogram,Realme 11,Prepaid Saver 30D,53,6,Prepaid,0,20.0,5G
CUST-17996,51,Male,Mymensingh,Xiaomi Redmi Note 12,Prepaid Saver 30D,47,9,Prepaid,0,21.0,4G
CUST-17997,33,Female,Khulna,iPhone 15 Pro,Unlimited Data Max,37,10,Prepaid,0,16.0,5G
CUST-17998,24,Female,Rangpur,Xiaomi Redmi Note 12,Unlimited Data Max,41,10,Prepaid,0,9.0,4G
CUST-17999,26,Female,Dhaka,Xiaomi Redmi Note 12,Family Bundle,9,4,Postpaid,0,20.0,5G
CUST-18000,48,Female,Chattogram,Samsung S23 Ultra,Unlimited Data Max,66,7,Prepaid,0,15.0,4G
CUST-18001,51,Female,Rajshahi,Realme 11,Prepaid Saver 30D,58,4,Prepaid,0,15.0,4G
CUST-18002,30,Male,Sylhet,iPhone 15 Pro,Postpaid Corporate,65,8,Postpaid,0,9.0,3G
CUST-18003,34,Male,Dhaka,Xiaomi Redmi Note 12,Prepaid Saver 30D,51,10,Prepaid,0,9.0,4G
CUST-18004,62,Male,Rangpur,Vivo Y20,Family Bundle,19,6,Postpaid,0,20.0,4G
CUST-18005,58,Male,Rajshahi,Samsung S23 Ultra,Unlimited Data Max,24,10,Prepaid,0,9.0,5G
CUST-18006,37,Male,Rangpur,Xiaomi Redmi Note 12,Student Special 4G,62,4,Prepaid,0,15.0,5G
CUST-18007,29,Male,Dhaka,Samsung S23 Ultra,Unlimited Data Max,17,6,Prepaid,0,22.0,4G
CUST-18008,32,Female,Chattogram,Xiaomi Redmi Note 12,Unlimited Data Max,44,9,Prepaid,0,9.0,4G
CUST-18009,43,Male,Chattogram,iPhone 15 Pro,Prepaid Saver 30D,47,10,Prepaid,1,23.0,4G
CUST-18010,44,Female,Rajshahi,Vivo Y20,Student Special 4G,14,10,Prepaid,1,21.0,3G
CUST-18011,26,Female,Rangpur,iPhone 15 Pro,Prepaid Saver 30D,6,10,Prepaid,0,16.0,5G
CUST-18012,21,Female,Dhaka,Realme 11,Prepaid Saver 30D,3,10,Prepaid,0,9.0,4G
CUST-18013,41,Male,Barishal,Samsung S23 Ultra,Prepaid Saver 30D,56,5,Prepaid,0,22.0,4G
CUST-18014,55,Female,Chattogram,Xiaomi Redmi Note 12,Unlimited Data Max,21,10,Prepaid,0,16.0,3G
CUST-18015,25,Female,Khulna,Vivo Y20,Student Special 4G,17,8,Prepaid,0,16.0,5G
CUST-18016,37,Female,Rangpur,Realme 11,Family Bundle,65,7,Postpaid,0,15.0,5G
CUST-18017,25,Female,Dhaka,iPhone 15 Pro,Postpaid Corporate,43,10,Postpaid,0,9.0,5G
CUST-18018,29,Female,Mymensingh,Vivo Y20,Prepaid Saver 30D,2,8,Prepaid,1,14.0,5G
CUST-18019,46,Male,Khulna,Vivo Y20,Postpaid Corporate,22,10,Postpaid,1,35.0,5G
CUST-18020,31,Female,Rangpur,Xiaomi Redmi Note 12,Prepaid Saver 30D,34,7,Prepaid,0,36.0,5G
CUST-18021,30,Male,Rangpur,Vivo Y20,Unlimited Data Max,34,9,Prepaid,0,16.0,4G
CUST-18022,64,Female,Chattogram,Samsung S23 Ultra,Prepaid Saver 30D,56,5,Prepaid,0,15.0,4G
CUST-18023,26,Female,Mymensingh,iPhone 15 Pro,Postpaid Corporate,57,8,Postpaid,0,16.0,4G
CUST-18024,26,Male,Rangpur,Vivo Y20,Student Special 4G,3,8,Prepaid,0,9.0,4G
CUST-18025,61,Female,Sylhet,Vivo Y20,Prepaid Saver 30D,21,6,Prepaid,0,22.0,5G
CUST-18026,43,Male,Khulna,Vivo Y20,Student Special 4G,43,10,Prepaid,0,16.0,5G
CUST-18027,20,Male,Chattogram,Samsung S23 Ultra,Student Special 4G,3,10,Prepaid,0,9.0,4G
CUST-18028,37,Male,Khulna,iPhone 15 Pro,Family Bundle,41,10,Postpaid,0,23.0,4G
CUST-18029,44,Female,Mymensingh,Realme 11,Family Bundle,6,5,Postpaid,0,22.0,4G
CUST-18030,29,Male,Dhaka,Samsung S23 Ultra,Unlimited Data Max,41,8,Prepaid,0,9.0,5G
CUST-18031,43,Female,Sylhet,Vivo Y20,Prepaid Saver 30D,6,10,Prepaid,0,9.0,5G
CUST-18032,48,Male,Chattogram,Vivo Y20,Student Special 4G,53,5,Prepaid,0,22.0,5G
CUST-18033,29,Female,Rangpur,Vivo Y20,Student Special 4G,33,6,Prepaid,1,15.0,3G
CUST-18034,56,Male,Dhaka,Vivo Y20,Unlimited Data Max,68,10,Prepaid,0,23.0,4G
CUST-18035,39,Male,Barishal,iPhone 15 Pro,Postpaid Corporate,6,5,Postpaid,0,22.0,4G
CUST-18036,63,Female,Khulna,Vivo Y20,Student Special 4G,62,8,Prepaid,0,16.0,4G
CUST-18037,22,Female,Khulna,iPhone 15 Pro,Unlimited Data Max,30,4,Prepaid,0,15.0,5G
CUST-18038,33,Female,Rangpur,Samsung S23 Ultra,Prepaid Saver 30D,35,7,Prepaid,0,15.0,4G
CUST-18039,51,Female,Khulna,iPhone 15 Pro,Prepaid Saver 30D,50,10,Prepaid,0,16.0,5G
CUST-18040,60,Female,Chattogram,Realme 11,Prepaid Saver 30D,45,7,Prepaid,0,15.0,4G
CUST-18041,28,Male,Sylhet,Vivo Y20,Prepaid Saver 30D,63,8,Prepaid,0,9.0,3G
CUST-18042,64,Male,Khulna,Realme 11,Unlimited Data Max,60,10,Prepaid,0,9.0,3G
CUST-18043,27,Female,Dhaka,iPhone 15 Pro,Student Special 4G,16,7,Prepaid,0,15.0,3G
CUST-18044,37,Female,Rangpur,Realme 11,Unlimited Data Max,20,10,Prepaid,1,16.0,5G
CUST-18045,32,Female,Chattogram,Xiaomi Redmi Note 12,Student Special 4G,63,9,Prepaid,0,9.0,4G
CUST-18046,37,Male,Chattogram,Xiaomi Redmi Note 12,Unlimited Data Max,58,10,Prepaid,0,9.0,4G
CUST-18047,60,Male,Khulna,iPhone 15 Pro,Student Special 4G,70,9,Prepaid,0,9.0,4G
CUST-18048,52,Female,Khulna,Samsung S23 Ultra,Prepaid Saver 30D,66,10,Prepaid,0,9.0,4G
CUST-18049,55,Female,Dhaka,iPhone 15 Pro,Postpaid Corporate,45,10,Postpaid,1,16.0,3G
CUST-18050,29,Male,Sylhet,Vivo Y20,Unlimited Data Max,69,10,Prepaid,0,9.0,4G
CUST-18051,62,Female,Dhaka,Xiaomi Redmi Note 12,Prepaid Saver 30D,53,7,Prepaid,0,15.0,5G
CUST-18052,38,Male,Sylhet,Samsung S23 Ultra,Prepaid Saver 30D,64,5,Prepaid,0,15.0,4G
CUST-18053,48,Female,Barishal,iPhone 15 Pro,Unlimited Data Max,35,5,Prepaid,0,22.0,4G
CUST-18054,50,Male,Chattogram,Xiaomi Redmi Note 12,Postpaid Corporate,69,10,Postpaid,0,9.0,4G
CUST-18055,49,Female,Chattogram,Xiaomi Redmi Note 12,Unlimited Data Max,6,10,Prepaid,0,9.0,4G
CUST-18056,46,Female,Chattogram,Realme 11,Family Bundle,65,6,Postpaid,0,15.0,5G
CUST-18057,40,Male,Dhaka,Xiaomi Redmi Note 12,Prepaid Saver 30D,69,8,Prepaid,0,9.0,4G
CUST-18058,48,Female,Rangpur,Samsung S23 Ultra,Unlimited Data Max,57,4,Prepaid,0,15.0,4G
CUST-18059,60,Male,Rangpur,Xiaomi Redmi Note 12,Family Bundle,68,9,Postpaid,0,9.0,4G
CUST-18060,36,Male,Rajshahi,Samsung S23 Ultra,Unlimited Data Max,30,10,Prepaid,0,14.0,4G
CUST-18061,42,Male,Barishal,Xiaomi Redmi Note 12,Student Special 4G,23,5,Prepaid,0,20.0,5G
CUST-18062,26,Female,Rangpur,Xiaomi Redmi Note 12,Prepaid Saver 30D,10,10,Prepaid,0,16.0,4G
CUST-18063,34,Female,Dhaka,iPhone 15 Pro,Prepaid Saver 30D,14,10,Prepaid,0,9.0,5G
CUST-18064,54,Male,Rajshahi,Realme 11,Student Special 4G,62,10,Prepaid,0,9.0,4G
CUST-18065,48,Male,Rajshahi,Realme 11,Unlimited Data Max,5,10,Prepaid,1,14.0,5G
CUST-18066,27,Male,Chattogram,iPhone 15 Pro,Postpaid Corporate,15,4,Postpaid,0,22.0,5G
CUST-18067,43,Female,Dhaka,Xiaomi Redmi Note 12,Unlimited Data Max,36,8,Prepaid,1,16.0,3G
CUST-18068,56,Male,Sylhet,Xiaomi Redmi Note 12,Postpaid Corporate,26,8,Postpaid,1,9.0,4G
CUST-18069,23,Male,Dhaka,Xiaomi Redmi Note 12,Unlimited Data Max,66,4,Prepaid,0,15.0,4G
CUST-18070,20,Male,Rajshahi,Xiaomi Redmi Note 12,Unlimited Data Max,3,10,Prepaid,0,9.0,3G
CUST-18071,36,Male,Sylhet,iPhone 15 Pro,Unlimited Data Max,3,4,Prepaid,0,15.0,4G
CUST-18072,48,Female,Dhaka,Samsung S23 Ultra,Postpaid Corporate,20,10,Postpaid,0,16.0,4G
CUST-18073,32,Female,Dhaka,Samsung S23 Ultra,Family Bundle,44,7,Postpaid,0,15.0,4G
CUST-18074,56,Male,Dhaka,Samsung S23 Ultra,Family Bundle,26,9,Postpaid,0,9.0,5G
CUST-18075,57,Female,Rajshahi,Vivo Y20,Postpaid Corporate,60,8,Postpaid,0,16.0,4G
CUST-18076,43,Female,Dhaka,Samsung S23 Ultra,Student Special 4G,7,6,Prepaid,0,27.0,4G
CUST-18077,35,Male,Dhaka,Vivo Y20,Student Special 4G,27,8,Prepaid,0,9.0,4G
CUST-18078,19,Male,Chattogram,Vivo Y20,Prepaid Saver 30D,47,10,Prepaid,0,9.0,5G
CUST-18079,56,Male,Sylhet,iPhone 15 Pro,Unlimited Data Max,44,9,Prepaid,0,16.0,4G
CUST-18080,60,Female,Rangpur,Xiaomi Redmi Note 12,Postpaid Corporate,37,6,Postpaid,0,15.0,4G
CUST-18081,38,Male,Khulna,iPhone 15 Pro,Unlimited Data Max,32,6,Prepaid,0,15.0,4G
CUST-18082,42,Male,Sylhet,iPhone 15 Pro,Student Special 4G,7,10,Prepaid,0,9.0,4G
CUST-18083,53,Male,Mymensingh,iPhone 15 Pro,Prepaid Saver 30D,5,6,Prepaid,1,15.0,4G
CUST-18084,50,Female,Sylhet,iPhone 15 Pro,Prepaid Saver 30D,4,9,Prepaid,0,21.0,5G
CUST-18085,24,Male,Chattogram,Realme 11,Student Special 4G,36,10,Prepaid,0,16.0,3G
CUST-18086,49,Female,Chattogram,Xiaomi Redmi Note 12,Unlimited Data Max,63,9,Prepaid,1,16.0,3G
CUST-18087,61,Female,Rangpur,Samsung S23 Ultra,Family Bundle,7,6,Postpaid,1,29.0,3G
CUST-18088,53,Male,Dhaka,iPhone 15 Pro,Family Bundle,5,10,Postpaid,0,9.0,4G
CUST-18089,40,Male,Dhaka,Vivo Y20,Postpaid Corporate,49,10,Postpaid,0,14.0,4G
CUST-18090,42,Male,Rajshahi,Vivo Y20,Postpaid Corporate,36,10,Postpaid,0,9.0,5G
CUST-18091,30,Male,Mymensingh,Samsung S23 Ultra,Unlimited Data Max,23,9,Prepaid,0,9.0,5G
CUST-18092,49,Male,Dhaka,Xiaomi Redmi Note 12,Prepaid Saver 30D,2,10,Prepaid,0,16.0,4G
CUST-18093,29,Male,Dhaka,Vivo Y20,Student Special 4G,57,4,Prepaid,1,27.0,3G
CUST-18094,34,Male,Dhaka,Samsung S23 Ultra,Unlimited Data Max,47,4,Prepaid,0,22.0,3G
CUST-18095,30,Male,Chattogram,Samsung S23 Ultra,Prepaid Saver 30D,42,9,Prepaid,0,23.0,5G
CUST-18096,33,Male,Chattogram,iPhone 15 Pro,Prepaid Saver 30D,17,8,Prepaid,0,9.0,4G
CUST-18097,35,Female,Khulna,iPhone 15 Pro,Postpaid Corporate,67,10,Postpaid,0,23.0,3G
CUST-18098,21,Female,Rajshahi,Vivo Y20,Postpaid Corporate,5,8,Postpaid,0,9.0,3G
CUST-18099,51,Male,Dhaka,iPhone 15 Pro,Unlimited Data Max,53,10,Prepaid,0,16.0,4G
CUST-18100,38,Male,Dhaka,iPhone 15 Pro,Unlimited Data Max,52,10,Prepaid,0,9.0,4G
CUST-18101,62,Male,Mymensingh,iPhone 15 Pro,Student Special 4G,52,7,Prepaid,1,15.0,4G
CUST-18102,26,Male,Chattogram,iPhone 15 Pro,Unlimited Data Max,43,10,Prepaid,1,16.0,4G
CUST-18103,49,Female,Dhaka,Vivo Y20,Prepaid Saver 30D,22,4,Prepaid,1,20.0,4G
CUST-18104,26,Male,Chattogram,Samsung S23 Ultra,Unlimited Data Max,33,10,Prepaid,1,14.0,4G
CUST-18105,43,Female,Mymensingh,Xiaomi Redmi Note 12,Student Special 4G,32,8,Prepaid,0,14.0,3G
CUST-18106,41,Female,Chattogram,Realme 11,Unlimited Data Max,62,10,Prepaid,0,9.0,4G
CUST-18107,39,Female,Dhaka,Samsung S23 Ultra,Prepaid Saver 30D,53,4,Prepaid,1,34.0,3G
CUST-18108,48,Male,Khulna,Samsung S23 Ultra,Prepaid Saver 30D,34,6,Prepaid,0,29.0,4G
CUST-18109,56,Female,Rangpur,Vivo Y20,Unlimited Data Max,52,6,Prepaid,1,20.0,4G
CUST-18110,32,Male,Rajshahi,iPhone 15 Pro,Family Bundle,69,9,Postpaid,0,9.0,5G
CUST-18111,57,Female,Sylhet,iPhone 15 Pro,Student Special 4G,50,10,Prepaid,0,23.0,4G
CUST-18112,26,Female,Mymensingh,iPhone 15 Pro,Postpaid Corporate,26,10,Postpaid,0,9.0,4G
CUST-18113,31,Female,Dhaka,Samsung S23 Ultra,Prepaid Saver 30D,1,10,Prepaid,0,14.0,4G
CUST-18114,32,Male,Chattogram,Samsung S23 Ultra,Unlimited Data Max,63,5,Prepaid,0,15.0,4G
CUST-18115,62,Female,Barishal,Samsung S23 Ultra,Prepaid Saver 30D,2,10,Prepaid,0,16.0,4G
CUST-18116,23,Male,Dhaka,Xiaomi Redmi Note 12,Unlimited Data Max,37,10,Prepaid,0,9.0,4G
CUST-18117,36,Male,Chattogram,Xiaomi Redmi Note 12,Postpaid Corporate,5,9,Postpaid,1,14.0,4G
CUST-18118,37,Male,Dhaka,iPhone 15 Pro,Unlimited Data Max,63,4,Prepaid,0,22.0,5G
CUST-18119,55,Female,Mymensingh,Vivo Y20,Postpaid Corporate,3,5,Postpaid,1,29.0,4G
CUST-18120,40,Female,Mymensingh,iPhone 15 Pro,Prepaid Saver 30D,49,10,Prepaid,0,9.0,4G
CUST-18121,63,Female,Dhaka,Samsung S23 Ultra,Prepaid Saver 30D,55,5,Prepaid,0,22.0,4G
CUST-18122,52,Female,Dhaka,Samsung S23 Ultra,Unlimited Data Max,53,7,Prepaid,1,22.0,4G
CUST-18123,51,Female,Chattogram,Realme 11,Prepaid Saver 30D,39,10,Prepaid,0,23.0,4G
CUST-18124,53,Male,Dhaka,Xiaomi Redmi Note 12,Prepaid Saver 30D,42,5,Prepaid,0,15.0,5G
CUST-18125,25,Male,Dhaka,iPhone 15 Pro,Prepaid Saver 30D,36,8,Prepaid,0,9.0,4G
CUST-18126,39,Male,Dhaka,iPhone 15 Pro,Family Bundle,54,10,Postpaid,1,9.0,5G
CUST-18127,45,Female,Dhaka,iPhone 15 Pro,Prepaid Saver 30D,7,8,Prepaid,0,16.0,4G
CUST-18128,27,Male,Sylhet,Xiaomi Redmi Note 12,Unlimited Data Max,64,10,Prepaid,0,9.0,4G
CUST-18129,23,Male,Khulna,Realme 11,Prepaid Saver 30D,55,5,Prepaid,0,15.0,4G
CUST-18130,24,Male,Khulna,Realme 11,Prepaid Saver 30D,69,9,Prepaid,0,9.0,4G
CUST-18131,55,Female,Barishal,Realme 11,Student Special 4G,7,7,Prepaid,0,15.0,4G
CUST-18132,48,Male,Chattogram,Samsung S23 Ultra,Unlimited Data Max,15,9,Prepaid,0,9.0,4G
CUST-18133,31,Male,Dhaka,Xiaomi Redmi Note 12,Student Special 4G,16,5,Prepaid,0,22.0,5G
CUST-18134,52,Male,Sylhet,Realme 11,Postpaid Corporate,30,10,Postpaid,1,16.0,5G
CUST-18135,50,Female,Chattogram,iPhone 15 Pro,Unlimited Data Max,59,6,Prepaid,0,15.0,4G
CUST-18136,56,Female,Dhaka,Xiaomi Redmi Note 12,Prepaid Saver 30D,56,10,Prepaid,0,16.0,5G
CUST-18137,60,Female,Sylhet,Samsung S23 Ultra,Prepaid Saver 30D,50,10,Prepaid,0,9.0,4G
CUST-18138,59,Male,Dhaka,Vivo Y20,Prepaid Saver 30D,29,7,Prepaid,0,29.0,5G
CUST-18139,26,Male,Dhaka,Realme 11,Prepaid Saver 30D,7,10,Prepaid,0,9.0,4G
CUST-18140,54,Female,Mymensingh,Realme 11,Prepaid Saver 30D,50,9,Prepaid,0,16.0,4G
CUST-18141,36,Male,Dhaka,Xiaomi Redmi Note 12,Postpaid Corporate,6,10,Postpaid,0,21.0,4G
CUST-18142,36,Male,Sylhet,Realme 11,Prepaid Saver 30D,15,10,Prepaid,0,14.0,4G
CUST-18143,48,Male,Chattogram,Xiaomi Redmi Note 12,Postpaid Corporate,29,10,Postpaid,0,9.0,4G
CUST-18144,46,Female,Rajshahi,Vivo Y20,Student Special 4G,56,6,Prepaid,1,27.0,4G
CUST-18145,37,Female,Dhaka,iPhone 15 Pro,Prepaid Saver 30D,43,9,Prepaid,0,16.0,4G
CUST-18146,64,Male,Rajshahi,Vivo Y20,Prepaid Saver 30D,8,4,Prepaid,0,15.0,4G
CUST-18147,26,Female,Rangpur,Realme 11,Unlimited Data Max,18,7,Prepaid,0,15.0,4G
CUST-18148,22,Male,Rangpur,Vivo Y20,Unlimited Data Max,61,7,Prepaid,1,22.0,4G
CUST-18149,19,Female,Rangpur,Samsung S23 Ultra,Prepaid Saver 30D,42,8,Prepaid,1,16.0,4G
CUST-18150,56,Female,Rajshahi,Xiaomi Redmi Note 12,Prepaid Saver 30D,47,10,Prepaid,0,14.0,5G
CUST-18151,37,Male,Chattogram,Realme 11,Student Special 4G,26,4,Prepaid,1,29.0,4G
CUST-18152,38,Male,Barishal,Realme 11,Unlimited Data Max,58,8,Prepaid,0,9.0,4G
CUST-18153,48,Female,Dhaka,Realme 11,Postpaid Corporate,42,10,Postpaid,0,9.0,4G
CUST-18154,38,Male,Dhaka,Realme 11,Unlimited Data Max,6,6,Prepaid,1,22.0,4G
CUST-18155,44,Female,Dhaka,iPhone 15 Pro,Unlimited Data Max,52,10,Prepaid,0,9.0,4G
CUST-18156,20,Female,Rajshahi,Vivo Y20,Prepaid Saver 30D,21,4,Prepaid,0,15.0,4G
CUST-18157,25,Male,Rajshahi,Xiaomi Redmi Note 12,Prepaid Saver 30D,60,9,Prepaid,0,9.0,4G
CUST-18158,61,Female,Sylhet,Vivo Y20,Unlimited Data Max,46,10,Prepaid,0,23.0,5G
CUST-18159,39,Male,Dhaka,Xiaomi Redmi Note 12,Unlimited Data Max,14,7,Prepaid,0,29.0,4G
CUST-18160,25,Female,Rajshahi,Xiaomi Redmi Note 12,Prepaid Saver 30D,3,10,Prepaid,0,30.0,4G
CUST-18161,35,Male,Rajshahi,Xiaomi Redmi Note 12,Prepaid Saver 30D,7,5,Prepaid,0,22.0,4G
CUST-18162,33,Female,Sylhet,Vivo Y20,Prepaid Saver 30D,18,8,Prepaid,1,9.0,5G
CUST-18163,30,Male,Rajshahi,Vivo Y20,Prepaid Saver 30D,9,4,Prepaid,0,15.0,3G
CUST-18164,31,Female,Dhaka,Xiaomi Redmi Note 12,Prepaid Saver 30D,47,5,Prepaid,0,15.0,4G
CUST-18165,52,Male,Barishal,Xiaomi Redmi Note 12,Unlimited Data Max,12,7,Prepaid,0,22.0,5G
CUST-18166,23,Female,Sylhet,Samsung S23 Ultra,Prepaid Saver 30D,32,10,Prepaid,0,16.0,5G
CUST-18167,32,Male,Rajshahi,Samsung S23 Ultra,Prepaid Saver 30D,24,10,Prepaid,0,9.0,5G
CUST-18168,39,Female,Rajshahi,Realme 11,Prepaid Saver 30D,47,4,Prepaid,0,15.0,4G
CUST-18169,43,Male,Rajshahi,iPhone 15 Pro,Family Bundle,3,4,Postpaid,0,15.0,5G
CUST-18170,59,Male,Rajshahi,Xiaomi Redmi Note 12,Student Special 4G,29,10,Prepaid,0,9.0,4G
CUST-18171,61,Male,Rajshahi,Realme 11,Unlimited Data Max,60,10,Prepaid,0,9.0,4G
CUST-18172,31,Female,Sylhet,iPhone 15 Pro,Unlimited Data Max,18,9,Prepaid,1,16.0,5G
CUST-18173,43,Male,Rangpur,iPhone 15 Pro,Student Special 4G,61,9,Prepaid,0,9.0,4G
CUST-18174,19,Female,Dhaka,Samsung S23 Ultra,Prepaid Saver 30D,13,10,Prepaid,1,9.0,4G
CUST-18175,47,Female,Barishal,Realme 11,Prepaid Saver 30D,51,8,Prepaid,0,9.0,4G
CUST-18176,25,Male,Barishal,Xiaomi Redmi Note 12,Postpaid Corporate,21,10,Postpaid,0,9.0,5G
CUST-18177,21,Female,Dhaka,Samsung S23 Ultra,Prepaid Saver 30D,26,5,Prepaid,0,15.0,4G
CUST-18178,49,Female,Rangpur,Xiaomi Redmi Note 12,Unlimited Data Max,38,4,Prepaid,0,22.0,4G
CUST-18179,26,Male,Rangpur,Samsung S23 Ultra,Unlimited Data Max,51,4,Prepaid,0,22.0,4G
CUST-18180,40,Female,Dhaka,Realme 11,Unlimited Data Max,38,6,Prepaid,0,15.0,5G
CUST-18181,22,Female,Dhaka,iPhone 15 Pro,Unlimited Data Max,41,9,Prepaid,1,16.0,4G
CUST-18182,53,Male,Dhaka,iPhone 15 Pro,Unlimited Data Max,21,6,Prepaid,0,15.0,4G
CUST-18183,53,Female,Rangpur,Vivo Y20,Postpaid Corporate,48,9,Postpaid,0,9.0,4G
CUST-18184,45,Male,Mymensingh,Realme 11,Prepaid Saver 30D,6,4,Prepaid,0,15.0,4G
CUST-18185,57,Male,Chattogram,Realme 11,Unlimited Data Max,7,8,Prepaid,0,23.0,4G
CUST-18186,38,Female,Dhaka,Realme 11,Unlimited Data Max,12,5,Prepaid,0,15.0,4G
CUST-18187,26,Male,Khulna,Xiaomi Redmi Note 12,Family Bundle,63,6,Postpaid,1,15.0,5G
CUST-18188,25,Male,Khulna,Samsung S23 Ultra,Unlimited Data Max,44,10,Prepaid,0,16.0,5G
CUST-18189,28,Male,Rangpur,iPhone 15 Pro,Prepaid Saver 30D,25,4,Prepaid,0,15.0,4G
CUST-18190,27,Female,Sylhet,Vivo Y20,Prepaid Saver 30D,45,10,Prepaid,0,16.0,4G
CUST-18191,33,Female,Chattogram,Vivo Y20,Unlimited Data Max,20,6,Prepaid,0,15.0,4G
CUST-18192,28,Female,Chattogram,Realme 11,Unlimited Data Max,53,10,Prepaid,0,16.0,4G
CUST-18193,45,Male,Dhaka,Vivo Y20,Unlimited Data Max,28,10,Prepaid,0,9.0,4G
CUST-18194,24,Male,Dhaka,Vivo Y20,Family Bundle,44,10,Postpaid,0,16.0,3G
CUST-18195,47,Male,Dhaka,iPhone 15 Pro,Postpaid Corporate,18,10,Postpaid,0,9.0,5G
CUST-18196,33,Male,Barishal,Realme 11,Prepaid Saver 30D,3,8,Prepaid,0,16.0,3G
CUST-18197,50,Female,Chattogram,Realme 11,Student Special 4G,71,5,Prepaid,0,22.0,5G
CUST-18198,42,Male,Rangpur,Samsung S23 Ultra,Prepaid Saver 30D,47,4,Prepaid,1,15.0,4G
CUST-18199,60,Female,Chattogram,Vivo Y20,Prepaid Saver 30D,46,10,Prepaid,0,9.0,5G
CUST-18200,38,Male,Rangpur,Xiaomi Redmi Note 12,Prepaid Saver 30D,43,10,Prepaid,0,9.0,4G
CUST-18201,31,Male,Dhaka,iPhone 15 Pro,Prepaid Saver 30D,64,5,Prepaid,0,22.0,4G
CUST-18202,45,Female,Dhaka,Xiaomi Redmi Note 12,Prepaid Saver 30D,2,4,Prepaid,0,15.0,4G
CUST-18203,48,Female,Chattogram,iPhone 15 Pro,Student Special 4G,68,10,Prepaid,0,9.0,4G
CUST-18204,38,Male,Barishal,iPhone 15 Pro,Unlimited Data Max,33,4,Prepaid,0,15.0,5G
CUST-18205,44,Male,Dhaka,Xiaomi Redmi Note 12,Unlimited Data Max,42,9,Prepaid,0,9.0,5G
CUST-18206,40,Male,Rangpur,Vivo Y20,Prepaid Saver 30D,67,7,Prepaid,0,15.0,4G
CUST-18207,32,Female,Rangpur,Xiaomi Redmi Note 12,Unlimited Data Max,57,10,Prepaid,1,9.0,4G
CUST-18208,32,Female,Chattogram,iPhone 15 Pro,Family Bundle,25,4,Postpaid,0,15.0,5G
CUST-18209,60,Female,Barishal,Realme 11,Prepaid Saver 30D,65,4,Prepaid,1,15.0,4G
CUST-18210,49,Female,Chattogram,iPhone 15 Pro,Unlimited Data Max,6,5,Prepaid,0,15.0,5G
CUST-18211,22,Female,Rajshahi,Xiaomi Redmi Note 12,Postpaid Corporate,11,10,Postpaid,0,16.0,4G
CUST-18212,63,Male,Chattogram,iPhone 15 Pro,Student Special 4G,17,10,Prepaid,0,9.0,4G
CUST-18213,51,Male,Chattogram,iPhone 15 Pro,Prepaid Saver 30D,20,10,Prepaid,0,9.0,5G
CUST-18214,20,Female,Rangpur,iPhone 15 Pro,Prepaid Saver 30D,48,9,Prepaid,0,9.0,4G
CUST-18215,52,Male,Rangpur,iPhone 15 Pro,Postpaid Corporate,29,5,Postpaid,0,15.0,3G
CUST-18216,45,Male,Mymensingh,Vivo Y20,Unlimited Data Max,61,6,Prepaid,0,22.0,4G
CUST-18217,61,Female,Chattogram,Realme 11,Prepaid Saver 30D,45,5,Prepaid,0,15.0,4G
CUST-18218,41,Female,Dhaka,Realme 11,Postpaid Corporate,43,5,Postpaid,0,27.0,4G
CUST-18219,42,Male,Chattogram,Samsung S23 Ultra,Student Special 4G,55,10,Prepaid,1,16.0,4G
CUST-18220,32,Female,Mymensingh,Samsung S23 Ultra,Student Special 4G,30,8,Prepaid,0,9.0,4G
CUST-18221,33,Female,Rajshahi,iPhone 15 Pro,Family Bundle,25,8,Postpaid,0,16.0,4G
CUST-18222,47,Male,Chattogram,Vivo Y20,Unlimited Data Max,8,5,Prepaid,0,20.0,4G
CUST-18223,56,Male,Rangpur,Samsung S23 Ultra,Student Special 4G,60,10,Prepaid,0,9.0,4G
CUST-18224,59,Female,Dhaka,Realme 11,Postpaid Corporate,17,10,Postpaid,1,21.0,4G
CUST-18225,54,Male,Rajshahi,Vivo Y20,Prepaid Saver 30D,47,4,Prepaid,0,15.0,4G
CUST-18226,46,Female,Barishal,iPhone 15 Pro,Family Bundle,57,10,Postpaid,0,23.0,4G
CUST-18227,41,Male,Dhaka,Samsung S23 Ultra,Student Special 4G,27,5,Prepaid,0,15.0,5G
CUST-18228,33,Male,Barishal,Samsung S23 Ultra,Student Special 4G,12,10,Prepaid,0,16.0,5G
CUST-18229,54,Male,Rajshahi,Samsung S23 Ultra,Unlimited Data Max,49,10,Prepaid,0,23.0,4G
CUST-18230,32,Male,Chattogram,Vivo Y20,Unlimited Data Max,24,10,Prepaid,1,23.0,4G
CUST-18231,30,Female,Dhaka,Realme 11,Family Bundle,61,5,Postpaid,1,22.0,4G
CUST-18232,58,Male,Rajshahi,Realme 11,Family Bundle,32,9,Postpaid,0,16.0,4G
CUST-18233,45,Male,Rajshahi,Samsung S23 Ultra,Prepaid Saver 30D,24,4,Prepaid,0,22.0,4G
CUST-18234,34,Male,Mymensingh,Vivo Y20,Prepaid Saver 30D,52,8,Prepaid,1,16.0,3G
CUST-18235,58,Female,Mymensingh,Realme 11,Postpaid Corporate,28,5,Postpaid,0,22.0,4G
CUST-18236,63,Female,Mymensingh,Vivo Y20,Unlimited Data Max,57,4,Prepaid,0,20.0,4G
CUST-18237,32,Female,Mymensingh,iPhone 15 Pro,Prepaid Saver 30D,50,10,Prepaid,0,9.0,4G
CUST-18238,42,Female,Dhaka,Samsung S23 Ultra,Family Bundle,63,10,Postpaid,0,16.0,4G
CUST-18239,40,Female,Barishal,Vivo Y20,Prepaid Saver 30D,31,7,Prepaid,1,15.0,4G
CUST-18240,50,Female,Dhaka,Samsung S23 Ultra,Postpaid Corporate,7,8,Postpaid,0,9.0,4G
CUST-18241,62,Female,Barishal,Samsung S23 Ultra,Prepaid Saver 30D,13,9,Prepaid,1,23.0,4G
CUST-18242,43,Male,Dhaka,Samsung S23 Ultra,Prepaid Saver 30D,1,10,Prepaid,0,9.0,5G
CUST-18243,55,Female,Dhaka,Samsung S23 Ultra,Prepaid Saver 30D,61,9,Prepaid,0,16.0,4G
CUST-18244,45,Female,Chattogram,Xiaomi Redmi Note 12,Prepaid Saver 30D,18,7,Prepaid,0,34.0,5G
CUST-18245,59,Female,Rajshahi,iPhone 15 Pro,Student Special 4G,15,7,Prepaid,0,15.0,5G
CUST-18246,37,Female,Mymensingh,Vivo Y20,Prepaid Saver 30D,44,10,Prepaid,0,23.0,4G
CUST-18247,36,Male,Khulna,Vivo Y20,Family Bundle,18,4,Postpaid,0,22.0,5G
CUST-18248,37,Male,Sylhet,Samsung S23 Ultra,Unlimited Data Max,70,8,Prepaid,0,28.0,3G
CUST-18249,64,Female,Dhaka,Vivo Y20,Family Bundle,62,6,Postpaid,0,22.0,4G
CUST-18250,46,Male,Dhaka,Samsung S23 Ultra,Prepaid Saver 30D,33,6,Prepaid,0,29.0,4G
CUST-18251,25,Female,Chattogram,iPhone 15 Pro,Prepaid Saver 30D,46,5,Prepaid,0,15.0,4G
CUST-18252,19,Female,Khulna,Realme 11,Unlimited Data Max,28,4,Prepaid,0,15.0,5G
CUST-18253,42,Male,Chattogram,iPhone 15 Pro,Prepaid Saver 30D,31,10,Prepaid,0,16.0,4G
CUST-18254,55,Male,Rangpur,Samsung S23 Ultra,Prepaid Saver 30D,35,10,Prepaid,1,21.0,4G
CUST-18255,40,Female,Dhaka,Samsung S23 Ultra,Family Bundle,28,10,Postpaid,0,16.0,4G
CUST-18256,44,Male,Dhaka,Realme 11,Student Special 4G,31,10,Prepaid,0,9.0,5G
CUST-18257,55,Male,Dhaka,iPhone 15 Pro,Unlimited Data Max,14,10,Prepaid,0,14.0,4G
CUST-18258,42,Male,Dhaka,iPhone 15 Pro,Prepaid Saver 30D,47,5,Prepaid,0,15.0,3G
CUST-18259,60,Female,Rajshahi,iPhone 15 Pro,Prepaid Saver 30D,5,10,Prepaid,0,9.0,3G
CUST-18260,47,Male,Mymensingh,Vivo Y20,Student Special 4G,65,10,Prepaid,0,9.0,5G
CUST-18261,52,Male,Rajshahi,Vivo Y20,Student Special 4G,65,4,Prepaid,0,29.0,5G
CUST-18262,54,Male,Khulna,Vivo Y20,Unlimited Data Max,15,10,Prepaid,1,9.0,4G
CUST-18263,47,Female,Dhaka,Samsung S23 Ultra,Unlimited Data Max,4,10,Prepaid,0,9.0,4G
CUST-18264,20,Male,Dhaka,iPhone 15 Pro,Unlimited Data Max,35,10,Prepaid,0,23.0,4G
CUST-18265,38,Male,Rajshahi,Vivo Y20,Prepaid Saver 30D,5,8,Prepaid,0,9.0,5G
CUST-18266,24,Male,Dhaka,Xiaomi Redmi Note 12,Unlimited Data Max,29,10,Prepaid,0,9.0,4G
CUST-18267,41,Female,Dhaka,Samsung S23 Ultra,Unlimited Data Max,54,10,Prepaid,1,9.0,5G
CUST-18268,24,Male,Chattogram,iPhone 15 Pro,Student Special 4G,22,10,Prepaid,0,14.0,5G
CUST-18269,41,Male,Mymensingh,Vivo Y20,Prepaid Saver 30D,64,10,Prepaid,0,9.0,5G
CUST-18270,34,Male,Chattogram,Vivo Y20,Family Bundle,2,5,Postpaid,0,20.0,5G
CUST-18271,18,Female,Sylhet,Xiaomi Redmi Note 12,Student Special 4G,51,7,Prepaid,0,27.0,4G
CUST-18272,23,Male,Chattogram,Samsung S23 Ultra,Prepaid Saver 30D,36,4,Prepaid,1,29.0,4G
CUST-18273,41,Male,Dhaka,Samsung S23 Ultra,Unlimited Data Max,18,10,Prepaid,1,14.0,5G
CUST-18274,21,Female,Chattogram,iPhone 15 Pro,Prepaid Saver 30D,31,4,Prepaid,0,22.0,5G
CUST-18275,58,Female,Dhaka,Realme 11,Postpaid Corporate,20,7,Postpaid,1,22.0,4G
CUST-18276,53,Female,Dhaka,Vivo Y20,Prepaid Saver 30D,45,10,Prepaid,0,9.0,4G
CUST-18277,51,Male,Rajshahi,iPhone 15 Pro,Family Bundle,69,10,Postpaid,0,30.0,4G
CUST-18278,26,Female,Chattogram,Vivo Y20,Student Special 4G,36,6,Prepaid,1,15.0,4G
CUST-18279,55,Male,Dhaka,Vivo Y20,Prepaid Saver 30D,50,6,Prepaid,0,27.0,4G
CUST-18280,47,Female,Chattogram,Vivo Y20,Unlimited Data Max,44,4,Prepaid,0,15.0,4G
CUST-18281,36,Male,Dhaka,Realme 11,Prepaid Saver 30D,59,7,Prepaid,1,22.0,5G
CUST-18282,18,Male,Sylhet,Xiaomi Redmi Note 12,Prepaid Saver 30D,40,10,Prepaid,0,9.0,4G
CUST-18283,42,Female,Dhaka,Vivo Y20,Prepaid Saver 30D,32,10,Prepaid,0,9.0,4G
CUST-18284,55,Female,Rajshahi,Realme 11,Student Special 4G,9,8,Prepaid,0,9.0,4G
CUST-18285,19,Male,Dhaka,Vivo Y20,Prepaid Saver 30D,56,5,Prepaid,0,15.0,4G
CUST-18286,20,Male,Dhaka,Xiaomi Redmi Note 12,Unlimited Data Max,64,7,Prepaid,0,15.0,4G
CUST-18287,36,Female,Rangpur,iPhone 15 Pro,Student Special 4G,70,8,Prepaid,0,14.0,5G
CUST-18288,42,Female,Barishal,Xiaomi Redmi Note 12,Postpaid Corporate,52,10,Postpaid,0,9.0,5G
CUST-18289,40,Male,Rangpur,Xiaomi Redmi Note 12,Unlimited Data Max,26,9,Prepaid,0,9.0,4G
CUST-18290,38,Female,Dhaka,iPhone 15 Pro,Prepaid Saver 30D,50,10,Prepaid,0,16.0,5G
CUST-18291,29,Female,Dhaka,Realme 11,Postpaid Corporate,23,9,Postpaid,0,9.0,4G
CUST-18292,20,Male,Rangpur,Realme 11,Prepaid Saver 30D,64,8,Prepaid,0,9.0,5G
CUST-18293,19,Male,Dhaka,iPhone 15 Pro,Prepaid Saver 30D,4,5,Prepaid,1,15.0,4G
CUST-18294,22,Male,Sylhet,iPhone 15 Pro,Postpaid Corporate,64,10,Postpaid,0,21.0,3G
CUST-18295,50,Male,Sylhet,Xiaomi Redmi Note 12,Postpaid Corporate,53,4,Postpaid,0,22.0,4G
CUST-18296,54,Male,Dhaka,iPhone 15 Pro,Unlimited Data Max,64,7,Prepaid,0,15.0,5G
CUST-18297,38,Male,Dhaka,iPhone 15 Pro,Unlimited Data Max,18,8,Prepaid,0,9.0,5G
CUST-18298,21,Male,Rajshahi,iPhone 15 Pro,Postpaid Corporate,37,10,Postpaid,0,9.0,4G
CUST-18299,37,Male,Chattogram,Realme 11,Unlimited Data Max,19,8,Prepaid,0,21.0,4G
CUST-18300,64,Male,Rajshahi,Xiaomi Redmi Note 12,Family Bundle,51,8,Postpaid,0,9.0,4G
CUST-18301,29,Male,Chattogram,iPhone 15 Pro,Unlimited Data Max,45,10,Prepaid,0,9.0,5G
CUST-18302,41,Male,Chattogram,Samsung S23 Ultra,Postpaid Corporate,50,7,Postpaid,0,15.0,3G
CUST-18303,43,Male,Dhaka,Samsung S23 Ultra,Family Bundle,53,10,Postpaid,0,16.0,5G
CUST-18304,33,Female,Rajshahi,Realme 11,Prepaid Saver 30D,4,4,Prepaid,0,15.0,5G
CUST-18305,38,Female,Rajshahi,Vivo Y20,Postpaid Corporate,29,9,Postpaid,0,16.0,4G
CUST-18306,40,Male,Khulna,iPhone 15 Pro,Unlimited Data Max,18,10,Prepaid,1,9.0,5G
CUST-18307,40,Female,Dhaka,Vivo Y20,Postpaid Corporate,68,6,Postpaid,1,15.0,4G
CUST-18308,51,Female,Dhaka,Realme 11,Family Bundle,38,10,Postpaid,0,9.0,5G
CUST-18309,45,Male,Chattogram,iPhone 15 Pro,Family Bundle,12,10,Postpaid,1,23.0,4G
CUST-18310,20,Male,Dhaka,Xiaomi Redmi Note 12,Prepaid Saver 30D,28,4,Prepaid,0,22.0,3G
CUST-18311,18,Female,Dhaka,Samsung S23 Ultra,Student Special 4G,38,5,Prepaid,0,15.0,4G
CUST-18312,37,Female,Khulna,iPhone 15 Pro,Student Special 4G,24,5,Prepaid,0,20.0,5G
CUST-18313,60,Male,Chattogram,Realme 11,Prepaid Saver 30D,44,10,Prepaid,0,9.0,4G
CUST-18314,19,Male,Barishal,Vivo Y20,Student Special 4G,55,6,Prepaid,0,22.0,3G
CUST-18315,21,Male,Mymensingh,iPhone 15 Pro,Unlimited Data Max,44,10,Prepaid,1,9.0,4G
CUST-18316,49,Male,Barishal,Vivo Y20,Family Bundle,42,7,Postpaid,0,15.0,5G
CUST-18317,39,Male,Sylhet,Realme 11,Student Special 4G,47,10,Prepaid,0,9.0,4G
CUST-18318,28,Male,Dhaka,iPhone 15 Pro,Prepaid Saver 30D,21,9,Prepaid,0,16.0,4G
CUST-18319,27,Male,Barishal,Realme 11,Prepaid Saver 30D,46,6,Prepaid,0,22.0,4G
CUST-18320,49,Male,Rangpur,Vivo Y20,Family Bundle,4,9,Postpaid,0,9.0,4G
CUST-18321,42,Male,Khulna,iPhone 15 Pro,Unlimited Data Max,57,5,Prepaid,0,15.0,4G
CUST-18322,47,Female,Rajshahi,Samsung S23 Ultra,Prepaid Saver 30D,27,5,Prepaid,0,15.0,4G
CUST-18323,31,Female,Dhaka,iPhone 15 Pro,Prepaid Saver 30D,58,10,Prepaid,0,9.0,4G
CUST-18324,42,Male,Dhaka,Realme 11,Prepaid Saver 30D,19,10,Prepaid,0,9.0,4G
CUST-18325,58,Female,Mymensingh,Samsung S23 Ultra,Unlimited Data Max,70,8,Prepaid,0,14.0,4G
CUST-18326,32,Female,Dhaka,iPhone 15 Pro,Prepaid Saver 30D,37,10,Prepaid,1,21.0,4G
CUST-18327,36,Female,Khulna,iPhone 15 Pro,Family Bundle,67,7,Postpaid,0,15.0,4G
CUST-18328,25,Male,Dhaka,Samsung S23 Ultra,Student Special 4G,21,7,Prepaid,0,15.0,4G
CUST-18329,48,Male,Dhaka,Xiaomi Redmi Note 12,Student Special 4G,37,9,Prepaid,0,21.0,4G
CUST-18330,19,Male,Chattogram,Vivo Y20,Prepaid Saver 30D,51,7,Prepaid,0,27.0,4G
CUST-18331,29,Male,Rajshahi,Samsung S23 Ultra,Postpaid Corporate,51,10,Postpaid,0,16.0,4G
CUST-18332,51,Female,Dhaka,Vivo Y20,Prepaid Saver 30D,18,10,Prepaid,0,16.0,5G
CUST-18333,18,Female,Sylhet,Vivo Y20,Postpaid Corporate,29,7,Postpaid,1,15.0,4G
CUST-18334,64,Male,Dhaka,Vivo Y20,Student Special 4G,17,8,Prepaid,0,16.0,4G
CUST-18335,36,Male,Dhaka,Realme 11,Unlimited Data Max,47,7,Prepaid,1,15.0,4G
CUST-18336,36,Female,Dhaka,Xiaomi Redmi Note 12,Family Bundle,30,9,Postpaid,0,16.0,5G
CUST-18337,43,Male,Mymensingh,iPhone 15 Pro,Family Bundle,1,10,Postpaid,0,30.0,5G
CUST-18338,48,Female,Rajshahi,Vivo Y20,Prepaid Saver 30D,21,8,Prepaid,0,9.0,5G
CUST-18339,39,Male,Dhaka,Xiaomi Redmi Note 12,Family Bundle,27,4,Postpaid,0,15.0,5G
CUST-18340,59,Male,Dhaka,Xiaomi Redmi Note 12,Student Special 4G,40,10,Prepaid,0,9.0,4G
CUST-18341,63,Male,Rajshahi,iPhone 15 Pro,Unlimited Data Max,65,10,Prepaid,0,9.0,4G
CUST-18342,27,Male,Chattogram,iPhone 15 Pro,Unlimited Data Max,70,10,Prepaid,0,21.0,4G
CUST-18343,51,Female,Khulna,iPhone 15 Pro,Postpaid Corporate,48,10,Postpaid,0,21.0,4G
CUST-18344,32,Male,Rajshahi,Realme 11,Student Special 4G,65,4,Prepaid,0,15.0,4G
CUST-18345,64,Male,Dhaka,Xiaomi Redmi Note 12,Unlimited Data Max,2,10,Prepaid,0,14.0,4G
CUST-18346,29,Male,Mymensingh,iPhone 15 Pro,Prepaid Saver 30D,62,4,Prepaid,0,15.0,4G
CUST-18347,31,Male,Rajshahi,Samsung S23 Ultra,Prepaid Saver 30D,38,10,Prepaid,0,21.0,3G
CUST-18348,51,Male,Chattogram,Xiaomi Redmi Note 12,Prepaid Saver 30D,27,10,Prepaid,0,9.0,4G
CUST-18349,55,Female,Dhaka,iPhone 15 Pro,Unlimited Data Max,26,9,Prepaid,0,16.0,4G
CUST-18350,24,Female,Dhaka,iPhone 15 Pro,Unlimited Data Max,25,10,Prepaid,0,16.0,4G
CUST-18351,44,Female,Rajshahi,Samsung S23 Ultra,Student Special 4G,58,10,Prepaid,0,16.0,4G
CUST-18352,34,Male,Khulna,Vivo Y20,Unlimited Data Max,33,9,Prepaid,0,9.0,5G
CUST-18353,46,Male,Dhaka,Samsung S23 Ultra,Postpaid Corporate,9,8,Postpaid,0,9.0,5G
CUST-18354,44,Male,Dhaka,Samsung S23 Ultra,Postpaid Corporate,64,10,Postpaid,0,16.0,4G
CUST-18355,64,Male,Barishal,Realme 11,Family Bundle,43,10,Postpaid,0,9.0,4G
CUST-18356,61,Female,Barishal,iPhone 15 Pro,Family Bundle,28,4,Postpaid,0,29.0,4G
CUST-18357,48,Female,Chattogram,Vivo Y20,Family Bundle,51,4,Postpaid,0,34.0,4G
CUST-18358,49,Male,Chattogram,Xiaomi Redmi Note 12,Prepaid Saver 30D,25,10,Prepaid,0,9.0,4G
CUST-18359,60,Male,Chattogram,Realme 11,Unlimited Data Max,43,10,Prepaid,0,9.0,4G
CUST-18360,26,Male,Khulna,Vivo Y20,Prepaid Saver 30D,1,10,Prepaid,0,16.0,4G
CUST-18361,52,Male,Khulna,Vivo Y20,Prepaid Saver 30D,20,4,Prepaid,0,22.0,4G
CUST-18362,54,Female,Barishal,Vivo Y20,Unlimited Data Max,25,5,Prepaid,0,15.0,4G
CUST-18363,23,Male,Khulna,Xiaomi Redmi Note 12,Unlimited Data Max,57,4,Prepaid,0,15.0,5G
CUST-18364,59,Female,Chattogram,Vivo Y20,Prepaid Saver 30D,54,6,Prepaid,0,27.0,5G
CUST-18365,50,Male,Dhaka,iPhone 15 Pro,Prepaid Saver 30D,57,9,Prepaid,0,21.0,4G
CUST-18366,34,Female,Sylhet,Vivo Y20,Prepaid Saver 30D,34,7,Prepaid,0,27.0,5G
CUST-18367,40,Female,Dhaka,Vivo Y20,Family Bundle,26,5,Postpaid,0,22.0,5G
CUST-18368,41,Male,Barishal,iPhone 15 Pro,Prepaid Saver 30D,38,9,Prepaid,0,9.0,3G
CUST-18369,61,Female,Dhaka,Samsung S23 Ultra,Unlimited Data Max,19,7,Prepaid,0,15.0,4G
CUST-18370,63,Male,Mymensingh,Realme 11,Prepaid Saver 30D,38,6,Prepaid,0,15.0,4G
CUST-18371,55,Female,Chattogram,Samsung S23 Ultra,Prepaid Saver 30D,48,10,Prepaid,0,14.0,4G
CUST-18372,48,Male,Sylhet,Samsung S23 Ultra,Family Bundle,69,7,Postpaid,0,15.0,5G
CUST-18373,22,Female,Dhaka,Vivo Y20,Prepaid Saver 30D,27,9,Prepaid,0,16.0,4G
CUST-18374,60,Female,Barishal,Xiaomi Redmi Note 12,Prepaid Saver 30D,9,4,Prepaid,0,15.0,4G
CUST-18375,24,Female,Khulna,Realme 11,Postpaid Corporate,25,10,Postpaid,0,14.0,3G
CUST-18376,25,Male,Mymensingh,Vivo Y20,Prepaid Saver 30D,59,9,Prepaid,0,9.0,4G
CUST-18377,21,Female,Dhaka,Vivo Y20,Prepaid Saver 30D,32,10,Prepaid,0,14.0,4G
CUST-18378,62,Male,Sylhet,Vivo Y20,Unlimited Data Max,30,7,Prepaid,0,20.0,4G
CUST-18379,41,Female,Rangpur,Samsung S23 Ultra,Prepaid Saver 30D,33,8,Prepaid,0,9.0,5G
CUST-18380,29,Female,Chattogram,iPhone 15 Pro,Unlimited Data Max,18,8,Prepaid,0,9.0,4G
CUST-18381,21,Male,Chattogram,Realme 11,Student Special 4G,59,10,Prepaid,1,28.0,4G
CUST-18382,37,Male,Dhaka,Samsung S23 Ultra,Unlimited Data Max,48,5,Prepaid,0,15.0,4G
CUST-18383,52,Male,Khulna,iPhone 15 Pro,Unlimited Data Max,68,6,Prepaid,0,20.0,5G
CUST-18384,64,Female,Khulna,Xiaomi Redmi Note 12,Prepaid Saver 30D,7,10,Prepaid,0,9.0,4G
CUST-18385,43,Female,Dhaka,iPhone 15 Pro,Prepaid Saver 30D,51,4,Prepaid,0,22.0,5G
CUST-18386,46,Female,Sylhet,Samsung S23 Ultra,Prepaid Saver 30D,6,6,Prepaid,1,22.0,4G
CUST-18387,57,Male,Dhaka,Vivo Y20,Family Bundle,7,7,Postpaid,0,15.0,5G
CUST-18388,60,Female,Rajshahi,Xiaomi Redmi Note 12,Postpaid Corporate,61,10,Postpaid,0,9.0,4G
CUST-18389,31,Male,Rangpur,Xiaomi Redmi Note 12,Family Bundle,24,10,Postpaid,1,21.0,4G
CUST-18390,64,Male,Chattogram,Realme 11,Prepaid Saver 30D,23,10,Prepaid,0,9.0,5G
CUST-18391,42,Male,Chattogram,Realme 11,Prepaid Saver 30D,14,4,Prepaid,0,15.0,3G
CUST-18392,61,Male,Chattogram,Xiaomi Redmi Note 12,Prepaid Saver 30D,8,6,Prepaid,0,22.0,5G
CUST-18393,23,Female,Rangpur,Vivo Y20,Prepaid Saver 30D,48,8,Prepaid,0,16.0,4G
CUST-18394,22,Male,Dhaka,iPhone 15 Pro,Unlimited Data Max,38,10,Prepaid,0,9.0,4G
CUST-18395,59,Male,Rangpur,Vivo Y20,Unlimited Data Max,43,9,Prepaid,0,9.0,4G
CUST-18396,49,Male,Dhaka,Vivo Y20,Student Special 4G,11,9,Prepaid,0,9.0,4G
CUST-18397,26,Male,Dhaka,Samsung S23 Ultra,Student Special 4G,70,10,Prepaid,0,9.0,4G
CUST-18398,60,Female,Rangpur,Realme 11,Unlimited Data Max,1,5,Prepaid,0,22.0,5G
CUST-18399,22,Male,Dhaka,Samsung S23 Ultra,Unlimited Data Max,32,10,Prepaid,0,16.0,4G
CUST-18400,50,Male,Rajshahi,Xiaomi Redmi Note 12,Unlimited Data Max,38,10,Prepaid,0,16.0,3G
CUST-18401,27,Male,Dhaka,Vivo Y20,Postpaid Corporate,8,6,Postpaid,0,22.0,5G
CUST-18402,21,Female,Chattogram,Samsung S23 Ultra,Unlimited Data Max,42,8,Prepaid,0,16.0,4G
CUST-18403,55,Female,Barishal,Xiaomi Redmi Note 12,Student Special 4G,43,6,Prepaid,0,22.0,4G
CUST-18404,57,Female,Chattogram,Realme 11,Unlimited Data Max,38,7,Prepaid,0,15.0,5G
CUST-18405,22,Male,Rajshahi,Xiaomi Redmi Note 12,Postpaid Corporate,27,10,Postpaid,0,16.0,5G
CUST-18406,22,Male,Dhaka,Samsung S23 Ultra,Student Special 4G,67,7,Prepaid,0,20.0,5G
CUST-18407,46,Male,Dhaka,Samsung S23 Ultra,Unlimited Data Max,13,10,Prepaid,0,9.0,4G
CUST-18408,19,Male,Chattogram,Xiaomi Redmi Note 12,Student Special 4G,53,4,Prepaid,1,15.0,4G
CUST-18409,53,Male,Khulna,Samsung S23 Ultra,Family Bundle,27,5,Postpaid,0,22.0,5G
CUST-18410,61,Female,Rajshahi,Samsung S23 Ultra,Prepaid Saver 30D,28,10,Prepaid,0,14.0,4G
CUST-18411,53,Female,Khulna,Vivo Y20,Prepaid Saver 30D,17,10,Prepaid,1,16.0,5G
CUST-18412,28,Female,Sylhet,Xiaomi Redmi Note 12,Prepaid Saver 30D,48,8,Prepaid,0,9.0,5G
CUST-18413,26,Female,Barishal,Xiaomi Redmi Note 12,Prepaid Saver 30D,15,6,Prepaid,0,15.0,5G
CUST-18414,49,Female,Barishal,Samsung S23 Ultra,Family Bundle,27,6,Postpaid,0,15.0,5G
CUST-18415,20,Male,Dhaka,Realme 11,Prepaid Saver 30D,35,5,Prepaid,0,22.0,4G
CUST-18416,43,Male,Dhaka,Xiaomi Redmi Note 12,Student Special 4G,1,10,Prepaid,0,14.0,4G
CUST-18417,39,Male,Mymensingh,iPhone 15 Pro,Postpaid Corporate,58,7,Postpaid,0,15.0,3G
CUST-18418,52,Male,Rajshahi,Realme 11,Prepaid Saver 30D,24,10,Prepaid,0,9.0,5G
CUST-18419,27,Female,Chattogram,iPhone 15 Pro,Prepaid Saver 30D,63,10,Prepaid,0,16.0,4G
CUST-18420,53,Male,Rangpur,Xiaomi Redmi Note 12,Student Special 4G,47,7,Prepaid,0,29.0,5G
CUST-18421,50,Female,Barishal,Xiaomi Redmi Note 12,Prepaid Saver 30D,19,10,Prepaid,0,9.0,5G
CUST-18422,29,Female,Mymensingh,iPhone 15 Pro,Prepaid Saver 30D,48,8,Prepaid,1,9.0,4G
CUST-18423,34,Male,Dhaka,Vivo Y20,Family Bundle,32,8,Postpaid,0,9.0,4G
CUST-18424,21,Female,Mymensingh,Realme 11,Prepaid Saver 30D,35,10,Prepaid,1,16.0,3G
CUST-18425,39,Male,Chattogram,iPhone 15 Pro,Student Special 4G,60,10,Prepaid,0,9.0,4G
CUST-18426,30,Male,Sylhet,Samsung S23 Ultra,Unlimited Data Max,46,6,Prepaid,1,20.0,4G
CUST-18427,23,Male,Sylhet,iPhone 15 Pro,Student Special 4G,71,8,Prepaid,0,35.0,4G
CUST-18428,44,Male,Dhaka,Xiaomi Redmi Note 12,Postpaid Corporate,66,10,Postpaid,0,9.0,4G
CUST-18429,44,Male,Dhaka,Xiaomi Redmi Note 12,Unlimited Data Max,61,6,Prepaid,1,22.0,4G
CUST-18430,22,Female,Mymensingh,Xiaomi Redmi Note 12,Unlimited Data Max,34,10,Prepaid,0,28.0,4G
CUST-18431,26,Female,Khulna,Samsung S23 Ultra,Prepaid Saver 30D,36,10,Prepaid,0,9.0,4G
CUST-18432,21,Female,Khulna,Realme 11,Postpaid Corporate,63,10,Postpaid,0,14.0,5G
CUST-18433,49,Female,Khulna,iPhone 15 Pro,Prepaid Saver 30D,62,4,Prepaid,0,15.0,4G
CUST-18434,33,Female,Rangpur,iPhone 15 Pro,Prepaid Saver 30D,27,10,Prepaid,0,14.0,4G
CUST-18435,21,Female,Khulna,Xiaomi Redmi Note 12,Prepaid Saver 30D,51,10,Prepaid,0,9.0,4G
CUST-18436,27,Male,Chattogram,Vivo Y20,Family Bundle,43,10,Postpaid,1,16.0,4G
CUST-18437,63,Female,Rangpur,Samsung S23 Ultra,Unlimited Data Max,9,10,Prepaid,1,16.0,3G
CUST-18438,30,Female,Chattogram,Vivo Y20,Postpaid Corporate,9,4,Postpaid,0,15.0,4G
CUST-18439,50,Male,Chattogram,Realme 11,Family Bundle,6,10,Postpaid,1,23.0,4G
CUST-18440,40,Male,Sylhet,Xiaomi Redmi Note 12,Prepaid Saver 30D,19,10,Prepaid,1,16.0,4G
CUST-18441,26,Female,Chattogram,Samsung S23 Ultra,Family Bundle,67,9,Postpaid,0,9.0,5G
CUST-18442,32,Female,Chattogram,Realme 11,Prepaid Saver 30D,23,9,Prepaid,0,9.0,4G
CUST-18443,18,Male,Khulna,Realme 11,Postpaid Corporate,66,10,Postpaid,0,9.0,4G
CUST-18444,53,Male,Rangpur,Xiaomi Redmi Note 12,Student Special 4G,32,10,Prepaid,0,9.0,4G
CUST-18445,33,Male,Chattogram,Vivo Y20,Unlimited Data Max,33,4,Prepaid,0,29.0,4G
CUST-18446,41,Male,Dhaka,Vivo Y20,Prepaid Saver 30D,19,5,Prepaid,1,29.0,4G
CUST-18447,25,Female,Chattogram,Vivo Y20,Postpaid Corporate,47,9,Postpaid,0,9.0,4G
CUST-18448,56,Male,Dhaka,iPhone 15 Pro,Unlimited Data Max,42,10,Prepaid,1,30.0,4G
CUST-18449,28,Male,Dhaka,Realme 11,Prepaid Saver 30D,22,6,Prepaid,0,15.0,4G
CUST-18450,44,Female,Chattogram,Samsung S23 Ultra,Student Special 4G,56,5,Prepaid,0,15.0,5G
CUST-18451,59,Female,Sylhet,Xiaomi Redmi Note 12,Unlimited Data Max,50,10,Prepaid,0,9.0,4G
CUST-18452,51,Female,Mymensingh,Samsung S23 Ultra,Prepaid Saver 30D,51,7,Prepaid,0,22.0,5G
CUST-18453,46,Female,Rangpur,iPhone 15 Pro,Unlimited Data Max,32,10,Prepaid,0,23.0,5G
CUST-18454,59,Male,Rangpur,Realme 11,Unlimited Data Max,46,10,Prepaid,0,9.0,5G
CUST-18455,26,Female,Sylhet,Xiaomi Redmi Note 12,Prepaid Saver 30D,25,6,Prepaid,0,15.0,4G
CUST-18456,63,Female,Rajshahi,Vivo Y20,Unlimited Data Max,71,10,Prepaid,0,9.0,4G
CUST-18457,44,Female,Dhaka,Samsung S23 Ultra,Prepaid Saver 30D,32,5,Prepaid,1,29.0,4G
CUST-18458,37,Male,Rangpur,Vivo Y20,Unlimited Data Max,20,7,Prepaid,0,22.0,5G
CUST-18459,30,Male,Dhaka,Realme 11,Family Bundle,33,9,Postpaid,0,16.0,5G
CUST-18460,53,Female,Dhaka,Xiaomi Redmi Note 12,Student Special 4G,67,10,Prepaid,0,16.0,5G
CUST-18461,63,Male,Dhaka,Samsung S23 Ultra,Unlimited Data Max,67,10,Prepaid,0,16.0,4G
CUST-18462,50,Female,Dhaka,Samsung S23 Ultra,Unlimited Data Max,26,10,Prepaid,0,16.0,4G
CUST-18463,19,Female,Dhaka,Xiaomi Redmi Note 12,Prepaid Saver 30D,63,10,Prepaid,1,9.0,3G
CUST-18464,40,Female,Rajshahi,Xiaomi Redmi Note 12,Unlimited Data Max,22,9,Prepaid,0,23.0,4G
CUST-18465,52,Female,Dhaka,Xiaomi Redmi Note 12,Postpaid Corporate,14,8,Postpaid,0,16.0,5G
CUST-18466,36,Female,Dhaka,iPhone 15 Pro,Prepaid Saver 30D,16,9,Prepaid,0,16.0,5G
CUST-18467,54,Female,Chattogram,Realme 11,Prepaid Saver 30D,20,10,Prepaid,0,16.0,4G
CUST-18468,51,Female,Rangpur,Realme 11,Student Special 4G,21,10,Prepaid,1,16.0,4G
CUST-18469,21,Male,Dhaka,iPhone 15 Pro,Student Special 4G,22,10,Prepaid,0,14.0,4G
CUST-18470,44,Male,Dhaka,iPhone 15 Pro,Prepaid Saver 30D,28,9,Prepaid,0,9.0,5G
CUST-18471,26,Male,Rajshahi,Xiaomi Redmi Note 12,Postpaid Corporate,1,10,Postpaid,0,9.0,5G
CUST-18472,40,Male,Rangpur,Realme 11,Prepaid Saver 30D,27,10,Prepaid,0,16.0,4G
CUST-18473,36,Male,Dhaka,Xiaomi Redmi Note 12,Postpaid Corporate,38,8,Postpaid,0,9.0,5G
CUST-18474,55,Male,Mymensingh,Samsung S23 Ultra,Unlimited Data Max,29,10,Prepaid,0,16.0,4G
CUST-18475,58,Female,Chattogram,Vivo Y20,Prepaid Saver 30D,35,8,Prepaid,0,16.0,4G
CUST-18476,39,Male,Sylhet,iPhone 15 Pro,Prepaid Saver 30D,16,9,Prepaid,0,16.0,5G
CUST-18477,43,Female,Khulna,Realme 11,Unlimited Data Max,9,6,Prepaid,0,36.0,5G
CUST-18478,47,Female,Rajshahi,Samsung S23 Ultra,Prepaid Saver 30D,64,10,Prepaid,0,23.0,4G
CUST-18479,48,Female,Chattogram,iPhone 15 Pro,Postpaid Corporate,71,10,Postpaid,0,16.0,5G
CUST-18480,47,Male,Mymensingh,Xiaomi Redmi Note 12,Prepaid Saver 30D,29,10,Prepaid,0,9.0,4G
CUST-18481,54,Male,Dhaka,Vivo Y20,Family Bundle,55,6,Postpaid,0,15.0,3G
CUST-18482,64,Female,Dhaka,Xiaomi Redmi Note 12,Prepaid Saver 30D,10,10,Prepaid,0,9.0,5G
CUST-18483,56,Male,Mymensingh,Samsung S23 Ultra,Family Bundle,13,10,Postpaid,0,9.0,5G
CUST-18484,24,Female,Rajshahi,Vivo Y20,Unlimited Data Max,37,7,Prepaid,1,22.0,4G
CUST-18485,40,Male,Dhaka,iPhone 15 Pro,Prepaid Saver 30D,51,10,Prepaid,0,9.0,4G
CUST-18486,39,Female,Rangpur,iPhone 15 Pro,Unlimited Data Max,50,9,Prepaid,0,9.0,4G
CUST-18487,41,Male,Chattogram,Samsung S23 Ultra,Unlimited Data Max,25,9,Prepaid,1,16.0,5G
CUST-18488,42,Female,Khulna,Realme 11,Unlimited Data Max,63,10,Prepaid,0,16.0,5G
CUST-18489,51,Male,Chattogram,Xiaomi Redmi Note 12,Postpaid Corporate,45,5,Postpaid,1,20.0,4G
CUST-18490,37,Male,Dhaka,iPhone 15 Pro,Unlimited Data Max,23,8,Prepaid,0,9.0,4G
CUST-18491,30,Female,Rangpur,Realme 11,Unlimited Data Max,34,4,Prepaid,0,15.0,5G
CUST-18492,39,Male,Barishal,Samsung S23 Ultra,Prepaid Saver 30D,22,8,Prepaid,0,9.0,5G
CUST-18493,58,Male,Rangpur,Xiaomi Redmi Note 12,Postpaid Corporate,10,10,Postpaid,0,16.0,5G
CUST-18494,32,Female,Dhaka,Realme 11,Prepaid Saver 30D,1,10,Prepaid,0,9.0,3G
CUST-18495,18,Male,Mymensingh,Vivo Y20,Unlimited Data Max,33,6,Prepaid,0,15.0,4G
CUST-18496,63,Male,Chattogram,Realme 11,Unlimited Data Max,1,10,Prepaid,0,23.0,4G
CUST-18497,27,Female,Mymensingh,Xiaomi Redmi Note 12,Postpaid Corporate,69,4,Postpaid,1,29.0,5G
CUST-18498,46,Male,Rangpur,Samsung S23 Ultra,Postpaid Corporate,63,4,Postpaid,0,22.0,5G
CUST-18499,55,Female,Khulna,iPhone 15 Pro,Prepaid Saver 30D,54,7,Prepaid,1,15.0,5G
CUST-18500,30,Male,Dhaka,Xiaomi Redmi Note 12,Prepaid Saver 30D,54,6,Prepaid,0,15.0,5G
CUST-18501,33,Male,Rajshahi,Xiaomi Redmi Note 12,Unlimited Data Max,45,9,Prepaid,0,21.0,4G
CUST-18502,31,Male,Rajshahi,Xiaomi Redmi Note 12,Prepaid Saver 30D,53,5,Prepaid,0,22.0,3G
CUST-18503,25,Male,Chattogram,Realme 11,Postpaid Corporate,60,9,Postpaid,0,16.0,4G
CUST-18504,25,Female,Mymensingh,Vivo Y20,Student Special 4G,37,10,Prepaid,0,9.0,5G
CUST-18505,26,Female,Mymensingh,Xiaomi Redmi Note 12,Prepaid Saver 30D,59,5,Prepaid,0,22.0,4G
CUST-18506,39,Female,Rajshahi,Samsung S23 Ultra,Postpaid Corporate,17,8,Postpaid,0,14.0,5G
CUST-18507,42,Female,Dhaka,Xiaomi Redmi Note 12,Prepaid Saver 30D,64,10,Prepaid,0,9.0,4G
CUST-18508,18,Male,Dhaka,iPhone 15 Pro,Postpaid Corporate,51,8,Postpaid,0,21.0,4G
CUST-18509,57,Female,Sylhet,Xiaomi Redmi Note 12,Postpaid Corporate,8,8,Postpaid,1,16.0,4G
CUST-18510,49,Male,Khulna,Xiaomi Redmi Note 12,Student Special 4G,13,4,Prepaid,0,15.0,5G
CUST-18511,21,Male,Dhaka,Xiaomi Redmi Note 12,Unlimited Data Max,10,8,Prepaid,0,16.0,5G
CUST-18512,57,Male,Sylhet,Xiaomi Redmi Note 12,Prepaid Saver 30D,18,10,Prepaid,0,14.0,4G
CUST-18513,19,Female,Chattogram,iPhone 15 Pro,Prepaid Saver 30D,57,10,Prepaid,0,9.0,4G
CUST-18514,44,Male,Dhaka,Samsung S23 Ultra,Prepaid Saver 30D,59,10,Prepaid,1,16.0,5G
CUST-18515,39,Female,Rajshahi,Vivo Y20,Prepaid Saver 30D,71,4,Prepaid,0,22.0,5G
CUST-18516,41,Male,Rajshahi,Xiaomi Redmi Note 12,Postpaid Corporate,10,5,Postpaid,0,15.0,4G
CUST-18517,62,Male,Sylhet,iPhone 15 Pro,Prepaid Saver 30D,40,9,Prepaid,0,9.0,4G
CUST-18518,61,Female,Mymensingh,Vivo Y20,Prepaid Saver 30D,59,6,Prepaid,1,22.0,4G
CUST-18519,31,Male,Dhaka,Samsung S23 Ultra,Postpaid Corporate,69,5,Postpaid,0,22.0,4G
CUST-18520,45,Male,Dhaka,iPhone 15 Pro,Prepaid Saver 30D,7,5,Prepaid,1,34.0,4G
CUST-18521,63,Female,Chattogram,Realme 11,Unlimited Data Max,48,5,Prepaid,0,22.0,4G
CUST-18522,52,Male,Sylhet,Xiaomi Redmi Note 12,Unlimited Data Max,6,4,Prepaid,0,15.0,4G
CUST-18523,59,Male,Chattogram,Vivo Y20,Student Special 4G,7,10,Prepaid,0,16.0,4G
CUST-18524,38,Female,Khulna,iPhone 15 Pro,Unlimited Data Max,60,8,Prepaid,0,9.0,4G
CUST-18525,31,Female,Dhaka,Realme 11,Prepaid Saver 30D,66,10,Prepaid,1,16.0,3G
CUST-18526,42,Male,Chattogram,Xiaomi Redmi Note 12,Prepaid Saver 30D,14,6,Prepaid,0,15.0,4G
CUST-18527,56,Female,Dhaka,Xiaomi Redmi Note 12,Prepaid Saver 30D,60,10,Prepaid,0,21.0,5G
CUST-18528,61,Male,Mymensingh,Xiaomi Redmi Note 12,Family Bundle,65,5,Postpaid,0,15.0,5G
CUST-18529,50,Male,Barishal,Vivo Y20,Student Special 4G,39,10,Prepaid,0,9.0,4G
CUST-18530,51,Male,Sylhet,Realme 11,Unlimited Data Max,13,5,Prepaid,0,22.0,4G
CUST-18531,42,Female,Rangpur,iPhone 15 Pro,Prepaid Saver 30D,53,10,Prepaid,0,16.0,5G
CUST-18532,33,Male,Chattogram,Xiaomi Redmi Note 12,Unlimited Data Max,39,10,Prepaid,0,9.0,4G
CUST-18533,37,Male,Rangpur,Xiaomi Redmi Note 12,Student Special 4G,25,5,Prepaid,0,29.0,5G
CUST-18534,41,Female,Dhaka,Realme 11,Prepaid Saver 30D,62,4,Prepaid,0,20.0,5G
CUST-18535,56,Female,Chattogram,Xiaomi Redmi Note 12,Unlimited Data Max,44,10,Prepaid,0,16.0,4G
CUST-18536,44,Male,Dhaka,Xiaomi Redmi Note 12,Prepaid Saver 30D,19,4,Prepaid,0,15.0,4G
CUST-18537,55,Female,Rajshahi,Xiaomi Redmi Note 12,Prepaid Saver 30D,30,10,Prepaid,0,14.0,4G
CUST-18538,19,Male,Mymensingh,iPhone 15 Pro,Family Bundle,22,10,Postpaid,0,9.0,4G
CUST-18539,53,Female,Chattogram,Xiaomi Redmi Note 12,Unlimited Data Max,38,10,Prepaid,0,16.0,5G
CUST-18540,41,Male,Rajshahi,Vivo Y20,Family Bundle,20,10,Postpaid,0,9.0,5G
CUST-18541,64,Male,Mymensingh,Vivo Y20,Unlimited Data Max,46,8,Prepaid,0,16.0,3G
CUST-18542,40,Female,Rajshahi,Samsung S23 Ultra,Unlimited Data Max,32,9,Prepaid,0,21.0,4G
CUST-18543,40,Female,Khulna,iPhone 15 Pro,Postpaid Corporate,4,10,Postpaid,0,9.0,4G
CUST-18544,23,Female,Rajshahi,Realme 11,Prepaid Saver 30D,1,10,Prepaid,0,9.0,4G
CUST-18545,55,Female,Mymensingh,Samsung S23 Ultra,Student Special 4G,7,8,Prepaid,0,16.0,4G
CUST-18546,50,Male,Chattogram,Realme 11,Prepaid Saver 30D,12,8,Prepaid,0,14.0,5G
CUST-18547,58,Female,Rajshahi,Xiaomi Redmi Note 12,Prepaid Saver 30D,6,10,Prepaid,1,30.0,5G
CUST-18548,22,Female,Dhaka,Samsung S23 Ultra,Unlimited Data Max,47,9,Prepaid,0,16.0,4G
CUST-18549,27,Female,Mymensingh,Xiaomi Redmi Note 12,Family Bundle,43,8,Postpaid,0,14.0,4G
CUST-18550,59,Male,Mymensingh,Xiaomi Redmi Note 12,Postpaid Corporate,2,10,Postpaid,0,16.0,4G
CUST-18551,19,Male,Dhaka,Realme 11,Postpaid Corporate,30,10,Postpaid,0,9.0,4G
CUST-18552,41,Female,Chattogram,Vivo Y20,Student Special 4G,21,8,Prepaid,0,9.0,5G
CUST-18553,37,Female,Mymensingh,Vivo Y20,Unlimited Data Max,36,7,Prepaid,0,20.0,4G
CUST-18554,62,Male,Rangpur,Xiaomi Redmi Note 12,Student Special 4G,42,10,Prepaid,0,9.0,4G
CUST-18555,58,Male,Rangpur,Realme 11,Prepaid Saver 30D,36,4,Prepaid,0,15.0,4G
CUST-18556,60,Male,Khulna,Realme 11,Student Special 4G,29,10,Prepaid,0,9.0,4G
CUST-18557,31,Male,Chattogram,Vivo Y20,Postpaid Corporate,3,8,Postpaid,0,16.0,5G
CUST-18558,45,Female,Dhaka,Realme 11,Prepaid Saver 30D,57,10,Prepaid,0,9.0,5G
CUST-18559,50,Female,Rajshahi,iPhone 15 Pro,Student Special 4G,57,9,Prepaid,1,21.0,5G
CUST-18560,63,Female,Dhaka,iPhone 15 Pro,Postpaid Corporate,62,7,Postpaid,0,22.0,4G
CUST-18561,18,Female,Rajshahi,iPhone 15 Pro,Unlimited Data Max,50,5,Prepaid,0,15.0,4G
CUST-18562,63,Male,Dhaka,Samsung S23 Ultra,Postpaid Corporate,24,4,Postpaid,1,29.0,4G
CUST-18563,34,Female,Barishal,iPhone 15 Pro,Prepaid Saver 30D,49,10,Prepaid,0,16.0,3G
CUST-18564,24,Male,Khulna,Xiaomi Redmi Note 12,Student Special 4G,65,5,Prepaid,0,15.0,3G
CUST-18565,46,Male,Khulna,Realme 11,Student Special 4G,3,10,Prepaid,0,9.0,4G
CUST-18566,54,Male,Khulna,iPhone 15 Pro,Unlimited Data Max,37,8,Prepaid,0,9.0,4G
CUST-18567,24,Male,Dhaka,Samsung S23 Ultra,Unlimited Data Max,47,10,Prepaid,0,16.0,4G
CUST-18568,19,Male,Rajshahi,Samsung S23 Ultra,Unlimited Data Max,70,8,Prepaid,1,16.0,4G
CUST-18569,60,Male,Dhaka,Samsung S23 Ultra,Postpaid Corporate,36,7,Postpaid,0,20.0,4G
CUST-18570,61,Male,Rajshahi,Xiaomi Redmi Note 12,Student Special 4G,63,5,Prepaid,1,15.0,4G
CUST-18571,25,Male,Khulna,Xiaomi Redmi Note 12,Postpaid Corporate,55,8,Postpaid,0,16.0,4G
CUST-18572,60,Female,Dhaka,iPhone 15 Pro,Student Special 4G,57,10,Prepaid,0,14.0,4G
CUST-18573,60,Female,Mymensingh,iPhone 15 Pro,Prepaid Saver 30D,7,10,Prepaid,0,9.0,5G
CUST-18574,64,Male,Khulna,Xiaomi Redmi Note 12,Prepaid Saver 30D,36,8,Prepaid,0,9.0,5G
CUST-18575,28,Female,Dhaka,Realme 11,Family Bundle,54,10,Postpaid,0,16.0,5G
CUST-18576,45,Female,Mymensingh,Samsung S23 Ultra,Unlimited Data Max,9,4,Prepaid,0,15.0,5G
CUST-18577,64,Male,Chattogram,Vivo Y20,Prepaid Saver 30D,69,4,Prepaid,1,22.0,4G
CUST-18578,60,Male,Rangpur,iPhone 15 Pro,Prepaid Saver 30D,49,4,Prepaid,0,15.0,4G
CUST-18579,46,Male,Dhaka,Samsung S23 Ultra,Unlimited Data Max,61,4,Prepaid,0,22.0,5G
CUST-18580,27,Female,Chattogram,Samsung S23 Ultra,Postpaid Corporate,45,4,Postpaid,1,27.0,4G
CUST-18581,21,Male,Rajshahi,Xiaomi Redmi Note 12,Prepaid Saver 30D,64,4,Prepaid,1,29.0,4G
CUST-18582,30,Male,Chattogram,Xiaomi Redmi Note 12,Prepaid Saver 30D,64,10,Prepaid,0,16.0,3G
CUST-18583,21,Female,Sylhet,Samsung S23 Ultra,Unlimited Data Max,6,8,Prepaid,0,9.0,4G
CUST-18584,27,Female,Dhaka,Xiaomi Redmi Note 12,Prepaid Saver 30D,67,10,Prepaid,0,9.0,4G
CUST-18585,21,Female,Dhaka,iPhone 15 Pro,Unlimited Data Max,38,10,Prepaid,0,16.0,5G
CUST-18586,53,Male,Chattogram,Vivo Y20,Student Special 4G,35,10,Prepaid,0,16.0,4G
CUST-18587,45,Male,Barishal,iPhone 15 Pro,Prepaid Saver 30D,18,4,Prepaid,0,20.0,3G
CUST-18588,42,Male,Chattogram,Vivo Y20,Student Special 4G,29,5,Prepaid,0,15.0,5G
CUST-18589,56,Male,Barishal,Xiaomi Redmi Note 12,Prepaid Saver 30D,39,10,Prepaid,0,9.0,4G
CUST-18590,37,Female,Dhaka,Vivo Y20,Unlimited Data Max,38,10,Prepaid,0,16.0,5G
CUST-18591,36,Male,Dhaka,Xiaomi Redmi Note 12,Postpaid Corporate,51,5,Postpaid,0,15.0,4G
CUST-18592,27,Female,Dhaka,Samsung S23 Ultra,Unlimited Data Max,49,10,Prepaid,0,9.0,3G
CUST-18593,38,Male,Chattogram,Realme 11,Prepaid Saver 30D,54,4,Prepaid,0,22.0,3G
CUST-18594,26,Female,Chattogram,Xiaomi Redmi Note 12,Prepaid Saver 30D,42,5,Prepaid,0,22.0,4G
CUST-18595,45,Female,Chattogram,Vivo Y20,Student Special 4G,71,9,Prepaid,0,16.0,4G
CUST-18596,64,Male,Chattogram,iPhone 15 Pro,Student Special 4G,63,10,Prepaid,0,9.0,4G
CUST-18597,43,Female,Dhaka,Samsung S23 Ultra,Unlimited Data Max,68,9,Prepaid,0,9.0,4G
CUST-18598,32,Female,Chattogram,Samsung S23 Ultra,Postpaid Corporate,52,8,Postpaid,0,9.0,4G
CUST-18599,50,Male,Dhaka,Realme 11,Prepaid Saver 30D,18,6,Prepaid,0,15.0,4G
CUST-18600,56,Male,Sylhet,iPhone 15 Pro,Student Special 4G,69,10,Prepaid,0,16.0,4G
CUST-18601,40,Female,Dhaka,Realme 11,Family Bundle,66,7,Postpaid,0,15.0,5G
CUST-18602,29,Female,Chattogram,Samsung S23 Ultra,Prepaid Saver 30D,22,10,Prepaid,0,16.0,4G
CUST-18603,51,Male,Mymensingh,Samsung S23 Ultra,Prepaid Saver 30D,63,7,Prepaid,0,15.0,3G
CUST-18604,26,Male,Dhaka,Realme 11,Student Special 4G,38,9,Prepaid,1,16.0,4G
CUST-18605,64,Male,Barishal,iPhone 15 Pro,Prepaid Saver 30D,52,10,Prepaid,0,9.0,4G
CUST-18606,32,Female,Rajshahi,Xiaomi Redmi Note 12,Student Special 4G,25,7,Prepaid,0,15.0,4G
CUST-18607,34,Female,Rajshahi,Samsung S23 Ultra,Prepaid Saver 30D,19,10,Prepaid,0,16.0,5G
CUST-18608,52,Male,Sylhet,Samsung S23 Ultra,Family Bundle,29,4,Postpaid,0,22.0,5G
CUST-18609,18,Male,Sylhet,Samsung S23 Ultra,Unlimited Data Max,14,9,Prepaid,0,9.0,4G
CUST-18610,27,Female,Khulna,iPhone 15 Pro,Postpaid Corporate,11,9,Postpaid,0,30.0,4G
CUST-18611,23,Male,Mymensingh,iPhone 15 Pro,Prepaid Saver 30D,31,10,Prepaid,0,9.0,4G
CUST-18612,36,Female,Dhaka,iPhone 15 Pro,Postpaid Corporate,68,6,Postpaid,1,15.0,4G
CUST-18613,44,Female,Rangpur,iPhone 15 Pro,Family Bundle,3,9,Postpaid,0,16.0,5G
CUST-18614,26,Female,Khulna,Xiaomi Redmi Note 12,Postpaid Corporate,24,9,Postpaid,0,21.0,5G
CUST-18615,34,Female,Dhaka,Vivo Y20,Postpaid Corporate,21,5,Postpaid,0,15.0,4G
CUST-18616,54,Female,Barishal,Samsung S23 Ultra,Unlimited Data Max,15,10,Prepaid,0,16.0,4G
CUST-18617,62,Male,Khulna,Vivo Y20,Unlimited Data Max,6,8,Prepaid,0,9.0,4G
CUST-18618,18,Female,Dhaka,Xiaomi Redmi Note 12,Prepaid Saver 30D,13,8,Prepaid,0,9.0,4G
CUST-18619,47,Female,Rajshahi,Xiaomi Redmi Note 12,Prepaid Saver 30D,38,10,Prepaid,0,9.0,4G
CUST-18620,19,Female,Chattogram,Realme 11,Unlimited Data Max,31,4,Prepaid,0,15.0,4G
CUST-18621,42,Male,Rajshahi,Realme 11,Postpaid Corporate,44,10,Postpaid,0,16.0,5G
CUST-18622,59,Female,Barishal,Vivo Y20,Postpaid Corporate,61,4,Postpaid,0,20.0,4G
CUST-18623,55,Female,Khulna,Vivo Y20,Unlimited Data Max,8,10,Prepaid,1,16.0,4G
CUST-18624,28,Male,Dhaka,Samsung S23 Ultra,Unlimited Data Max,24,10,Prepaid,0,14.0,4G
CUST-18625,30,Male,Dhaka,Xiaomi Redmi Note 12,Prepaid Saver 30D,63,9,Prepaid,0,23.0,3G
CUST-18626,54,Female,Dhaka,Xiaomi Redmi Note 12,Postpaid Corporate,17,7,Postpaid,0,15.0,4G
CUST-18627,56,Female,Chattogram,Xiaomi Redmi Note 12,Student Special 4G,7,10,Prepaid,0,9.0,4G
CUST-18628,31,Female,Chattogram,Vivo Y20,Prepaid Saver 30D,18,6,Prepaid,0,22.0,4G
CUST-18629,18,Male,Rajshahi,Realme 11,Unlimited Data Max,29,10,Prepaid,0,9.0,4G
CUST-18630,38,Male,Chattogram,Xiaomi Redmi Note 12,Student Special 4G,19,8,Prepaid,0,9.0,5G
CUST-18631,47,Female,Rajshahi,Vivo Y20,Unlimited Data Max,36,10,Prepaid,0,23.0,4G
CUST-18632,38,Male,Rajshahi,Realme 11,Postpaid Corporate,15,10,Postpaid,0,16.0,3G
CUST-18633,61,Female,Barishal,Realme 11,Prepaid Saver 30D,42,10,Prepaid,0,16.0,4G
CUST-18634,56,Female,Rangpur,Realme 11,Family Bundle,62,10,Postpaid,0,9.0,4G
CUST-18635,55,Male,Rajshahi,Samsung S23 Ultra,Postpaid Corporate,23,7,Postpaid,0,15.0,5G
CUST-18636,18,Female,Rajshahi,Vivo Y20,Unlimited Data Max,39,10,Prepaid,0,9.0,4G
CUST-18637,58,Female,Rajshahi,Realme 11,Prepaid Saver 30D,51,10,Prepaid,0,9.0,4G
CUST-18638,53,Male,Khulna,Samsung S23 Ultra,Unlimited Data Max,5,10,Prepaid,0,9.0,4G
CUST-18639,36,Male,Sylhet,iPhone 15 Pro,Prepaid Saver 30D,25,6,Prepaid,0,15.0,4G
CUST-18640,45,Male,Chattogram,iPhone 15 Pro,Prepaid Saver 30D,46,9,Prepaid,0,9.0,4G
CUST-18641,56,Female,Chattogram,iPhone 15 Pro,Prepaid Saver 30D,18,10,Prepaid,0,14.0,5G
CUST-18642,60,Male,Mymensingh,Realme 11,Student Special 4G,30,7,Prepaid,0,22.0,5G
CUST-18643,43,Male,Dhaka,Xiaomi Redmi Note 12,Unlimited Data Max,33,9,Prepaid,0,16.0,4G
CUST-18644,19,Male,Khulna,iPhone 15 Pro,Prepaid Saver 30D,67,6,Prepaid,0,15.0,4G
CUST-18645,47,Male,Dhaka,Realme 11,Student Special 4G,9,5,Prepaid,0,20.0,5G
CUST-18646,49,Male,Dhaka,iPhone 15 Pro,Prepaid Saver 30D,46,10,Prepaid,0,14.0,4G
CUST-18647,20,Female,Rangpur,Samsung S23 Ultra,Prepaid Saver 30D,69,8,Prepaid,0,14.0,4G
CUST-18648,56,Female,Chattogram,Vivo Y20,Student Special 4G,65,6,Prepaid,0,22.0,4G
CUST-18649,27,Male,Chattogram,iPhone 15 Pro,Postpaid Corporate,40,5,Postpaid,0,15.0,4G
CUST-18650,59,Female,Mymensingh,iPhone 15 Pro,Prepaid Saver 30D,28,5,Prepaid,0,22.0,4G
CUST-18651,43,Female,Rajshahi,Realme 11,Family Bundle,11,8,Postpaid,0,9.0,3G
CUST-18652,33,Male,Rangpur,Realme 11,Unlimited Data Max,19,7,Prepaid,1,29.0,5G
CUST-18653,20,Female,Chattogram,Samsung S23 Ultra,Unlimited Data Max,57,4,Prepaid,0,15.0,4G
CUST-18654,18,Female,Rangpur,Samsung S23 Ultra,Prepaid Saver 30D,2,8,Prepaid,0,21.0,5G
CUST-18655,52,Male,Khulna,Vivo Y20,Unlimited Data Max,52,10,Prepaid,0,9.0,4G
CUST-18656,35,Female,Rangpur,Xiaomi Redmi Note 12,Unlimited Data Max,67,10,Prepaid,0,16.0,4G
CUST-18657,57,Male,Chattogram,Xiaomi Redmi Note 12,Unlimited Data Max,31,9,Prepaid,0,21.0,4G
CUST-18658,28,Female,Dhaka,Xiaomi Redmi Note 12,Postpaid Corporate,58,9,Postpaid,0,9.0,4G
CUST-18659,61,Female,Dhaka,Xiaomi Redmi Note 12,Prepaid Saver 30D,70,10,Prepaid,0,14.0,5G
CUST-18660,62,Male,Khulna,Realme 11,Student Special 4G,55,10,Prepaid,1,16.0,4G
CUST-18661,22,Female,Chattogram,Samsung S23 Ultra,Prepaid Saver 30D,36,5,Prepaid,0,15.0,5G
CUST-18662,48,Male,Khulna,iPhone 15 Pro,Postpaid Corporate,41,9,Postpaid,0,16.0,4G
CUST-18663,62,Male,Mymensingh,Vivo Y20,Unlimited Data Max,16,7,Prepaid,1,15.0,4G
CUST-18664,33,Female,Dhaka,Samsung S23 Ultra,Unlimited Data Max,10,5,Prepaid,0,15.0,4G
CUST-18665,21,Male,Dhaka,Vivo Y20,Postpaid Corporate,57,10,Postpaid,0,14.0,4G
CUST-18666,59,Male,Dhaka,Xiaomi Redmi Note 12,Unlimited Data Max,37,9,Prepaid,1,14.0,4G
CUST-18667,40,Female,Rangpur,Samsung S23 Ultra,Postpaid Corporate,66,10,Postpaid,0,9.0,4G
CUST-18668,19,Male,Khulna,Xiaomi Redmi Note 12,Postpaid Corporate,53,10,Postpaid,0,23.0,4G
CUST-18669,57,Female,Khulna,Realme 11,Postpaid Corporate,19,4,Postpaid,0,15.0,4G
CUST-18670,49,Male,Sylhet,iPhone 15 Pro,Prepaid Saver 30D,69,7,Prepaid,0,15.0,5G
CUST-18671,21,Female,Mymensingh,Realme 11,Student Special 4G,1,10,Prepaid,0,23.0,4G
CUST-18672,30,Male,Dhaka,Samsung S23 Ultra,Unlimited Data Max,7,6,Prepaid,0,22.0,4G
CUST-18673,18,Male,Mymensingh,Samsung S23 Ultra,Family Bundle,44,5,Postpaid,1,15.0,5G
CUST-18674,62,Female,Sylhet,Realme 11,Unlimited Data Max,43,10,Prepaid,0,14.0,4G
CUST-18675,19,Female,Barishal,Xiaomi Redmi Note 12,Prepaid Saver 30D,53,6,Prepaid,1,15.0,4G
CUST-18676,55,Male,Khulna,Realme 11,Family Bundle,46,10,Postpaid,0,16.0,4G
CUST-18677,42,Female,Chattogram,Vivo Y20,Prepaid Saver 30D,19,10,Prepaid,1,14.0,5G
CUST-18678,45,Female,Rajshahi,Vivo Y20,Student Special 4G,11,10,Prepaid,1,9.0,4G
CUST-18679,56,Male,Mymensingh,Xiaomi Redmi Note 12,Prepaid Saver 30D,69,10,Prepaid,0,16.0,4G
CUST-18680,60,Male,Sylhet,Xiaomi Redmi Note 12,Student Special 4G,25,5,Prepaid,0,22.0,5G
CUST-18681,23,Male,Mymensingh,Vivo Y20,Unlimited Data Max,12,10,Prepaid,0,9.0,5G
CUST-18682,18,Female,Barishal,Vivo Y20,Prepaid Saver 30D,5,5,Prepaid,0,15.0,4G
CUST-18683,23,Male,Dhaka,Samsung S23 Ultra,Unlimited Data Max,57,4,Prepaid,0,15.0,4G
CUST-18684,50,Female,Rangpur,Xiaomi Redmi Note 12,Unlimited Data Max,60,10,Prepaid,0,9.0,4G
CUST-18685,44,Female,Chattogram,Vivo Y20,Postpaid Corporate,63,6,Postpaid,0,22.0,4G
CUST-18686,21,Male,Chattogram,Samsung S23 Ultra,Postpaid Corporate,61,10,Postpaid,0,9.0,4G
CUST-18687,29,Male,Rajshahi,Vivo Y20,Postpaid Corporate,13,7,Postpaid,1,15.0,4G
CUST-18688,43,Female,Dhaka,Realme 11,Postpaid Corporate,2,10,Postpaid,0,9.0,4G
CUST-18689,52,Female,Barishal,Samsung S23 Ultra,Student Special 4G,36,8,Prepaid,1,16.0,4G
CUST-18690,34,Male,Dhaka,Realme 11,Prepaid Saver 30D,37,8,Prepaid,0,14.0,5G
CUST-18691,62,Female,Dhaka,Xiaomi Redmi Note 12,Prepaid Saver 30D,2,4,Prepaid,0,15.0,4G
CUST-18692,64,Male,Mymensingh,iPhone 15 Pro,Student Special 4G,63,8,Prepaid,0,9.0,4G
CUST-18693,54,Male,Dhaka,Realme 11,Postpaid Corporate,46,10,Postpaid,0,9.0,4G
CUST-18694,39,Male,Dhaka,Realme 11,Unlimited Data Max,49,10,Prepaid,0,9.0,3G
CUST-18695,59,Female,Rajshahi,Vivo Y20,Prepaid Saver 30D,39,10,Prepaid,1,9.0,4G
CUST-18696,52,Female,Dhaka,Xiaomi Redmi Note 12,Unlimited Data Max,71,9,Prepaid,0,9.0,4G
CUST-18697,42,Female,Mymensingh,Samsung S23 Ultra,Student Special 4G,56,10,Prepaid,0,9.0,4G
CUST-18698,38,Female,Dhaka,Vivo Y20,Unlimited Data Max,42,10,Prepaid,0,14.0,4G
CUST-18699,57,Male,Dhaka,iPhone 15 Pro,Postpaid Corporate,36,10,Postpaid,0,14.0,4G
CUST-18700,44,Male,Khulna,Realme 11,Postpaid Corporate,60,5,Postpaid,0,15.0,5G
CUST-18701,26,Female,Mymensingh,Realme 11,Family Bundle,26,6,Postpaid,0,29.0,4G
CUST-18702,64,Male,Sylhet,Samsung S23 Ultra,Prepaid Saver 30D,62,9,Prepaid,0,16.0,4G
CUST-18703,21,Female,Dhaka,Xiaomi Redmi Note 12,Student Special 4G,10,9,Prepaid,0,9.0,5G
CUST-18704,50,Female,Chattogram,Samsung S23 Ultra,Postpaid Corporate,3,8,Postpaid,0,14.0,5G
CUST-18705,48,Male,Dhaka,Realme 11,Unlimited Data Max,4,10,Prepaid,0,9.0,4G
CUST-18706,45,Female,Khulna,Realme 11,Prepaid Saver 30D,27,8,Prepaid,0,16.0,4G
CUST-18707,20,Female,Chattogram,Xiaomi Redmi Note 12,Prepaid Saver 30D,38,4,Prepaid,0,22.0,4G
CUST-18708,41,Male,Rangpur,iPhone 15 Pro,Unlimited Data Max,64,9,Prepaid,0,14.0,4G
CUST-18709,59,Female,Rajshahi,Vivo Y20,Prepaid Saver 30D,66,6,Prepaid,0,22.0,3G
CUST-18710,29,Male,Dhaka,Samsung S23 Ultra,Unlimited Data Max,3,4,Prepaid,0,15.0,3G
CUST-18711,50,Male,Dhaka,Samsung S23 Ultra,Student Special 4G,55,6,Prepaid,1,15.0,3G
CUST-18712,58,Female,Barishal,iPhone 15 Pro,Prepaid Saver 30D,15,4,Prepaid,0,15.0,4G
CUST-18713,62,Female,Khulna,Vivo Y20,Unlimited Data Max,28,10,Prepaid,0,9.0,4G
CUST-18714,42,Male,Khulna,Vivo Y20,Postpaid Corporate,61,8,Postpaid,1,23.0,4G
CUST-18715,32,Female,Rangpur,Xiaomi Redmi Note 12,Student Special 4G,70,10,Prepaid,0,9.0,4G
CUST-18716,50,Female,Dhaka,Vivo Y20,Family Bundle,57,4,Postpaid,1,15.0,5G
CUST-18717,40,Female,Chattogram,Vivo Y20,Student Special 4G,14,8,Prepaid,0,21.0,4G
CUST-18718,47,Female,Chattogram,Xiaomi Redmi Note 12,Student Special 4G,3,10,Prepaid,1,16.0,4G
CUST-18719,52,Male,Chattogram,Samsung S23 Ultra,Prepaid Saver 30D,71,9,Prepaid,0,9.0,4G
CUST-18720,51,Female,Sylhet,Vivo Y20,Prepaid Saver 30D,17,7,Prepaid,1,22.0,4G
CUST-18721,29,Male,Rajshahi,Realme 11,Prepaid Saver 30D,17,10,Prepaid,0,9.0,4G
CUST-18722,53,Male,Rangpur,Samsung S23 Ultra,Family Bundle,38,6,Postpaid,0,15.0,3G
CUST-18723,43,Male,Rangpur,Vivo Y20,Unlimited Data Max,12,10,Prepaid,0,9.0,4G
CUST-18724,61,Male,Chattogram,iPhone 15 Pro,Prepaid Saver 30D,48,10,Prepaid,0,9.0,4G
CUST-18725,48,Female,Mymensingh,Realme 11,Unlimited Data Max,61,6,Prepaid,0,20.0,4G
CUST-18726,59,Female,Mymensingh,iPhone 15 Pro,Student Special 4G,25,4,Prepaid,0,15.0,5G
CUST-18727,64,Female,Chattogram,Samsung S23 Ultra,Prepaid Saver 30D,34,10,Prepaid,0,9.0,4G
CUST-18728,64,Male,Dhaka,Xiaomi Redmi Note 12,Student Special 4G,64,10,Prepaid,0,9.0,4G
CUST-18729,53,Female,Mymensingh,Xiaomi Redmi Note 12,Family Bundle,64,10,Postpaid,0,9.0,5G
CUST-18730,46,Male,Rangpur,Vivo Y20,Unlimited Data Max,7,10,Prepaid,0,16.0,4G
CUST-18731,23,Male,Chattogram,Samsung S23 Ultra,Student Special 4G,54,10,Prepaid,1,16.0,4G
CUST-18732,36,Male,Rangpur,Vivo Y20,Prepaid Saver 30D,2,10,Prepaid,0,14.0,4G
CUST-18733,40,Female,Sylhet,Samsung S23 Ultra,Prepaid Saver 30D,12,7,Prepaid,1,15.0,4G
CUST-18734,54,Male,Sylhet,Vivo Y20,Prepaid Saver 30D,45,10,Prepaid,0,14.0,5G
CUST-18735,45,Female,Barishal,Realme 11,Postpaid Corporate,9,5,Postpaid,1,22.0,3G
CUST-18736,38,Female,Chattogram,iPhone 15 Pro,Prepaid Saver 30D,14,10,Prepaid,1,9.0,5G
CUST-18737,24,Female,Mymensingh,Vivo Y20,Postpaid Corporate,32,10,Postpaid,0,21.0,4G
CUST-18738,51,Male,Dhaka,iPhone 15 Pro,Student Special 4G,30,9,Prepaid,0,16.0,4G
CUST-18739,38,Female,Chattogram,Realme 11,Prepaid Saver 30D,40,10,Prepaid,0,30.0,4G
CUST-18740,19,Male,Rajshahi,Samsung S23 Ultra,Unlimited Data Max,66,5,Prepaid,0,15.0,4G
CUST-18741,31,Female,Barishal,Samsung S23 Ultra,Unlimited Data Max,31,4,Prepaid,0,20.0,4G
CUST-18742,59,Female,Dhaka,iPhone 15 Pro,Prepaid Saver 30D,22,7,Prepaid,0,22.0,5G
CUST-18743,23,Male,Sylhet,iPhone 15 Pro,Family Bundle,16,4,Postpaid,0,15.0,5G
CUST-18744,37,Male,Dhaka,iPhone 15 Pro,Prepaid Saver 30D,63,6,Prepaid,0,20.0,3G
CUST-18745,42,Female,Rangpur,iPhone 15 Pro,Postpaid Corporate,16,5,Postpaid,0,15.0,4G
CUST-18746,21,Male,Dhaka,Realme 11,Family Bundle,1,8,Postpaid,0,9.0,4G
CUST-18747,25,Female,Dhaka,Samsung S23 Ultra,Prepaid Saver 30D,37,10,Prepaid,0,9.0,4G
CUST-18748,62,Female,Chattogram,Realme 11,Prepaid Saver 30D,52,5,Prepaid,0,15.0,3G
CUST-18749,45,Female,Dhaka,Vivo Y20,Student Special 4G,2,7,Prepaid,0,22.0,5G
CUST-18750,27,Female,Dhaka,Vivo Y20,Postpaid Corporate,46,10,Postpaid,0,16.0,4G
CUST-18751,25,Male,Rangpur,Samsung S23 Ultra,Unlimited Data Max,32,6,Prepaid,0,15.0,5G
CUST-18752,38,Female,Rangpur,Vivo Y20,Student Special 4G,56,7,Prepaid,0,15.0,4G
CUST-18753,52,Female,Barishal,Samsung S23 Ultra,Family Bundle,3,10,Postpaid,0,16.0,4G
CUST-18754,52,Male,Chattogram,Samsung S23 Ultra,Student Special 4G,64,7,Prepaid,0,15.0,4G
CUST-18755,27,Male,Mymensingh,Realme 11,Student Special 4G,62,6,Prepaid,1,15.0,4G
CUST-18756,52,Male,Dhaka,Realme 11,Student Special 4G,49,10,Prepaid,0,16.0,4G
CUST-18757,60,Male,Dhaka,Samsung S23 Ultra,Postpaid Corporate,45,10,Postpaid,0,9.0,4G
CUST-18758,28,Male,Dhaka,Xiaomi Redmi Note 12,Unlimited Data Max,50,10,Prepaid,0,9.0,4G
CUST-18759,19,Male,Chattogram,Xiaomi Redmi Note 12,Family Bundle,12,8,Postpaid,0,9.0,4G
CUST-18760,63,Female,Dhaka,Realme 11,Unlimited Data Max,64,4,Prepaid,0,15.0,4G
CUST-18761,42,Male,Barishal,Xiaomi Redmi Note 12,Student Special 4G,55,8,Prepaid,0,14.0,3G
CUST-18762,54,Male,Rajshahi,Realme 11,Prepaid Saver 30D,54,10,Prepaid,0,9.0,4G
CUST-18763,33,Male,Dhaka,Samsung S23 Ultra,Postpaid Corporate,35,10,Postpaid,0,9.0,4G
CUST-18764,32,Female,Dhaka,Vivo Y20,Student Special 4G,11,4,Prepaid,0,20.0,4G
CUST-18765,28,Male,Dhaka,Xiaomi Redmi Note 12,Student Special 4G,37,5,Prepaid,0,15.0,4G
CUST-18766,28,Male,Chattogram,Realme 11,Unlimited Data Max,39,6,Prepaid,0,20.0,4G
CUST-18767,40,Female,Rangpur,Xiaomi Redmi Note 12,Postpaid Corporate,19,5,Postpaid,0,15.0,4G
CUST-18768,22,Male,Mymensingh,iPhone 15 Pro,Unlimited Data Max,66,5,Prepaid,0,29.0,4G
CUST-18769,57,Male,Rangpur,Realme 11,Unlimited Data Max,28,8,Prepaid,0,9.0,5G
CUST-18770,42,Female,Dhaka,iPhone 15 Pro,Prepaid Saver 30D,68,6,Prepaid,1,22.0,3G
CUST-18771,61,Female,Dhaka,iPhone 15 Pro,Family Bundle,63,9,Postpaid,1,9.0,4G
CUST-18772,41,Female,Chattogram,Xiaomi Redmi Note 12,Family Bundle,6,10,Postpaid,0,14.0,5G
CUST-18773,32,Female,Khulna,iPhone 15 Pro,Prepaid Saver 30D,11,9,Prepaid,0,16.0,5G
CUST-18774,42,Male,Khulna,Vivo Y20,Student Special 4G,28,9,Prepaid,0,16.0,4G
CUST-18775,25,Female,Dhaka,Realme 11,Unlimited Data Max,45,10,Prepaid,0,9.0,4G
CUST-18776,56,Male,Chattogram,iPhone 15 Pro,Unlimited Data Max,9,10,Prepaid,0,21.0,4G
CUST-18777,51,Male,Dhaka,Samsung S23 Ultra,Postpaid Corporate,16,10,Postpaid,0,14.0,5G
CUST-18778,24,Female,Barishal,iPhone 15 Pro,Student Special 4G,61,10,Prepaid,0,9.0,5G
CUST-18779,45,Male,Dhaka,Samsung S23 Ultra,Postpaid Corporate,32,4,Postpaid,0,15.0,4G
CUST-18780,43,Male,Khulna,iPhone 15 Pro,Unlimited Data Max,40,10,Prepaid,0,14.0,4G
CUST-18781,27,Female,Sylhet,iPhone 15 Pro,Prepaid Saver 30D,38,5,Prepaid,0,15.0,4G
CUST-18782,23,Male,Chattogram,Realme 11,Unlimited Data Max,69,6,Prepaid,0,20.0,5G
CUST-18783,53,Female,Barishal,Samsung S23 Ultra,Student Special 4G,9,9,Prepaid,0,9.0,4G
CUST-18784,30,Male,Dhaka,Samsung S23 Ultra,Prepaid Saver 30D,38,10,Prepaid,0,9.0,4G
CUST-18785,42,Female,Chattogram,Samsung S23 Ultra,Prepaid Saver 30D,6,10,Prepaid,0,9.0,3G
CUST-18786,29,Male,Mymensingh,Vivo Y20,Prepaid Saver 30D,4,8,Prepaid,0,16.0,5G
CUST-18787,48,Male,Barishal,Vivo Y20,Unlimited Data Max,35,6,Prepaid,1,15.0,5G
CUST-18788,20,Male,Sylhet,iPhone 15 Pro,Prepaid Saver 30D,65,7,Prepaid,0,15.0,4G
CUST-18789,34,Female,Rangpur,Xiaomi Redmi Note 12,Postpaid Corporate,30,7,Postpaid,0,15.0,4G
CUST-18790,43,Male,Dhaka,iPhone 15 Pro,Prepaid Saver 30D,51,6,Prepaid,0,15.0,4G
CUST-18791,38,Female,Sylhet,Xiaomi Redmi Note 12,Prepaid Saver 30D,66,6,Prepaid,0,22.0,4G
CUST-18792,46,Male,Khulna,Xiaomi Redmi Note 12,Family Bundle,1,10,Postpaid,0,9.0,4G
CUST-18793,26,Female,Sylhet,iPhone 15 Pro,Unlimited Data Max,50,10,Prepaid,0,9.0,5G
CUST-18794,38,Female,Dhaka,Realme 11,Prepaid Saver 30D,64,9,Prepaid,0,9.0,4G
CUST-18795,53,Female,Sylhet,Samsung S23 Ultra,Postpaid Corporate,64,5,Postpaid,0,15.0,4G
CUST-18796,33,Male,Chattogram,Realme 11,Prepaid Saver 30D,53,10,Prepaid,0,9.0,5G
CUST-18797,25,Female,Dhaka,Realme 11,Family Bundle,66,9,Postpaid,0,16.0,4G
CUST-18798,57,Female,Sylhet,Samsung S23 Ultra,Unlimited Data Max,43,8,Prepaid,0,9.0,4G
CUST-18799,54,Female,Dhaka,Realme 11,Student Special 4G,2,4,Prepaid,0,15.0,4G
CUST-18800,49,Male,Chattogram,Realme 11,Prepaid Saver 30D,70,10,Prepaid,0,9.0,5G
CUST-18801,55,Female,Barishal,Vivo Y20,Unlimited Data Max,63,10,Prepaid,0,16.0,4G
CUST-18802,54,Female,Chattogram,Vivo Y20,Prepaid Saver 30D,14,6,Prepaid,1,29.0,4G
CUST-18803,53,Female,Dhaka,Samsung S23 Ultra,Prepaid Saver 30D,69,7,Prepaid,1,15.0,4G
CUST-18804,41,Male,Dhaka,Samsung S23 Ultra,Unlimited Data Max,47,9,Prepaid,0,9.0,4G
CUST-18805,18,Female,Khulna,Samsung S23 Ultra,Unlimited Data Max,33,9,Prepaid,0,14.0,5G
CUST-18806,46,Female,Rajshahi,Xiaomi Redmi Note 12,Prepaid Saver 30D,59,10,Prepaid,0,9.0,4G
CUST-18807,30,Male,Barishal,Realme 11,Prepaid Saver 30D,46,4,Prepaid,0,15.0,5G
CUST-18808,54,Female,Rangpur,Realme 11,Unlimited Data Max,57,9,Prepaid,0,9.0,4G
CUST-18809,40,Female,Khulna,iPhone 15 Pro,Unlimited Data Max,25,4,Prepaid,0,15.0,3G
CUST-18810,60,Male,Rajshahi,iPhone 15 Pro,Prepaid Saver 30D,28,5,Prepaid,1,15.0,4G
CUST-18811,45,Female,Rajshahi,Samsung S23 Ultra,Postpaid Corporate,8,4,Postpaid,0,15.0,5G
CUST-18812,43,Female,Rangpur,iPhone 15 Pro,Family Bundle,64,10,Postpaid,0,30.0,4G
CUST-18813,61,Male,Chattogram,iPhone 15 Pro,Unlimited Data Max,19,10,Prepaid,0,9.0,3G
CUST-18814,40,Female,Khulna,iPhone 15 Pro,Family Bundle,10,10,Postpaid,0,9.0,3G
CUST-18815,35,Male,Rangpur,Samsung S23 Ultra,Postpaid Corporate,6,10,Postpaid,0,14.0,4G
CUST-18816,35,Male,Rajshahi,iPhone 15 Pro,Family Bundle,28,10,Postpaid,0,9.0,4G
CUST-18817,59,Female,Chattogram,Vivo Y20,Prepaid Saver 30D,35,5,Prepaid,0,22.0,5G
CUST-18818,53,Female,Khulna,iPhone 15 Pro,Prepaid Saver 30D,60,4,Prepaid,0,22.0,5G
CUST-18819,25,Female,Rajshahi,Vivo Y20,Student Special 4G,47,7,Prepaid,0,22.0,4G
CUST-18820,41,Female,Dhaka,Samsung S23 Ultra,Prepaid Saver 30D,58,7,Prepaid,0,22.0,3G
CUST-18821,35,Male,Mymensingh,Realme 11,Student Special 4G,1,8,Prepaid,0,9.0,5G
CUST-18822,48,Female,Rangpur,Samsung S23 Ultra,Student Special 4G,3,10,Prepaid,0,9.0,4G
CUST-18823,20,Male,Dhaka,iPhone 15 Pro,Prepaid Saver 30D,17,4,Prepaid,0,20.0,5G
CUST-18824,51,Male,Chattogram,Vivo Y20,Prepaid Saver 30D,28,5,Prepaid,0,15.0,4G
CUST-18825,52,Male,Khulna,Realme 11,Prepaid Saver 30D,6,10,Prepaid,0,9.0,4G
CUST-18826,28,Female,Khulna,Xiaomi Redmi Note 12,Postpaid Corporate,62,9,Postpaid,0,23.0,5G
CUST-18827,25,Female,Dhaka,Realme 11,Postpaid Corporate,69,7,Postpaid,0,22.0,4G
CUST-18828,47,Male,Mymensingh,Realme 11,Postpaid Corporate,35,10,Postpaid,0,9.0,4G
CUST-18829,30,Female,Dhaka,Realme 11,Unlimited Data Max,58,10,Prepaid,0,9.0,5G
CUST-18830,62,Female,Rangpur,Xiaomi Redmi Note 12,Family Bundle,14,10,Postpaid,0,16.0,4G
CUST-18831,54,Female,Rajshahi,Xiaomi Redmi Note 12,Prepaid Saver 30D,3,10,Prepaid,0,9.0,3G
CUST-18832,62,Female,Rajshahi,Samsung S23 Ultra,Unlimited Data Max,64,9,Prepaid,0,16.0,5G
CUST-18833,43,Male,Dhaka,Vivo Y20,Unlimited Data Max,58,10,Prepaid,1,23.0,5G
CUST-18834,62,Male,Chattogram,Xiaomi Redmi Note 12,Unlimited Data Max,54,10,Prepaid,0,21.0,3G
CUST-18835,18,Female,Rajshahi,iPhone 15 Pro,Prepaid Saver 30D,59,10,Prepaid,0,14.0,5G
CUST-18836,31,Female,Chattogram,Samsung S23 Ultra,Unlimited Data Max,51,10,Prepaid,1,16.0,4G
CUST-18837,18,Female,Dhaka,Realme 11,Unlimited Data Max,58,4,Prepaid,0,15.0,4G
CUST-18838,49,Male,Barishal,Realme 11,Unlimited Data Max,69,10,Prepaid,0,14.0,4G
CUST-18839,42,Female,Dhaka,Vivo Y20,Unlimited Data Max,63,5,Prepaid,0,22.0,4G
CUST-18840,31,Male,Mymensingh,Vivo Y20,Family Bundle,64,4,Postpaid,0,15.0,4G
CUST-18841,32,Male,Dhaka,Vivo Y20,Prepaid Saver 30D,34,8,Prepaid,0,14.0,4G
CUST-18842,48,Male,Dhaka,Realme 11,Unlimited Data Max,59,4,Prepaid,0,27.0,4G
CUST-18843,26,Male,Chattogram,Vivo Y20,Prepaid Saver 30D,17,4,Prepaid,0,27.0,4G
CUST-18844,42,Male,Dhaka,Samsung S23 Ultra,Postpaid Corporate,23,8,Postpaid,0,9.0,5G
CUST-18845,46,Female,Dhaka,iPhone 15 Pro,Prepaid Saver 30D,62,7,Prepaid,0,15.0,5G
CUST-18846,29,Male,Rangpur,Xiaomi Redmi Note 12,Prepaid Saver 30D,26,5,Prepaid,1,22.0,4G
CUST-18847,28,Male,Rangpur,Realme 11,Postpaid Corporate,60,10,Postpaid,0,9.0,4G
CUST-18848,34,Male,Sylhet,iPhone 15 Pro,Unlimited Data Max,36,6,Prepaid,0,15.0,4G
CUST-18849,45,Female,Chattogram,iPhone 15 Pro,Unlimited Data Max,20,6,Prepaid,0,22.0,4G
CUST-18850,29,Female,Dhaka,Vivo Y20,Family Bundle,30,10,Postpaid,0,16.0,4G
CUST-18851,35,Female,Dhaka,Realme 11,Prepaid Saver 30D,42,10,Prepaid,0,9.0,3G
CUST-18852,43,Female,Mymensingh,Realme 11,Unlimited Data Max,5,7,Prepaid,1,22.0,4G
CUST-18853,26,Male,Mymensingh,Samsung S23 Ultra,Unlimited Data Max,40,6,Prepaid,1,15.0,4G
CUST-18854,44,Male,Rajshahi,Xiaomi Redmi Note 12,Postpaid Corporate,8,10,Postpaid,0,9.0,3G
CUST-18855,24,Male,Dhaka,Xiaomi Redmi Note 12,Unlimited Data Max,35,4,Prepaid,1,15.0,5G
CUST-18856,24,Male,Khulna,Realme 11,Prepaid Saver 30D,23,10,Prepaid,0,9.0,4G
CUST-18857,29,Female,Sylhet,Vivo Y20,Prepaid Saver 30D,44,4,Prepaid,0,20.0,4G
CUST-18858,31,Male,Chattogram,iPhone 15 Pro,Unlimited Data Max,60,4,Prepaid,0,22.0,5G
CUST-18859,19,Female,Rajshahi,Vivo Y20,Prepaid Saver 30D,6,5,Prepaid,0,29.0,4G
CUST-18860,63,Male,Rajshahi,Realme 11,Unlimited Data Max,7,9,Prepaid,0,16.0,4G
CUST-18861,32,Male,Chattogram,Xiaomi Redmi Note 12,Prepaid Saver 30D,33,6,Prepaid,0,15.0,4G
CUST-18862,55,Female,Sylhet,Vivo Y20,Unlimited Data Max,54,10,Prepaid,0,9.0,5G
CUST-18863,60,Male,Rangpur,Samsung S23 Ultra,Family Bundle,20,10,Postpaid,1,16.0,5G
CUST-18864,55,Female,Rajshahi,Realme 11,Postpaid Corporate,56,4,Postpaid,0,22.0,4G
CUST-18865,57,Female,Chattogram,iPhone 15 Pro,Unlimited Data Max,1,10,Prepaid,0,16.0,3G
CUST-18866,22,Female,Chattogram,Realme 11,Unlimited Data Max,21,10,Prepaid,0,9.0,4G
CUST-18867,35,Male,Mymensingh,Samsung S23 Ultra,Postpaid Corporate,37,5,Postpaid,0,22.0,4G
CUST-18868,53,Female,Chattogram,Realme 11,Postpaid Corporate,45,8,Postpaid,0,9.0,5G
CUST-18869,45,Female,Chattogram,Samsung S23 Ultra,Prepaid Saver 30D,26,4,Prepaid,0,22.0,4G
CUST-18870,18,Male,Dhaka,iPhone 15 Pro,Unlimited Data Max,63,5,Prepaid,0,22.0,5G
CUST-18871,44,Female,Barishal,Vivo Y20,Prepaid Saver 30D,31,10,Prepaid,0,9.0,4G
CUST-18872,55,Female,Rajshahi,Realme 11,Prepaid Saver 30D,46,6,Prepaid,0,27.0,4G
CUST-18873,56,Male,Khulna,Xiaomi Redmi Note 12,Unlimited Data Max,8,5,Prepaid,0,15.0,4G
CUST-18874,36,Female,Chattogram,iPhone 15 Pro,Prepaid Saver 30D,66,10,Prepaid,0,16.0,3G
CUST-18875,29,Female,Khulna,Samsung S23 Ultra,Student Special 4G,36,6,Prepaid,0,15.0,4G
CUST-18876,32,Male,Barishal,Samsung S23 Ultra,Prepaid Saver 30D,34,6,Prepaid,1,22.0,4G
CUST-18877,31,Female,Chattogram,Realme 11,Unlimited Data Max,20,10,Prepaid,0,9.0,5G
CUST-18878,34,Female,Dhaka,iPhone 15 Pro,Unlimited Data Max,44,10,Prepaid,1,16.0,4G
CUST-18879,32,Male,Dhaka,Samsung S23 Ultra,Prepaid Saver 30D,1,9,Prepaid,0,9.0,4G
CUST-18880,39,Male,Dhaka,Xiaomi Redmi Note 12,Prepaid Saver 30D,33,10,Prepaid,0,9.0,4G
CUST-18881,19,Female,Khulna,iPhone 15 Pro,Postpaid Corporate,56,6,Postpaid,0,15.0,5G
CUST-18882,30,Male,Dhaka,Vivo Y20,Prepaid Saver 30D,56,10,Prepaid,0,23.0,4G
CUST-18883,32,Female,Khulna,iPhone 15 Pro,Prepaid Saver 30D,45,10,Prepaid,0,9.0,4G
CUST-18884,25,Female,Dhaka,iPhone 15 Pro,Prepaid Saver 30D,27,9,Prepaid,0,9.0,5G
CUST-18885,59,Female,Rajshahi,Samsung S23 Ultra,Family Bundle,38,7,Postpaid,0,22.0,3G
CUST-18886,49,Male,Khulna,Samsung S23 Ultra,Student Special 4G,12,5,Prepaid,0,15.0,4G
CUST-18887,60,Male,Chattogram,Xiaomi Redmi Note 12,Prepaid Saver 30D,45,9,Prepaid,0,16.0,3G
CUST-18888,44,Male,Mymensingh,iPhone 15 Pro,Postpaid Corporate,16,10,Postpaid,0,16.0,5G
CUST-18889,23,Female,Rajshahi,Realme 11,Unlimited Data Max,23,4,Prepaid,0,20.0,4G
CUST-18890,60,Male,Chattogram,Vivo Y20,Unlimited Data Max,53,5,Prepaid,0,15.0,4G
CUST-18891,39,Male,Khulna,Xiaomi Redmi Note 12,Prepaid Saver 30D,9,10,Prepaid,0,16.0,3G
CUST-18892,50,Male,Rajshahi,iPhone 15 Pro,Student Special 4G,24,10,Prepaid,1,9.0,4G
CUST-18893,35,Female,Chattogram,Vivo Y20,Family Bundle,26,9,Postpaid,0,9.0,5G
CUST-18894,41,Female,Rangpur,Vivo Y20,Postpaid Corporate,68,8,Postpaid,0,21.0,5G
CUST-18895,40,Female,Dhaka,Vivo Y20,Postpaid Corporate,57,4,Postpaid,0,15.0,4G
CUST-18896,31,Male,Rajshahi,Vivo Y20,Unlimited Data Max,27,10,Prepaid,0,9.0,4G
CUST-18897,44,Male,Rangpur,Vivo Y20,Family Bundle,44,9,Postpaid,0,14.0,5G
CUST-18898,52,Male,Sylhet,Realme 11,Unlimited Data Max,18,4,Prepaid,0,15.0,4G
CUST-18899,18,Male,Khulna,Vivo Y20,Family Bundle,57,7,Postpaid,1,15.0,5G
CUST-18900,24,Male,Mymensingh,iPhone 15 Pro,Unlimited Data Max,25,10,Prepaid,0,9.0,3G
CUST-18901,57,Female,Dhaka,Vivo Y20,Unlimited Data Max,65,10,Prepaid,0,16.0,4G
CUST-18902,44,Male,Dhaka,Samsung S23 Ultra,Prepaid Saver 30D,64,10,Prepaid,0,16.0,4G
CUST-18903,63,Male,Rangpur,Vivo Y20,Unlimited Data Max,18,5,Prepaid,0,22.0,4G
CUST-18904,46,Female,Dhaka,iPhone 15 Pro,Unlimited Data Max,30,5,Prepaid,0,22.0,4G
CUST-18905,48,Female,Rangpur,iPhone 15 Pro,Postpaid Corporate,65,7,Postpaid,0,29.0,5G
CUST-18906,60,Male,Barishal,Realme 11,Postpaid Corporate,7,10,Postpaid,0,9.0,3G
CUST-18907,49,Female,Chattogram,Samsung S23 Ultra,Prepaid Saver 30D,48,10,Prepaid,0,9.0,4G
CUST-18908,33,Male,Chattogram,Vivo Y20,Prepaid Saver 30D,37,10,Prepaid,0,9.0,4G
CUST-18909,42,Female,Dhaka,Realme 11,Prepaid Saver 30D,40,6,Prepaid,0,22.0,4G
CUST-18910,29,Male,Chattogram,Samsung S23 Ultra,Unlimited Data Max,41,7,Prepaid,0,15.0,4G
CUST-18911,33,Male,Dhaka,Vivo Y20,Prepaid Saver 30D,36,7,Prepaid,0,15.0,4G
CUST-18912,49,Female,Sylhet,Samsung S23 Ultra,Postpaid Corporate,25,10,Postpaid,0,9.0,4G
CUST-18913,25,Male,Rajshahi,Vivo Y20,Student Special 4G,34,10,Prepaid,0,16.0,4G
CUST-18914,49,Male,Rajshahi,Vivo Y20,Prepaid Saver 30D,70,4,Prepaid,0,15.0,4G
CUST-18915,45,Male,Chattogram,Realme 11,Postpaid Corporate,6,10,Postpaid,0,21.0,4G
CUST-18916,32,Female,Dhaka,Realme 11,Prepaid Saver 30D,12,7,Prepaid,0,15.0,4G
CUST-18917,20,Female,Mymensingh,Vivo Y20,Postpaid Corporate,4,7,Postpaid,0,15.0,5G
CUST-18918,51,Male,Barishal,Vivo Y20,Student Special 4G,45,9,Prepaid,0,9.0,3G
CUST-18919,56,Female,Dhaka,Realme 11,Prepaid Saver 30D,24,8,Prepaid,0,16.0,5G
CUST-18920,52,Male,Sylhet,Samsung S23 Ultra,Unlimited Data Max,4,10,Prepaid,0,9.0,5G
CUST-18921,37,Female,Chattogram,Realme 11,Student Special 4G,15,9,Prepaid,0,23.0,4G
CUST-18922,48,Male,Rangpur,iPhone 15 Pro,Postpaid Corporate,19,10,Postpaid,0,14.0,4G
CUST-18923,37,Male,Chattogram,Samsung S23 Ultra,Postpaid Corporate,7,10,Postpaid,0,23.0,4G
CUST-18924,34,Male,Chattogram,Samsung S23 Ultra,Prepaid Saver 30D,55,10,Prepaid,1,9.0,5G
CUST-18925,33,Male,Chattogram,Xiaomi Redmi Note 12,Unlimited Data Max,2,10,Prepaid,0,9.0,4G
CUST-18926,27,Male,Sylhet,Vivo Y20,Prepaid Saver 30D,63,10,Prepaid,0,16.0,5G
CUST-18927,63,Male,Khulna,Samsung S23 Ultra,Prepaid Saver 30D,70,9,Prepaid,0,9.0,4G
CUST-18928,49,Male,Rajshahi,Samsung S23 Ultra,Prepaid Saver 30D,66,7,Prepaid,1,15.0,5G
CUST-18929,26,Female,Dhaka,Samsung S23 Ultra,Unlimited Data Max,16,10,Prepaid,1,23.0,5G
CUST-18930,58,Male,Rangpur,Samsung S23 Ultra,Student Special 4G,17,10,Prepaid,1,9.0,4G
CUST-18931,25,Male,Khulna,Xiaomi Redmi Note 12,Prepaid Saver 30D,70,7,Prepaid,0,27.0,4G
CUST-18932,45,Female,Khulna,Vivo Y20,Postpaid Corporate,45,10,Postpaid,0,9.0,4G
CUST-18933,25,Male,Rajshahi,Samsung S23 Ultra,Unlimited Data Max,39,8,Prepaid,0,14.0,4G
CUST-18934,34,Female,Rajshahi,Vivo Y20,Prepaid Saver 30D,62,6,Prepaid,0,15.0,4G
CUST-18935,48,Female,Mymensingh,Vivo Y20,Unlimited Data Max,14,10,Prepaid,0,14.0,4G
CUST-18936,64,Female,Chattogram,Samsung S23 Ultra,Postpaid Corporate,29,6,Postpaid,0,15.0,4G
CUST-18937,64,Female,Rangpur,Xiaomi Redmi Note 12,Prepaid Saver 30D,11,8,Prepaid,0,23.0,4G
CUST-18938,60,Female,Dhaka,Vivo Y20,Prepaid Saver 30D,57,9,Prepaid,0,9.0,5G
CUST-18939,29,Male,Sylhet,Realme 11,Family Bundle,15,8,Postpaid,0,23.0,4G
CUST-18940,22,Female,Dhaka,Samsung S23 Ultra,Prepaid Saver 30D,10,5,Prepaid,1,27.0,4G
CUST-18941,60,Female,Chattogram,Samsung S23 Ultra,Prepaid Saver 30D,26,5,Prepaid,0,22.0,5G
CUST-18942,61,Female,Dhaka,Xiaomi Redmi Note 12,Postpaid Corporate,41,4,Postpaid,0,20.0,4G
CUST-18943,31,Male,Khulna,Vivo Y20,Prepaid Saver 30D,15,10,Prepaid,0,9.0,5G
CUST-18944,18,Male,Dhaka,Vivo Y20,Postpaid Corporate,64,10,Postpaid,0,9.0,4G
CUST-18945,48,Male,Rangpur,Xiaomi Redmi Note 12,Family Bundle,59,10,Postpaid,0,9.0,3G
CUST-18946,21,Female,Mymensingh,Xiaomi Redmi Note 12,Postpaid Corporate,66,9,Postpaid,0,14.0,3G
CUST-18947,19,Male,Chattogram,Xiaomi Redmi Note 12,Unlimited Data Max,27,10,Prepaid,0,9.0,5G
CUST-18948,62,Female,Khulna,Xiaomi Redmi Note 12,Unlimited Data Max,28,4,Prepaid,0,15.0,5G
CUST-18949,41,Male,Rajshahi,Realme 11,Student Special 4G,38,4,Prepaid,0,15.0,4G
CUST-18950,23,Male,Rangpur,iPhone 15 Pro,Unlimited Data Max,65,10,Prepaid,0,14.0,4G
CUST-18951,48,Female,Dhaka,Xiaomi Redmi Note 12,Prepaid Saver 30D,36,10,Prepaid,0,9.0,4G
CUST-18952,35,Female,Sylhet,Realme 11,Family Bundle,28,9,Postpaid,1,23.0,5G
CUST-18953,43,Female,Barishal,Xiaomi Redmi Note 12,Student Special 4G,47,4,Prepaid,0,15.0,4G
CUST-18954,60,Female,Mymensingh,Vivo Y20,Unlimited Data Max,10,5,Prepaid,0,15.0,4G
CUST-18955,29,Female,Rajshahi,Realme 11,Postpaid Corporate,71,10,Postpaid,0,9.0,4G
CUST-18956,48,Female,Dhaka,Realme 11,Prepaid Saver 30D,49,6,Prepaid,1,22.0,4G
CUST-18957,56,Male,Barishal,Vivo Y20,Family Bundle,32,9,Postpaid,1,30.0,5G
CUST-18958,37,Female,Mymensingh,Xiaomi Redmi Note 12,Prepaid Saver 30D,7,10,Prepaid,0,21.0,5G
CUST-18959,63,Female,Dhaka,iPhone 15 Pro,Prepaid Saver 30D,23,8,Prepaid,1,14.0,5G
CUST-18960,39,Female,Chattogram,Xiaomi Redmi Note 12,Unlimited Data Max,41,8,Prepaid,0,16.0,4G
CUST-18961,39,Female,Chattogram,Vivo Y20,Unlimited Data Max,70,10,Prepaid,0,9.0,4G
CUST-18962,59,Female,Rajshahi,Vivo Y20,Prepaid Saver 30D,35,10,Prepaid,0,21.0,5G
CUST-18963,47,Male,Chattogram,iPhone 15 Pro,Postpaid Corporate,71,8,Postpaid,0,16.0,4G
CUST-18964,58,Female,Dhaka,Xiaomi Redmi Note 12,Prepaid Saver 30D,37,6,Prepaid,0,15.0,4G
CUST-18965,55,Female,Sylhet,iPhone 15 Pro,Student Special 4G,56,4,Prepaid,0,15.0,4G
CUST-18966,51,Male,Rajshahi,Samsung S23 Ultra,Unlimited Data Max,7,5,Prepaid,0,15.0,5G
CUST-18967,29,Female,Khulna,iPhone 15 Pro,Prepaid Saver 30D,57,9,Prepaid,0,9.0,4G
CUST-18968,36,Female,Dhaka,Samsung S23 Ultra,Prepaid Saver 30D,18,10,Prepaid,0,23.0,4G
CUST-18969,58,Female,Chattogram,iPhone 15 Pro,Postpaid Corporate,29,9,Postpaid,0,23.0,4G
CUST-18970,46,Female,Dhaka,Samsung S23 Ultra,Prepaid Saver 30D,23,10,Prepaid,0,16.0,4G
CUST-18971,31,Male,Chattogram,iPhone 15 Pro,Prepaid Saver 30D,39,10,Prepaid,0,23.0,4G
CUST-18972,33,Female,Chattogram,Realme 11,Unlimited Data Max,44,4,Prepaid,0,15.0,4G
CUST-18973,54,Female,Chattogram,Vivo Y20,Postpaid Corporate,25,7,Postpaid,0,20.0,4G
CUST-18974,26,Male,Khulna,Vivo Y20,Family Bundle,5,9,Postpaid,0,14.0,4G
CUST-18975,23,Female,Chattogram,Xiaomi Redmi Note 12,Student Special 4G,44,4,Prepaid,0,20.0,5G
CUST-18976,53,Male,Chattogram,Xiaomi Redmi Note 12,Postpaid Corporate,30,4,Postpaid,0,15.0,4G
CUST-18977,31,Female,Rangpur,Vivo Y20,Postpaid Corporate,59,7,Postpaid,0,22.0,4G
CUST-18978,53,Female,Chattogram,Xiaomi Redmi Note 12,Student Special 4G,50,10,Prepaid,0,9.0,4G
CUST-18979,43,Female,Mymensingh,Samsung S23 Ultra,Student Special 4G,27,10,Prepaid,0,16.0,4G
CUST-18980,64,Female,Dhaka,Vivo Y20,Unlimited Data Max,4,9,Prepaid,0,9.0,4G
CUST-18981,42,Male,Khulna,Realme 11,Prepaid Saver 30D,38,9,Prepaid,0,9.0,4G
CUST-18982,58,Male,Barishal,Realme 11,Student Special 4G,57,9,Prepaid,1,9.0,4G
CUST-18983,57,Female,Barishal,Samsung S23 Ultra,Student Special 4G,56,10,Prepaid,1,16.0,4G
CUST-18984,27,Male,Rajshahi,Xiaomi Redmi Note 12,Postpaid Corporate,24,7,Postpaid,0,15.0,4G
CUST-18985,64,Female,Dhaka,Xiaomi Redmi Note 12,Prepaid Saver 30D,15,6,Prepaid,0,22.0,4G
CUST-18986,53,Male,Chattogram,Vivo Y20,Student Special 4G,6,6,Prepaid,0,15.0,5G
CUST-18987,23,Female,Dhaka,iPhone 15 Pro,Unlimited Data Max,44,9,Prepaid,0,9.0,4G
CUST-18988,18,Female,Dhaka,iPhone 15 Pro,Unlimited Data Max,19,6,Prepaid,1,22.0,4G
CUST-18989,30,Male,Chattogram,Realme 11,Prepaid Saver 30D,56,10,Prepaid,0,16.0,4G
CUST-18990,18,Male,Khulna,Samsung S23 Ultra,Prepaid Saver 30D,43,10,Prepaid,0,9.0,3G
CUST-18991,34,Male,Dhaka,Realme 11,Prepaid Saver 30D,4,7,Prepaid,0,15.0,3G
CUST-18992,64,Female,Khulna,Samsung S23 Ultra,Postpaid Corporate,50,6,Postpaid,0,22.0,5G
CUST-18993,40,Male,Rajshahi,iPhone 15 Pro,Postpaid Corporate,19,8,Postpaid,0,14.0,4G
CUST-18994,19,Female,Dhaka,Xiaomi Redmi Note 12,Unlimited Data Max,62,10,Prepaid,0,9.0,4G
CUST-18995,41,Male,Rangpur,Samsung S23 Ultra,Prepaid Saver 30D,2,10,Prepaid,0,9.0,5G
CUST-18996,28,Female,Dhaka,Samsung S23 Ultra,Postpaid Corporate,27,9,Postpaid,0,9.0,4G
CUST-18997,58,Female,Dhaka,Xiaomi Redmi Note 12,Family Bundle,1,5,Postpaid,0,15.0,4G
CUST-18998,22,Male,Mymensingh,Realme 11,Student Special 4G,45,4,Prepaid,0,15.0,3G
CUST-18999,54,Male,Khulna,iPhone 15 Pro,Unlimited Data Max,34,9,Prepaid,0,16.0,4G
CUST-19000,38,Male,Barishal,iPhone 15 Pro,Prepaid Saver 30D,38,10,Prepaid,0,9.0,4G
CUST-19001,18,Female,Sylhet,Realme 11,Student Special 4G,50,7,Prepaid,0,15.0,4G
CUST-19002,49,Female,Sylhet,Vivo Y20,Unlimited Data Max,64,10,Prepaid,0,9.0,4G
CUST-19003,39,Female,Dhaka,Xiaomi Redmi Note 12,Postpaid Corporate,28,4,Postpaid,0,22.0,5G
CUST-19004,54,Female,Khulna,Xiaomi Redmi Note 12,Prepaid Saver 30D,41,7,Prepaid,0,22.0,4G
CUST-19005,47,Female,Rajshahi,Vivo Y20,Postpaid Corporate,45,10,Postpaid,0,9.0,5G
CUST-19006,55,Male,Sylhet,Samsung S23 Ultra,Unlimited Data Max,63,6,Prepaid,0,15.0,4G
CUST-19007,39,Male,Khulna,Vivo Y20,Prepaid Saver 30D,14,5,Prepaid,0,15.0,4G
CUST-19008,18,Female,Barishal,Xiaomi Redmi Note 12,Prepaid Saver 30D,38,10,Prepaid,0,9.0,5G
CUST-19009,24,Female,Mymensingh,iPhone 15 Pro,Prepaid Saver 30D,60,10,Prepaid,0,9.0,4G
CUST-19010,39,Female,Chattogram,Realme 11,Unlimited Data Max,20,5,Prepaid,0,15.0,4G
CUST-19011,36,Female,Mymensingh,Vivo Y20,Prepaid Saver 30D,26,8,Prepaid,1,23.0,4G
CUST-19012,55,Male,Khulna,Vivo Y20,Prepaid Saver 30D,32,10,Prepaid,1,16.0,5G
CUST-19013,37,Female,Mymensingh,Realme 11,Unlimited Data Max,51,5,Prepaid,0,27.0,5G
CUST-19014,58,Female,Chattogram,Xiaomi Redmi Note 12,Prepaid Saver 30D,48,5,Prepaid,1,15.0,5G
CUST-19015,26,Male,Dhaka,Samsung S23 Ultra,Unlimited Data Max,10,6,Prepaid,0,15.0,5G
CUST-19016,36,Male,Khulna,Samsung S23 Ultra,Family Bundle,15,8,Postpaid,0,16.0,4G
CUST-19017,53,Female,Dhaka,Vivo Y20,Unlimited Data Max,59,10,Prepaid,0,16.0,5G
CUST-19018,23,Male,Chattogram,Samsung S23 Ultra,Postpaid Corporate,48,8,Postpaid,0,9.0,5G
CUST-19019,33,Male,Chattogram,Xiaomi Redmi Note 12,Prepaid Saver 30D,37,7,Prepaid,1,36.0,3G
CUST-19020,53,Male,Rangpur,Xiaomi Redmi Note 12,Prepaid Saver 30D,30,10,Prepaid,0,9.0,4G
CUST-19021,45,Female,Dhaka,Realme 11,Student Special 4G,69,6,Prepaid,1,36.0,4G
CUST-19022,54,Male,Mymensingh,iPhone 15 Pro,Postpaid Corporate,63,7,Postpaid,0,29.0,4G
CUST-19023,42,Male,Dhaka,Realme 11,Postpaid Corporate,29,6,Postpaid,0,22.0,4G
CUST-19024,58,Male,Rangpur,Xiaomi Redmi Note 12,Unlimited Data Max,25,5,Prepaid,0,22.0,4G
CUST-19025,59,Male,Dhaka,Vivo Y20,Prepaid Saver 30D,62,9,Prepaid,0,16.0,4G
CUST-19026,63,Male,Chattogram,Samsung S23 Ultra,Prepaid Saver 30D,25,10,Prepaid,0,16.0,4G
CUST-19027,23,Female,Chattogram,Realme 11,Prepaid Saver 30D,30,6,Prepaid,0,15.0,4G
CUST-19028,45,Male,Barishal,Realme 11,Family Bundle,66,4,Postpaid,0,15.0,4G
CUST-19029,23,Male,Rangpur,Vivo Y20,Prepaid Saver 30D,8,10,Prepaid,1,9.0,5G
CUST-19030,28,Female,Mymensingh,Xiaomi Redmi Note 12,Prepaid Saver 30D,50,5,Prepaid,0,22.0,4G
CUST-19031,32,Female,Rajshahi,iPhone 15 Pro,Unlimited Data Max,49,4,Prepaid,0,15.0,5G
CUST-19032,48,Female,Rajshahi,Xiaomi Redmi Note 12,Prepaid Saver 30D,27,10,Prepaid,0,23.0,4G
CUST-19033,38,Female,Rangpur,Vivo Y20,Unlimited Data Max,13,5,Prepaid,1,22.0,4G
CUST-19034,58,Male,Sylhet,Samsung S23 Ultra,Prepaid Saver 30D,62,10,Prepaid,0,9.0,4G
CUST-19035,32,Male,Mymensingh,Realme 11,Family Bundle,57,8,Postpaid,0,23.0,4G
CUST-19036,47,Male,Dhaka,iPhone 15 Pro,Prepaid Saver 30D,61,10,Prepaid,0,9.0,4G
CUST-19037,53,Male,Chattogram,Realme 11,Unlimited Data Max,24,6,Prepaid,0,22.0,4G
CUST-19038,64,Female,Khulna,Xiaomi Redmi Note 12,Prepaid Saver 30D,69,6,Prepaid,0,22.0,5G
CUST-19039,29,Male,Rajshahi,Vivo Y20,Prepaid Saver 30D,54,10,Prepaid,0,16.0,4G
CUST-19040,52,Female,Khulna,Samsung S23 Ultra,Unlimited Data Max,18,9,Prepaid,0,9.0,5G
CUST-19041,21,Female,Dhaka,Samsung S23 Ultra,Student Special 4G,35,10,Prepaid,0,16.0,4G
CUST-19042,43,Female,Rajshahi,Vivo Y20,Prepaid Saver 30D,23,10,Prepaid,0,16.0,4G
CUST-19043,37,Female,Dhaka,iPhone 15 Pro,Prepaid Saver 30D,39,10,Prepaid,0,30.0,4G
CUST-19044,63,Female,Dhaka,Samsung S23 Ultra,Postpaid Corporate,14,10,Postpaid,0,21.0,3G
CUST-19045,54,Male,Rangpur,Vivo Y20,Unlimited Data Max,53,10,Prepaid,0,9.0,3G
CUST-19046,61,Female,Khulna,Xiaomi Redmi Note 12,Unlimited Data Max,33,9,Prepaid,1,14.0,4G
CUST-19047,57,Female,Dhaka,Vivo Y20,Postpaid Corporate,48,10,Postpaid,0,9.0,4G
CUST-19048,37,Female,Dhaka,Xiaomi Redmi Note 12,Unlimited Data Max,46,4,Prepaid,1,20.0,4G
CUST-19049,52,Male,Khulna,Realme 11,Unlimited Data Max,48,5,Prepaid,0,22.0,3G
CUST-19050,19,Female,Dhaka,Xiaomi Redmi Note 12,Family Bundle,54,8,Postpaid,0,16.0,5G
CUST-19051,44,Female,Chattogram,Xiaomi Redmi Note 12,Student Special 4G,47,4,Prepaid,1,27.0,3G
CUST-19052,20,Male,Khulna,Xiaomi Redmi Note 12,Unlimited Data Max,37,8,Prepaid,0,16.0,4G
CUST-19053,52,Female,Mymensingh,iPhone 15 Pro,Student Special 4G,42,10,Prepaid,0,16.0,5G
CUST-19054,63,Male,Barishal,Realme 11,Unlimited Data Max,45,7,Prepaid,0,15.0,5G
CUST-19055,50,Male,Khulna,Xiaomi Redmi Note 12,Student Special 4G,58,10,Prepaid,0,21.0,3G
CUST-19056,57,Female,Khulna,Samsung S23 Ultra,Prepaid Saver 30D,34,10,Prepaid,0,23.0,5G
CUST-19057,29,Female,Dhaka,iPhone 15 Pro,Prepaid Saver 30D,22,10,Prepaid,0,9.0,5G
CUST-19058,64,Male,Dhaka,Xiaomi Redmi Note 12,Postpaid Corporate,18,10,Postpaid,0,16.0,4G
CUST-19059,43,Male,Dhaka,Vivo Y20,Unlimited Data Max,13,10,Prepaid,0,9.0,4G
CUST-19060,49,Male,Dhaka,Xiaomi Redmi Note 12,Family Bundle,43,10,Postpaid,0,23.0,4G
CUST-19061,54,Female,Rajshahi,Xiaomi Redmi Note 12,Unlimited Data Max,53,5,Prepaid,1,27.0,4G
CUST-19062,48,Male,Dhaka,Samsung S23 Ultra,Family Bundle,23,10,Postpaid,0,9.0,5G
CUST-19063,32,Female,Sylhet,iPhone 15 Pro,Unlimited Data Max,39,10,Prepaid,0,16.0,4G
CUST-19064,46,Male,Dhaka,iPhone 15 Pro,Unlimited Data Max,27,6,Prepaid,0,20.0,5G
CUST-19065,48,Female,Mymensingh,Xiaomi Redmi Note 12,Unlimited Data Max,64,10,Prepaid,0,9.0,5G
CUST-19066,58,Male,Khulna,Vivo Y20,Prepaid Saver 30D,65,8,Prepaid,0,16.0,5G
CUST-19067,40,Male,Rajshahi,Vivo Y20,Prepaid Saver 30D,69,10,Prepaid,0,9.0,4G
CUST-19068,41,Male,Rangpur,iPhone 15 Pro,Postpaid Corporate,62,9,Postpaid,0,16.0,4G
CUST-19069,41,Female,Dhaka,Realme 11,Student Special 4G,62,10,Prepaid,0,23.0,4G
CUST-19070,23,Female,Dhaka,Vivo Y20,Prepaid Saver 30D,40,5,Prepaid,0,20.0,4G
CUST-19071,22,Male,Sylhet,iPhone 15 Pro,Prepaid Saver 30D,39,5,Prepaid,1,22.0,4G
CUST-19072,18,Male,Sylhet,Xiaomi Redmi Note 12,Prepaid Saver 30D,22,10,Prepaid,0,9.0,4G
CUST-19073,49,Female,Sylhet,Xiaomi Redmi Note 12,Postpaid Corporate,54,10,Postpaid,0,9.0,4G
CUST-19074,37,Male,Chattogram,Samsung S23 Ultra,Family Bundle,23,10,Postpaid,0,9.0,4G
CUST-19075,58,Male,Barishal,Xiaomi Redmi Note 12,Prepaid Saver 30D,24,8,Prepaid,0,9.0,4G
CUST-19076,51,Male,Dhaka,Samsung S23 Ultra,Prepaid Saver 30D,68,10,Prepaid,0,9.0,4G
CUST-19077,24,Female,Rajshahi,iPhone 15 Pro,Prepaid Saver 30D,2,8,Prepaid,0,9.0,4G
CUST-19078,22,Male,Chattogram,Samsung S23 Ultra,Unlimited Data Max,9,10,Prepaid,0,9.0,4G
CUST-19079,35,Male,Dhaka,Realme 11,Prepaid Saver 30D,56,10,Prepaid,0,23.0,4G
CUST-19080,61,Male,Khulna,Vivo Y20,Unlimited Data Max,49,6,Prepaid,0,36.0,4G
CUST-19081,20,Female,Chattogram,iPhone 15 Pro,Student Special 4G,56,10,Prepaid,1,16.0,5G
CUST-19082,26,Female,Rajshahi,Samsung S23 Ultra,Unlimited Data Max,34,10,Prepaid,0,9.0,4G
CUST-19083,19,Female,Chattogram,Xiaomi Redmi Note 12,Unlimited Data Max,1,10,Prepaid,0,23.0,5G
CUST-19084,37,Male,Rangpur,Samsung S23 Ultra,Unlimited Data Max,22,4,Prepaid,0,15.0,5G
CUST-19085,64,Male,Dhaka,Xiaomi Redmi Note 12,Prepaid Saver 30D,62,4,Prepaid,0,22.0,4G
CUST-19086,50,Male,Khulna,Xiaomi Redmi Note 12,Student Special 4G,48,10,Prepaid,0,16.0,4G
CUST-19087,41,Female,Khulna,Xiaomi Redmi Note 12,Family Bundle,63,5,Postpaid,0,15.0,5G
CUST-19088,24,Male,Dhaka,Xiaomi Redmi Note 12,Prepaid Saver 30D,1,10,Prepaid,0,16.0,4G
CUST-19089,34,Female,Dhaka,Xiaomi Redmi Note 12,Unlimited Data Max,23,7,Prepaid,0,22.0,5G
CUST-19090,42,Male,Rangpur,Samsung S23 Ultra,Postpaid Corporate,49,5,Postpaid,0,29.0,5G
CUST-19091,30,Male,Khulna,Realme 11,Postpaid Corporate,2,10,Postpaid,1,9.0,5G
CUST-19092,51,Male,Barishal,Realme 11,Postpaid Corporate,32,10,Postpaid,0,16.0,5G
CUST-19093,64,Female,Rajshahi,Samsung S23 Ultra,Prepaid Saver 30D,63,10,Prepaid,0,16.0,4G
CUST-19094,27,Female,Chattogram,Xiaomi Redmi Note 12,Prepaid Saver 30D,12,10,Prepaid,0,16.0,4G
CUST-19095,29,Female,Dhaka,iPhone 15 Pro,Unlimited Data Max,6,9,Prepaid,0,9.0,3G
CUST-19096,23,Male,Dhaka,iPhone 15 Pro,Prepaid Saver 30D,46,7,Prepaid,1,22.0,3G
CUST-19097,52,Female,Dhaka,Realme 11,Family Bundle,17,8,Postpaid,0,9.0,4G
CUST-19098,39,Female,Barishal,Xiaomi Redmi Note 12,Unlimited Data Max,14,10,Prepaid,0,9.0,3G
CUST-19099,31,Male,Dhaka,Vivo Y20,Prepaid Saver 30D,39,10,Prepaid,0,21.0,5G
CUST-19100,28,Female,Barishal,Xiaomi Redmi Note 12,Unlimited Data Max,44,8,Prepaid,0,9.0,5G
CUST-19101,21,Female,Dhaka,Samsung S23 Ultra,Unlimited Data Max,58,4,Prepaid,0,22.0,4G
CUST-19102,40,Male,Khulna,Realme 11,Family Bundle,8,8,Postpaid,0,16.0,5G
CUST-19103,50,Male,Mymensingh,Samsung S23 Ultra,Unlimited Data Max,56,9,Prepaid,0,21.0,4G
CUST-19104,29,Male,Chattogram,iPhone 15 Pro,Prepaid Saver 30D,48,10,Prepaid,0,9.0,4G
CUST-19105,18,Female,Chattogram,Vivo Y20,Student Special 4G,49,10,Prepaid,0,16.0,4G
CUST-19106,40,Male,Mymensingh,Vivo Y20,Unlimited Data Max,17,10,Prepaid,1,9.0,5G
CUST-19107,49,Male,Khulna,Samsung S23 Ultra,Unlimited Data Max,59,6,Prepaid,0,22.0,4G
CUST-19108,34,Female,Rangpur,Vivo Y20,Prepaid Saver 30D,9,4,Prepaid,0,15.0,5G
CUST-19109,29,Male,Chattogram,Vivo Y20,Unlimited Data Max,49,6,Prepaid,0,15.0,4G
CUST-19110,25,Male,Chattogram,Vivo Y20,Unlimited Data Max,10,5,Prepaid,1,15.0,4G
CUST-19111,53,Male,Dhaka,Vivo Y20,Prepaid Saver 30D,46,10,Prepaid,0,9.0,4G
CUST-19112,58,Female,Mymensingh,Samsung S23 Ultra,Unlimited Data Max,33,6,Prepaid,0,15.0,3G
CUST-19113,54,Male,Dhaka,Samsung S23 Ultra,Postpaid Corporate,12,5,Postpaid,0,22.0,5G
CUST-19114,42,Male,Chattogram,Realme 11,Family Bundle,14,9,Postpaid,0,35.0,4G
CUST-19115,52,Female,Chattogram,Samsung S23 Ultra,Unlimited Data Max,32,8,Prepaid,0,16.0,4G
CUST-19116,36,Male,Mymensingh,iPhone 15 Pro,Unlimited Data Max,26,10,Prepaid,0,28.0,4G
CUST-19117,19,Female,Dhaka,Vivo Y20,Unlimited Data Max,33,10,Prepaid,0,16.0,3G
CUST-19118,35,Male,Mymensingh,Vivo Y20,Unlimited Data Max,31,4,Prepaid,0,27.0,3G
CUST-19119,51,Female,Dhaka,iPhone 15 Pro,Prepaid Saver 30D,2,4,Prepaid,0,22.0,4G
CUST-19120,48,Female,Dhaka,Xiaomi Redmi Note 12,Prepaid Saver 30D,31,10,Prepaid,1,9.0,5G
CUST-19121,64,Female,Chattogram,Xiaomi Redmi Note 12,Unlimited Data Max,29,10,Prepaid,0,23.0,3G
CUST-19122,64,Male,Sylhet,iPhone 15 Pro,Prepaid Saver 30D,28,7,Prepaid,0,22.0,3G
CUST-19123,29,Male,Barishal,iPhone 15 Pro,Unlimited Data Max,17,5,Prepaid,0,15.0,4G
CUST-19124,18,Female,Chattogram,Xiaomi Redmi Note 12,Postpaid Corporate,14,6,Postpaid,0,22.0,4G
CUST-19125,30,Male,Rangpur,Realme 11,Prepaid Saver 30D,7,8,Prepaid,0,23.0,4G
CUST-19126,59,Male,Chattogram,Vivo Y20,Postpaid Corporate,45,4,Postpaid,0,15.0,4G
CUST-19127,56,Female,Dhaka,Vivo Y20,Prepaid Saver 30D,39,5,Prepaid,0,29.0,4G
CUST-19128,22,Female,Dhaka,Samsung S23 Ultra,Prepaid Saver 30D,58,4,Prepaid,0,15.0,4G
CUST-19129,25,Female,Mymensingh,Realme 11,Postpaid Corporate,17,10,Postpaid,0,21.0,4G
CUST-19130,44,Female,Dhaka,Realme 11,Unlimited Data Max,29,8,Prepaid,0,14.0,4G
CUST-19131,49,Female,Rangpur,Samsung S23 Ultra,Postpaid Corporate,14,10,Postpaid,0,16.0,4G
CUST-19132,64,Male,Rajshahi,Vivo Y20,Prepaid Saver 30D,67,8,Prepaid,0,9.0,5G
CUST-19133,53,Male,Khulna,Xiaomi Redmi Note 12,Prepaid Saver 30D,56,7,Prepaid,1,15.0,4G
CUST-19134,27,Female,Chattogram,Realme 11,Prepaid Saver 30D,11,7,Prepaid,0,15.0,4G
CUST-19135,19,Female,Rajshahi,Realme 11,Prepaid Saver 30D,58,10,Prepaid,0,16.0,4G
CUST-19136,47,Male,Rangpur,iPhone 15 Pro,Postpaid Corporate,66,5,Postpaid,1,15.0,4G
CUST-19137,44,Male,Rangpur,iPhone 15 Pro,Unlimited Data Max,47,10,Prepaid,0,9.0,4G
CUST-19138,61,Male,Barishal,iPhone 15 Pro,Prepaid Saver 30D,71,10,Prepaid,0,9.0,4G
CUST-19139,45,Female,Mymensingh,Realme 11,Unlimited Data Max,14,10,Prepaid,0,9.0,4G
CUST-19140,41,Female,Mymensingh,Realme 11,Unlimited Data Max,21,4,Prepaid,1,22.0,4G
CUST-19141,32,Male,Sylhet,Realme 11,Unlimited Data Max,45,10,Prepaid,0,9.0,5G
CUST-19142,22,Male,Dhaka,Samsung S23 Ultra,Prepaid Saver 30D,39,10,Prepaid,0,14.0,5G
CUST-19143,59,Female,Rajshahi,Samsung S23 Ultra,Postpaid Corporate,51,10,Postpaid,1,16.0,4G
CUST-19144,56,Male,Mymensingh,Realme 11,Student Special 4G,69,10,Prepaid,0,14.0,4G
CUST-19145,25,Male,Rangpur,Vivo Y20,Prepaid Saver 30D,17,10,Prepaid,0,21.0,4G
CUST-19146,51,Male,Mymensingh,iPhone 15 Pro,Postpaid Corporate,62,10,Postpaid,0,9.0,5G
CUST-19147,35,Female,Rangpur,Xiaomi Redmi Note 12,Student Special 4G,10,10,Prepaid,0,16.0,5G
CUST-19148,38,Female,Dhaka,Vivo Y20,Unlimited Data Max,33,5,Prepaid,0,22.0,5G
CUST-19149,57,Male,Chattogram,iPhone 15 Pro,Postpaid Corporate,31,10,Postpaid,0,16.0,4G
CUST-19150,57,Male,Dhaka,Xiaomi Redmi Note 12,Prepaid Saver 30D,58,10,Prepaid,0,9.0,3G
CUST-19151,26,Female,Rajshahi,Samsung S23 Ultra,Prepaid Saver 30D,31,6,Prepaid,0,15.0,4G
CUST-19152,32,Female,Chattogram,iPhone 15 Pro,Family Bundle,59,10,Postpaid,0,9.0,4G
CUST-19153,56,Male,Mymensingh,iPhone 15 Pro,Unlimited Data Max,11,5,Prepaid,0,20.0,4G
CUST-19154,61,Male,Sylhet,Realme 11,Family Bundle,71,10,Postpaid,0,9.0,5G
CUST-19155,21,Female,Rangpur,iPhone 15 Pro,Student Special 4G,14,10,Prepaid,0,9.0,4G
CUST-19156,57,Male,Mymensingh,Xiaomi Redmi Note 12,Student Special 4G,43,10,Prepaid,0,9.0,4G
CUST-19157,40,Male,Rajshahi,iPhone 15 Pro,Prepaid Saver 30D,36,6,Prepaid,0,15.0,4G
CUST-19158,45,Female,Chattogram,Samsung S23 Ultra,Prepaid Saver 30D,7,5,Prepaid,0,22.0,4G
CUST-19159,21,Male,Dhaka,Realme 11,Prepaid Saver 30D,38,8,Prepaid,0,16.0,4G
CUST-19160,49,Male,Khulna,Realme 11,Prepaid Saver 30D,63,7,Prepaid,0,20.0,4G
CUST-19161,49,Female,Rajshahi,Realme 11,Student Special 4G,39,10,Prepaid,0,21.0,4G
CUST-19162,49,Male,Dhaka,Xiaomi Redmi Note 12,Prepaid Saver 30D,50,10,Prepaid,0,9.0,4G
CUST-19163,55,Male,Chattogram,Samsung S23 Ultra,Prepaid Saver 30D,70,10,Prepaid,0,16.0,5G
CUST-19164,62,Female,Mymensingh,Xiaomi Redmi Note 12,Family Bundle,22,10,Postpaid,0,16.0,4G
CUST-19165,57,Male,Dhaka,Realme 11,Prepaid Saver 30D,3,10,Prepaid,0,9.0,4G
CUST-19166,53,Female,Rangpur,Xiaomi Redmi Note 12,Student Special 4G,49,10,Prepaid,0,9.0,5G
CUST-19167,64,Female,Dhaka,Realme 11,Prepaid Saver 30D,56,7,Prepaid,0,15.0,4G
CUST-19168,49,Female,Rangpur,iPhone 15 Pro,Unlimited Data Max,11,6,Prepaid,1,20.0,5G
CUST-19169,49,Female,Dhaka,Xiaomi Redmi Note 12,Prepaid Saver 30D,25,6,Prepaid,0,15.0,5G
CUST-19170,43,Male,Rajshahi,iPhone 15 Pro,Prepaid Saver 30D,26,7,Prepaid,1,22.0,4G
CUST-19171,54,Female,Rajshahi,Vivo Y20,Student Special 4G,54,6,Prepaid,1,29.0,4G
CUST-19172,21,Male,Dhaka,Samsung S23 Ultra,Unlimited Data Max,63,10,Prepaid,0,23.0,3G
CUST-19173,41,Male,Dhaka,iPhone 15 Pro,Unlimited Data Max,53,10,Prepaid,0,14.0,5G
CUST-19174,37,Male,Rangpur,Realme 11,Student Special 4G,22,6,Prepaid,0,15.0,4G
CUST-19175,60,Female,Chattogram,Samsung S23 Ultra,Prepaid Saver 30D,45,8,Prepaid,0,9.0,4G
CUST-19176,21,Female,Mymensingh,Xiaomi Redmi Note 12,Prepaid Saver 30D,20,10,Prepaid,1,9.0,4G
CUST-19177,48,Female,Chattogram,Samsung S23 Ultra,Unlimited Data Max,45,10,Prepaid,0,23.0,4G
CUST-19178,26,Female,Rajshahi,Xiaomi Redmi Note 12,Family Bundle,69,4,Postpaid,0,15.0,4G
CUST-19179,59,Male,Chattogram,iPhone 15 Pro,Family Bundle,48,7,Postpaid,0,15.0,4G
CUST-19180,58,Female,Khulna,Samsung S23 Ultra,Prepaid Saver 30D,56,7,Prepaid,0,15.0,4G
CUST-19181,29,Female,Khulna,Xiaomi Redmi Note 12,Unlimited Data Max,54,6,Prepaid,1,22.0,4G
CUST-19182,58,Male,Chattogram,iPhone 15 Pro,Family Bundle,34,10,Postpaid,0,9.0,5G
CUST-19183,41,Male,Dhaka,Samsung S23 Ultra,Student Special 4G,10,10,Prepaid,0,23.0,4G
CUST-19184,63,Male,Rangpur,Xiaomi Redmi Note 12,Prepaid Saver 30D,70,4,Prepaid,1,15.0,4G
CUST-19185,52,Female,Mymensingh,Xiaomi Redmi Note 12,Postpaid Corporate,26,10,Postpaid,0,21.0,4G
CUST-19186,19,Male,Sylhet,Realme 11,Prepaid Saver 30D,63,9,Prepaid,0,23.0,4G
CUST-19187,27,Female,Rajshahi,Vivo Y20,Unlimited Data Max,60,9,Prepaid,0,30.0,4G
CUST-19188,36,Female,Mymensingh,Realme 11,Postpaid Corporate,49,10,Postpaid,0,9.0,5G
CUST-19189,27,Male,Khulna,Realme 11,Postpaid Corporate,39,8,Postpaid,0,9.0,5G
CUST-19190,24,Male,Sylhet,Realme 11,Prepaid Saver 30D,20,10,Prepaid,0,9.0,4G
CUST-19191,63,Male,Dhaka,Realme 11,Student Special 4G,10,8,Prepaid,1,16.0,4G
CUST-19192,58,Male,Dhaka,Realme 11,Prepaid Saver 30D,62,10,Prepaid,0,9.0,4G
CUST-19193,38,Male,Rangpur,Realme 11,Student Special 4G,69,10,Prepaid,0,9.0,5G
CUST-19194,28,Female,Sylhet,Xiaomi Redmi Note 12,Unlimited Data Max,48,4,Prepaid,0,15.0,4G
CUST-19195,26,Male,Dhaka,Realme 11,Family Bundle,71,5,Postpaid,0,29.0,4G
CUST-19196,61,Female,Chattogram,Vivo Y20,Unlimited Data Max,16,7,Prepaid,0,15.0,3G
CUST-19197,33,Female,Khulna,Xiaomi Redmi Note 12,Unlimited Data Max,37,4,Prepaid,0,15.0,5G
CUST-19198,18,Female,Rajshahi,iPhone 15 Pro,Postpaid Corporate,13,4,Postpaid,0,22.0,4G
CUST-19199,36,Female,Dhaka,Xiaomi Redmi Note 12,Unlimited Data Max,38,4,Prepaid,0,22.0,4G
CUST-19200,39,Male,Rajshahi,Samsung S23 Ultra,Unlimited Data Max,64,10,Prepaid,0,9.0,4G
CUST-19201,47,Female,Khulna,iPhone 15 Pro,Postpaid Corporate,21,8,Postpaid,0,9.0,4G
CUST-19202,33,Female,Dhaka,Vivo Y20,Prepaid Saver 30D,30,10,Prepaid,0,9.0,4G
CUST-19203,61,Male,Khulna,Samsung S23 Ultra,Student Special 4G,37,10,Prepaid,0,9.0,5G
CUST-19204,48,Male,Dhaka,Vivo Y20,Unlimited Data Max,33,5,Prepaid,0,15.0,4G
CUST-19205,64,Female,Rajshahi,Xiaomi Redmi Note 12,Prepaid Saver 30D,69,10,Prepaid,0,16.0,4G
CUST-19206,35,Female,Barishal,iPhone 15 Pro,Prepaid Saver 30D,31,10,Prepaid,0,16.0,5G
CUST-19207,48,Male,Rajshahi,Xiaomi Redmi Note 12,Prepaid Saver 30D,19,10,Prepaid,0,9.0,4G
CUST-19208,35,Female,Dhaka,Vivo Y20,Prepaid Saver 30D,24,10,Prepaid,0,9.0,4G
CUST-19209,50,Male,Sylhet,Samsung S23 Ultra,Prepaid Saver 30D,22,10,Prepaid,0,9.0,4G
CUST-19210,53,Female,Rajshahi,Xiaomi Redmi Note 12,Prepaid Saver 30D,23,10,Prepaid,1,9.0,5G
CUST-19211,33,Female,Chattogram,iPhone 15 Pro,Unlimited Data Max,64,9,Prepaid,0,16.0,4G
CUST-19212,62,Male,Sylhet,Xiaomi Redmi Note 12,Postpaid Corporate,37,9,Postpaid,0,9.0,3G
CUST-19213,58,Female,Dhaka,Realme 11,Prepaid Saver 30D,28,9,Prepaid,0,14.0,4G
CUST-19214,60,Male,Dhaka,Vivo Y20,Prepaid Saver 30D,11,10,Prepaid,0,9.0,4G
CUST-19215,28,Female,Rangpur,iPhone 15 Pro,Unlimited Data Max,70,10,Prepaid,0,9.0,4G
CUST-19216,51,Female,Rangpur,Realme 11,Student Special 4G,11,6,Prepaid,0,27.0,3G
CUST-19217,22,Female,Mymensingh,Xiaomi Redmi Note 12,Unlimited Data Max,25,4,Prepaid,0,22.0,4G
CUST-19218,22,Male,Sylhet,Xiaomi Redmi Note 12,Family Bundle,50,6,Postpaid,0,15.0,4G
CUST-19219,63,Male,Dhaka,Samsung S23 Ultra,Unlimited Data Max,1,8,Prepaid,0,9.0,4G
CUST-19220,25,Female,Chattogram,Vivo Y20,Family Bundle,23,6,Postpaid,0,15.0,4G
CUST-19221,58,Female,Barishal,Samsung S23 Ultra,Prepaid Saver 30D,68,8,Prepaid,0,9.0,4G
CUST-19222,38,Male,Dhaka,Samsung S23 Ultra,Prepaid Saver 30D,2,8,Prepaid,0,21.0,4G
CUST-19223,32,Female,Khulna,Realme 11,Prepaid Saver 30D,17,10,Prepaid,0,16.0,4G
CUST-19224,21,Female,Dhaka,Xiaomi Redmi Note 12,Family Bundle,7,8,Postpaid,0,9.0,4G
CUST-19225,49,Female,Khulna,Samsung S23 Ultra,Prepaid Saver 30D,50,5,Prepaid,0,15.0,5G
CUST-19226,51,Male,Barishal,Realme 11,Postpaid Corporate,1,8,Postpaid,0,23.0,4G
CUST-19227,39,Male,Dhaka,iPhone 15 Pro,Unlimited Data Max,4,4,Prepaid,0,27.0,3G
CUST-19228,56,Male,Rajshahi,Vivo Y20,Prepaid Saver 30D,34,4,Prepaid,0,22.0,4G
CUST-19229,33,Male,Chattogram,Vivo Y20,Postpaid Corporate,54,10,Postpaid,0,9.0,5G
CUST-19230,43,Male,Rajshahi,Xiaomi Redmi Note 12,Prepaid Saver 30D,65,6,Prepaid,0,15.0,4G
CUST-19231,31,Male,Rajshahi,Xiaomi Redmi Note 12,Postpaid Corporate,16,10,Postpaid,0,9.0,5G
CUST-19232,45,Male,Khulna,Xiaomi Redmi Note 12,Student Special 4G,41,4,Prepaid,0,29.0,5G
CUST-19233,24,Male,Rangpur,Realme 11,Prepaid Saver 30D,57,7,Prepaid,1,29.0,3G
CUST-19234,40,Female,Sylhet,Vivo Y20,Unlimited Data Max,52,9,Prepaid,0,9.0,4G
CUST-19235,43,Male,Barishal,Realme 11,Prepaid Saver 30D,69,9,Prepaid,0,9.0,4G
CUST-19236,44,Male,Mymensingh,Samsung S23 Ultra,Postpaid Corporate,6,9,Postpaid,0,9.0,5G
CUST-19237,38,Female,Chattogram,Samsung S23 Ultra,Prepaid Saver 30D,4,9,Prepaid,0,9.0,4G
CUST-19238,48,Female,Dhaka,Realme 11,Postpaid Corporate,49,7,Postpaid,0,20.0,5G
CUST-19239,42,Female,Khulna,iPhone 15 Pro,Unlimited Data Max,27,7,Prepaid,1,29.0,4G
CUST-19240,31,Male,Rajshahi,Xiaomi Redmi Note 12,Family Bundle,53,8,Postpaid,0,9.0,4G
CUST-19241,28,Male,Rangpur,Xiaomi Redmi Note 12,Postpaid Corporate,51,8,Postpaid,0,9.0,4G
CUST-19242,48,Female,Mymensingh,Xiaomi Redmi Note 12,Prepaid Saver 30D,32,10,Prepaid,0,16.0,4G
CUST-19243,62,Female,Rajshahi,iPhone 15 Pro,Student Special 4G,71,5,Prepaid,0,27.0,4G
CUST-19244,53,Male,Khulna,Samsung S23 Ultra,Student Special 4G,63,9,Prepaid,0,9.0,4G
CUST-19245,48,Female,Chattogram,iPhone 15 Pro,Unlimited Data Max,26,10,Prepaid,0,16.0,5G
CUST-19246,61,Female,Barishal,Realme 11,Prepaid Saver 30D,1,7,Prepaid,0,22.0,4G
CUST-19247,60,Female,Dhaka,Realme 11,Prepaid Saver 30D,71,7,Prepaid,0,15.0,5G
CUST-19248,41,Female,Rajshahi,Vivo Y20,Prepaid Saver 30D,69,10,Prepaid,0,9.0,5G
CUST-19249,23,Female,Chattogram,Samsung S23 Ultra,Prepaid Saver 30D,64,10,Prepaid,1,23.0,3G
CUST-19250,47,Male,Dhaka,Samsung S23 Ultra,Prepaid Saver 30D,4,9,Prepaid,1,9.0,4G
CUST-19251,47,Female,Dhaka,Samsung S23 Ultra,Unlimited Data Max,52,8,Prepaid,0,16.0,4G
CUST-19252,31,Female,Khulna,Xiaomi Redmi Note 12,Unlimited Data Max,69,4,Prepaid,0,22.0,4G
CUST-19253,57,Male,Dhaka,Xiaomi Redmi Note 12,Prepaid Saver 30D,28,5,Prepaid,0,20.0,5G
CUST-19254,58,Male,Chattogram,Samsung S23 Ultra,Unlimited Data Max,54,8,Prepaid,0,9.0,4G
CUST-19255,33,Male,Barishal,Xiaomi Redmi Note 12,Prepaid Saver 30D,39,10,Prepaid,0,16.0,4G
CUST-19256,40,Male,Dhaka,Samsung S23 Ultra,Unlimited Data Max,33,6,Prepaid,1,27.0,4G
CUST-19257,27,Female,Dhaka,Realme 11,Unlimited Data Max,52,8,Prepaid,0,9.0,4G
CUST-19258,26,Male,Sylhet,Xiaomi Redmi Note 12,Student Special 4G,42,6,Prepaid,0,15.0,5G
CUST-19259,30,Female,Chattogram,Samsung S23 Ultra,Prepaid Saver 30D,49,5,Prepaid,0,15.0,3G
CUST-19260,35,Female,Dhaka,Samsung S23 Ultra,Student Special 4G,16,10,Prepaid,0,16.0,5G
CUST-19261,30,Female,Khulna,Realme 11,Family Bundle,21,10,Postpaid,0,23.0,4G
CUST-19262,25,Female,Mymensingh,Vivo Y20,Prepaid Saver 30D,46,10,Prepaid,0,14.0,4G
CUST-19263,39,Female,Dhaka,Vivo Y20,Student Special 4G,40,10,Prepaid,0,16.0,4G
CUST-19264,47,Female,Chattogram,Xiaomi Redmi Note 12,Unlimited Data Max,28,8,Prepaid,0,16.0,4G
CUST-19265,33,Male,Sylhet,Xiaomi Redmi Note 12,Postpaid Corporate,60,10,Postpaid,0,16.0,5G
CUST-19266,43,Female,Sylhet,Vivo Y20,Prepaid Saver 30D,25,6,Prepaid,0,27.0,4G
CUST-19267,30,Male,Dhaka,Vivo Y20,Postpaid Corporate,34,9,Postpaid,0,9.0,4G
CUST-19268,51,Male,Khulna,Vivo Y20,Unlimited Data Max,23,6,Prepaid,0,22.0,4G
CUST-19269,48,Female,Barishal,iPhone 15 Pro,Family Bundle,41,10,Postpaid,0,9.0,5G
CUST-19270,63,Male,Barishal,Xiaomi Redmi Note 12,Prepaid Saver 30D,40,8,Prepaid,0,16.0,4G
CUST-19271,20,Male,Chattogram,Samsung S23 Ultra,Student Special 4G,24,7,Prepaid,0,15.0,4G
CUST-19272,58,Female,Rajshahi,Samsung S23 Ultra,Family Bundle,55,4,Postpaid,0,15.0,4G
CUST-19273,33,Female,Chattogram,iPhone 15 Pro,Student Special 4G,12,6,Prepaid,0,15.0,4G
CUST-19274,21,Female,Chattogram,Vivo Y20,Prepaid Saver 30D,55,8,Prepaid,1,9.0,4G
CUST-19275,50,Female,Barishal,Xiaomi Redmi Note 12,Prepaid Saver 30D,5,9,Prepaid,0,9.0,5G
CUST-19276,26,Female,Barishal,Xiaomi Redmi Note 12,Postpaid Corporate,18,10,Postpaid,0,9.0,4G
CUST-19277,26,Female,Dhaka,Vivo Y20,Prepaid Saver 30D,29,10,Prepaid,0,9.0,4G
CUST-19278,64,Female,Khulna,Xiaomi Redmi Note 12,Prepaid Saver 30D,31,9,Prepaid,0,16.0,5G
CUST-19279,28,Male,Khulna,iPhone 15 Pro,Postpaid Corporate,45,8,Postpaid,0,16.0,4G
CUST-19280,43,Female,Dhaka,Realme 11,Family Bundle,67,8,Postpaid,0,23.0,4G
CUST-19281,27,Female,Dhaka,iPhone 15 Pro,Prepaid Saver 30D,54,10,Prepaid,1,9.0,5G
CUST-19282,23,Male,Rajshahi,iPhone 15 Pro,Unlimited Data Max,39,10,Prepaid,0,16.0,4G
CUST-19283,18,Male,Dhaka,Vivo Y20,Postpaid Corporate,6,7,Postpaid,0,34.0,4G
CUST-19284,18,Female,Chattogram,Xiaomi Redmi Note 12,Prepaid Saver 30D,71,9,Prepaid,0,9.0,4G
CUST-19285,40,Female,Rangpur,iPhone 15 Pro,Family Bundle,23,7,Postpaid,0,15.0,4G
CUST-19286,38,Female,Mymensingh,Vivo Y20,Postpaid Corporate,45,9,Postpaid,0,14.0,5G
CUST-19287,19,Male,Dhaka,Realme 11,Prepaid Saver 30D,58,8,Prepaid,0,21.0,5G
CUST-19288,34,Female,Dhaka,Realme 11,Postpaid Corporate,50,10,Postpaid,0,9.0,4G
CUST-19289,30,Female,Chattogram,iPhone 15 Pro,Student Special 4G,8,10,Prepaid,0,16.0,4G
CUST-19290,44,Female,Barishal,Realme 11,Prepaid Saver 30D,19,5,Prepaid,0,15.0,4G
CUST-19291,64,Male,Rangpur,Vivo Y20,Unlimited Data Max,71,4,Prepaid,0,22.0,4G
CUST-19292,50,Female,Khulna,Samsung S23 Ultra,Postpaid Corporate,55,10,Postpaid,1,9.0,4G
CUST-19293,61,Male,Barishal,Samsung S23 Ultra,Unlimited Data Max,45,7,Prepaid,1,15.0,4G
CUST-19294,27,Male,Chattogram,Xiaomi Redmi Note 12,Family Bundle,32,5,Postpaid,1,22.0,3G
CUST-19295,28,Female,Dhaka,Realme 11,Unlimited Data Max,67,10,Prepaid,0,16.0,4G
CUST-19296,53,Male,Dhaka,Samsung S23 Ultra,Prepaid Saver 30D,52,8,Prepaid,0,14.0,4G
CUST-19297,32,Male,Khulna,Xiaomi Redmi Note 12,Family Bundle,52,9,Postpaid,0,9.0,5G
CUST-19298,57,Male,Dhaka,Samsung S23 Ultra,Unlimited Data Max,66,10,Prepaid,0,21.0,5G
CUST-19299,39,Male,Rangpur,Vivo Y20,Unlimited Data Max,69,7,Prepaid,0,22.0,3G
CUST-19300,27,Male,Rajshahi,Realme 11,Unlimited Data Max,62,9,Prepaid,0,9.0,5G
CUST-19301,57,Female,Rangpur,Vivo Y20,Family Bundle,48,10,Postpaid,0,9.0,4G
CUST-19302,43,Female,Rangpur,iPhone 15 Pro,Family Bundle,17,10,Postpaid,0,9.0,4G
CUST-19303,55,Female,Sylhet,Realme 11,Prepaid Saver 30D,20,10,Prepaid,0,9.0,4G
CUST-19304,39,Male,Sylhet,iPhone 15 Pro,Postpaid Corporate,11,7,Postpaid,0,15.0,5G
CUST-19305,23,Male,Dhaka,Samsung S23 Ultra,Postpaid Corporate,57,9,Postpaid,0,21.0,4G
CUST-19306,50,Female,Chattogram,Xiaomi Redmi Note 12,Unlimited Data Max,24,10,Prepaid,0,9.0,4G
CUST-19307,23,Female,Chattogram,Xiaomi Redmi Note 12,Unlimited Data Max,17,10,Prepaid,0,16.0,4G
CUST-19308,49,Male,Khulna,Xiaomi Redmi Note 12,Student Special 4G,52,10,Prepaid,0,16.0,4G
CUST-19309,37,Female,Mymensingh,Vivo Y20,Unlimited Data Max,41,5,Prepaid,1,15.0,4G
CUST-19310,55,Male,Chattogram,iPhone 15 Pro,Prepaid Saver 30D,18,10,Prepaid,0,16.0,4G
CUST-19311,58,Female,Rangpur,Realme 11,Unlimited Data Max,27,8,Prepaid,0,14.0,4G
CUST-19312,37,Male,Rajshahi,Samsung S23 Ultra,Prepaid Saver 30D,35,6,Prepaid,0,15.0,4G
CUST-19313,59,Male,Khulna,Vivo Y20,Unlimited Data Max,57,6,Prepaid,0,29.0,5G
CUST-19314,23,Male,Dhaka,Xiaomi Redmi Note 12,Unlimited Data Max,1,7,Prepaid,1,29.0,4G
CUST-19315,23,Male,Chattogram,Realme 11,Unlimited Data Max,54,10,Prepaid,0,16.0,4G
CUST-19316,64,Female,Dhaka,iPhone 15 Pro,Family Bundle,6,5,Postpaid,0,22.0,4G
CUST-19317,44,Female,Chattogram,iPhone 15 Pro,Unlimited Data Max,62,6,Prepaid,0,20.0,4G
CUST-19318,39,Female,Khulna,Vivo Y20,Prepaid Saver 30D,9,10,Prepaid,0,9.0,4G
CUST-19319,25,Male,Dhaka,Samsung S23 Ultra,Prepaid Saver 30D,18,10,Prepaid,0,14.0,5G
CUST-19320,31,Female,Chattogram,Xiaomi Redmi Note 12,Prepaid Saver 30D,27,4,Prepaid,0,15.0,4G
CUST-19321,50,Male,Dhaka,iPhone 15 Pro,Student Special 4G,71,8,Prepaid,1,9.0,5G
CUST-19322,56,Male,Khulna,iPhone 15 Pro,Prepaid Saver 30D,29,8,Prepaid,0,16.0,4G
CUST-19323,61,Female,Dhaka,Realme 11,Postpaid Corporate,58,8,Postpaid,0,16.0,5G
CUST-19324,37,Female,Sylhet,Realme 11,Prepaid Saver 30D,19,10,Prepaid,0,14.0,4G
CUST-19325,39,Male,Barishal,Xiaomi Redmi Note 12,Student Special 4G,28,9,Prepaid,0,21.0,4G
CUST-19326,25,Male,Rangpur,Realme 11,Student Special 4G,37,5,Prepaid,0,15.0,4G
CUST-19327,21,Female,Barishal,Samsung S23 Ultra,Unlimited Data Max,10,6,Prepaid,1,15.0,5G
CUST-19328,38,Female,Chattogram,iPhone 15 Pro,Student Special 4G,3,10,Prepaid,0,9.0,4G
CUST-19329,45,Male,Sylhet,Realme 11,Student Special 4G,25,6,Prepaid,0,22.0,4G
CUST-19330,22,Female,Rajshahi,Realme 11,Family Bundle,56,8,Postpaid,0,9.0,4G
CUST-19331,37,Female,Mymensingh,Samsung S23 Ultra,Family Bundle,8,7,Postpaid,0,22.0,4G
CUST-19332,48,Male,Rajshahi,Vivo Y20,Postpaid Corporate,59,8,Postpaid,0,16.0,4G
CUST-19333,56,Female,Dhaka,Xiaomi Redmi Note 12,Prepaid Saver 30D,44,10,Prepaid,1,9.0,5G
CUST-19334,62,Female,Rajshahi,iPhone 15 Pro,Prepaid Saver 30D,20,6,Prepaid,0,15.0,5G
CUST-19335,33,Female,Chattogram,Xiaomi Redmi Note 12,Student Special 4G,9,10,Prepaid,0,9.0,4G
CUST-19336,36,Male,Rajshahi,iPhone 15 Pro,Family Bundle,40,10,Postpaid,0,16.0,5G
CUST-19337,59,Female,Sylhet,Xiaomi Redmi Note 12,Unlimited Data Max,31,10,Prepaid,0,14.0,4G
CUST-19338,50,Female,Rangpur,Samsung S23 Ultra,Prepaid Saver 30D,8,8,Prepaid,0,9.0,4G
CUST-19339,30,Female,Rajshahi,Samsung S23 Ultra,Unlimited Data Max,48,4,Prepaid,0,27.0,4G
CUST-19340,50,Female,Mymensingh,Vivo Y20,Prepaid Saver 30D,60,10,Prepaid,0,21.0,4G
CUST-19341,25,Male,Dhaka,Realme 11,Prepaid Saver 30D,33,10,Prepaid,1,16.0,4G
CUST-19342,39,Male,Dhaka,iPhone 15 Pro,Prepaid Saver 30D,33,4,Prepaid,0,22.0,5G
CUST-19343,32,Female,Rangpur,Vivo Y20,Postpaid Corporate,63,5,Postpaid,0,20.0,4G
CUST-19344,64,Female,Mymensingh,Realme 11,Unlimited Data Max,28,7,Prepaid,0,15.0,4G
CUST-19345,19,Female,Dhaka,Realme 11,Postpaid Corporate,18,9,Postpaid,0,16.0,4G
CUST-19346,58,Female,Rajshahi,Realme 11,Prepaid Saver 30D,61,9,Prepaid,1,16.0,4G
CUST-19347,31,Female,Barishal,Vivo Y20,Student Special 4G,38,5,Prepaid,0,15.0,4G
CUST-19348,19,Male,Rajshahi,Vivo Y20,Unlimited Data Max,67,5,Prepaid,0,22.0,4G
CUST-19349,49,Male,Rajshahi,iPhone 15 Pro,Prepaid Saver 30D,65,10,Prepaid,1,21.0,5G
CUST-19350,49,Female,Chattogram,Realme 11,Postpaid Corporate,58,10,Postpaid,0,9.0,3G
CUST-19351,24,Male,Barishal,Samsung S23 Ultra,Postpaid Corporate,26,9,Postpaid,0,16.0,4G
CUST-19352,19,Male,Rajshahi,Xiaomi Redmi Note 12,Prepaid Saver 30D,51,7,Prepaid,1,15.0,3G
CUST-19353,23,Female,Chattogram,Samsung S23 Ultra,Prepaid Saver 30D,34,8,Prepaid,0,16.0,3G
CUST-19354,37,Male,Sylhet,Samsung S23 Ultra,Family Bundle,55,10,Postpaid,0,16.0,5G
CUST-19355,24,Female,Barishal,Realme 11,Prepaid Saver 30D,67,7,Prepaid,0,15.0,4G
CUST-19356,51,Male,Chattogram,iPhone 15 Pro,Unlimited Data Max,53,7,Prepaid,0,15.0,4G
CUST-19357,21,Male,Barishal,Samsung S23 Ultra,Family Bundle,36,8,Postpaid,0,9.0,5G
CUST-19358,55,Male,Rajshahi,Vivo Y20,Student Special 4G,71,5,Prepaid,0,15.0,4G
CUST-19359,59,Male,Khulna,Vivo Y20,Unlimited Data Max,62,5,Prepaid,1,36.0,5G
CUST-19360,51,Female,Rangpur,iPhone 15 Pro,Student Special 4G,18,10,Prepaid,1,9.0,4G
CUST-19361,62,Female,Sylhet,Xiaomi Redmi Note 12,Prepaid Saver 30D,67,10,Prepaid,0,9.0,3G
CUST-19362,62,Male,Khulna,iPhone 15 Pro,Student Special 4G,35,7,Prepaid,0,22.0,4G
CUST-19363,20,Male,Chattogram,Vivo Y20,Postpaid Corporate,19,9,Postpaid,0,14.0,4G
CUST-19364,34,Female,Chattogram,Realme 11,Prepaid Saver 30D,21,8,Prepaid,0,9.0,5G
CUST-19365,53,Female,Rangpur,Xiaomi Redmi Note 12,Family Bundle,56,4,Postpaid,1,20.0,3G
CUST-19366,33,Female,Chattogram,Vivo Y20,Student Special 4G,28,10,Prepaid,0,14.0,4G
CUST-19367,52,Male,Rangpur,Realme 11,Unlimited Data Max,47,5,Prepaid,1,15.0,4G
CUST-19368,54,Female,Rangpur,Samsung S23 Ultra,Postpaid Corporate,32,9,Postpaid,0,9.0,5G
CUST-19369,64,Male,Khulna,Xiaomi Redmi Note 12,Student Special 4G,71,6,Prepaid,0,29.0,5G
CUST-19370,33,Female,Khulna,Vivo Y20,Prepaid Saver 30D,10,8,Prepaid,0,9.0,4G
CUST-19371,34,Male,Sylhet,Xiaomi Redmi Note 12,Prepaid Saver 30D,42,8,Prepaid,0,9.0,4G
CUST-19372,19,Male,Rajshahi,Samsung S23 Ultra,Unlimited Data Max,26,8,Prepaid,0,23.0,5G
CUST-19373,31,Female,Mymensingh,Realme 11,Family Bundle,57,6,Postpaid,0,15.0,4G
CUST-19374,31,Female,Dhaka,Xiaomi Redmi Note 12,Prepaid Saver 30D,67,4,Prepaid,0,20.0,4G
CUST-19375,39,Female,Dhaka,iPhone 15 Pro,Prepaid Saver 30D,25,5,Prepaid,0,22.0,5G
CUST-19376,37,Male,Dhaka,Vivo Y20,Prepaid Saver 30D,65,10,Prepaid,0,16.0,3G
CUST-19377,58,Male,Sylhet,Vivo Y20,Unlimited Data Max,44,4,Prepaid,0,15.0,5G
CUST-19378,54,Male,Mymensingh,Xiaomi Redmi Note 12,Unlimited Data Max,4,9,Prepaid,0,9.0,4G
CUST-19379,52,Male,Rajshahi,Realme 11,Unlimited Data Max,56,7,Prepaid,0,34.0,4G
CUST-19380,18,Male,Barishal,iPhone 15 Pro,Unlimited Data Max,40,10,Prepaid,0,21.0,4G
CUST-19381,40,Male,Rangpur,Realme 11,Student Special 4G,69,10,Prepaid,0,9.0,4G
CUST-19382,52,Male,Dhaka,Vivo Y20,Unlimited Data Max,33,5,Prepaid,0,15.0,3G
CUST-19383,29,Male,Rajshahi,iPhone 15 Pro,Unlimited Data Max,18,10,Prepaid,0,16.0,4G
CUST-19384,37,Male,Barishal,Vivo Y20,Prepaid Saver 30D,13,10,Prepaid,0,9.0,4G
CUST-19385,52,Female,Rangpur,Samsung S23 Ultra,Student Special 4G,6,6,Prepaid,1,20.0,4G
CUST-19386,55,Female,Mymensingh,Xiaomi Redmi Note 12,Unlimited Data Max,51,10,Prepaid,1,16.0,4G
CUST-19387,58,Male,Dhaka,Samsung S23 Ultra,Unlimited Data Max,70,8,Prepaid,0,9.0,4G
CUST-19388,38,Female,Dhaka,Xiaomi Redmi Note 12,Postpaid Corporate,46,4,Postpaid,0,15.0,4G
CUST-19389,36,Female,Dhaka,Realme 11,Prepaid Saver 30D,43,10,Prepaid,0,9.0,5G
CUST-19390,35,Male,Dhaka,Vivo Y20,Prepaid Saver 30D,3,8,Prepaid,0,9.0,4G
CUST-19391,49,Male,Chattogram,Samsung S23 Ultra,Unlimited Data Max,2,7,Prepaid,1,34.0,4G
CUST-19392,37,Female,Dhaka,Vivo Y20,Student Special 4G,36,8,Prepaid,0,14.0,5G
CUST-19393,36,Male,Dhaka,Vivo Y20,Prepaid Saver 30D,37,10,Prepaid,0,14.0,4G
CUST-19394,25,Male,Dhaka,Samsung S23 Ultra,Student Special 4G,31,7,Prepaid,1,27.0,4G
CUST-19395,40,Male,Mymensingh,Vivo Y20,Family Bundle,67,10,Postpaid,0,9.0,4G
CUST-19396,29,Male,Dhaka,Vivo Y20,Postpaid Corporate,24,10,Postpaid,0,16.0,5G
CUST-19397,42,Male,Chattogram,Samsung S23 Ultra,Unlimited Data Max,70,9,Prepaid,0,9.0,4G
CUST-19398,59,Male,Rangpur,Samsung S23 Ultra,Postpaid Corporate,19,10,Postpaid,1,16.0,4G
CUST-19399,54,Male,Dhaka,Realme 11,Prepaid Saver 30D,24,8,Prepaid,0,9.0,4G
CUST-19400,40,Male,Mymensingh,Xiaomi Redmi Note 12,Unlimited Data Max,22,6,Prepaid,0,22.0,5G
CUST-19401,63,Male,Sylhet,iPhone 15 Pro,Prepaid Saver 30D,56,8,Prepaid,0,9.0,4G
CUST-19402,64,Female,Rajshahi,Xiaomi Redmi Note 12,Unlimited Data Max,24,5,Prepaid,0,15.0,4G
CUST-19403,38,Male,Khulna,iPhone 15 Pro,Family Bundle,33,6,Postpaid,1,15.0,5G
CUST-19404,53,Male,Khulna,Vivo Y20,Student Special 4G,8,6,Prepaid,0,15.0,3G
CUST-19405,34,Female,Rangpur,iPhone 15 Pro,Postpaid Corporate,29,4,Postpaid,0,15.0,4G
CUST-19406,59,Male,Rangpur,Samsung S23 Ultra,Student Special 4G,15,5,Prepaid,0,15.0,4G
CUST-19407,35,Male,Chattogram,Vivo Y20,Postpaid Corporate,54,10,Postpaid,1,23.0,4G
CUST-19408,30,Female,Khulna,Vivo Y20,Student Special 4G,58,10,Prepaid,0,23.0,4G
CUST-19409,24,Male,Rangpur,Vivo Y20,Unlimited Data Max,20,10,Prepaid,0,9.0,4G
CUST-19410,57,Male,Rajshahi,Vivo Y20,Prepaid Saver 30D,71,4,Prepaid,0,22.0,5G
CUST-19411,31,Male,Chattogram,Samsung S23 Ultra,Prepaid Saver 30D,31,10,Prepaid,0,9.0,3G
CUST-19412,56,Male,Dhaka,Realme 11,Student Special 4G,60,7,Prepaid,1,22.0,4G
CUST-19413,22,Female,Dhaka,iPhone 15 Pro,Student Special 4G,18,8,Prepaid,1,14.0,3G
CUST-19414,41,Female,Dhaka,Xiaomi Redmi Note 12,Family Bundle,61,5,Postpaid,0,29.0,4G
CUST-19415,38,Female,Mymensingh,Xiaomi Redmi Note 12,Student Special 4G,11,10,Prepaid,0,9.0,4G
CUST-19416,38,Female,Dhaka,Vivo Y20,Unlimited Data Max,26,10,Prepaid,0,9.0,4G
CUST-19417,25,Female,Dhaka,Xiaomi Redmi Note 12,Unlimited Data Max,27,10,Prepaid,0,9.0,5G
CUST-19418,21,Male,Dhaka,iPhone 15 Pro,Prepaid Saver 30D,14,4,Prepaid,1,20.0,4G
CUST-19419,34,Female,Rangpur,Samsung S23 Ultra,Postpaid Corporate,69,8,Postpaid,0,9.0,4G
CUST-19420,40,Female,Rangpur,Xiaomi Redmi Note 12,Prepaid Saver 30D,21,6,Prepaid,0,15.0,4G
CUST-19421,55,Female,Rajshahi,Vivo Y20,Unlimited Data Max,30,10,Prepaid,0,9.0,4G
CUST-19422,39,Female,Rangpur,Realme 11,Prepaid Saver 30D,2,10,Prepaid,0,16.0,5G
CUST-19423,29,Male,Sylhet,Vivo Y20,Student Special 4G,49,10,Prepaid,0,23.0,5G
CUST-19424,30,Male,Dhaka,Samsung S23 Ultra,Unlimited Data Max,13,10,Prepaid,1,9.0,4G
CUST-19425,46,Female,Chattogram,Xiaomi Redmi Note 12,Postpaid Corporate,21,9,Postpaid,1,16.0,4G
CUST-19426,38,Male,Rajshahi,Realme 11,Prepaid Saver 30D,66,6,Prepaid,0,20.0,4G
CUST-19427,60,Female,Mymensingh,Vivo Y20,Prepaid Saver 30D,62,10,Prepaid,0,14.0,4G
CUST-19428,38,Female,Dhaka,iPhone 15 Pro,Postpaid Corporate,9,10,Postpaid,0,16.0,5G
CUST-19429,44,Male,Sylhet,Realme 11,Unlimited Data Max,45,10,Prepaid,0,14.0,3G
CUST-19430,21,Female,Dhaka,iPhone 15 Pro,Postpaid Corporate,54,10,Postpaid,0,23.0,4G
CUST-19431,27,Male,Rangpur,Xiaomi Redmi Note 12,Postpaid Corporate,68,10,Postpaid,0,16.0,4G
CUST-19432,57,Male,Khulna,Realme 11,Prepaid Saver 30D,18,10,Prepaid,0,9.0,4G
CUST-19433,34,Male,Barishal,Vivo Y20,Student Special 4G,24,8,Prepaid,0,16.0,3G
CUST-19434,37,Female,Rangpur,Xiaomi Redmi Note 12,Student Special 4G,17,8,Prepaid,0,16.0,4G
CUST-19435,45,Male,Rajshahi,Xiaomi Redmi Note 12,Prepaid Saver 30D,39,5,Prepaid,0,15.0,5G
CUST-19436,20,Female,Mymensingh,Vivo Y20,Unlimited Data Max,43,5,Prepaid,0,22.0,4G
CUST-19437,41,Female,Khulna,Xiaomi Redmi Note 12,Prepaid Saver 30D,14,10,Prepaid,0,9.0,4G
CUST-19438,34,Male,Chattogram,iPhone 15 Pro,Prepaid Saver 30D,2,5,Prepaid,0,22.0,4G
CUST-19439,24,Male,Chattogram,iPhone 15 Pro,Prepaid Saver 30D,10,4,Prepaid,0,22.0,5G
CUST-19440,37,Male,Barishal,Realme 11,Postpaid Corporate,15,10,Postpaid,0,14.0,4G
CUST-19441,38,Female,Chattogram,Realme 11,Family Bundle,42,5,Postpaid,0,20.0,4G
CUST-19442,26,Female,Dhaka,Xiaomi Redmi Note 12,Unlimited Data Max,15,8,Prepaid,0,23.0,4G
CUST-19443,43,Female,Khulna,Samsung S23 Ultra,Postpaid Corporate,58,7,Postpaid,0,15.0,4G
CUST-19444,53,Male,Chattogram,Samsung S23 Ultra,Postpaid Corporate,46,8,Postpaid,0,9.0,4G
CUST-19445,30,Male,Khulna,iPhone 15 Pro,Postpaid Corporate,15,7,Postpaid,0,15.0,5G
CUST-19446,63,Male,Dhaka,Samsung S23 Ultra,Student Special 4G,71,4,Prepaid,1,15.0,5G
CUST-19447,46,Male,Dhaka,Xiaomi Redmi Note 12,Prepaid Saver 30D,50,6,Prepaid,0,15.0,4G
CUST-19448,54,Male,Sylhet,Xiaomi Redmi Note 12,Prepaid Saver 30D,62,10,Prepaid,0,16.0,4G
CUST-19449,21,Female,Sylhet,iPhone 15 Pro,Prepaid Saver 30D,48,4,Prepaid,0,15.0,4G
CUST-19450,54,Female,Rajshahi,Vivo Y20,Prepaid Saver 30D,47,6,Prepaid,0,15.0,5G
CUST-19451,33,Female,Barishal,iPhone 15 Pro,Prepaid Saver 30D,35,10,Prepaid,0,16.0,4G
CUST-19452,51,Male,Rajshahi,Vivo Y20,Unlimited Data Max,47,10,Prepaid,0,9.0,4G
CUST-19453,55,Male,Chattogram,Samsung S23 Ultra,Unlimited Data Max,55,9,Prepaid,0,14.0,4G
CUST-19454,29,Male,Khulna,Realme 11,Unlimited Data Max,71,9,Prepaid,0,14.0,5G
CUST-19455,30,Male,Rangpur,Vivo Y20,Unlimited Data Max,43,10,Prepaid,0,16.0,4G
CUST-19456,20,Male,Dhaka,Vivo Y20,Prepaid Saver 30D,54,4,Prepaid,1,29.0,5G
CUST-19457,46,Female,Sylhet,Xiaomi Redmi Note 12,Unlimited Data Max,68,10,Prepaid,0,16.0,4G
CUST-19458,54,Female,Mymensingh,iPhone 15 Pro,Unlimited Data Max,44,8,Prepaid,0,16.0,5G
CUST-19459,37,Female,Dhaka,iPhone 15 Pro,Postpaid Corporate,55,8,Postpaid,0,9.0,5G
CUST-19460,25,Female,Chattogram,Xiaomi Redmi Note 12,Postpaid Corporate,14,6,Postpaid,0,20.0,5G
CUST-19461,32,Male,Rajshahi,Vivo Y20,Family Bundle,63,7,Postpaid,0,22.0,5G
CUST-19462,36,Male,Dhaka,iPhone 15 Pro,Family Bundle,70,9,Postpaid,0,9.0,4G
CUST-19463,61,Male,Chattogram,Vivo Y20,Student Special 4G,26,6,Prepaid,1,15.0,5G
CUST-19464,23,Female,Chattogram,Vivo Y20,Postpaid Corporate,64,7,Postpaid,0,29.0,4G
CUST-19465,34,Female,Sylhet,Samsung S23 Ultra,Prepaid Saver 30D,58,10,Prepaid,0,16.0,4G
CUST-19466,47,Male,Chattogram,Vivo Y20,Unlimited Data Max,17,10,Prepaid,0,23.0,4G
CUST-19467,29,Male,Sylhet,Xiaomi Redmi Note 12,Family Bundle,71,10,Postpaid,0,16.0,5G
CUST-19468,59,Male,Mymensingh,Realme 11,Family Bundle,42,6,Postpaid,0,22.0,5G
CUST-19469,60,Male,Dhaka,iPhone 15 Pro,Prepaid Saver 30D,12,10,Prepaid,0,9.0,5G
CUST-19470,35,Female,Dhaka,iPhone 15 Pro,Prepaid Saver 30D,8,10,Prepaid,0,9.0,5G
CUST-19471,53,Female,Rajshahi,Xiaomi Redmi Note 12,Unlimited Data Max,37,10,Prepaid,0,9.0,5G
CUST-19472,53,Female,Dhaka,Samsung S23 Ultra,Unlimited Data Max,37,10,Prepaid,0,16.0,4G
CUST-19473,50,Male,Chattogram,Realme 11,Prepaid Saver 30D,62,6,Prepaid,0,22.0,3G
CUST-19474,26,Male,Chattogram,Realme 11,Unlimited Data Max,37,7,Prepaid,0,15.0,4G
CUST-19475,20,Male,Rangpur,Samsung S23 Ultra,Prepaid Saver 30D,29,10,Prepaid,0,9.0,5G
CUST-19476,34,Male,Mymensingh,iPhone 15 Pro,Student Special 4G,23,5,Prepaid,0,15.0,5G
CUST-19477,24,Female,Dhaka,Xiaomi Redmi Note 12,Student Special 4G,37,10,Prepaid,0,16.0,4G
CUST-19478,31,Male,Chattogram,Realme 11,Student Special 4G,19,9,Prepaid,1,21.0,4G
CUST-19479,48,Female,Dhaka,iPhone 15 Pro,Unlimited Data Max,54,8,Prepaid,0,9.0,5G
CUST-19480,45,Male,Rajshahi,Vivo Y20,Prepaid Saver 30D,10,5,Prepaid,0,27.0,3G
CUST-19481,27,Female,Chattogram,Xiaomi Redmi Note 12,Postpaid Corporate,59,10,Postpaid,0,9.0,4G
CUST-19482,18,Male,Sylhet,Xiaomi Redmi Note 12,Prepaid Saver 30D,16,6,Prepaid,0,15.0,5G
CUST-19483,28,Male,Rangpur,Samsung S23 Ultra,Family Bundle,15,9,Postpaid,0,16.0,4G
CUST-19484,39,Male,Dhaka,Realme 11,Prepaid Saver 30D,70,9,Prepaid,0,9.0,4G
CUST-19485,54,Female,Rangpur,Vivo Y20,Unlimited Data Max,28,7,Prepaid,0,15.0,4G
CUST-19486,35,Female,Mymensingh,iPhone 15 Pro,Prepaid Saver 30D,49,5,Prepaid,0,15.0,4G
CUST-19487,31,Female,Mymensingh,Xiaomi Redmi Note 12,Prepaid Saver 30D,29,5,Prepaid,0,20.0,4G
CUST-19488,43,Female,Chattogram,Samsung S23 Ultra,Prepaid Saver 30D,70,10,Prepaid,0,9.0,4G
CUST-19489,21,Female,Rangpur,iPhone 15 Pro,Prepaid Saver 30D,11,10,Prepaid,1,9.0,4G
CUST-19490,28,Male,Dhaka,Samsung S23 Ultra,Prepaid Saver 30D,34,6,Prepaid,1,29.0,4G
CUST-19491,19,Female,Rajshahi,Realme 11,Prepaid Saver 30D,7,10,Prepaid,0,9.0,4G
CUST-19492,42,Male,Dhaka,Vivo Y20,Postpaid Corporate,41,10,Postpaid,0,16.0,4G
CUST-19493,38,Female,Dhaka,Samsung S23 Ultra,Unlimited Data Max,53,6,Prepaid,1,15.0,4G
CUST-19494,45,Female,Sylhet,Realme 11,Student Special 4G,34,7,Prepaid,0,15.0,4G
CUST-19495,47,Female,Dhaka,Xiaomi Redmi Note 12,Postpaid Corporate,61,7,Postpaid,0,29.0,3G
CUST-19496,36,Male,Barishal,Realme 11,Unlimited Data Max,55,9,Prepaid,0,9.0,4G
CUST-19497,58,Female,Rangpur,Xiaomi Redmi Note 12,Unlimited Data Max,68,4,Prepaid,0,20.0,4G
CUST-19498,61,Female,Chattogram,Vivo Y20,Unlimited Data Max,71,10,Prepaid,0,21.0,4G
CUST-19499,23,Male,Rangpur,Samsung S23 Ultra,Unlimited Data Max,68,9,Prepaid,0,9.0,4G
CUST-19500,61,Male,Rangpur,Samsung S23 Ultra,Postpaid Corporate,31,10,Postpaid,1,14.0,5G
CUST-19501,27,Female,Chattogram,iPhone 15 Pro,Family Bundle,71,10,Postpaid,1,9.0,4G
CUST-19502,29,Female,Khulna,Realme 11,Unlimited Data Max,47,7,Prepaid,0,15.0,4G
CUST-19503,42,Female,Sylhet,Samsung S23 Ultra,Prepaid Saver 30D,6,10,Prepaid,0,9.0,5G
CUST-19504,19,Male,Sylhet,Samsung S23 Ultra,Student Special 4G,6,7,Prepaid,1,20.0,4G
CUST-19505,35,Male,Dhaka,Realme 11,Prepaid Saver 30D,29,4,Prepaid,0,15.0,4G
CUST-19506,27,Female,Mymensingh,Xiaomi Redmi Note 12,Prepaid Saver 30D,40,9,Prepaid,0,9.0,4G
CUST-19507,40,Male,Khulna,Realme 11,Prepaid Saver 30D,6,5,Prepaid,0,15.0,4G
CUST-19508,56,Female,Chattogram,iPhone 15 Pro,Unlimited Data Max,41,10,Prepaid,0,28.0,5G
CUST-19509,61,Female,Mymensingh,Samsung S23 Ultra,Unlimited Data Max,49,4,Prepaid,0,15.0,5G
CUST-19510,27,Female,Dhaka,Xiaomi Redmi Note 12,Family Bundle,50,6,Postpaid,0,15.0,4G
CUST-19511,43,Male,Dhaka,Samsung S23 Ultra,Postpaid Corporate,70,10,Postpaid,0,9.0,4G
CUST-19512,40,Female,Dhaka,Xiaomi Redmi Note 12,Prepaid Saver 30D,26,6,Prepaid,1,15.0,4G
CUST-19513,37,Female,Rangpur,Vivo Y20,Family Bundle,3,9,Postpaid,0,9.0,4G
CUST-19514,47,Male,Chattogram,Samsung S23 Ultra,Prepaid Saver 30D,69,10,Prepaid,0,21.0,5G
CUST-19515,64,Female,Dhaka,iPhone 15 Pro,Unlimited Data Max,38,6,Prepaid,0,15.0,4G
CUST-19516,37,Female,Barishal,Vivo Y20,Family Bundle,45,7,Postpaid,0,15.0,4G
CUST-19517,21,Male,Chattogram,iPhone 15 Pro,Postpaid Corporate,38,4,Postpaid,0,15.0,4G
CUST-19518,61,Female,Sylhet,iPhone 15 Pro,Student Special 4G,35,10,Prepaid,1,14.0,5G
CUST-19519,61,Male,Dhaka,Realme 11,Unlimited Data Max,12,4,Prepaid,0,22.0,5G
CUST-19520,33,Female,Chattogram,Samsung S23 Ultra,Prepaid Saver 30D,41,10,Prepaid,0,9.0,4G
CUST-19521,41,Female,Sylhet,Samsung S23 Ultra,Family Bundle,60,10,Postpaid,0,9.0,4G
CUST-19522,58,Male,Barishal,Vivo Y20,Unlimited Data Max,9,7,Prepaid,0,20.0,4G
CUST-19523,41,Male,Dhaka,Vivo Y20,Student Special 4G,29,8,Prepaid,0,9.0,4G
CUST-19524,40,Male,Rajshahi,Vivo Y20,Student Special 4G,67,9,Prepaid,0,21.0,3G
CUST-19525,61,Female,Rajshahi,Samsung S23 Ultra,Prepaid Saver 30D,30,10,Prepaid,0,9.0,5G
CUST-19526,56,Female,Chattogram,Xiaomi Redmi Note 12,Student Special 4G,12,7,Prepaid,0,15.0,4G
CUST-19527,41,Male,Mymensingh,Vivo Y20,Family Bundle,69,6,Postpaid,0,15.0,4G
CUST-19528,25,Female,Khulna,Vivo Y20,Student Special 4G,10,5,Prepaid,0,15.0,4G
CUST-19529,38,Male,Mymensingh,iPhone 15 Pro,Prepaid Saver 30D,18,8,Prepaid,0,16.0,4G
CUST-19530,49,Male,Dhaka,Xiaomi Redmi Note 12,Prepaid Saver 30D,34,8,Prepaid,1,16.0,4G
CUST-19531,30,Female,Rajshahi,Samsung S23 Ultra,Prepaid Saver 30D,28,10,Prepaid,0,9.0,4G
CUST-19532,43,Female,Khulna,Samsung S23 Ultra,Unlimited Data Max,30,10,Prepaid,0,9.0,5G
CUST-19533,48,Male,Rajshahi,iPhone 15 Pro,Family Bundle,55,6,Postpaid,0,15.0,4G
CUST-19534,21,Female,Sylhet,iPhone 15 Pro,Family Bundle,40,6,Postpaid,1,20.0,5G
CUST-19535,44,Female,Rangpur,Vivo Y20,Unlimited Data Max,35,6,Prepaid,0,15.0,5G
CUST-19536,52,Male,Rajshahi,Samsung S23 Ultra,Postpaid Corporate,50,5,Postpaid,0,22.0,4G
CUST-19537,28,Female,Dhaka,Xiaomi Redmi Note 12,Family Bundle,43,5,Postpaid,0,15.0,4G
CUST-19538,43,Male,Barishal,Xiaomi Redmi Note 12,Postpaid Corporate,45,10,Postpaid,0,14.0,4G
CUST-19539,51,Male,Khulna,Samsung S23 Ultra,Unlimited Data Max,34,10,Prepaid,0,16.0,4G
CUST-19540,20,Female,Barishal,Xiaomi Redmi Note 12,Unlimited Data Max,40,10,Prepaid,0,9.0,4G
CUST-19541,48,Male,Rajshahi,Vivo Y20,Prepaid Saver 30D,21,9,Prepaid,0,14.0,4G
CUST-19542,30,Female,Rajshahi,Samsung S23 Ultra,Family Bundle,30,10,Postpaid,0,16.0,5G
CUST-19543,36,Female,Khulna,Samsung S23 Ultra,Prepaid Saver 30D,12,8,Prepaid,0,16.0,5G
CUST-19544,48,Male,Chattogram,Samsung S23 Ultra,Prepaid Saver 30D,6,10,Prepaid,0,9.0,4G
CUST-19545,18,Female,Rangpur,Samsung S23 Ultra,Student Special 4G,61,9,Prepaid,0,16.0,4G
CUST-19546,18,Male,Khulna,Vivo Y20,Student Special 4G,58,4,Prepaid,0,22.0,4G
CUST-19547,38,Female,Dhaka,Samsung S23 Ultra,Family Bundle,20,5,Postpaid,0,29.0,4G
CUST-19548,62,Male,Khulna,iPhone 15 Pro,Student Special 4G,33,9,Prepaid,0,9.0,4G
CUST-19549,18,Female,Chattogram,Vivo Y20,Prepaid Saver 30D,71,10,Prepaid,0,16.0,4G
CUST-19550,55,Male,Rajshahi,Vivo Y20,Family Bundle,38,5,Postpaid,0,20.0,5G
CUST-19551,21,Male,Chattogram,Samsung S23 Ultra,Postpaid Corporate,1,10,Postpaid,0,9.0,4G
CUST-19552,40,Male,Khulna,iPhone 15 Pro,Postpaid Corporate,41,10,Postpaid,0,16.0,5G
CUST-19553,38,Male,Chattogram,Samsung S23 Ultra,Unlimited Data Max,63,5,Prepaid,0,15.0,4G
CUST-19554,40,Male,Chattogram,Samsung S23 Ultra,Prepaid Saver 30D,17,9,Prepaid,0,9.0,4G
CUST-19555,21,Female,Chattogram,Vivo Y20,Unlimited Data Max,68,10,Prepaid,0,16.0,5G
CUST-19556,53,Female,Barishal,iPhone 15 Pro,Student Special 4G,55,7,Prepaid,1,22.0,4G
CUST-19557,30,Female,Rangpur,Realme 11,Unlimited Data Max,5,7,Prepaid,0,15.0,5G
CUST-19558,54,Male,Rajshahi,Samsung S23 Ultra,Prepaid Saver 30D,71,8,Prepaid,1,28.0,4G
CUST-19559,48,Female,Barishal,iPhone 15 Pro,Family Bundle,45,8,Postpaid,0,16.0,4G
CUST-19560,43,Male,Barishal,iPhone 15 Pro,Student Special 4G,16,7,Prepaid,0,15.0,4G
CUST-19561,32,Male,Rajshahi,Xiaomi Redmi Note 12,Student Special 4G,56,9,Prepaid,1,16.0,4G
CUST-19562,48,Female,Barishal,Vivo Y20,Postpaid Corporate,59,6,Postpaid,0,15.0,5G
CUST-19563,64,Female,Dhaka,iPhone 15 Pro,Unlimited Data Max,44,10,Prepaid,0,9.0,3G
CUST-19564,61,Male,Chattogram,Realme 11,Prepaid Saver 30D,69,10,Prepaid,0,9.0,5G
CUST-19565,61,Female,Khulna,Xiaomi Redmi Note 12,Student Special 4G,63,5,Prepaid,1,15.0,3G
CUST-19566,28,Female,Sylhet,Realme 11,Student Special 4G,23,10,Prepaid,1,16.0,5G
CUST-19567,45,Male,Chattogram,iPhone 15 Pro,Prepaid Saver 30D,10,6,Prepaid,0,22.0,3G
CUST-19568,36,Male,Sylhet,Xiaomi Redmi Note 12,Prepaid Saver 30D,58,9,Prepaid,0,9.0,4G
CUST-19569,63,Female,Rangpur,Realme 11,Unlimited Data Max,68,10,Prepaid,0,9.0,5G
CUST-19570,62,Male,Sylhet,Xiaomi Redmi Note 12,Prepaid Saver 30D,21,10,Prepaid,0,9.0,5G
CUST-19571,58,Female,Rajshahi,Realme 11,Prepaid Saver 30D,40,10,Prepaid,0,16.0,4G
CUST-19572,25,Male,Rangpur,Samsung S23 Ultra,Unlimited Data Max,37,10,Prepaid,0,16.0,5G
CUST-19573,32,Male,Khulna,iPhone 15 Pro,Prepaid Saver 30D,25,10,Prepaid,0,16.0,4G
CUST-19574,51,Female,Rangpur,Samsung S23 Ultra,Prepaid Saver 30D,39,8,Prepaid,0,9.0,4G
CUST-19575,53,Male,Chattogram,Samsung S23 Ultra,Postpaid Corporate,38,5,Postpaid,1,27.0,4G
CUST-19576,34,Male,Rajshahi,Samsung S23 Ultra,Prepaid Saver 30D,70,5,Prepaid,1,22.0,4G
CUST-19577,24,Male,Khulna,iPhone 15 Pro,Prepaid Saver 30D,25,9,Prepaid,0,16.0,5G
CUST-19578,24,Female,Barishal,iPhone 15 Pro,Prepaid Saver 30D,11,5,Prepaid,0,15.0,4G
CUST-19579,50,Female,Dhaka,Realme 11,Postpaid Corporate,33,8,Postpaid,0,9.0,3G
CUST-19580,39,Female,Chattogram,Xiaomi Redmi Note 12,Prepaid Saver 30D,11,8,Prepaid,0,9.0,4G
CUST-19581,41,Male,Dhaka,Realme 11,Family Bundle,12,4,Postpaid,1,20.0,5G
CUST-19582,56,Female,Chattogram,Vivo Y20,Prepaid Saver 30D,46,10,Prepaid,0,14.0,3G
CUST-19583,18,Male,Dhaka,Realme 11,Student Special 4G,60,4,Prepaid,0,27.0,5G
CUST-19584,53,Male,Dhaka,Xiaomi Redmi Note 12,Prepaid Saver 30D,9,7,Prepaid,1,15.0,5G
CUST-19585,30,Male,Khulna,Vivo Y20,Postpaid Corporate,28,10,Postpaid,1,23.0,3G
CUST-19586,61,Female,Chattogram,iPhone 15 Pro,Postpaid Corporate,14,4,Postpaid,0,15.0,4G
CUST-19587,62,Male,Chattogram,Vivo Y20,Unlimited Data Max,34,4,Prepaid,0,15.0,5G
CUST-19588,41,Female,Dhaka,Samsung S23 Ultra,Prepaid Saver 30D,42,10,Prepaid,0,9.0,4G
CUST-19589,32,Male,Dhaka,Vivo Y20,Unlimited Data Max,65,6,Prepaid,0,20.0,4G
CUST-19590,28,Male,Barishal,iPhone 15 Pro,Prepaid Saver 30D,64,10,Prepaid,0,9.0,5G
CUST-19591,26,Female,Sylhet,Realme 11,Family Bundle,65,5,Postpaid,0,22.0,4G
CUST-19592,64,Female,Dhaka,iPhone 15 Pro,Prepaid Saver 30D,30,5,Prepaid,0,29.0,4G
CUST-19593,26,Male,Dhaka,iPhone 15 Pro,Postpaid Corporate,56,9,Postpaid,0,23.0,4G
CUST-19594,38,Male,Khulna,iPhone 15 Pro,Prepaid Saver 30D,21,10,Prepaid,0,9.0,3G
CUST-19595,40,Male,Rangpur,Realme 11,Prepaid Saver 30D,3,10,Prepaid,0,9.0,4G
CUST-19596,49,Female,Dhaka,Samsung S23 Ultra,Postpaid Corporate,67,10,Postpaid,0,9.0,4G
CUST-19597,57,Male,Chattogram,Samsung S23 Ultra,Unlimited Data Max,65,6,Prepaid,0,15.0,4G
CUST-19598,44,Male,Khulna,Vivo Y20,Unlimited Data Max,13,4,Prepaid,0,15.0,4G
CUST-19599,53,Male,Dhaka,Samsung S23 Ultra,Unlimited Data Max,14,10,Prepaid,1,9.0,4G
CUST-19600,44,Male,Dhaka,Realme 11,Unlimited Data Max,65,5,Prepaid,0,15.0,4G
CUST-19601,38,Male,Sylhet,iPhone 15 Pro,Family Bundle,32,5,Postpaid,1,15.0,4G
CUST-19602,25,Female,Sylhet,iPhone 15 Pro,Unlimited Data Max,57,8,Prepaid,0,9.0,4G
CUST-19603,27,Female,Khulna,iPhone 15 Pro,Unlimited Data Max,65,7,Prepaid,0,20.0,4G
CUST-19604,38,Male,Chattogram,iPhone 15 Pro,Unlimited Data Max,39,10,Prepaid,0,21.0,4G
CUST-19605,20,Female,Khulna,Realme 11,Unlimited Data Max,7,6,Prepaid,1,20.0,4G
CUST-19606,32,Male,Sylhet,Vivo Y20,Prepaid Saver 30D,43,10,Prepaid,0,14.0,4G
CUST-19607,39,Female,Sylhet,iPhone 15 Pro,Unlimited Data Max,10,8,Prepaid,1,9.0,5G
CUST-19608,40,Male,Chattogram,Samsung S23 Ultra,Unlimited Data Max,49,6,Prepaid,0,22.0,5G
CUST-19609,56,Male,Chattogram,Samsung S23 Ultra,Unlimited Data Max,41,10,Prepaid,0,9.0,5G
CUST-19610,63,Male,Chattogram,Realme 11,Student Special 4G,32,10,Prepaid,0,16.0,4G
CUST-19611,52,Female,Rajshahi,Vivo Y20,Prepaid Saver 30D,34,10,Prepaid,0,9.0,4G
CUST-19612,21,Female,Dhaka,Samsung S23 Ultra,Postpaid Corporate,69,8,Postpaid,1,16.0,3G
CUST-19613,37,Female,Dhaka,Xiaomi Redmi Note 12,Unlimited Data Max,28,6,Prepaid,0,22.0,4G
CUST-19614,52,Male,Dhaka,iPhone 15 Pro,Prepaid Saver 30D,61,10,Prepaid,0,9.0,4G
CUST-19615,45,Male,Dhaka,iPhone 15 Pro,Family Bundle,58,10,Postpaid,0,14.0,4G
CUST-19616,39,Male,Rangpur,Vivo Y20,Unlimited Data Max,71,6,Prepaid,0,22.0,4G
CUST-19617,38,Male,Dhaka,iPhone 15 Pro,Prepaid Saver 30D,64,10,Prepaid,0,9.0,5G
CUST-19618,37,Male,Chattogram,iPhone 15 Pro,Prepaid Saver 30D,45,10,Prepaid,0,9.0,5G
CUST-19619,45,Female,Rajshahi,Samsung S23 Ultra,Unlimited Data Max,71,8,Prepaid,0,16.0,5G
CUST-19620,26,Female,Mymensingh,Vivo Y20,Prepaid Saver 30D,50,4,Prepaid,0,15.0,5G
CUST-19621,42,Male,Rajshahi,Vivo Y20,Prepaid Saver 30D,9,10,Prepaid,0,16.0,4G
CUST-19622,27,Male,Rangpur,Vivo Y20,Prepaid Saver 30D,7,5,Prepaid,0,15.0,5G
CUST-19623,50,Male,Chattogram,iPhone 15 Pro,Prepaid Saver 30D,49,10,Prepaid,0,9.0,4G
CUST-19624,58,Female,Barishal,Samsung S23 Ultra,Prepaid Saver 30D,38,8,Prepaid,0,14.0,5G
CUST-19625,41,Female,Barishal,Vivo Y20,Prepaid Saver 30D,62,10,Prepaid,0,9.0,4G
CUST-19626,36,Female,Mymensingh,Realme 11,Student Special 4G,39,10,Prepaid,1,9.0,5G
CUST-19627,62,Male,Sylhet,iPhone 15 Pro,Postpaid Corporate,18,6,Postpaid,1,20.0,5G
CUST-19628,49,Male,Dhaka,Samsung S23 Ultra,Prepaid Saver 30D,61,4,Prepaid,0,22.0,4G
CUST-19629,38,Female,Rajshahi,Realme 11,Unlimited Data Max,35,5,Prepaid,0,15.0,5G
CUST-19630,19,Male,Rajshahi,Vivo Y20,Postpaid Corporate,68,6,Postpaid,1,20.0,4G
CUST-19631,18,Male,Sylhet,Samsung S23 Ultra,Unlimited Data Max,1,10,Prepaid,0,9.0,5G
CUST-19632,28,Male,Dhaka,Xiaomi Redmi Note 12,Family Bundle,2,4,Postpaid,0,15.0,4G
CUST-19633,29,Male,Chattogram,Xiaomi Redmi Note 12,Student Special 4G,10,10,Prepaid,0,9.0,4G
CUST-19634,51,Female,Rajshahi,Xiaomi Redmi Note 12,Prepaid Saver 30D,68,7,Prepaid,0,22.0,4G
CUST-19635,41,Male,Rajshahi,iPhone 15 Pro,Student Special 4G,9,10,Prepaid,1,9.0,4G
CUST-19636,64,Female,Mymensingh,iPhone 15 Pro,Unlimited Data Max,51,9,Prepaid,1,9.0,5G
CUST-19637,43,Male,Rangpur,iPhone 15 Pro,Unlimited Data Max,51,10,Prepaid,0,9.0,4G
CUST-19638,60,Male,Dhaka,Vivo Y20,Family Bundle,63,10,Postpaid,0,23.0,3G
CUST-19639,43,Female,Mymensingh,Vivo Y20,Student Special 4G,45,10,Prepaid,0,16.0,4G
CUST-19640,34,Female,Dhaka,Samsung S23 Ultra,Prepaid Saver 30D,2,10,Prepaid,0,9.0,5G
CUST-19641,51,Female,Dhaka,Realme 11,Student Special 4G,3,7,Prepaid,0,15.0,4G
CUST-19642,39,Female,Chattogram,Xiaomi Redmi Note 12,Unlimited Data Max,2,10,Prepaid,1,14.0,4G
CUST-19643,30,Female,Chattogram,iPhone 15 Pro,Postpaid Corporate,43,7,Postpaid,0,29.0,3G
CUST-19644,40,Female,Barishal,Samsung S23 Ultra,Family Bundle,31,9,Postpaid,0,14.0,4G
CUST-19645,49,Female,Mymensingh,Realme 11,Student Special 4G,5,6,Prepaid,0,15.0,4G
CUST-19646,35,Female,Rangpur,iPhone 15 Pro,Prepaid Saver 30D,2,10,Prepaid,0,9.0,4G
CUST-19647,51,Male,Dhaka,Samsung S23 Ultra,Prepaid Saver 30D,15,5,Prepaid,0,15.0,5G
CUST-19648,64,Male,Dhaka,Vivo Y20,Student Special 4G,35,10,Prepaid,0,9.0,4G
CUST-19649,37,Male,Barishal,Vivo Y20,Prepaid Saver 30D,64,8,Prepaid,0,9.0,4G
CUST-19650,31,Male,Dhaka,Xiaomi Redmi Note 12,Family Bundle,59,10,Postpaid,0,16.0,3G
CUST-19651,36,Male,Dhaka,Xiaomi Redmi Note 12,Prepaid Saver 30D,32,8,Prepaid,0,14.0,4G
CUST-19652,57,Female,Khulna,Xiaomi Redmi Note 12,Unlimited Data Max,21,5,Prepaid,0,15.0,5G
CUST-19653,26,Female,Rangpur,Samsung S23 Ultra,Unlimited Data Max,56,5,Prepaid,0,15.0,5G
CUST-19654,63,Male,Dhaka,Samsung S23 Ultra,Prepaid Saver 30D,67,10,Prepaid,0,23.0,4G
CUST-19655,37,Male,Mymensingh,iPhone 15 Pro,Unlimited Data Max,23,10,Prepaid,0,16.0,5G
CUST-19656,57,Female,Mymensingh,iPhone 15 Pro,Prepaid Saver 30D,36,5,Prepaid,0,15.0,4G
CUST-19657,54,Male,Chattogram,Samsung S23 Ultra,Family Bundle,8,7,Postpaid,0,15.0,5G
CUST-19658,54,Female,Dhaka,Samsung S23 Ultra,Unlimited Data Max,10,9,Prepaid,0,14.0,5G
CUST-19659,60,Female,Chattogram,Vivo Y20,Postpaid Corporate,64,8,Postpaid,0,9.0,5G
CUST-19660,26,Male,Dhaka,Vivo Y20,Prepaid Saver 30D,17,4,Prepaid,0,22.0,5G
CUST-19661,45,Female,Rangpur,iPhone 15 Pro,Postpaid Corporate,12,9,Postpaid,0,16.0,5G
CUST-19662,22,Male,Dhaka,Realme 11,Prepaid Saver 30D,23,5,Prepaid,0,27.0,5G
CUST-19663,32,Male,Dhaka,Samsung S23 Ultra,Student Special 4G,25,7,Prepaid,0,15.0,5G
CUST-19664,19,Female,Chattogram,Vivo Y20,Prepaid Saver 30D,15,10,Prepaid,0,16.0,5G
CUST-19665,50,Female,Dhaka,Vivo Y20,Prepaid Saver 30D,50,10,Prepaid,0,30.0,4G
CUST-19666,46,Female,Sylhet,Samsung S23 Ultra,Unlimited Data Max,41,4,Prepaid,1,22.0,5G
CUST-19667,52,Female,Dhaka,iPhone 15 Pro,Prepaid Saver 30D,43,9,Prepaid,0,9.0,4G
CUST-19668,26,Male,Rajshahi,iPhone 15 Pro,Unlimited Data Max,70,6,Prepaid,1,15.0,4G
CUST-19669,33,Female,Barishal,Samsung S23 Ultra,Prepaid Saver 30D,66,8,Prepaid,0,9.0,4G
CUST-19670,49,Male,Chattogram,iPhone 15 Pro,Prepaid Saver 30D,21,10,Prepaid,1,16.0,4G
CUST-19671,56,Male,Dhaka,Realme 11,Student Special 4G,71,8,Prepaid,0,14.0,4G
CUST-19672,59,Female,Rangpur,Realme 11,Prepaid Saver 30D,49,9,Prepaid,0,28.0,4G
CUST-19673,21,Male,Chattogram,Samsung S23 Ultra,Postpaid Corporate,11,4,Postpaid,1,22.0,4G
CUST-19674,36,Male,Rajshahi,iPhone 15 Pro,Unlimited Data Max,23,8,Prepaid,0,16.0,4G
CUST-19675,18,Male,Chattogram,Vivo Y20,Postpaid Corporate,17,10,Postpaid,0,9.0,3G
CUST-19676,56,Male,Khulna,Vivo Y20,Family Bundle,57,10,Postpaid,0,9.0,5G
CUST-19677,23,Female,Khulna,Xiaomi Redmi Note 12,Prepaid Saver 30D,46,10,Prepaid,0,9.0,4G
CUST-19678,56,Female,Khulna,Realme 11,Unlimited Data Max,56,10,Prepaid,0,16.0,3G
CUST-19679,25,Female,Dhaka,iPhone 15 Pro,Postpaid Corporate,11,5,Postpaid,1,22.0,5G
CUST-19680,18,Male,Chattogram,Vivo Y20,Unlimited Data Max,37,4,Prepaid,0,15.0,4G
CUST-19681,59,Female,Rangpur,Xiaomi Redmi Note 12,Prepaid Saver 30D,39,6,Prepaid,0,15.0,4G
CUST-19682,38,Female,Khulna,Realme 11,Unlimited Data Max,49,10,Prepaid,0,21.0,4G
CUST-19683,37,Male,Chattogram,iPhone 15 Pro,Prepaid Saver 30D,27,10,Prepaid,0,9.0,4G
CUST-19684,48,Female,Dhaka,Samsung S23 Ultra,Student Special 4G,5,10,Prepaid,0,16.0,4G
CUST-19685,30,Male,Chattogram,Xiaomi Redmi Note 12,Unlimited Data Max,64,10,Prepaid,0,9.0,4G
CUST-19686,50,Female,Dhaka,Xiaomi Redmi Note 12,Prepaid Saver 30D,31,10,Prepaid,0,9.0,3G
CUST-19687,38,Female,Dhaka,Xiaomi Redmi Note 12,Prepaid Saver 30D,66,7,Prepaid,0,15.0,4G
CUST-19688,30,Female,Chattogram,Vivo Y20,Prepaid Saver 30D,30,10,Prepaid,0,9.0,4G
CUST-19689,36,Male,Dhaka,Realme 11,Postpaid Corporate,19,10,Postpaid,0,9.0,4G
CUST-19690,18,Female,Mymensingh,iPhone 15 Pro,Postpaid Corporate,33,4,Postpaid,0,22.0,4G
CUST-19691,32,Female,Sylhet,Xiaomi Redmi Note 12,Student Special 4G,7,10,Prepaid,0,21.0,5G
CUST-19692,45,Female,Mymensingh,Samsung S23 Ultra,Prepaid Saver 30D,40,10,Prepaid,0,16.0,4G
CUST-19693,24,Female,Dhaka,Realme 11,Unlimited Data Max,71,6,Prepaid,0,15.0,4G
CUST-19694,23,Male,Rajshahi,Samsung S23 Ultra,Prepaid Saver 30D,19,6,Prepaid,0,15.0,4G
CUST-19695,48,Male,Dhaka,Samsung S23 Ultra,Prepaid Saver 30D,11,10,Prepaid,1,14.0,4G
CUST-19696,38,Male,Mymensingh,Xiaomi Redmi Note 12,Postpaid Corporate,10,6,Postpaid,1,15.0,3G
CUST-19697,24,Male,Barishal,Vivo Y20,Student Special 4G,13,10,Prepaid,0,9.0,4G
CUST-19698,53,Male,Chattogram,iPhone 15 Pro,Student Special 4G,28,8,Prepaid,0,16.0,4G
CUST-19699,54,Male,Khulna,Samsung S23 Ultra,Unlimited Data Max,18,4,Prepaid,0,15.0,4G
CUST-19700,19,Female,Chattogram,Samsung S23 Ultra,Family Bundle,51,10,Postpaid,0,30.0,5G
CUST-19701,27,Male,Mymensingh,Vivo Y20,Family Bundle,25,10,Postpaid,0,9.0,3G
CUST-19702,35,Male,Mymensingh,Realme 11,Unlimited Data Max,26,7,Prepaid,0,15.0,5G
CUST-19703,52,Female,Chattogram,Xiaomi Redmi Note 12,Prepaid Saver 30D,11,10,Prepaid,0,9.0,4G
CUST-19704,21,Female,Dhaka,Vivo Y20,Student Special 4G,41,10,Prepaid,0,16.0,4G
CUST-19705,55,Male,Khulna,Samsung S23 Ultra,Prepaid Saver 30D,23,10,Prepaid,0,9.0,4G
CUST-19706,33,Female,Rajshahi,Realme 11,Unlimited Data Max,51,7,Prepaid,0,15.0,4G
CUST-19707,23,Male,Rajshahi,iPhone 15 Pro,Prepaid Saver 30D,2,9,Prepaid,0,21.0,4G
CUST-19708,58,Male,Dhaka,iPhone 15 Pro,Prepaid Saver 30D,46,6,Prepaid,1,29.0,4G
CUST-19709,22,Male,Rangpur,Vivo Y20,Student Special 4G,57,10,Prepaid,0,9.0,5G
CUST-19710,24,Female,Dhaka,Vivo Y20,Student Special 4G,51,10,Prepaid,0,16.0,4G
CUST-19711,62,Male,Barishal,Vivo Y20,Family Bundle,19,10,Postpaid,0,14.0,4G
CUST-19712,42,Female,Khulna,Samsung S23 Ultra,Prepaid Saver 30D,50,10,Prepaid,0,23.0,4G
CUST-19713,39,Female,Chattogram,Realme 11,Student Special 4G,59,5,Prepaid,0,29.0,4G
CUST-19714,50,Male,Chattogram,iPhone 15 Pro,Unlimited Data Max,38,10,Prepaid,0,9.0,3G
CUST-19715,47,Female,Dhaka,iPhone 15 Pro,Prepaid Saver 30D,46,6,Prepaid,0,29.0,4G
CUST-19716,46,Male,Rangpur,Samsung S23 Ultra,Family Bundle,58,9,Postpaid,0,9.0,4G
CUST-19717,19,Female,Rangpur,Xiaomi Redmi Note 12,Student Special 4G,35,5,Prepaid,0,15.0,4G
CUST-19718,43,Male,Sylhet,Vivo Y20,Postpaid Corporate,11,7,Postpaid,1,22.0,4G
CUST-19719,31,Female,Dhaka,iPhone 15 Pro,Unlimited Data Max,70,7,Prepaid,0,22.0,4G
CUST-19720,55,Male,Dhaka,Xiaomi Redmi Note 12,Unlimited Data Max,24,9,Prepaid,0,9.0,4G
CUST-19721,41,Male,Rajshahi,Realme 11,Postpaid Corporate,28,10,Postpaid,0,9.0,4G
CUST-19722,23,Female,Dhaka,Realme 11,Prepaid Saver 30D,44,9,Prepaid,0,23.0,5G
CUST-19723,59,Female,Dhaka,iPhone 15 Pro,Prepaid Saver 30D,13,10,Prepaid,1,9.0,4G
CUST-19724,31,Male,Chattogram,Samsung S23 Ultra,Student Special 4G,25,6,Prepaid,0,29.0,4G
CUST-19725,30,Male,Khulna,Vivo Y20,Unlimited Data Max,41,7,Prepaid,0,22.0,5G
CUST-19726,62,Male,Mymensingh,Xiaomi Redmi Note 12,Prepaid Saver 30D,53,8,Prepaid,0,16.0,4G
CUST-19727,54,Female,Dhaka,Realme 11,Unlimited Data Max,10,10,Prepaid,0,21.0,3G
CUST-19728,58,Female,Barishal,Xiaomi Redmi Note 12,Unlimited Data Max,59,10,Prepaid,0,9.0,4G
CUST-19729,49,Male,Rajshahi,iPhone 15 Pro,Unlimited Data Max,20,9,Prepaid,0,9.0,4G
CUST-19730,60,Female,Khulna,iPhone 15 Pro,Unlimited Data Max,65,10,Prepaid,0,16.0,4G
CUST-19731,23,Male,Chattogram,Realme 11,Prepaid Saver 30D,65,8,Prepaid,1,16.0,4G
CUST-19732,46,Female,Dhaka,Vivo Y20,Prepaid Saver 30D,51,9,Prepaid,0,9.0,4G
CUST-19733,31,Male,Sylhet,iPhone 15 Pro,Prepaid Saver 30D,64,10,Prepaid,0,23.0,4G
CUST-19734,36,Male,Mymensingh,Samsung S23 Ultra,Student Special 4G,12,5,Prepaid,0,22.0,5G
CUST-19735,29,Female,Khulna,Samsung S23 Ultra,Prepaid Saver 30D,34,5,Prepaid,0,15.0,4G
CUST-19736,27,Male,Mymensingh,Xiaomi Redmi Note 12,Postpaid Corporate,11,7,Postpaid,0,27.0,4G
CUST-19737,38,Male,Sylhet,iPhone 15 Pro,Postpaid Corporate,34,4,Postpaid,0,15.0,4G
CUST-19738,61,Male,Dhaka,Vivo Y20,Prepaid Saver 30D,42,8,Prepaid,0,9.0,4G
CUST-19739,47,Female,Dhaka,iPhone 15 Pro,Prepaid Saver 30D,41,7,Prepaid,1,22.0,4G
CUST-19740,34,Female,Dhaka,Xiaomi Redmi Note 12,Family Bundle,6,10,Postpaid,1,9.0,4G
CUST-19741,38,Male,Rajshahi,iPhone 15 Pro,Prepaid Saver 30D,6,10,Prepaid,0,16.0,5G
CUST-19742,42,Female,Chattogram,Xiaomi Redmi Note 12,Prepaid Saver 30D,71,9,Prepaid,0,16.0,4G
CUST-19743,29,Female,Chattogram,Realme 11,Prepaid Saver 30D,18,10,Prepaid,0,9.0,4G
CUST-19744,42,Male,Chattogram,Realme 11,Student Special 4G,36,10,Prepaid,0,28.0,4G
CUST-19745,50,Female,Mymensingh,Realme 11,Prepaid Saver 30D,42,10,Prepaid,0,9.0,4G
CUST-19746,29,Male,Mymensingh,Xiaomi Redmi Note 12,Prepaid Saver 30D,12,10,Prepaid,0,23.0,5G
CUST-19747,45,Male,Dhaka,Xiaomi Redmi Note 12,Prepaid Saver 30D,23,9,Prepaid,0,16.0,5G
CUST-19748,51,Female,Dhaka,iPhone 15 Pro,Student Special 4G,43,10,Prepaid,0,9.0,5G
CUST-19749,42,Male,Rajshahi,Vivo Y20,Prepaid Saver 30D,16,10,Prepaid,1,16.0,5G
CUST-19750,31,Male,Barishal,Realme 11,Family Bundle,57,7,Postpaid,0,27.0,4G
CUST-19751,44,Male,Rajshahi,Vivo Y20,Student Special 4G,46,8,Prepaid,0,9.0,4G
CUST-19752,55,Male,Chattogram,Realme 11,Unlimited Data Max,71,10,Prepaid,0,16.0,5G
CUST-19753,28,Female,Rangpur,Samsung S23 Ultra,Prepaid Saver 30D,41,6,Prepaid,0,22.0,4G
CUST-19754,45,Female,Dhaka,iPhone 15 Pro,Family Bundle,57,10,Postpaid,0,28.0,5G
CUST-19755,49,Female,Mymensingh,Xiaomi Redmi Note 12,Prepaid Saver 30D,24,4,Prepaid,0,15.0,4G
CUST-19756,33,Female,Chattogram,iPhone 15 Pro,Prepaid Saver 30D,50,10,Prepaid,0,9.0,4G
CUST-19757,36,Male,Dhaka,Vivo Y20,Unlimited Data Max,67,4,Prepaid,0,15.0,3G
CUST-19758,59,Male,Mymensingh,Xiaomi Redmi Note 12,Unlimited Data Max,59,5,Prepaid,0,20.0,5G
CUST-19759,35,Male,Khulna,iPhone 15 Pro,Prepaid Saver 30D,56,10,Prepaid,0,23.0,4G
CUST-19760,46,Female,Rajshahi,Xiaomi Redmi Note 12,Student Special 4G,32,10,Prepaid,0,21.0,4G
CUST-19761,25,Male,Khulna,iPhone 15 Pro,Postpaid Corporate,43,10,Postpaid,0,9.0,5G
CUST-19762,61,Female,Khulna,Samsung S23 Ultra,Unlimited Data Max,43,10,Prepaid,0,9.0,4G
CUST-19763,46,Male,Rangpur,Vivo Y20,Prepaid Saver 30D,15,10,Prepaid,0,16.0,4G
CUST-19764,53,Female,Dhaka,Vivo Y20,Prepaid Saver 30D,19,5,Prepaid,0,22.0,4G
CUST-19765,46,Female,Rangpur,Realme 11,Postpaid Corporate,47,10,Postpaid,0,9.0,4G
CUST-19766,34,Male,Dhaka,iPhone 15 Pro,Prepaid Saver 30D,46,6,Prepaid,0,22.0,4G
CUST-19767,33,Male,Dhaka,Vivo Y20,Family Bundle,49,10,Postpaid,0,9.0,4G
CUST-19768,50,Male,Rajshahi,iPhone 15 Pro,Student Special 4G,43,10,Prepaid,0,9.0,5G
CUST-19769,58,Male,Barishal,Vivo Y20,Postpaid Corporate,42,10,Postpaid,1,16.0,4G
CUST-19770,23,Female,Chattogram,Vivo Y20,Prepaid Saver 30D,37,4,Prepaid,0,15.0,5G
CUST-19771,57,Female,Chattogram,Samsung S23 Ultra,Prepaid Saver 30D,46,10,Prepaid,0,9.0,4G
CUST-19772,57,Male,Dhaka,iPhone 15 Pro,Prepaid Saver 30D,26,10,Prepaid,0,9.0,4G
CUST-19773,23,Female,Khulna,Realme 11,Student Special 4G,12,5,Prepaid,1,15.0,5G
CUST-19774,23,Female,Barishal,iPhone 15 Pro,Family Bundle,49,10,Postpaid,0,14.0,4G
CUST-19775,50,Female,Chattogram,Vivo Y20,Family Bundle,24,5,Postpaid,0,20.0,4G
CUST-19776,57,Female,Dhaka,Realme 11,Prepaid Saver 30D,54,4,Prepaid,0,15.0,3G
CUST-19777,36,Male,Dhaka,iPhone 15 Pro,Postpaid Corporate,64,9,Postpaid,0,16.0,5G
CUST-19778,48,Male,Chattogram,Realme 11,Prepaid Saver 30D,28,10,Prepaid,0,9.0,4G
CUST-19779,64,Female,Chattogram,Samsung S23 Ultra,Unlimited Data Max,10,4,Prepaid,0,15.0,4G
CUST-19780,33,Male,Rangpur,iPhone 15 Pro,Postpaid Corporate,1,5,Postpaid,1,27.0,4G
CUST-19781,28,Female,Mymensingh,Samsung S23 Ultra,Family Bundle,42,10,Postpaid,0,9.0,4G
CUST-19782,64,Female,Dhaka,Samsung S23 Ultra,Student Special 4G,63,4,Prepaid,0,29.0,4G
CUST-19783,31,Female,Dhaka,Realme 11,Student Special 4G,64,10,Prepaid,0,16.0,4G
CUST-19784,40,Male,Chattogram,Samsung S23 Ultra,Prepaid Saver 30D,64,6,Prepaid,0,15.0,4G
CUST-19785,38,Male,Dhaka,Realme 11,Postpaid Corporate,2,10,Postpaid,0,9.0,4G
CUST-19786,42,Female,Dhaka,Samsung S23 Ultra,Postpaid Corporate,4,10,Postpaid,0,16.0,3G
CUST-19787,30,Female,Rangpur,Vivo Y20,Prepaid Saver 30D,69,7,Prepaid,0,22.0,4G
CUST-19788,49,Male,Rajshahi,Vivo Y20,Unlimited Data Max,48,10,Prepaid,1,21.0,5G
CUST-19789,50,Female,Dhaka,iPhone 15 Pro,Prepaid Saver 30D,63,6,Prepaid,1,15.0,4G
CUST-19790,27,Female,Chattogram,Xiaomi Redmi Note 12,Prepaid Saver 30D,70,8,Prepaid,0,9.0,3G
CUST-19791,40,Female,Mymensingh,Realme 11,Postpaid Corporate,51,10,Postpaid,0,9.0,3G
CUST-19792,20,Female,Sylhet,Xiaomi Redmi Note 12,Family Bundle,29,10,Postpaid,0,9.0,4G
CUST-19793,28,Female,Chattogram,Samsung S23 Ultra,Postpaid Corporate,51,10,Postpaid,0,9.0,4G
CUST-19794,64,Female,Rangpur,Vivo Y20,Prepaid Saver 30D,45,5,Prepaid,1,15.0,3G
CUST-19795,41,Female,Chattogram,Vivo Y20,Prepaid Saver 30D,62,7,Prepaid,0,15.0,5G
CUST-19796,47,Male,Mymensingh,Xiaomi Redmi Note 12,Prepaid Saver 30D,62,4,Prepaid,0,15.0,4G
CUST-19797,59,Female,Chattogram,Xiaomi Redmi Note 12,Postpaid Corporate,13,10,Postpaid,0,14.0,5G
CUST-19798,51,Male,Khulna,Samsung S23 Ultra,Unlimited Data Max,63,10,Prepaid,0,9.0,4G
CUST-19799,55,Female,Chattogram,Realme 11,Prepaid Saver 30D,50,10,Prepaid,1,28.0,4G
CUST-19800,51,Male,Khulna,Xiaomi Redmi Note 12,Student Special 4G,53,5,Prepaid,0,22.0,3G
CUST-19801,41,Male,Khulna,iPhone 15 Pro,Unlimited Data Max,25,7,Prepaid,0,15.0,4G
CUST-19802,47,Male,Khulna,iPhone 15 Pro,Postpaid Corporate,35,10,Postpaid,0,16.0,4G
CUST-19803,31,Male,Mymensingh,Samsung S23 Ultra,Student Special 4G,63,7,Prepaid,0,15.0,5G
CUST-19804,59,Female,Chattogram,Realme 11,Student Special 4G,10,6,Prepaid,0,15.0,4G
CUST-19805,26,Female,Mymensingh,Samsung S23 Ultra,Family Bundle,38,10,Postpaid,0,16.0,4G
CUST-19806,59,Female,Chattogram,Xiaomi Redmi Note 12,Student Special 4G,69,9,Prepaid,0,9.0,5G
CUST-19807,59,Female,Mymensingh,Vivo Y20,Prepaid Saver 30D,55,10,Prepaid,0,23.0,5G
CUST-19808,24,Female,Chattogram,Samsung S23 Ultra,Prepaid Saver 30D,11,10,Prepaid,0,21.0,5G
CUST-19809,51,Female,Dhaka,Samsung S23 Ultra,Unlimited Data Max,12,10,Prepaid,0,9.0,4G
CUST-19810,64,Male,Dhaka,Realme 11,Unlimited Data Max,36,10,Prepaid,0,9.0,4G
CUST-19811,44,Female,Sylhet,Vivo Y20,Postpaid Corporate,18,10,Postpaid,0,9.0,4G
CUST-19812,33,Male,Mymensingh,Samsung S23 Ultra,Prepaid Saver 30D,63,8,Prepaid,0,16.0,4G
CUST-19813,59,Female,Chattogram,iPhone 15 Pro,Prepaid Saver 30D,60,10,Prepaid,1,9.0,5G
CUST-19814,42,Female,Mymensingh,Realme 11,Student Special 4G,68,4,Prepaid,0,15.0,5G
CUST-19815,23,Female,Chattogram,Xiaomi Redmi Note 12,Unlimited Data Max,29,4,Prepaid,0,22.0,4G
CUST-19816,29,Female,Dhaka,Xiaomi Redmi Note 12,Prepaid Saver 30D,21,7,Prepaid,0,22.0,4G
CUST-19817,50,Male,Dhaka,iPhone 15 Pro,Postpaid Corporate,38,8,Postpaid,0,9.0,4G
CUST-19818,39,Female,Rajshahi,Xiaomi Redmi Note 12,Unlimited Data Max,9,7,Prepaid,0,20.0,5G
CUST-19819,28,Female,Sylhet,Samsung S23 Ultra,Prepaid Saver 30D,52,10,Prepaid,0,14.0,4G
CUST-19820,55,Male,Sylhet,Vivo Y20,Unlimited Data Max,62,4,Prepaid,0,15.0,4G
CUST-19821,23,Male,Chattogram,Xiaomi Redmi Note 12,Student Special 4G,13,5,Prepaid,0,15.0,3G
CUST-19822,28,Female,Chattogram,iPhone 15 Pro,Postpaid Corporate,15,10,Postpaid,0,16.0,5G
CUST-19823,39,Female,Rangpur,iPhone 15 Pro,Postpaid Corporate,22,4,Postpaid,1,15.0,4G
CUST-19824,19,Female,Dhaka,iPhone 15 Pro,Unlimited Data Max,57,5,Prepaid,0,22.0,4G
CUST-19825,36,Female,Khulna,Xiaomi Redmi Note 12,Postpaid Corporate,24,10,Postpaid,1,23.0,5G
CUST-19826,60,Male,Sylhet,Samsung S23 Ultra,Prepaid Saver 30D,52,10,Prepaid,0,9.0,4G
CUST-19827,62,Male,Chattogram,Realme 11,Prepaid Saver 30D,66,10,Prepaid,0,14.0,5G
CUST-19828,58,Female,Dhaka,Samsung S23 Ultra,Unlimited Data Max,32,7,Prepaid,0,15.0,4G
CUST-19829,33,Male,Rangpur,iPhone 15 Pro,Unlimited Data Max,10,5,Prepaid,0,15.0,4G
CUST-19830,21,Male,Mymensingh,Vivo Y20,Unlimited Data Max,66,7,Prepaid,0,15.0,4G
CUST-19831,56,Male,Sylhet,Xiaomi Redmi Note 12,Unlimited Data Max,27,5,Prepaid,1,15.0,4G
CUST-19832,35,Male,Mymensingh,Vivo Y20,Unlimited Data Max,43,6,Prepaid,0,15.0,5G
CUST-19833,53,Female,Dhaka,Realme 11,Unlimited Data Max,69,10,Prepaid,0,23.0,4G
CUST-19834,23,Male,Rajshahi,Realme 11,Student Special 4G,64,6,Prepaid,0,15.0,5G
CUST-19835,49,Male,Rajshahi,Samsung S23 Ultra,Prepaid Saver 30D,60,6,Prepaid,0,20.0,4G
CUST-19836,45,Male,Sylhet,Xiaomi Redmi Note 12,Postpaid Corporate,26,6,Postpaid,0,27.0,5G
CUST-19837,61,Male,Dhaka,iPhone 15 Pro,Prepaid Saver 30D,48,5,Prepaid,0,15.0,4G
CUST-19838,22,Female,Dhaka,Samsung S23 Ultra,Unlimited Data Max,24,10,Prepaid,0,21.0,5G
CUST-19839,37,Female,Dhaka,Samsung S23 Ultra,Family Bundle,39,10,Postpaid,0,9.0,5G
CUST-19840,64,Male,Dhaka,Samsung S23 Ultra,Unlimited Data Max,24,6,Prepaid,0,29.0,3G
CUST-19841,36,Male,Sylhet,Samsung S23 Ultra,Student Special 4G,60,10,Prepaid,0,9.0,5G
CUST-19842,48,Female,Sylhet,Xiaomi Redmi Note 12,Postpaid Corporate,54,6,Postpaid,0,22.0,5G
CUST-19843,25,Female,Dhaka,Samsung S23 Ultra,Prepaid Saver 30D,68,8,Prepaid,0,9.0,4G
CUST-19844,52,Female,Sylhet,Vivo Y20,Postpaid Corporate,19,10,Postpaid,0,16.0,4G
CUST-19845,30,Female,Dhaka,Xiaomi Redmi Note 12,Student Special 4G,66,10,Prepaid,0,21.0,4G
CUST-19846,44,Female,Rangpur,Vivo Y20,Student Special 4G,18,10,Prepaid,0,14.0,4G
CUST-19847,59,Male,Mymensingh,Samsung S23 Ultra,Prepaid Saver 30D,46,8,Prepaid,0,16.0,4G
CUST-19848,49,Male,Rajshahi,Samsung S23 Ultra,Unlimited Data Max,13,10,Prepaid,1,9.0,4G
CUST-19849,40,Male,Rajshahi,Vivo Y20,Prepaid Saver 30D,52,6,Prepaid,0,22.0,5G
CUST-19850,26,Male,Mymensingh,iPhone 15 Pro,Unlimited Data Max,56,10,Prepaid,0,9.0,5G
CUST-19851,34,Female,Rangpur,Realme 11,Prepaid Saver 30D,56,10,Prepaid,1,16.0,4G
CUST-19852,57,Female,Dhaka,Samsung S23 Ultra,Postpaid Corporate,20,5,Postpaid,0,22.0,5G
CUST-19853,28,Female,Rangpur,Samsung S23 Ultra,Prepaid Saver 30D,58,9,Prepaid,0,21.0,5G
CUST-19854,48,Female,Chattogram,Xiaomi Redmi Note 12,Student Special 4G,12,6,Prepaid,0,15.0,4G
CUST-19855,40,Male,Chattogram,Xiaomi Redmi Note 12,Family Bundle,53,10,Postpaid,0,9.0,4G
CUST-19856,33,Male,Rajshahi,Samsung S23 Ultra,Unlimited Data Max,34,8,Prepaid,0,16.0,4G
CUST-19857,51,Female,Rajshahi,Samsung S23 Ultra,Unlimited Data Max,13,8,Prepaid,0,9.0,4G
CUST-19858,35,Male,Rangpur,iPhone 15 Pro,Prepaid Saver 30D,70,7,Prepaid,0,20.0,4G
CUST-19859,31,Female,Dhaka,Samsung S23 Ultra,Unlimited Data Max,54,9,Prepaid,1,16.0,4G
CUST-19860,42,Female,Barishal,Vivo Y20,Unlimited Data Max,11,6,Prepaid,1,22.0,3G
CUST-19861,53,Male,Dhaka,Vivo Y20,Family Bundle,28,6,Postpaid,0,15.0,4G
CUST-19862,58,Female,Rangpur,Samsung S23 Ultra,Unlimited Data Max,53,4,Prepaid,0,15.0,4G
CUST-19863,47,Female,Sylhet,Xiaomi Redmi Note 12,Unlimited Data Max,15,8,Prepaid,0,14.0,4G
CUST-19864,49,Male,Rangpur,iPhone 15 Pro,Prepaid Saver 30D,34,10,Prepaid,0,9.0,4G
CUST-19865,55,Male,Dhaka,Samsung S23 Ultra,Unlimited Data Max,8,10,Prepaid,0,9.0,4G
CUST-19866,30,Male,Rangpur,Realme 11,Student Special 4G,2,6,Prepaid,0,15.0,4G
CUST-19867,29,Male,Chattogram,Vivo Y20,Student Special 4G,18,10,Prepaid,0,9.0,5G
CUST-19868,40,Male,Sylhet,Realme 11,Prepaid Saver 30D,51,8,Prepaid,0,9.0,5G
CUST-19869,47,Female,Khulna,Vivo Y20,Unlimited Data Max,37,10,Prepaid,0,9.0,3G
CUST-19870,48,Male,Dhaka,Realme 11,Student Special 4G,22,10,Prepaid,0,9.0,4G
CUST-19871,25,Male,Khulna,Xiaomi Redmi Note 12,Postpaid Corporate,18,4,Postpaid,0,22.0,4G
CUST-19872,54,Male,Rajshahi,Vivo Y20,Prepaid Saver 30D,58,4,Prepaid,1,22.0,4G
CUST-19873,35,Male,Chattogram,Realme 11,Prepaid Saver 30D,48,9,Prepaid,0,16.0,4G
CUST-19874,59,Male,Chattogram,Realme 11,Prepaid Saver 30D,62,10,Prepaid,1,28.0,4G
CUST-19875,52,Male,Rajshahi,Realme 11,Unlimited Data Max,69,7,Prepaid,0,15.0,4G
CUST-19876,64,Female,Sylhet,Samsung S23 Ultra,Prepaid Saver 30D,45,10,Prepaid,1,9.0,5G
CUST-19877,47,Female,Mymensingh,Realme 11,Postpaid Corporate,4,10,Postpaid,0,23.0,4G
CUST-19878,42,Male,Chattogram,Realme 11,Prepaid Saver 30D,67,10,Prepaid,0,9.0,4G
CUST-19879,26,Female,Mymensingh,Xiaomi Redmi Note 12,Postpaid Corporate,10,10,Postpaid,1,9.0,3G
CUST-19880,36,Female,Chattogram,Xiaomi Redmi Note 12,Postpaid Corporate,51,9,Postpaid,0,9.0,4G
CUST-19881,58,Female,Dhaka,Vivo Y20,Student Special 4G,18,10,Prepaid,0,28.0,4G
CUST-19882,35,Female,Barishal,Samsung S23 Ultra,Prepaid Saver 30D,55,10,Prepaid,0,14.0,5G
CUST-19883,20,Male,Dhaka,Xiaomi Redmi Note 12,Unlimited Data Max,58,7,Prepaid,0,15.0,4G
CUST-19884,29,Female,Dhaka,Realme 11,Postpaid Corporate,57,9,Postpaid,0,9.0,4G
CUST-19885,45,Female,Chattogram,iPhone 15 Pro,Student Special 4G,20,10,Prepaid,0,9.0,4G
CUST-19886,47,Male,Dhaka,iPhone 15 Pro,Unlimited Data Max,46,10,Prepaid,0,16.0,5G
CUST-19887,64,Female,Mymensingh,Samsung S23 Ultra,Student Special 4G,14,5,Prepaid,0,22.0,4G
CUST-19888,61,Male,Dhaka,iPhone 15 Pro,Family Bundle,63,7,Postpaid,0,15.0,5G
CUST-19889,42,Male,Chattogram,iPhone 15 Pro,Postpaid Corporate,11,5,Postpaid,0,20.0,4G
CUST-19890,44,Male,Khulna,Vivo Y20,Unlimited Data Max,60,5,Prepaid,0,29.0,4G
CUST-19891,55,Male,Rajshahi,Samsung S23 Ultra,Postpaid Corporate,11,6,Postpaid,0,15.0,4G
CUST-19892,20,Female,Rangpur,Realme 11,Prepaid Saver 30D,21,10,Prepaid,0,9.0,4G
CUST-19893,45,Female,Dhaka,Samsung S23 Ultra,Prepaid Saver 30D,52,7,Prepaid,0,15.0,5G
CUST-19894,40,Female,Rajshahi,Realme 11,Unlimited Data Max,69,10,Prepaid,0,9.0,4G
CUST-19895,54,Male,Rangpur,Xiaomi Redmi Note 12,Postpaid Corporate,51,9,Postpaid,0,9.0,4G
CUST-19896,55,Male,Mymensingh,Xiaomi Redmi Note 12,Prepaid Saver 30D,25,4,Prepaid,0,15.0,4G
CUST-19897,48,Female,Dhaka,Vivo Y20,Prepaid Saver 30D,23,7,Prepaid,0,29.0,4G
CUST-19898,48,Male,Barishal,Realme 11,Prepaid Saver 30D,45,10,Prepaid,0,16.0,3G
CUST-19899,50,Female,Dhaka,Samsung S23 Ultra,Prepaid Saver 30D,32,10,Prepaid,1,9.0,5G
CUST-19900,45,Female,Dhaka,iPhone 15 Pro,Prepaid Saver 30D,15,7,Prepaid,0,22.0,4G
CUST-19901,28,Male,Dhaka,iPhone 15 Pro,Prepaid Saver 30D,45,5,Prepaid,1,15.0,4G
CUST-19902,31,Female,Sylhet,Realme 11,Unlimited Data Max,31,10,Prepaid,1,9.0,5G
CUST-19903,52,Female,Chattogram,Vivo Y20,Prepaid Saver 30D,70,9,Prepaid,0,9.0,4G
CUST-19904,47,Male,Khulna,Realme 11,Unlimited Data Max,3,10,Prepaid,0,21.0,4G
CUST-19905,29,Female,Sylhet,Xiaomi Redmi Note 12,Student Special 4G,53,6,Prepaid,0,22.0,4G
CUST-19906,59,Female,Khulna,Realme 11,Prepaid Saver 30D,57,5,Prepaid,0,15.0,4G
CUST-19907,64,Male,Chattogram,Realme 11,Student Special 4G,58,7,Prepaid,0,15.0,4G
CUST-19908,47,Male,Sylhet,Samsung S23 Ultra,Prepaid Saver 30D,50,6,Prepaid,0,22.0,4G
CUST-19909,28,Female,Dhaka,Xiaomi Redmi Note 12,Unlimited Data Max,70,9,Prepaid,0,16.0,3G
CUST-19910,62,Female,Barishal,Realme 11,Prepaid Saver 30D,22,9,Prepaid,0,23.0,4G
CUST-19911,29,Male,Dhaka,Realme 11,Unlimited Data Max,28,5,Prepaid,1,15.0,5G
CUST-19912,38,Male,Chattogram,iPhone 15 Pro,Prepaid Saver 30D,67,8,Prepaid,0,9.0,4G
CUST-19913,58,Female,Rajshahi,Samsung S23 Ultra,Student Special 4G,5,7,Prepaid,0,15.0,5G
CUST-19914,42,Male,Chattogram,iPhone 15 Pro,Unlimited Data Max,59,9,Prepaid,1,28.0,4G
CUST-19915,29,Male,Rajshahi,iPhone 15 Pro,Prepaid Saver 30D,54,10,Prepaid,0,9.0,4G
CUST-19916,21,Male,Barishal,Vivo Y20,Unlimited Data Max,42,8,Prepaid,0,16.0,4G
CUST-19917,34,Male,Sylhet,Realme 11,Prepaid Saver 30D,9,6,Prepaid,0,15.0,3G
CUST-19918,49,Male,Barishal,Vivo Y20,Prepaid Saver 30D,44,10,Prepaid,1,16.0,4G
CUST-19919,51,Male,Sylhet,Samsung S23 Ultra,Unlimited Data Max,32,10,Prepaid,0,9.0,3G
CUST-19920,28,Male,Chattogram,Realme 11,Unlimited Data Max,7,10,Prepaid,1,30.0,5G
CUST-19921,25,Male,Rangpur,Samsung S23 Ultra,Postpaid Corporate,53,6,Postpaid,0,22.0,4G
CUST-19922,50,Female,Rangpur,Xiaomi Redmi Note 12,Prepaid Saver 30D,58,10,Prepaid,0,21.0,5G
CUST-19923,25,Male,Khulna,iPhone 15 Pro,Prepaid Saver 30D,40,10,Prepaid,0,9.0,4G
CUST-19924,21,Female,Barishal,Vivo Y20,Postpaid Corporate,12,10,Postpaid,0,16.0,4G
CUST-19925,40,Male,Khulna,Realme 11,Unlimited Data Max,27,5,Prepaid,0,15.0,4G
CUST-19926,44,Male,Khulna,Xiaomi Redmi Note 12,Student Special 4G,39,6,Prepaid,0,15.0,4G
CUST-19927,29,Female,Khulna,Xiaomi Redmi Note 12,Student Special 4G,37,10,Prepaid,0,9.0,4G
CUST-19928,27,Female,Mymensingh,Realme 11,Prepaid Saver 30D,43,9,Prepaid,0,9.0,4G
CUST-19929,29,Male,Sylhet,Realme 11,Prepaid Saver 30D,18,5,Prepaid,0,15.0,4G
CUST-19930,34,Female,Sylhet,Xiaomi Redmi Note 12,Prepaid Saver 30D,57,5,Prepaid,0,20.0,4G
CUST-19931,18,Male,Dhaka,Realme 11,Student Special 4G,6,10,Prepaid,0,9.0,4G
CUST-19932,18,Male,Chattogram,Realme 11,Unlimited Data Max,71,10,Prepaid,0,9.0,4G
CUST-19933,35,Male,Chattogram,Samsung S23 Ultra,Postpaid Corporate,30,6,Postpaid,0,22.0,4G
CUST-19934,18,Female,Rajshahi,iPhone 15 Pro,Prepaid Saver 30D,59,9,Prepaid,1,21.0,4G
CUST-19935,32,Female,Sylhet,Vivo Y20,Student Special 4G,5,10,Prepaid,0,14.0,4G
CUST-19936,45,Female,Dhaka,iPhone 15 Pro,Family Bundle,48,8,Postpaid,0,9.0,5G
CUST-19937,19,Male,Chattogram,Vivo Y20,Prepaid Saver 30D,70,7,Prepaid,0,22.0,4G
CUST-19938,47,Male,Dhaka,Xiaomi Redmi Note 12,Prepaid Saver 30D,69,10,Prepaid,0,16.0,5G
CUST-19939,47,Female,Dhaka,iPhone 15 Pro,Prepaid Saver 30D,32,4,Prepaid,0,15.0,4G
CUST-19940,44,Female,Sylhet,iPhone 15 Pro,Prepaid Saver 30D,27,6,Prepaid,0,22.0,4G
CUST-19941,47,Female,Mymensingh,Xiaomi Redmi Note 12,Unlimited Data Max,63,4,Prepaid,0,15.0,4G
CUST-19942,56,Female,Chattogram,Samsung S23 Ultra,Prepaid Saver 30D,46,10,Prepaid,0,16.0,5G
CUST-19943,21,Male,Dhaka,iPhone 15 Pro,Postpaid Corporate,68,5,Postpaid,0,15.0,4G
CUST-19944,25,Female,Barishal,Realme 11,Family Bundle,17,10,Postpaid,0,9.0,4G
CUST-19945,32,Female,Mymensingh,Vivo Y20,Postpaid Corporate,32,8,Postpaid,0,9.0,5G
CUST-19946,50,Female,Mymensingh,Vivo Y20,Postpaid Corporate,23,5,Postpaid,0,15.0,4G
CUST-19947,59,Male,Barishal,iPhone 15 Pro,Unlimited Data Max,30,9,Prepaid,0,9.0,4G
CUST-19948,61,Female,Dhaka,Realme 11,Unlimited Data Max,62,7,Prepaid,1,15.0,4G
CUST-19949,45,Female,Rangpur,iPhone 15 Pro,Postpaid Corporate,64,8,Postpaid,0,9.0,4G
CUST-19950,37,Female,Rangpur,Vivo Y20,Postpaid Corporate,43,10,Postpaid,0,9.0,4G
CUST-19951,37,Male,Khulna,Vivo Y20,Student Special 4G,3,10,Prepaid,1,16.0,5G
CUST-19952,20,Female,Dhaka,Xiaomi Redmi Note 12,Prepaid Saver 30D,32,4,Prepaid,0,29.0,3G
CUST-19953,39,Female,Sylhet,Realme 11,Unlimited Data Max,35,4,Prepaid,0,22.0,4G
CUST-19954,42,Male,Rajshahi,Vivo Y20,Unlimited Data Max,51,10,Prepaid,0,23.0,4G
CUST-19955,27,Female,Sylhet,Samsung S23 Ultra,Prepaid Saver 30D,20,10,Prepaid,0,16.0,4G
CUST-19956,54,Male,Chattogram,iPhone 15 Pro,Prepaid Saver 30D,42,8,Prepaid,0,16.0,4G
CUST-19957,56,Male,Chattogram,Realme 11,Unlimited Data Max,54,10,Prepaid,0,9.0,4G
CUST-19958,32,Female,Barishal,Samsung S23 Ultra,Unlimited Data Max,41,6,Prepaid,1,22.0,4G
CUST-19959,60,Male,Rangpur,Realme 11,Prepaid Saver 30D,60,6,Prepaid,1,20.0,4G
CUST-19960,23,Male,Mymensingh,iPhone 15 Pro,Prepaid Saver 30D,18,8,Prepaid,0,9.0,4G
CUST-19961,60,Male,Chattogram,iPhone 15 Pro,Family Bundle,45,10,Postpaid,0,9.0,4G
CUST-19962,54,Female,Sylhet,Vivo Y20,Student Special 4G,33,10,Prepaid,0,9.0,5G
CUST-19963,28,Male,Sylhet,Xiaomi Redmi Note 12,Unlimited Data Max,29,6,Prepaid,1,22.0,4G
CUST-19964,48,Male,Chattogram,Realme 11,Student Special 4G,31,10,Prepaid,0,14.0,4G
CUST-19965,32,Female,Mymensingh,Realme 11,Prepaid Saver 30D,40,8,Prepaid,0,16.0,4G
CUST-19966,55,Male,Mymensingh,Xiaomi Redmi Note 12,Family Bundle,37,10,Postpaid,0,9.0,4G
CUST-19967,25,Female,Barishal,Xiaomi Redmi Note 12,Postpaid Corporate,41,10,Postpaid,1,9.0,4G
CUST-19968,29,Female,Mymensingh,Vivo Y20,Unlimited Data Max,69,5,Prepaid,0,15.0,4G
CUST-19969,32,Female,Chattogram,Vivo Y20,Unlimited Data Max,46,10,Prepaid,0,9.0,4G
CUST-19970,27,Female,Rangpur,Samsung S23 Ultra,Family Bundle,39,4,Postpaid,0,15.0,4G
CUST-19971,33,Female,Rangpur,Xiaomi Redmi Note 12,Family Bundle,66,9,Postpaid,0,23.0,4G
CUST-19972,46,Female,Rangpur,Realme 11,Prepaid Saver 30D,17,6,Prepaid,1,22.0,4G
CUST-19973,47,Female,Rajshahi,Realme 11,Prepaid Saver 30D,18,7,Prepaid,0,22.0,4G
CUST-19974,44,Female,Chattogram,Xiaomi Redmi Note 12,Prepaid Saver 30D,9,7,Prepaid,0,15.0,5G
CUST-19975,26,Female,Dhaka,Realme 11,Student Special 4G,15,9,Prepaid,0,9.0,5G
CUST-19976,27,Female,Mymensingh,Xiaomi Redmi Note 12,Prepaid Saver 30D,6,10,Prepaid,0,9.0,4G
CUST-19977,61,Male,Dhaka,Samsung S23 Ultra,Unlimited Data Max,14,9,Prepaid,0,9.0,4G
CUST-19978,29,Female,Rajshahi,iPhone 15 Pro,Prepaid Saver 30D,47,10,Prepaid,0,16.0,4G
CUST-19979,22,Male,Dhaka,Samsung S23 Ultra,Prepaid Saver 30D,50,10,Prepaid,0,9.0,4G
CUST-19980,39,Male,Chattogram,Realme 11,Prepaid Saver 30D,46,6,Prepaid,0,15.0,4G
CUST-19981,18,Male,Dhaka,Vivo Y20,Student Special 4G,65,10,Prepaid,1,16.0,4G
CUST-19982,34,Male,Mymensingh,iPhone 15 Pro,Family Bundle,61,6,Postpaid,0,15.0,5G
CUST-19983,58,Male,Dhaka,Realme 11,Unlimited Data Max,24,5,Prepaid,0,15.0,5G
CUST-19984,30,Female,Mymensingh,Vivo Y20,Student Special 4G,14,6,Prepaid,0,22.0,5G
CUST-19985,51,Male,Dhaka,iPhone 15 Pro,Postpaid Corporate,30,8,Postpaid,0,9.0,4G
CUST-19986,41,Male,Rajshahi,Vivo Y20,Prepaid Saver 30D,66,5,Prepaid,1,15.0,3G
CUST-19987,34,Male,Mymensingh,Samsung S23 Ultra,Unlimited Data Max,69,9,Prepaid,0,16.0,4G
CUST-19988,49,Male,Khulna,Realme 11,Prepaid Saver 30D,15,9,Prepaid,0,9.0,4G
CUST-19989,45,Male,Dhaka,Samsung S23 Ultra,Family Bundle,11,10,Postpaid,0,9.0,5G
CUST-19990,32,Female,Khulna,Realme 11,Postpaid Corporate,53,10,Postpaid,0,9.0,5G
CUST-19991,28,Male,Barishal,Samsung S23 Ultra,Prepaid Saver 30D,63,5,Prepaid,0,22.0,3G
CUST-19992,61,Male,Mymensingh,Vivo Y20,Unlimited Data Max,68,10,Prepaid,0,9.0,4G
CUST-19993,25,Male,Chattogram,iPhone 15 Pro,Prepaid Saver 30D,69,10,Prepaid,1,16.0,4G
CUST-19994,63,Female,Rangpur,iPhone 15 Pro,Prepaid Saver 30D,21,4,Prepaid,0,22.0,4G
CUST-19995,40,Male,Rajshahi,Xiaomi Redmi Note 12,Postpaid Corporate,57,10,Postpaid,0,9.0,5G
CUST-19996,64,Male,Dhaka,Vivo Y20,Student Special 4G,48,6,Prepaid,0,15.0,3G
CUST-19997,34,Male,Rangpur,Samsung S23 Ultra,Prepaid Saver 30D,24,4,Prepaid,0,20.0,5G
CUST-19998,44,Male,Mymensingh,iPhone 15 Pro,Prepaid Saver 30D,2,10,Prepaid,0,9.0,4G
CUST-19999,46,Male,Chattogram,Realme 11,Prepaid Saver 30D,47,4,Prepaid,0,20.0,4G
