SubscriptionID,CustomerID,PlanType,Segment,ActivationDate,Status,AcquisitionChannel,CAC_BDT,ChurnDate,ChurnType
SUB-0,CUST-10000,Family Bundle,Postpaid,2021-11-08,Active,Referral,1188,,
SUB-1,CUST-10001,Family Bundle,Postpaid,2025-08-19,Active,Referral,1111,,
SUB-2,CUST-10002,Student Special 4G,Prepaid,2024-08-24,Active,Online,973,,
SUB-3,CUST-10003,Prepaid Saver 30D,Prepaid,2025-07-20,Active,Retail,994,,
SUB-4,CUST-10004,Prepaid Saver 30D,Prepaid,2023-10-29,Active,Agent,408,,
SUB-5,CUST-10005,Prepaid Saver 30D,Prepaid,2024-08-24,Active,Online,1132,,
SUB-6,CUST-10006,Unlimited Data Max,Prepaid,2021-08-10,Churned,Retail,1104,2025-02-07,Involuntary
SUB-7,CUST-10007,Student Special 4G,Prepaid,2021-12-08,Active,Online,1141,,
SUB-8,CUST-10008,Postpaid Corporate,Postpaid,2021-04-12,Active,Retail,675,,
SUB-9,CUST-10009,Postpaid Corporate,Postpaid,2023-12-28,Active,Referral,1223,,
SUB-10,CUST-10010,Unlimited Data Max,Prepaid,2023-05-02,Active,Online,496,,
SUB-11,CUST-10011,Unlimited Data Max,Prepaid,2021-05-12,Active,Referral,651,,
SUB-12,CUST-10012,Student Special 4G,Prepaid,2022-04-07,Active,Agent,1059,,
SUB-13,CUST-10013,Unlimited Data Max,Prepaid,2020-11-13,Active,Retail,543,,
SUB-14,CUST-10014,Unlimited Data Max,Prepaid,2020-09-14,Active,Retail,1190,,
SUB-15,CUST-10015,Postpaid Corporate,Postpaid,2025-12-17,Active,Referral,368,,
SUB-16,CUST-10016,Postpaid Corporate,Postpaid,2025-01-21,Active,Online,1498,,
SUB-17,CUST-10017,Unlimited Data Max,Prepaid,2022-04-07,Active,Retail,942,,
SUB-18,CUST-10018,Unlimited Data Max,Prepaid,2025-11-17,Active,Retail,1400,,
SUB-19,CUST-10019,Student Special 4G,Prepaid,2025-11-17,Active,Online,990,,
SUB-20,CUST-10020,Family Bundle,Postpaid,2025-08-19,Active,Agent,1322,,
SUB-21,CUST-10021,Prepaid Saver 30D,Prepaid,2025-12-17,Churned,Retail,717,2026-01-22,Voluntary
SUB-22,CUST-10022,Student Special 4G,Prepaid,2022-07-06,Active,Referral,691,,
SUB-23,CUST-10023,Prepaid Saver 30D,Prepaid,2024-10-23,Active,Agent,1008,,
SUB-24,CUST-10024,Postpaid Corporate,Postpaid,2020-12-13,Active,Referral,1272,,
SUB-25,CUST-10025,Prepaid Saver 30D,Prepaid,2025-10-18,Active,Agent,1467,,
SUB-26,CUST-10026,Student Special 4G,Prepaid,2023-09-29,Active,Online,1151,,
SUB-27,CUST-10027,Student Special 4G,Prepaid,2022-07-06,Active,Online,1186,,
SUB-28,CUST-10028,Prepaid Saver 30D,Prepaid,2024-04-26,Active,Retail,1247,,
SUB-29,CUST-10029,Unlimited Data Max,Prepaid,2022-04-07,Active,Retail,809,,
SUB-30,CUST-10030,Student Special 4G,Prepaid,2021-07-11,Active,Online,1337,,
SUB-31,CUST-10031,Unlimited Data Max,Prepaid,2022-09-04,Active,Agent,1320,,
SUB-32,CUST-10032,Postpaid Corporate,Postpaid,2022-11-03,Active,Agent,1204,,
SUB-33,CUST-10033,Prepaid Saver 30D,Prepaid,2023-02-01,Active,Online,1008,,
SUB-34,CUST-10034,Unlimited Data Max,Prepaid,2020-08-15,Active,Referral,727,,
SUB-35,CUST-10035,Postpaid Corporate,Postpaid,2021-11-08,Active,Retail,1376,,
SUB-36,CUST-10036,Prepaid Saver 30D,Prepaid,2026-01-16,Active,Retail,614,,
SUB-37,CUST-10037,Student Special 4G,Prepaid,2021-12-08,Active,Online,794,,
SUB-38,CUST-10038,Unlimited Data Max,Prepaid,2025-06-20,Active,Referral,352,,
SUB-39,CUST-10039,Unlimited Data Max,Prepaid,2021-05-12,Churned,Agent,1416,2025-04-26,Involuntary
SUB-40,CUST-10040,Unlimited Data Max,Prepaid,2024-06-25,Active,Online,306,,
SUB-41,CUST-10041,Prepaid Saver 30D,Prepaid,2022-05-07,Churned,Referral,915,2025-04-17,Involuntary
SUB-42,CUST-10042,Postpaid Corporate,Postpaid,2022-02-06,Active,Online,1224,,
SUB-43,CUST-10043,Prepaid Saver 30D,Prepaid,2024-04-26,Active,Referral,445,,
SUB-44,CUST-10044,Unlimited Data Max,Prepaid,2020-10-14,Active,Online,567,,
SUB-45,CUST-10045,Family Bundle,Postpaid,2023-05-02,Active,Agent,1191,,
SUB-46,CUST-10046,Unlimited Data Max,Prepaid,2023-11-28,Active,Referral,981,,
SUB-47,CUST-10047,Prepaid Saver 30D,Prepaid,2023-07-31,Churned,Retail,640,2025-01-09,Voluntary
SUB-48,CUST-10048,Student Special 4G,Prepaid,2024-08-24,Churned,Agent,1267,2025-03-26,Involuntary
SUB-49,CUST-10049,Postpaid Corporate,Postpaid,2025-10-18,Active,Online,610,,
SUB-50,CUST-10050,Prepaid Saver 30D,Prepaid,2020-09-14,Active,Retail,339,,
SUB-51,CUST-10051,Family Bundle,Postpaid,2021-09-09,Churned,Referral,1407,2026-01-02,Voluntary
SUB-52,CUST-10052,Prepaid Saver 30D,Prepaid,2021-09-09,Active,Referral,687,,
SUB-53,CUST-10053,Unlimited Data Max,Prepaid,2021-02-11,Churned,Online,665,2025-01-19,Voluntary
SUB-54,CUST-10054,Unlimited Data Max,Prepaid,2022-11-03,Active,Referral,1288,,
SUB-55,CUST-10055,Family Bundle,Postpaid,2020-09-14,Active,Referral,1362,,
SUB-56,CUST-10056,Prepaid Saver 30D,Prepaid,2020-09-14,Active,Agent,935,,
SUB-57,CUST-10057,Student Special 4G,Prepaid,2024-12-22,Active,Retail,1471,,
SUB-58,CUST-10058,Unlimited Data Max,Prepaid,2023-10-29,Active,Online,1094,,
SUB-59,CUST-10059,Unlimited Data Max,Prepaid,2025-11-17,Active,Online,464,,
SUB-60,CUST-10060,Student Special 4G,Prepaid,2022-05-07,Active,Agent,1336,,
SUB-61,CUST-10061,Family Bundle,Postpaid,2025-10-18,Active,Retail,1266,,
SUB-62,CUST-10062,Unlimited Data Max,Prepaid,2021-12-08,Active,Online,1136,,
SUB-63,CUST-10063,Unlimited Data Max,Prepaid,2021-09-09,Active,Retail,1148,,
SUB-64,CUST-10064,Postpaid Corporate,Postpaid,2023-12-28,Active,Retail,1436,,
SUB-65,CUST-10065,Prepaid Saver 30D,Prepaid,2022-10-04,Active,Referral,498,,
SUB-66,CUST-10066,Prepaid Saver 30D,Prepaid,2020-11-13,Churned,Agent,581,2025-02-02,Involuntary
SUB-67,CUST-10067,Unlimited Data Max,Prepaid,2022-01-07,Active,Agent,1491,,
SUB-68,CUST-10068,Family Bundle,Postpaid,2023-10-29,Active,Online,1379,,
SUB-69,CUST-10069,Unlimited Data Max,Prepaid,2021-02-11,Active,Referral,321,,
SUB-70,CUST-10070,Prepaid Saver 30D,Prepaid,2026-03-17,Active,Online,1352,,
SUB-71,CUST-10071,Prepaid Saver 30D,Prepaid,2025-01-21,Active,Retail,980,,
SUB-72,CUST-10072,Unlimited Data Max,Prepaid,2024-06-25,Churned,Online,579,2025-02-19,Voluntary
SUB-73,CUST-10073,Prepaid Saver 30D,Prepaid,2024-04-26,Churned,Agent,1066,2025-01-10,Involuntary
SUB-74,CUST-10074,Prepaid Saver 30D,Prepaid,2022-07-06,Active,Referral,595,,
SUB-75,CUST-10075,Postpaid Corporate,Postpaid,2021-10-09,Active,Agent,1226,,
SUB-76,CUST-10076,Prepaid Saver 30D,Prepaid,2026-02-15,Active,Online,1459,,
SUB-77,CUST-10077,Unlimited Data Max,Prepaid,2024-11-22,Active,Agent,1002,,
SUB-78,CUST-10078,Student Special 4G,Prepaid,2021-08-10,Churned,Retail,1267,2025-04-26,Involuntary
SUB-79,CUST-10079,Prepaid Saver 30D,Prepaid,2023-07-01,Active,Referral,1150,,
SUB-80,CUST-10080,Prepaid Saver 30D,Prepaid,2024-07-25,Active,Online,1127,,
SUB-81,CUST-10081,Unlimited Data Max,Prepaid,2023-10-29,Active,Agent,876,,
SUB-82,CUST-10082,Prepaid Saver 30D,Prepaid,2022-11-03,Active,Referral,1172,,
SUB-83,CUST-10083,Student Special 4G,Prepaid,2022-12-03,Active,Retail,1354,,
SUB-84,CUST-10084,Postpaid Corporate,Postpaid,2021-08-10,Active,Online,584,,
SUB-85,CUST-10085,Student Special 4G,Prepaid,2020-08-15,Active,Retail,659,,
SUB-86,CUST-10086,Unlimited Data Max,Prepaid,2021-09-09,Active,Referral,1045,,
SUB-87,CUST-10087,Family Bundle,Postpaid,2025-10-18,Churned,Online,1404,2025-10-27,Involuntary
SUB-88,CUST-10088,Unlimited Data Max,Prepaid,2023-12-28,Churned,Online,1315,2025-02-05,Voluntary
SUB-89,CUST-10089,Prepaid Saver 30D,Prepaid,2023-07-31,Active,Agent,664,,
SUB-90,CUST-10090,Prepaid Saver 30D,Prepaid,2022-10-04,Active,Online,400,,
SUB-91,CUST-10091,Unlimited Data Max,Prepaid,2020-10-14,Active,Referral,688,,
SUB-92,CUST-10092,Prepaid Saver 30D,Prepaid,2023-10-29,Active,Agent,1379,,
SUB-93,CUST-10093,Unlimited Data Max,Prepaid,2024-05-26,Active,Agent,1229,,
SUB-94,CUST-10094,Postpaid Corporate,Postpaid,2021-03-13,Active,Online,1164,,
SUB-95,CUST-10095,Student Special 4G,Prepaid,2022-02-06,Active,Retail,433,,
SUB-96,CUST-10096,Postpaid Corporate,Postpaid,2023-09-29,Active,Online,592,,
SUB-97,CUST-10097,Prepaid Saver 30D,Prepaid,2021-01-12,Active,Retail,800,,
SUB-98,CUST-10098,Prepaid Saver 30D,Prepaid,2024-08-24,Active,Referral,449,,
SUB-99,CUST-10099,Student Special 4G,Prepaid,2024-12-22,Active,Agent,450,,
SUB-100,CUST-10100,Prepaid Saver 30D,Prepaid,2026-04-16,Active,Online,1057,,
SUB-101,CUST-10101,Prepaid Saver 30D,Prepaid,2025-12-17,Active,Online,374,,
SUB-102,CUST-10102,Unlimited Data Max,Prepaid,2021-05-12,Active,Referral,832,,
SUB-103,CUST-10103,Unlimited Data Max,Prepaid,2025-12-17,Active,Retail,1108,,
SUB-104,CUST-10104,Prepaid Saver 30D,Prepaid,2021-12-08,Active,Online,834,,
SUB-105,CUST-10105,Postpaid Corporate,Postpaid,2025-12-17,Active,Agent,843,,
SUB-106,CUST-10106,Student Special 4G,Prepaid,2025-01-21,Active,Agent,912,,
SUB-107,CUST-10107,Family Bundle,Postpaid,2024-05-26,Active,Agent,1298,,
SUB-108,CUST-10108,Prepaid Saver 30D,Prepaid,2025-02-20,Churned,Online,1195,2026-06-14,Voluntary
SUB-109,CUST-10109,Prepaid Saver 30D,Prepaid,2025-09-18,Churned,Online,473,2025-10-26,Involuntary
SUB-110,CUST-10110,Student Special 4G,Prepaid,2020-08-15,Active,Retail,781,,
SUB-111,CUST-10111,Prepaid Saver 30D,Prepaid,2024-01-27,Active,Online,432,,
SUB-112,CUST-10112,Prepaid Saver 30D,Prepaid,2023-11-28,Active,Referral,767,,
SUB-113,CUST-10113,Postpaid Corporate,Postpaid,2022-01-07,Active,Agent,457,,
SUB-114,CUST-10114,Unlimited Data Max,Prepaid,2021-02-11,Active,Retail,680,,
SUB-115,CUST-10115,Prepaid Saver 30D,Prepaid,2024-08-24,Active,Retail,1362,,
SUB-116,CUST-10116,Prepaid Saver 30D,Prepaid,2023-09-29,Active,Retail,426,,
SUB-117,CUST-10117,Prepaid Saver 30D,Prepaid,2023-07-31,Active,Referral,320,,
SUB-118,CUST-10118,Prepaid Saver 30D,Prepaid,2024-11-22,Active,Agent,374,,
SUB-119,CUST-10119,Unlimited Data Max,Prepaid,2025-08-19,Churned,Online,1043,2025-10-27,Voluntary
SUB-120,CUST-10120,Unlimited Data Max,Prepaid,2021-01-12,Active,Online,1441,,
SUB-121,CUST-10121,Student Special 4G,Prepaid,2022-05-07,Active,Referral,404,,
SUB-122,CUST-10122,Student Special 4G,Prepaid,2022-06-06,Active,Online,547,,
SUB-123,CUST-10123,Family Bundle,Postpaid,2024-07-25,Active,Online,533,,
SUB-124,CUST-10124,Student Special 4G,Prepaid,2022-08-05,Active,Retail,513,,
SUB-125,CUST-10125,Unlimited Data Max,Prepaid,2025-08-19,Active,Retail,1115,,
SUB-126,CUST-10126,Unlimited Data Max,Prepaid,2025-09-18,Active,Retail,516,,
SUB-127,CUST-10127,Prepaid Saver 30D,Prepaid,2020-11-13,Active,Agent,1366,,
SUB-128,CUST-10128,Prepaid Saver 30D,Prepaid,2025-01-21,Active,Referral,1452,,
SUB-129,CUST-10129,Postpaid Corporate,Postpaid,2021-12-08,Active,Referral,865,,
SUB-130,CUST-10130,Unlimited Data Max,Prepaid,2024-10-23,Churned,Retail,1035,2026-04-29,Voluntary
SUB-131,CUST-10131,Family Bundle,Postpaid,2022-08-05,Active,Agent,806,,
SUB-132,CUST-10132,Prepaid Saver 30D,Prepaid,2022-11-03,Active,Online,316,,
SUB-133,CUST-10133,Prepaid Saver 30D,Prepaid,2022-03-08,Active,Online,664,,
SUB-134,CUST-10134,Student Special 4G,Prepaid,2020-11-13,Active,Agent,1411,,
SUB-135,CUST-10135,Prepaid Saver 30D,Prepaid,2023-11-28,Active,Agent,1186,,
SUB-136,CUST-10136,Student Special 4G,Prepaid,2021-05-12,Churned,Online,1483,2026-01-07,Voluntary
SUB-137,CUST-10137,Postpaid Corporate,Postpaid,2024-08-24,Active,Referral,1136,,
SUB-138,CUST-10138,Student Special 4G,Prepaid,2020-10-14,Active,Retail,544,,
SUB-139,CUST-10139,Student Special 4G,Prepaid,2023-07-01,Churned,Retail,425,2025-12-29,Involuntary
SUB-140,CUST-10140,Prepaid Saver 30D,Prepaid,2021-07-11,Active,Agent,524,,
SUB-141,CUST-10141,Prepaid Saver 30D,Prepaid,2021-08-10,Active,Referral,1420,,
SUB-142,CUST-10142,Student Special 4G,Prepaid,2022-09-04,Active,Referral,750,,
SUB-143,CUST-10143,Prepaid Saver 30D,Prepaid,2020-10-14,Active,Online,1386,,
SUB-144,CUST-10144,Postpaid Corporate,Postpaid,2022-07-06,Active,Referral,357,,
SUB-145,CUST-10145,Prepaid Saver 30D,Prepaid,2022-12-03,Active,Retail,1115,,
SUB-146,CUST-10146,Unlimited Data Max,Prepaid,2024-12-22,Active,Online,565,,
SUB-147,CUST-10147,Prepaid Saver 30D,Prepaid,2024-03-27,Churned,Online,1204,2025-05-22,Involuntary
SUB-148,CUST-10148,Family Bundle,Postpaid,2026-05-16,Active,Retail,1378,,
SUB-149,CUST-10149,Prepaid Saver 30D,Prepaid,2022-04-07,Churned,Online,1482,2025-05-13,Voluntary
SUB-150,CUST-10150,Prepaid Saver 30D,Prepaid,2022-11-03,Active,Agent,1161,,
SUB-151,CUST-10151,Unlimited Data Max,Prepaid,2022-05-07,Active,Retail,437,,
SUB-152,CUST-10152,Prepaid Saver 30D,Prepaid,2022-10-04,Active,Retail,673,,
SUB-153,CUST-10153,Prepaid Saver 30D,Prepaid,2024-12-22,Active,Retail,687,,
SUB-154,CUST-10154,Postpaid Corporate,Postpaid,2020-08-15,Churned,Referral,1361,2025-11-18,Voluntary
SUB-155,CUST-10155,Unlimited Data Max,Prepaid,2023-11-28,Active,Retail,1165,,
SUB-156,CUST-10156,Unlimited Data Max,Prepaid,2022-05-07,Active,Online,1136,,
SUB-157,CUST-10157,Unlimited Data Max,Prepaid,2025-08-19,Active,Retail,1234,,
SUB-158,CUST-10158,Unlimited Data Max,Prepaid,2022-12-03,Active,Agent,1286,,
SUB-159,CUST-10159,Student Special 4G,Prepaid,2024-01-27,Active,Retail,570,,
SUB-160,CUST-10160,Family Bundle,Postpaid,2021-01-12,Active,Online,1240,,
SUB-161,CUST-10161,Student Special 4G,Prepaid,2021-12-08,Active,Agent,881,,
SUB-162,CUST-10162,Student Special 4G,Prepaid,2020-12-13,Active,Referral,1487,,
SUB-163,CUST-10163,Unlimited Data Max,Prepaid,2024-07-25,Active,Retail,1408,,
SUB-164,CUST-10164,Student Special 4G,Prepaid,2022-08-05,Churned,Agent,364,2025-12-23,Voluntary
SUB-165,CUST-10165,Prepaid Saver 30D,Prepaid,2022-10-04,Churned,Referral,1245,2025-10-02,Voluntary
SUB-166,CUST-10166,Student Special 4G,Prepaid,2024-12-22,Active,Agent,652,,
SUB-167,CUST-10167,Postpaid Corporate,Postpaid,2024-06-25,Churned,Agent,771,2026-06-04,Voluntary
SUB-168,CUST-10168,Prepaid Saver 30D,Prepaid,2022-07-06,Active,Referral,488,,
SUB-169,CUST-10169,Prepaid Saver 30D,Prepaid,2025-07-20,Active,Online,1365,,
SUB-170,CUST-10170,Unlimited Data Max,Prepaid,2024-01-27,Churned,Referral,1083,2025-10-19,Involuntary
SUB-171,CUST-10171,Prepaid Saver 30D,Prepaid,2022-02-06,Active,Retail,383,,
SUB-172,CUST-10172,Prepaid Saver 30D,Prepaid,2021-07-11,Active,Referral,910,,
SUB-173,CUST-10173,Family Bundle,Postpaid,2023-01-02,Active,Retail,433,,
SUB-174,CUST-10174,Unlimited Data Max,Prepaid,2022-07-06,Churned,Retail,726,2026-02-20,Voluntary
SUB-175,CUST-10175,Prepaid Saver 30D,Prepaid,2021-08-10,Active,Retail,734,,
SUB-176,CUST-10176,Prepaid Saver 30D,Prepaid,2025-01-21,Churned,Referral,737,2026-04-25,Voluntary
SUB-177,CUST-10177,Unlimited Data Max,Prepaid,2022-06-06,Active,Online,822,,
SUB-178,CUST-10178,Prepaid Saver 30D,Prepaid,2022-02-06,Active,Agent,790,,
SUB-179,CUST-10179,Prepaid Saver 30D,Prepaid,2021-08-10,Active,Agent,937,,
SUB-180,CUST-10180,Prepaid Saver 30D,Prepaid,2022-11-03,Active,Retail,997,,
SUB-181,CUST-10181,Unlimited Data Max,Prepaid,2025-06-20,Active,Online,751,,
SUB-182,CUST-10182,Unlimited Data Max,Prepaid,2026-02-15,Active,Online,654,,
SUB-183,CUST-10183,Prepaid Saver 30D,Prepaid,2022-11-03,Active,Referral,903,,
SUB-184,CUST-10184,Student Special 4G,Prepaid,2024-10-23,Active,Online,831,,
SUB-185,CUST-10185,Student Special 4G,Prepaid,2024-03-27,Active,Retail,846,,
SUB-186,CUST-10186,Unlimited Data Max,Prepaid,2023-09-29,Active,Retail,678,,
SUB-187,CUST-10187,Postpaid Corporate,Postpaid,2022-01-07,Active,Agent,594,,
SUB-188,CUST-10188,Family Bundle,Postpaid,2024-04-26,Active,Referral,370,,
SUB-189,CUST-10189,Unlimited Data Max,Prepaid,2023-01-02,Active,Referral,975,,
SUB-190,CUST-10190,Unlimited Data Max,Prepaid,2023-07-01,Active,Online,1357,,
SUB-191,CUST-10191,Unlimited Data Max,Prepaid,2026-02-15,Churned,Online,1124,2026-02-22,Voluntary
SUB-192,CUST-10192,Unlimited Data Max,Prepaid,2022-05-07,Active,Referral,683,,
SUB-193,CUST-10193,Student Special 4G,Prepaid,2023-05-02,Active,Referral,840,,
SUB-194,CUST-10194,Student Special 4G,Prepaid,2025-02-20,Active,Retail,1491,,
SUB-195,CUST-10195,Prepaid Saver 30D,Prepaid,2022-02-06,Active,Online,378,,
SUB-196,CUST-10196,Prepaid Saver 30D,Prepaid,2025-10-18,Active,Online,1090,,
SUB-197,CUST-10197,Student Special 4G,Prepaid,2024-11-22,Active,Online,761,,
SUB-198,CUST-10198,Unlimited Data Max,Prepaid,2025-01-21,Active,Retail,719,,
SUB-199,CUST-10199,Unlimited Data Max,Prepaid,2022-08-05,Active,Retail,814,,
SUB-200,CUST-10200,Unlimited Data Max,Prepaid,2020-08-15,Active,Online,1353,,
SUB-201,CUST-10201,Student Special 4G,Prepaid,2021-07-11,Active,Online,1325,,
SUB-202,CUST-10202,Postpaid Corporate,Postpaid,2025-08-19,Active,Referral,709,,
SUB-203,CUST-10203,Postpaid Corporate,Postpaid,2026-01-16,Active,Referral,400,,
SUB-204,CUST-10204,Postpaid Corporate,Postpaid,2021-10-09,Active,Agent,749,,
SUB-205,CUST-10205,Unlimited Data Max,Prepaid,2023-01-02,Active,Referral,1031,,
SUB-206,CUST-10206,Prepaid Saver 30D,Prepaid,2024-04-26,Active,Retail,840,,
SUB-207,CUST-10207,Student Special 4G,Prepaid,2021-03-13,Active,Referral,924,,
SUB-208,CUST-10208,Family Bundle,Postpaid,2025-05-21,Active,Referral,1447,,
SUB-209,CUST-10209,Prepaid Saver 30D,Prepaid,2025-09-18,Churned,Retail,1326,2026-02-07,Voluntary
SUB-210,CUST-10210,Unlimited Data Max,Prepaid,2023-07-01,Active,Agent,939,,
SUB-211,CUST-10211,Family Bundle,Postpaid,2024-10-23,Churned,Agent,322,2025-03-13,Voluntary
SUB-212,CUST-10212,Prepaid Saver 30D,Prepaid,2025-01-21,Active,Retail,1188,,
SUB-213,CUST-10213,Prepaid Saver 30D,Prepaid,2022-10-04,Active,Retail,1181,,
SUB-214,CUST-10214,Unlimited Data Max,Prepaid,2024-08-24,Active,Referral,335,,
SUB-215,CUST-10215,Unlimited Data Max,Prepaid,2023-01-02,Active,Referral,486,,
SUB-216,CUST-10216,Postpaid Corporate,Postpaid,2023-02-01,Active,Referral,411,,
SUB-217,CUST-10217,Postpaid Corporate,Postpaid,2021-10-09,Active,Online,499,,
SUB-218,CUST-10218,Unlimited Data Max,Prepaid,2020-09-14,Active,Online,944,,
SUB-219,CUST-10219,Unlimited Data Max,Prepaid,2022-10-04,Active,Agent,1225,,
SUB-220,CUST-10220,Prepaid Saver 30D,Prepaid,2024-09-23,Active,Online,1446,,
SUB-221,CUST-10221,Prepaid Saver 30D,Prepaid,2023-02-01,Active,Agent,414,,
SUB-222,CUST-10222,Prepaid Saver 30D,Prepaid,2023-07-31,Active,Online,1284,,
SUB-223,CUST-10223,Unlimited Data Max,Prepaid,2023-09-29,Active,Agent,545,,
SUB-224,CUST-10224,Student Special 4G,Prepaid,2024-05-26,Active,Online,814,,
SUB-225,CUST-10225,Family Bundle,Postpaid,2025-12-17,Active,Online,1178,,
SUB-226,CUST-10226,Prepaid Saver 30D,Prepaid,2024-12-22,Active,Retail,1194,,
SUB-227,CUST-10227,Postpaid Corporate,Postpaid,2023-01-02,Active,Retail,836,,
SUB-228,CUST-10228,Student Special 4G,Prepaid,2025-12-17,Active,Retail,736,,
SUB-229,CUST-10229,Unlimited Data Max,Prepaid,2025-06-20,Active,Agent,405,,
SUB-230,CUST-10230,Family Bundle,Postpaid,2023-02-01,Active,Retail,597,,
SUB-231,CUST-10231,Prepaid Saver 30D,Prepaid,2020-08-15,Active,Referral,314,,
SUB-232,CUST-10232,Prepaid Saver 30D,Prepaid,2025-06-20,Active,Retail,1382,,
SUB-233,CUST-10233,Prepaid Saver 30D,Prepaid,2025-12-17,Active,Online,332,,
SUB-234,CUST-10234,Unlimited Data Max,Prepaid,2024-05-26,Active,Online,677,,
SUB-235,CUST-10235,Student Special 4G,Prepaid,2025-12-17,Active,Agent,1167,,
SUB-236,CUST-10236,Postpaid Corporate,Postpaid,2021-03-13,Active,Agent,376,,
SUB-237,CUST-10237,Unlimited Data Max,Prepaid,2021-11-08,Active,Agent,463,,
SUB-238,CUST-10238,Prepaid Saver 30D,Prepaid,2025-09-18,Active,Agent,1113,,
SUB-239,CUST-10239,Family Bundle,Postpaid,2025-10-18,Churned,Referral,699,2025-11-04,Voluntary
SUB-240,CUST-10240,Student Special 4G,Prepaid,2023-04-02,Active,Agent,1117,,
SUB-241,CUST-10241,Postpaid Corporate,Postpaid,2024-01-27,Active,Agent,1171,,
SUB-242,CUST-10242,Unlimited Data Max,Prepaid,2022-05-07,Active,Online,365,,
SUB-243,CUST-10243,Prepaid Saver 30D,Prepaid,2021-01-12,Churned,Agent,1362,2026-01-27,Voluntary
SUB-244,CUST-10244,Unlimited Data Max,Prepaid,2024-06-25,Active,Online,1195,,
SUB-245,CUST-10245,Student Special 4G,Prepaid,2021-11-08,Active,Retail,1441,,
SUB-246,CUST-10246,Student Special 4G,Prepaid,2024-06-25,Active,Referral,962,,
SUB-247,CUST-10247,Family Bundle,Postpaid,2025-01-21,Active,Retail,1269,,
SUB-248,CUST-10248,Unlimited Data Max,Prepaid,2020-10-14,Churned,Online,1352,2026-04-09,Voluntary
SUB-249,CUST-10249,Family Bundle,Postpaid,2024-12-22,Active,Referral,785,,
SUB-250,CUST-10250,Family Bundle,Postpaid,2025-07-20,Active,Referral,424,,
SUB-251,CUST-10251,Postpaid Corporate,Postpaid,2022-12-03,Active,Online,1198,,
SUB-252,CUST-10252,Student Special 4G,Prepaid,2022-12-03,Active,Referral,790,,
SUB-253,CUST-10253,Prepaid Saver 30D,Prepaid,2023-07-31,Churned,Retail,1003,2025-08-04,Voluntary
SUB-254,CUST-10254,Prepaid Saver 30D,Prepaid,2025-11-17,Active,Referral,510,,
SUB-255,CUST-10255,Unlimited Data Max,Prepaid,2025-09-18,Active,Retail,714,,
SUB-256,CUST-10256,Unlimited Data Max,Prepaid,2022-01-07,Active,Agent,860,,
SUB-257,CUST-10257,Unlimited Data Max,Prepaid,2025-06-20,Active,Agent,1494,,
SUB-258,CUST-10258,Postpaid Corporate,Postpaid,2024-10-23,Active,Agent,1265,,
SUB-259,CUST-10259,Prepaid Saver 30D,Prepaid,2021-09-09,Active,Referral,965,,
SUB-260,CUST-10260,Unlimited Data Max,Prepaid,2024-05-26,Active,Referral,677,,
SUB-261,CUST-10261,Unlimited Data Max,Prepaid,2024-05-26,Active,Referral,1087,,
SUB-262,CUST-10262,Postpaid Corporate,Postpaid,2021-01-12,Active,Retail,1215,,
SUB-263,CUST-10263,Family Bundle,Postpaid,2021-10-09,Active,Referral,570,,
SUB-264,CUST-10264,Prepaid Saver 30D,Prepaid,2022-04-07,Active,Online,1092,,
SUB-265,CUST-10265,Student Special 4G,Prepaid,2025-04-21,Active,Agent,981,,
SUB-266,CUST-10266,Family Bundle,Postpaid,2024-09-23,Churned,Agent,1014,2026-05-28,Voluntary
SUB-267,CUST-10267,Postpaid Corporate,Postpaid,2022-12-03,Active,Online,356,,
SUB-268,CUST-10268,Postpaid Corporate,Postpaid,2021-07-11,Active,Referral,773,,
SUB-269,CUST-10269,Postpaid Corporate,Postpaid,2023-07-01,Active,Agent,316,,
SUB-270,CUST-10270,Family Bundle,Postpaid,2022-02-06,Active,Retail,604,,
SUB-271,CUST-10271,Prepaid Saver 30D,Prepaid,2024-06-25,Active,Referral,1343,,
SUB-272,CUST-10272,Student Special 4G,Prepaid,2024-04-26,Active,Referral,987,,
SUB-273,CUST-10273,Prepaid Saver 30D,Prepaid,2022-11-03,Active,Referral,608,,
SUB-274,CUST-10274,Unlimited Data Max,Prepaid,2023-02-01,Churned,Referral,396,2026-01-02,Voluntary
SUB-275,CUST-10275,Postpaid Corporate,Postpaid,2025-09-18,Active,Agent,1259,,
SUB-276,CUST-10276,Student Special 4G,Prepaid,2024-02-26,Active,Referral,1185,,
SUB-277,CUST-10277,Student Special 4G,Prepaid,2021-06-11,Active,Retail,506,,
SUB-278,CUST-10278,Family Bundle,Postpaid,2023-05-02,Churned,Referral,512,2025-03-30,Voluntary
SUB-279,CUST-10279,Postpaid Corporate,Postpaid,2022-02-06,Active,Retail,368,,
SUB-280,CUST-10280,Prepaid Saver 30D,Prepaid,2021-08-10,Active,Retail,1381,,
SUB-281,CUST-10281,Family Bundle,Postpaid,2024-09-23,Active,Online,1226,,
SUB-282,CUST-10282,Unlimited Data Max,Prepaid,2025-01-21,Churned,Retail,1296,2025-09-27,Involuntary
SUB-283,CUST-10283,Unlimited Data Max,Prepaid,2023-01-02,Active,Online,1124,,
SUB-284,CUST-10284,Prepaid Saver 30D,Prepaid,2023-07-31,Active,Retail,563,,
SUB-285,CUST-10285,Prepaid Saver 30D,Prepaid,2021-02-11,Active,Online,1002,,
SUB-286,CUST-10286,Postpaid Corporate,Postpaid,2025-05-21,Active,Agent,327,,
SUB-287,CUST-10287,Student Special 4G,Prepaid,2023-12-28,Active,Online,1449,,
SUB-288,CUST-10288,Unlimited Data Max,Prepaid,2026-02-15,Active,Referral,354,,
SUB-289,CUST-10289,Student Special 4G,Prepaid,2024-04-26,Active,Referral,537,,
SUB-290,CUST-10290,Postpaid Corporate,Postpaid,2023-01-02,Active,Agent,707,,
SUB-291,CUST-10291,Family Bundle,Postpaid,2021-10-09,Active,Referral,744,,
SUB-292,CUST-10292,Prepaid Saver 30D,Prepaid,2021-07-11,Churned,Agent,1023,2026-04-23,Voluntary
SUB-293,CUST-10293,Postpaid Corporate,Postpaid,2026-05-16,Active,Agent,1497,,
SUB-294,CUST-10294,Student Special 4G,Prepaid,2021-05-12,Active,Referral,708,,
SUB-295,CUST-10295,Prepaid Saver 30D,Prepaid,2022-06-06,Active,Agent,376,,
SUB-296,CUST-10296,Unlimited Data Max,Prepaid,2025-03-22,Active,Agent,1343,,
SUB-297,CUST-10297,Unlimited Data Max,Prepaid,2025-02-20,Active,Online,602,,
SUB-298,CUST-10298,Unlimited Data Max,Prepaid,2021-11-08,Active,Retail,1013,,
SUB-299,CUST-10299,Prepaid Saver 30D,Prepaid,2022-05-07,Active,Referral,1343,,
SUB-300,CUST-10300,Postpaid Corporate,Postpaid,2025-03-22,Active,Agent,722,,
SUB-301,CUST-10301,Prepaid Saver 30D,Prepaid,2023-10-29,Active,Agent,748,,
SUB-302,CUST-10302,Postpaid Corporate,Postpaid,2021-06-11,Churned,Agent,968,2025-05-11,Voluntary
SUB-303,CUST-10303,Unlimited Data Max,Prepaid,2026-04-16,Churned,Online,572,2026-04-17,Voluntary
SUB-304,CUST-10304,Unlimited Data Max,Prepaid,2023-06-01,Active,Agent,419,,
SUB-305,CUST-10305,Student Special 4G,Prepaid,2021-04-12,Active,Retail,1307,,
SUB-306,CUST-10306,Student Special 4G,Prepaid,2026-05-16,Active,Referral,1104,,
SUB-307,CUST-10307,Postpaid Corporate,Postpaid,2023-04-02,Active,Agent,883,,
SUB-308,CUST-10308,Postpaid Corporate,Postpaid,2023-03-03,Active,Online,663,,
SUB-309,CUST-10309,Family Bundle,Postpaid,2024-07-25,Active,Retail,633,,
SUB-310,CUST-10310,Family Bundle,Postpaid,2023-04-02,Active,Retail,333,,
SUB-311,CUST-10311,Postpaid Corporate,Postpaid,2022-05-07,Active,Agent,1049,,
SUB-312,CUST-10312,Prepaid Saver 30D,Prepaid,2024-09-23,Active,Referral,1061,,
SUB-313,CUST-10313,Unlimited Data Max,Prepaid,2023-07-01,Active,Agent,1028,,
SUB-314,CUST-10314,Postpaid Corporate,Postpaid,2023-04-02,Active,Agent,1044,,
SUB-315,CUST-10315,Prepaid Saver 30D,Prepaid,2026-03-17,Churned,Online,600,2026-05-26,Voluntary
SUB-316,CUST-10316,Unlimited Data Max,Prepaid,2025-02-20,Active,Retail,827,,
SUB-317,CUST-10317,Unlimited Data Max,Prepaid,2022-08-05,Churned,Retail,733,2025-01-15,Voluntary
SUB-318,CUST-10318,Family Bundle,Postpaid,2023-07-31,Active,Referral,866,,
SUB-319,CUST-10319,Unlimited Data Max,Prepaid,2020-10-14,Active,Referral,1386,,
SUB-320,CUST-10320,Student Special 4G,Prepaid,2021-06-11,Churned,Online,1088,2025-02-05,Involuntary
SUB-321,CUST-10321,Family Bundle,Postpaid,2025-02-20,Active,Referral,1298,,
SUB-322,CUST-10322,Postpaid Corporate,Postpaid,2020-08-15,Active,Agent,1054,,
SUB-323,CUST-10323,Unlimited Data Max,Prepaid,2021-05-12,Active,Referral,754,,
SUB-324,CUST-10324,Student Special 4G,Prepaid,2023-12-28,Active,Referral,1114,,
SUB-325,CUST-10325,Postpaid Corporate,Postpaid,2022-10-04,Active,Retail,613,,
SUB-326,CUST-10326,Prepaid Saver 30D,Prepaid,2024-10-23,Active,Retail,842,,
SUB-327,CUST-10327,Postpaid Corporate,Postpaid,2025-12-17,Active,Agent,1109,,
SUB-328,CUST-10328,Unlimited Data Max,Prepaid,2025-01-21,Active,Retail,1374,,
SUB-329,CUST-10329,Postpaid Corporate,Postpaid,2022-03-08,Active,Retail,1196,,
SUB-330,CUST-10330,Family Bundle,Postpaid,2023-02-01,Active,Agent,459,,
SUB-331,CUST-10331,Prepaid Saver 30D,Prepaid,2023-10-29,Churned,Retail,577,2025-06-18,Voluntary
SUB-332,CUST-10332,Family Bundle,Postpaid,2023-07-31,Active,Referral,1238,,
SUB-333,CUST-10333,Prepaid Saver 30D,Prepaid,2021-10-09,Active,Agent,1001,,
SUB-334,CUST-10334,Student Special 4G,Prepaid,2022-05-07,Active,Agent,494,,
SUB-335,CUST-10335,Student Special 4G,Prepaid,2022-09-04,Active,Online,1243,,
SUB-336,CUST-10336,Unlimited Data Max,Prepaid,2023-07-01,Active,Agent,538,,
SUB-337,CUST-10337,Family Bundle,Postpaid,2026-05-16,Active,Referral,832,,
SUB-338,CUST-10338,Family Bundle,Postpaid,2024-06-25,Active,Retail,566,,
SUB-339,CUST-10339,Prepaid Saver 30D,Prepaid,2025-09-18,Active,Agent,612,,
SUB-340,CUST-10340,Student Special 4G,Prepaid,2021-12-08,Active,Referral,962,,
SUB-341,CUST-10341,Unlimited Data Max,Prepaid,2024-04-26,Active,Retail,760,,
SUB-342,CUST-10342,Unlimited Data Max,Prepaid,2024-12-22,Active,Agent,985,,
SUB-343,CUST-10343,Unlimited Data Max,Prepaid,2023-07-31,Active,Online,944,,
SUB-344,CUST-10344,Prepaid Saver 30D,Prepaid,2023-07-31,Active,Retail,873,,
SUB-345,CUST-10345,Unlimited Data Max,Prepaid,2020-12-13,Active,Referral,523,,
SUB-346,CUST-10346,Unlimited Data Max,Prepaid,2025-05-21,Active,Online,355,,
SUB-347,CUST-10347,Family Bundle,Postpaid,2021-08-10,Active,Online,1060,,
SUB-348,CUST-10348,Prepaid Saver 30D,Prepaid,2025-02-20,Churned,Retail,1040,2025-02-27,Voluntary
SUB-349,CUST-10349,Student Special 4G,Prepaid,2021-10-09,Active,Referral,675,,
SUB-350,CUST-10350,Unlimited Data Max,Prepaid,2023-04-02,Active,Agent,585,,
SUB-351,CUST-10351,Unlimited Data Max,Prepaid,2023-04-02,Churned,Agent,544,2025-12-31,Voluntary
SUB-352,CUST-10352,Student Special 4G,Prepaid,2022-04-07,Active,Referral,907,,
SUB-353,CUST-10353,Prepaid Saver 30D,Prepaid,2025-11-17,Active,Retail,1178,,
SUB-354,CUST-10354,Prepaid Saver 30D,Prepaid,2021-10-09,Active,Retail,696,,
SUB-355,CUST-10355,Family Bundle,Postpaid,2022-02-06,Active,Online,1442,,
SUB-356,CUST-10356,Prepaid Saver 30D,Prepaid,2025-03-22,Churned,Agent,492,2026-01-21,Voluntary
SUB-357,CUST-10357,Prepaid Saver 30D,Prepaid,2025-11-17,Active,Agent,1321,,
SUB-358,CUST-10358,Postpaid Corporate,Postpaid,2022-03-08,Active,Agent,718,,
SUB-359,CUST-10359,Unlimited Data Max,Prepaid,2025-11-17,Active,Retail,1006,,
SUB-360,CUST-10360,Postpaid Corporate,Postpaid,2023-01-02,Active,Online,1136,,
SUB-361,CUST-10361,Prepaid Saver 30D,Prepaid,2024-11-22,Churned,Agent,1225,2025-08-03,Voluntary
SUB-362,CUST-10362,Unlimited Data Max,Prepaid,2022-04-07,Active,Agent,1163,,
SUB-363,CUST-10363,Prepaid Saver 30D,Prepaid,2021-01-12,Active,Referral,1322,,
SUB-364,CUST-10364,Prepaid Saver 30D,Prepaid,2021-07-11,Active,Retail,1042,,
SUB-365,CUST-10365,Postpaid Corporate,Postpaid,2022-01-07,Active,Referral,896,,
SUB-366,CUST-10366,Family Bundle,Postpaid,2022-09-04,Active,Online,606,,
SUB-367,CUST-10367,Student Special 4G,Prepaid,2025-12-17,Active,Agent,1387,,
SUB-368,CUST-10368,Prepaid Saver 30D,Prepaid,2020-11-13,Active,Retail,425,,
SUB-369,CUST-10369,Family Bundle,Postpaid,2021-01-12,Active,Online,817,,
SUB-370,CUST-10370,Student Special 4G,Prepaid,2026-01-16,Active,Online,497,,
SUB-371,CUST-10371,Unlimited Data Max,Prepaid,2021-11-08,Active,Agent,902,,
SUB-372,CUST-10372,Unlimited Data Max,Prepaid,2025-10-18,Active,Referral,502,,
SUB-373,CUST-10373,Unlimited Data Max,Prepaid,2022-12-03,Active,Referral,1224,,
SUB-374,CUST-10374,Unlimited Data Max,Prepaid,2024-12-22,Active,Retail,824,,
SUB-375,CUST-10375,Prepaid Saver 30D,Prepaid,2025-08-19,Active,Agent,563,,
SUB-376,CUST-10376,Prepaid Saver 30D,Prepaid,2025-01-21,Active,Agent,921,,
SUB-377,CUST-10377,Family Bundle,Postpaid,2024-07-25,Active,Referral,376,,
SUB-378,CUST-10378,Prepaid Saver 30D,Prepaid,2024-05-26,Active,Referral,397,,
SUB-379,CUST-10379,Unlimited Data Max,Prepaid,2024-08-24,Active,Retail,545,,
SUB-380,CUST-10380,Family Bundle,Postpaid,2023-09-29,Active,Retail,912,,
SUB-381,CUST-10381,Prepaid Saver 30D,Prepaid,2022-09-04,Active,Retail,611,,
SUB-382,CUST-10382,Unlimited Data Max,Prepaid,2023-09-29,Active,Referral,741,,
SUB-383,CUST-10383,Unlimited Data Max,Prepaid,2023-01-02,Active,Referral,1327,,
SUB-384,CUST-10384,Postpaid Corporate,Postpaid,2024-02-26,Active,Agent,426,,
SUB-385,CUST-10385,Prepaid Saver 30D,Prepaid,2024-10-23,Active,Online,358,,
SUB-386,CUST-10386,Postpaid Corporate,Postpaid,2025-07-20,Churned,Online,490,2025-11-21,Involuntary
SUB-387,CUST-10387,Student Special 4G,Prepaid,2024-07-25,Active,Retail,1387,,
SUB-388,CUST-10388,Postpaid Corporate,Postpaid,2025-04-21,Active,Retail,1481,,
SUB-389,CUST-10389,Student Special 4G,Prepaid,2023-06-01,Churned,Agent,1157,2025-11-22,Voluntary
SUB-390,CUST-10390,Postpaid Corporate,Postpaid,2022-08-05,Active,Referral,1265,,
SUB-391,CUST-10391,Postpaid Corporate,Postpaid,2021-06-11,Churned,Retail,313,2025-04-06,Voluntary
SUB-392,CUST-10392,Unlimited Data Max,Prepaid,2024-09-23,Active,Referral,1049,,
SUB-393,CUST-10393,Prepaid Saver 30D,Prepaid,2025-09-18,Active,Agent,983,,
SUB-394,CUST-10394,Prepaid Saver 30D,Prepaid,2021-09-09,Active,Online,1057,,
SUB-395,CUST-10395,Prepaid Saver 30D,Prepaid,2022-03-08,Active,Referral,1217,,
SUB-396,CUST-10396,Prepaid Saver 30D,Prepaid,2024-07-25,Active,Retail,497,,
SUB-397,CUST-10397,Postpaid Corporate,Postpaid,2020-08-15,Churned,Online,1020,2025-03-12,Involuntary
SUB-398,CUST-10398,Prepaid Saver 30D,Prepaid,2022-09-04,Active,Retail,718,,
SUB-399,CUST-10399,Prepaid Saver 30D,Prepaid,2022-01-07,Active,Online,886,,
SUB-400,CUST-10400,Prepaid Saver 30D,Prepaid,2024-05-26,Active,Online,1081,,
SUB-401,CUST-10401,Family Bundle,Postpaid,2023-10-29,Active,Online,366,,
SUB-402,CUST-10402,Prepaid Saver 30D,Prepaid,2024-05-26,Active,Online,321,,
SUB-403,CUST-10403,Postpaid Corporate,Postpaid,2022-03-08,Active,Agent,1468,,
SUB-404,CUST-10404,Postpaid Corporate,Postpaid,2021-09-09,Active,Referral,1100,,
SUB-405,CUST-10405,Prepaid Saver 30D,Prepaid,2021-05-12,Churned,Retail,532,2025-09-13,Voluntary
SUB-406,CUST-10406,Student Special 4G,Prepaid,2024-06-25,Active,Retail,1280,,
SUB-407,CUST-10407,Family Bundle,Postpaid,2021-12-08,Active,Referral,420,,
SUB-408,CUST-10408,Student Special 4G,Prepaid,2022-06-06,Active,Retail,991,,
SUB-409,CUST-10409,Family Bundle,Postpaid,2026-05-16,Active,Referral,1169,,
SUB-410,CUST-10410,Prepaid Saver 30D,Prepaid,2021-10-09,Active,Agent,781,,
SUB-411,CUST-10411,Family Bundle,Postpaid,2025-08-19,Active,Referral,783,,
SUB-412,CUST-10412,Student Special 4G,Prepaid,2025-08-19,Active,Retail,392,,
SUB-413,CUST-10413,Student Special 4G,Prepaid,2025-10-18,Churned,Retail,1333,2026-04-28,Voluntary
SUB-414,CUST-10414,Student Special 4G,Prepaid,2023-04-02,Active,Agent,963,,
SUB-415,CUST-10415,Postpaid Corporate,Postpaid,2026-03-17,Active,Retail,559,,
SUB-416,CUST-10416,Prepaid Saver 30D,Prepaid,2023-07-01,Active,Referral,691,,
SUB-417,CUST-10417,Prepaid Saver 30D,Prepaid,2022-04-07,Active,Online,763,,
SUB-418,CUST-10418,Prepaid Saver 30D,Prepaid,2023-04-02,Active,Referral,862,,
SUB-419,CUST-10419,Postpaid Corporate,Postpaid,2024-11-22,Active,Agent,1449,,
SUB-420,CUST-10420,Prepaid Saver 30D,Prepaid,2024-06-25,Active,Agent,1082,,
SUB-421,CUST-10421,Postpaid Corporate,Postpaid,2022-03-08,Active,Agent,418,,
SUB-422,CUST-10422,Prepaid Saver 30D,Prepaid,2024-05-26,Active,Online,916,,
SUB-423,CUST-10423,Prepaid Saver 30D,Prepaid,2022-07-06,Active,Agent,690,,
SUB-424,CUST-10424,Unlimited Data Max,Prepaid,2022-06-06,Churned,Retail,876,2025-10-21,Voluntary
SUB-425,CUST-10425,Prepaid Saver 30D,Prepaid,2023-05-02,Active,Retail,600,,
SUB-426,CUST-10426,Postpaid Corporate,Postpaid,2024-03-27,Churned,Agent,662,2025-04-09,Voluntary
SUB-427,CUST-10427,Prepaid Saver 30D,Prepaid,2026-01-16,Churned,Referral,877,2026-04-04,Involuntary
SUB-428,CUST-10428,Unlimited Data Max,Prepaid,2022-02-06,Active,Retail,564,,
SUB-429,CUST-10429,Prepaid Saver 30D,Prepaid,2024-08-24,Active,Retail,1079,,
SUB-430,CUST-10430,Prepaid Saver 30D,Prepaid,2023-09-29,Churned,Online,514,2025-11-19,Voluntary
SUB-431,CUST-10431,Unlimited Data Max,Prepaid,2026-04-16,Active,Agent,1467,,
SUB-432,CUST-10432,Prepaid Saver 30D,Prepaid,2022-02-06,Active,Retail,1370,,
SUB-433,CUST-10433,Postpaid Corporate,Postpaid,2021-02-11,Active,Referral,1160,,
SUB-434,CUST-10434,Postpaid Corporate,Postpaid,2021-04-12,Active,Retail,1430,,
SUB-435,CUST-10435,Family Bundle,Postpaid,2024-08-24,Churned,Retail,1038,2026-04-18,Voluntary
SUB-436,CUST-10436,Unlimited Data Max,Prepaid,2025-11-17,Active,Referral,576,,
SUB-437,CUST-10437,Prepaid Saver 30D,Prepaid,2025-11-17,Active,Referral,1495,,
SUB-438,CUST-10438,Unlimited Data Max,Prepaid,2024-03-27,Active,Referral,1217,,
SUB-439,CUST-10439,Postpaid Corporate,Postpaid,2026-05-16,Active,Referral,805,,
SUB-440,CUST-10440,Unlimited Data Max,Prepaid,2025-05-21,Active,Online,1188,,
SUB-441,CUST-10441,Unlimited Data Max,Prepaid,2022-11-03,Active,Referral,1381,,
SUB-442,CUST-10442,Prepaid Saver 30D,Prepaid,2026-03-17,Active,Online,1228,,
SUB-443,CUST-10443,Prepaid Saver 30D,Prepaid,2022-10-04,Churned,Referral,440,2025-11-12,Voluntary
SUB-444,CUST-10444,Prepaid Saver 30D,Prepaid,2021-05-12,Active,Referral,472,,
SUB-445,CUST-10445,Postpaid Corporate,Postpaid,2020-08-15,Active,Online,732,,
SUB-446,CUST-10446,Student Special 4G,Prepaid,2020-10-14,Active,Retail,913,,
SUB-447,CUST-10447,Prepaid Saver 30D,Prepaid,2024-09-23,Active,Online,1321,,
SUB-448,CUST-10448,Prepaid Saver 30D,Prepaid,2022-09-04,Active,Referral,1273,,
SUB-449,CUST-10449,Prepaid Saver 30D,Prepaid,2026-02-15,Active,Referral,1216,,
SUB-450,CUST-10450,Unlimited Data Max,Prepaid,2025-01-21,Active,Online,1417,,
SUB-451,CUST-10451,Unlimited Data Max,Prepaid,2021-11-08,Active,Online,882,,
SUB-452,CUST-10452,Prepaid Saver 30D,Prepaid,2025-03-22,Active,Retail,606,,
SUB-453,CUST-10453,Unlimited Data Max,Prepaid,2024-08-24,Active,Retail,1043,,
SUB-454,CUST-10454,Unlimited Data Max,Prepaid,2023-12-28,Active,Online,901,,
SUB-455,CUST-10455,Postpaid Corporate,Postpaid,2024-06-25,Active,Referral,1331,,
SUB-456,CUST-10456,Student Special 4G,Prepaid,2022-02-06,Churned,Online,1004,2025-09-09,Involuntary
SUB-457,CUST-10457,Unlimited Data Max,Prepaid,2021-02-11,Active,Referral,536,,
SUB-458,CUST-10458,Prepaid Saver 30D,Prepaid,2023-04-02,Active,Referral,673,,
SUB-459,CUST-10459,Family Bundle,Postpaid,2023-02-01,Active,Referral,1174,,
SUB-460,CUST-10460,Prepaid Saver 30D,Prepaid,2022-03-08,Active,Online,327,,
SUB-461,CUST-10461,Postpaid Corporate,Postpaid,2024-01-27,Active,Agent,987,,
SUB-462,CUST-10462,Unlimited Data Max,Prepaid,2023-09-29,Active,Retail,1076,,
SUB-463,CUST-10463,Family Bundle,Postpaid,2020-11-13,Churned,Retail,638,2025-03-26,Involuntary
SUB-464,CUST-10464,Unlimited Data Max,Prepaid,2024-02-26,Active,Retail,470,,
SUB-465,CUST-10465,Prepaid Saver 30D,Prepaid,2024-11-22,Active,Online,1080,,
SUB-466,CUST-10466,Family Bundle,Postpaid,2026-04-16,Active,Online,817,,
SUB-467,CUST-10467,Postpaid Corporate,Postpaid,2026-04-16,Active,Referral,423,,
SUB-468,CUST-10468,Unlimited Data Max,Prepaid,2021-12-08,Active,Referral,303,,
SUB-469,CUST-10469,Student Special 4G,Prepaid,2025-01-21,Active,Agent,669,,
SUB-470,CUST-10470,Student Special 4G,Prepaid,2022-02-06,Active,Referral,1213,,
SUB-471,CUST-10471,Prepaid Saver 30D,Prepaid,2026-02-15,Active,Agent,1187,,
SUB-472,CUST-10472,Unlimited Data Max,Prepaid,2021-10-09,Active,Online,1298,,
SUB-473,CUST-10473,Prepaid Saver 30D,Prepaid,2024-01-27,Active,Agent,1494,,
SUB-474,CUST-10474,Family Bundle,Postpaid,2021-09-09,Active,Retail,1209,,
SUB-475,CUST-10475,Unlimited Data Max,Prepaid,2021-07-11,Active,Retail,981,,
SUB-476,CUST-10476,Prepaid Saver 30D,Prepaid,2023-02-01,Active,Retail,349,,
SUB-477,CUST-10477,Unlimited Data Max,Prepaid,2020-09-14,Active,Referral,1235,,
SUB-478,CUST-10478,Unlimited Data Max,Prepaid,2020-11-13,Active,Referral,766,,
SUB-479,CUST-10479,Prepaid Saver 30D,Prepaid,2022-05-07,Active,Online,1190,,
SUB-480,CUST-10480,Prepaid Saver 30D,Prepaid,2023-07-31,Active,Agent,1499,,
SUB-481,CUST-10481,Unlimited Data Max,Prepaid,2021-01-12,Active,Referral,1189,,
SUB-482,CUST-10482,Unlimited Data Max,Prepaid,2020-10-14,Active,Agent,784,,
SUB-483,CUST-10483,Unlimited Data Max,Prepaid,2023-12-28,Churned,Referral,325,2025-11-01,Involuntary
SUB-484,CUST-10484,Unlimited Data Max,Prepaid,2024-06-25,Active,Referral,317,,
SUB-485,CUST-10485,Unlimited Data Max,Prepaid,2024-08-24,Churned,Retail,389,2025-06-23,Voluntary
SUB-486,CUST-10486,Postpaid Corporate,Postpaid,2020-12-13,Active,Retail,353,,
SUB-487,CUST-10487,Unlimited Data Max,Prepaid,2025-07-20,Active,Online,1440,,
SUB-488,CUST-10488,Prepaid Saver 30D,Prepaid,2026-05-16,Churned,Online,1418,2026-05-16,Voluntary
SUB-489,CUST-10489,Prepaid Saver 30D,Prepaid,2023-07-01,Active,Referral,602,,
SUB-490,CUST-10490,Postpaid Corporate,Postpaid,2020-11-13,Active,Retail,1128,,
SUB-491,CUST-10491,Postpaid Corporate,Postpaid,2024-06-25,Active,Agent,420,,
SUB-492,CUST-10492,Family Bundle,Postpaid,2023-07-01,Active,Retail,631,,
SUB-493,CUST-10493,Prepaid Saver 30D,Prepaid,2025-10-18,Active,Referral,1467,,
SUB-494,CUST-10494,Unlimited Data Max,Prepaid,2021-08-10,Churned,Referral,612,2025-04-26,Involuntary
SUB-495,CUST-10495,Unlimited Data Max,Prepaid,2020-12-13,Active,Retail,488,,
SUB-496,CUST-10496,Unlimited Data Max,Prepaid,2022-09-04,Active,Referral,690,,
SUB-497,CUST-10497,Family Bundle,Postpaid,2025-09-18,Churned,Referral,1127,2026-02-05,Voluntary
SUB-498,CUST-10498,Prepaid Saver 30D,Prepaid,2025-11-17,Active,Retail,1426,,
SUB-499,CUST-10499,Student Special 4G,Prepaid,2022-02-06,Active,Agent,807,,
SUB-500,CUST-10500,Family Bundle,Postpaid,2025-08-19,Active,Retail,1316,,
SUB-501,CUST-10501,Student Special 4G,Prepaid,2026-01-16,Churned,Agent,1370,2026-03-28,Voluntary
SUB-502,CUST-10502,Prepaid Saver 30D,Prepaid,2021-03-13,Active,Referral,459,,
SUB-503,CUST-10503,Student Special 4G,Prepaid,2023-05-02,Churned,Retail,1188,2025-06-02,Voluntary
SUB-504,CUST-10504,Prepaid Saver 30D,Prepaid,2022-12-03,Churned,Agent,1360,2026-06-04,Involuntary
SUB-505,CUST-10505,Unlimited Data Max,Prepaid,2022-07-06,Churned,Referral,950,2026-04-25,Voluntary
SUB-506,CUST-10506,Prepaid Saver 30D,Prepaid,2024-05-26,Active,Referral,324,,
SUB-507,CUST-10507,Family Bundle,Postpaid,2025-01-21,Active,Online,1211,,
SUB-508,CUST-10508,Student Special 4G,Prepaid,2023-06-01,Active,Retail,1078,,
SUB-509,CUST-10509,Prepaid Saver 30D,Prepaid,2025-12-17,Active,Retail,629,,
SUB-510,CUST-10510,Student Special 4G,Prepaid,2024-09-23,Active,Referral,329,,
SUB-511,CUST-10511,Prepaid Saver 30D,Prepaid,2022-12-03,Active,Retail,604,,
SUB-512,CUST-10512,Postpaid Corporate,Postpaid,2020-12-13,Active,Retail,327,,
SUB-513,CUST-10513,Prepaid Saver 30D,Prepaid,2022-12-03,Active,Online,520,,
SUB-514,CUST-10514,Unlimited Data Max,Prepaid,2022-01-07,Active,Agent,312,,
SUB-515,CUST-10515,Prepaid Saver 30D,Prepaid,2024-07-25,Active,Retail,343,,
SUB-516,CUST-10516,Student Special 4G,Prepaid,2026-01-16,Active,Online,1497,,
SUB-517,CUST-10517,Family Bundle,Postpaid,2024-03-27,Churned,Online,1209,2025-01-22,Involuntary
SUB-518,CUST-10518,Prepaid Saver 30D,Prepaid,2022-05-07,Active,Online,1328,,
SUB-519,CUST-10519,Unlimited Data Max,Prepaid,2026-02-15,Churned,Agent,1128,2026-06-05,Voluntary
SUB-520,CUST-10520,Unlimited Data Max,Prepaid,2021-05-12,Active,Referral,990,,
SUB-521,CUST-10521,Student Special 4G,Prepaid,2024-08-24,Active,Agent,1399,,
SUB-522,CUST-10522,Prepaid Saver 30D,Prepaid,2022-06-06,Churned,Retail,604,2025-09-29,Voluntary
SUB-523,CUST-10523,Prepaid Saver 30D,Prepaid,2021-04-12,Active,Agent,778,,
SUB-524,CUST-10524,Unlimited Data Max,Prepaid,2022-11-03,Active,Retail,584,,
SUB-525,CUST-10525,Unlimited Data Max,Prepaid,2025-05-21,Active,Retail,714,,
SUB-526,CUST-10526,Family Bundle,Postpaid,2024-11-22,Active,Retail,772,,
SUB-527,CUST-10527,Prepaid Saver 30D,Prepaid,2023-08-30,Churned,Agent,1285,2026-04-10,Involuntary
SUB-528,CUST-10528,Unlimited Data Max,Prepaid,2020-09-14,Active,Agent,357,,
SUB-529,CUST-10529,Unlimited Data Max,Prepaid,2022-06-06,Active,Agent,808,,
SUB-530,CUST-10530,Unlimited Data Max,Prepaid,2022-11-03,Churned,Online,809,2026-03-25,Voluntary
SUB-531,CUST-10531,Unlimited Data Max,Prepaid,2021-09-09,Active,Referral,429,,
SUB-532,CUST-10532,Unlimited Data Max,Prepaid,2025-07-20,Active,Online,1003,,
SUB-533,CUST-10533,Postpaid Corporate,Postpaid,2025-12-17,Active,Agent,1101,,
SUB-534,CUST-10534,Prepaid Saver 30D,Prepaid,2023-01-02,Active,Online,720,,
SUB-535,CUST-10535,Prepaid Saver 30D,Prepaid,2022-12-03,Active,Agent,1361,,
SUB-536,CUST-10536,Prepaid Saver 30D,Prepaid,2024-11-22,Active,Agent,1262,,
SUB-537,CUST-10537,Prepaid Saver 30D,Prepaid,2022-10-04,Active,Referral,655,,
SUB-538,CUST-10538,Prepaid Saver 30D,Prepaid,2025-07-20,Churned,Retail,1492,2026-03-03,Voluntary
SUB-539,CUST-10539,Student Special 4G,Prepaid,2025-03-22,Active,Agent,944,,
SUB-540,CUST-10540,Unlimited Data Max,Prepaid,2021-03-13,Active,Referral,628,,
SUB-541,CUST-10541,Student Special 4G,Prepaid,2026-03-17,Active,Online,1228,,
SUB-542,CUST-10542,Prepaid Saver 30D,Prepaid,2023-03-03,Churned,Agent,551,2025-09-12,Voluntary
SUB-543,CUST-10543,Unlimited Data Max,Prepaid,2021-07-11,Churned,Agent,1256,2025-09-06,Involuntary
SUB-544,CUST-10544,Unlimited Data Max,Prepaid,2022-04-07,Active,Referral,503,,
SUB-545,CUST-10545,Postpaid Corporate,Postpaid,2023-10-29,Active,Online,1241,,
SUB-546,CUST-10546,Prepaid Saver 30D,Prepaid,2024-07-25,Active,Retail,535,,
SUB-547,CUST-10547,Student Special 4G,Prepaid,2026-01-16,Active,Agent,891,,
SUB-548,CUST-10548,Unlimited Data Max,Prepaid,2025-09-18,Active,Agent,1366,,
SUB-549,CUST-10549,Postpaid Corporate,Postpaid,2023-01-02,Active,Referral,408,,
SUB-550,CUST-10550,Unlimited Data Max,Prepaid,2023-05-02,Active,Agent,1298,,
SUB-551,CUST-10551,Unlimited Data Max,Prepaid,2024-03-27,Active,Retail,879,,
SUB-552,CUST-10552,Postpaid Corporate,Postpaid,2024-09-23,Active,Online,1033,,
SUB-553,CUST-10553,Unlimited Data Max,Prepaid,2025-12-17,Active,Retail,905,,
SUB-554,CUST-10554,Prepaid Saver 30D,Prepaid,2025-09-18,Churned,Referral,730,2025-12-20,Voluntary
SUB-555,CUST-10555,Prepaid Saver 30D,Prepaid,2024-09-23,Active,Retail,986,,
SUB-556,CUST-10556,Postpaid Corporate,Postpaid,2021-01-12,Active,Online,1411,,
SUB-557,CUST-10557,Postpaid Corporate,Postpaid,2024-06-25,Active,Online,1345,,
SUB-558,CUST-10558,Unlimited Data Max,Prepaid,2025-09-18,Active,Agent,1477,,
SUB-559,CUST-10559,Unlimited Data Max,Prepaid,2023-02-01,Active,Referral,1197,,
SUB-560,CUST-10560,Prepaid Saver 30D,Prepaid,2025-09-18,Active,Online,389,,
SUB-561,CUST-10561,Unlimited Data Max,Prepaid,2024-01-27,Active,Retail,493,,
SUB-562,CUST-10562,Prepaid Saver 30D,Prepaid,2022-03-08,Active,Agent,382,,
SUB-563,CUST-10563,Prepaid Saver 30D,Prepaid,2025-10-18,Active,Referral,1304,,
SUB-564,CUST-10564,Prepaid Saver 30D,Prepaid,2021-01-12,Active,Online,941,,
SUB-565,CUST-10565,Prepaid Saver 30D,Prepaid,2022-09-04,Churned,Referral,478,2026-06-08,Voluntary
SUB-566,CUST-10566,Unlimited Data Max,Prepaid,2021-02-11,Active,Agent,1111,,
SUB-567,CUST-10567,Prepaid Saver 30D,Prepaid,2022-03-08,Active,Online,494,,
SUB-568,CUST-10568,Prepaid Saver 30D,Prepaid,2020-10-14,Active,Agent,779,,
SUB-569,CUST-10569,Unlimited Data Max,Prepaid,2023-06-01,Active,Retail,497,,
SUB-570,CUST-10570,Student Special 4G,Prepaid,2026-04-16,Active,Online,650,,
SUB-571,CUST-10571,Prepaid Saver 30D,Prepaid,2026-01-16,Active,Retail,694,,
SUB-572,CUST-10572,Unlimited Data Max,Prepaid,2025-04-21,Active,Agent,1093,,
SUB-573,CUST-10573,Student Special 4G,Prepaid,2025-10-18,Active,Agent,1460,,
SUB-574,CUST-10574,Prepaid Saver 30D,Prepaid,2021-09-09,Active,Referral,1436,,
SUB-575,CUST-10575,Unlimited Data Max,Prepaid,2020-11-13,Active,Agent,1208,,
SUB-576,CUST-10576,Student Special 4G,Prepaid,2022-10-04,Churned,Referral,1299,2026-02-02,Involuntary
SUB-577,CUST-10577,Postpaid Corporate,Postpaid,2025-04-21,Active,Agent,805,,
SUB-578,CUST-10578,Family Bundle,Postpaid,2020-09-14,Active,Referral,1475,,
SUB-579,CUST-10579,Student Special 4G,Prepaid,2024-08-24,Active,Agent,751,,
SUB-580,CUST-10580,Postpaid Corporate,Postpaid,2021-04-12,Active,Agent,1428,,
SUB-581,CUST-10581,Unlimited Data Max,Prepaid,2022-06-06,Churned,Retail,1382,2026-01-24,Involuntary
SUB-582,CUST-10582,Prepaid Saver 30D,Prepaid,2023-10-29,Active,Online,427,,
SUB-583,CUST-10583,Unlimited Data Max,Prepaid,2021-10-09,Active,Retail,1158,,
SUB-584,CUST-10584,Prepaid Saver 30D,Prepaid,2022-07-06,Active,Retail,699,,
SUB-585,CUST-10585,Family Bundle,Postpaid,2021-02-11,Active,Agent,1330,,
SUB-586,CUST-10586,Unlimited Data Max,Prepaid,2022-11-03,Active,Agent,602,,
SUB-587,CUST-10587,Student Special 4G,Prepaid,2024-01-27,Active,Online,1008,,
SUB-588,CUST-10588,Prepaid Saver 30D,Prepaid,2025-11-17,Churned,Retail,1034,2026-02-22,Voluntary
SUB-589,CUST-10589,Unlimited Data Max,Prepaid,2020-08-15,Active,Agent,1490,,
SUB-590,CUST-10590,Student Special 4G,Prepaid,2021-11-08,Churned,Retail,1119,2025-10-25,Voluntary
SUB-591,CUST-10591,Prepaid Saver 30D,Prepaid,2025-10-18,Active,Agent,453,,
SUB-592,CUST-10592,Prepaid Saver 30D,Prepaid,2022-11-03,Churned,Referral,510,2025-02-09,Voluntary
SUB-593,CUST-10593,Prepaid Saver 30D,Prepaid,2021-08-10,Active,Retail,714,,
SUB-594,CUST-10594,Unlimited Data Max,Prepaid,2022-05-07,Active,Agent,1182,,
SUB-595,CUST-10595,Unlimited Data Max,Prepaid,2024-10-23,Active,Referral,381,,
SUB-596,CUST-10596,Postpaid Corporate,Postpaid,2025-08-19,Active,Agent,865,,
SUB-597,CUST-10597,Student Special 4G,Prepaid,2020-12-13,Active,Referral,1208,,
SUB-598,CUST-10598,Postpaid Corporate,Postpaid,2024-03-27,Active,Agent,920,,
SUB-599,CUST-10599,Student Special 4G,Prepaid,2021-05-12,Churned,Referral,740,2025-11-18,Voluntary
SUB-600,CUST-10600,Student Special 4G,Prepaid,2023-08-30,Active,Online,1350,,
SUB-601,CUST-10601,Unlimited Data Max,Prepaid,2021-12-08,Active,Agent,655,,
SUB-602,CUST-10602,Student Special 4G,Prepaid,2024-12-22,Active,Referral,603,,
SUB-603,CUST-10603,Student Special 4G,Prepaid,2022-12-03,Active,Agent,676,,
SUB-604,CUST-10604,Prepaid Saver 30D,Prepaid,2023-03-03,Active,Retail,363,,
SUB-605,CUST-10605,Prepaid Saver 30D,Prepaid,2025-02-20,Churned,Referral,529,2025-05-09,Voluntary
SUB-606,CUST-10606,Postpaid Corporate,Postpaid,2022-06-06,Active,Retail,1465,,
SUB-607,CUST-10607,Family Bundle,Postpaid,2023-09-29,Churned,Retail,436,2025-04-22,Voluntary
SUB-608,CUST-10608,Family Bundle,Postpaid,2022-08-05,Active,Online,950,,
SUB-609,CUST-10609,Prepaid Saver 30D,Prepaid,2026-03-17,Active,Retail,924,,
SUB-610,CUST-10610,Student Special 4G,Prepaid,2025-09-18,Active,Agent,542,,
SUB-611,CUST-10611,Prepaid Saver 30D,Prepaid,2022-04-07,Active,Online,655,,
SUB-612,CUST-10612,Student Special 4G,Prepaid,2020-08-15,Active,Referral,629,,
SUB-613,CUST-10613,Postpaid Corporate,Postpaid,2025-09-18,Churned,Retail,813,2025-10-13,Involuntary
SUB-614,CUST-10614,Family Bundle,Postpaid,2026-04-16,Active,Retail,414,,
SUB-615,CUST-10615,Family Bundle,Postpaid,2024-11-22,Active,Referral,1188,,
SUB-616,CUST-10616,Prepaid Saver 30D,Prepaid,2026-02-15,Active,Agent,450,,
SUB-617,CUST-10617,Family Bundle,Postpaid,2024-12-22,Active,Retail,871,,
SUB-618,CUST-10618,Postpaid Corporate,Postpaid,2022-05-07,Churned,Retail,323,2026-01-15,Involuntary
SUB-619,CUST-10619,Unlimited Data Max,Prepaid,2021-11-08,Active,Agent,447,,
SUB-620,CUST-10620,Unlimited Data Max,Prepaid,2022-10-04,Active,Agent,1301,,
SUB-621,CUST-10621,Postpaid Corporate,Postpaid,2024-01-27,Active,Online,823,,
SUB-622,CUST-10622,Unlimited Data Max,Prepaid,2025-07-20,Churned,Retail,868,2025-12-10,Voluntary
SUB-623,CUST-10623,Unlimited Data Max,Prepaid,2023-05-02,Active,Referral,799,,
SUB-624,CUST-10624,Prepaid Saver 30D,Prepaid,2020-10-14,Churned,Retail,745,2025-12-28,Voluntary
SUB-625,CUST-10625,Unlimited Data Max,Prepaid,2025-03-22,Active,Agent,1175,,
SUB-626,CUST-10626,Prepaid Saver 30D,Prepaid,2023-04-02,Active,Online,849,,
SUB-627,CUST-10627,Student Special 4G,Prepaid,2024-06-25,Active,Online,591,,
SUB-628,CUST-10628,Unlimited Data Max,Prepaid,2024-04-26,Active,Retail,324,,
SUB-629,CUST-10629,Postpaid Corporate,Postpaid,2023-06-01,Active,Online,376,,
SUB-630,CUST-10630,Unlimited Data Max,Prepaid,2025-05-21,Active,Online,308,,
SUB-631,CUST-10631,Student Special 4G,Prepaid,2025-04-21,Churned,Online,882,2025-06-07,Voluntary
SUB-632,CUST-10632,Prepaid Saver 30D,Prepaid,2026-03-17,Churned,Agent,1313,2026-04-03,Voluntary
SUB-633,CUST-10633,Student Special 4G,Prepaid,2022-06-06,Active,Agent,387,,
SUB-634,CUST-10634,Postpaid Corporate,Postpaid,2021-02-11,Active,Referral,569,,
SUB-635,CUST-10635,Student Special 4G,Prepaid,2023-10-29,Active,Agent,1256,,
SUB-636,CUST-10636,Prepaid Saver 30D,Prepaid,2022-10-04,Active,Referral,733,,
SUB-637,CUST-10637,Prepaid Saver 30D,Prepaid,2020-09-14,Active,Agent,1008,,
SUB-638,CUST-10638,Unlimited Data Max,Prepaid,2022-01-07,Churned,Online,795,2026-02-07,Voluntary
SUB-639,CUST-10639,Prepaid Saver 30D,Prepaid,2024-12-22,Active,Retail,1135,,
SUB-640,CUST-10640,Prepaid Saver 30D,Prepaid,2021-11-08,Active,Referral,1415,,
SUB-641,CUST-10641,Postpaid Corporate,Postpaid,2024-01-27,Churned,Agent,855,2025-11-16,Voluntary
SUB-642,CUST-10642,Unlimited Data Max,Prepaid,2020-10-14,Active,Online,1123,,
SUB-643,CUST-10643,Prepaid Saver 30D,Prepaid,2021-01-12,Active,Online,1266,,
SUB-644,CUST-10644,Prepaid Saver 30D,Prepaid,2026-03-17,Churned,Retail,488,2026-03-31,Voluntary
SUB-645,CUST-10645,Prepaid Saver 30D,Prepaid,2021-04-12,Active,Referral,1304,,
SUB-646,CUST-10646,Postpaid Corporate,Postpaid,2024-12-22,Active,Agent,1387,,
SUB-647,CUST-10647,Prepaid Saver 30D,Prepaid,2023-07-31,Active,Retail,809,,
SUB-648,CUST-10648,Prepaid Saver 30D,Prepaid,2022-01-07,Churned,Agent,949,2026-02-03,Voluntary
SUB-649,CUST-10649,Prepaid Saver 30D,Prepaid,2025-09-18,Active,Online,1095,,
SUB-650,CUST-10650,Student Special 4G,Prepaid,2026-04-16,Active,Agent,962,,
SUB-651,CUST-10651,Student Special 4G,Prepaid,2023-12-28,Active,Online,1431,,
SUB-652,CUST-10652,Prepaid Saver 30D,Prepaid,2023-01-02,Active,Retail,1286,,
SUB-653,CUST-10653,Prepaid Saver 30D,Prepaid,2023-01-02,Active,Agent,1337,,
SUB-654,CUST-10654,Postpaid Corporate,Postpaid,2020-11-13,Active,Retail,1263,,
SUB-655,CUST-10655,Student Special 4G,Prepaid,2024-11-22,Active,Referral,1096,,
SUB-656,CUST-10656,Unlimited Data Max,Prepaid,2022-04-07,Active,Retail,809,,
SUB-657,CUST-10657,Prepaid Saver 30D,Prepaid,2025-04-21,Churned,Referral,808,2026-02-09,Involuntary
SUB-658,CUST-10658,Prepaid Saver 30D,Prepaid,2023-10-29,Active,Referral,361,,
SUB-659,CUST-10659,Student Special 4G,Prepaid,2023-05-02,Active,Agent,340,,
SUB-660,CUST-10660,Unlimited Data Max,Prepaid,2023-11-28,Active,Referral,630,,
SUB-661,CUST-10661,Student Special 4G,Prepaid,2025-05-21,Active,Retail,788,,
SUB-662,CUST-10662,Postpaid Corporate,Postpaid,2025-04-21,Active,Agent,1131,,
SUB-663,CUST-10663,Student Special 4G,Prepaid,2021-04-12,Active,Online,1039,,
SUB-664,CUST-10664,Family Bundle,Postpaid,2020-11-13,Active,Retail,553,,
SUB-665,CUST-10665,Prepaid Saver 30D,Prepaid,2025-12-17,Active,Agent,935,,
SUB-666,CUST-10666,Postpaid Corporate,Postpaid,2025-01-21,Active,Agent,486,,
SUB-667,CUST-10667,Postpaid Corporate,Postpaid,2020-08-15,Active,Referral,1257,,
SUB-668,CUST-10668,Student Special 4G,Prepaid,2025-09-18,Active,Online,1361,,
SUB-669,CUST-10669,Prepaid Saver 30D,Prepaid,2023-04-02,Active,Referral,1402,,
SUB-670,CUST-10670,Unlimited Data Max,Prepaid,2024-09-23,Active,Retail,1485,,
SUB-671,CUST-10671,Family Bundle,Postpaid,2020-09-14,Active,Retail,970,,
SUB-672,CUST-10672,Unlimited Data Max,Prepaid,2022-02-06,Active,Referral,1241,,
SUB-673,CUST-10673,Family Bundle,Postpaid,2022-01-07,Active,Referral,307,,
SUB-674,CUST-10674,Prepaid Saver 30D,Prepaid,2026-01-16,Active,Online,1498,,
SUB-675,CUST-10675,Prepaid Saver 30D,Prepaid,2025-07-20,Active,Agent,410,,
SUB-676,CUST-10676,Family Bundle,Postpaid,2021-10-09,Active,Agent,629,,
SUB-677,CUST-10677,Postpaid Corporate,Postpaid,2025-01-21,Active,Agent,1088,,
SUB-678,CUST-10678,Prepaid Saver 30D,Prepaid,2023-11-28,Active,Agent,958,,
SUB-679,CUST-10679,Prepaid Saver 30D,Prepaid,2025-10-18,Active,Agent,968,,
SUB-680,CUST-10680,Prepaid Saver 30D,Prepaid,2026-04-16,Active,Referral,1059,,
SUB-681,CUST-10681,Unlimited Data Max,Prepaid,2022-03-08,Active,Referral,806,,
SUB-682,CUST-10682,Prepaid Saver 30D,Prepaid,2025-05-21,Active,Agent,476,,
SUB-683,CUST-10683,Prepaid Saver 30D,Prepaid,2025-06-20,Active,Referral,1169,,
SUB-684,CUST-10684,Unlimited Data Max,Prepaid,2021-07-11,Active,Online,590,,
SUB-685,CUST-10685,Prepaid Saver 30D,Prepaid,2022-04-07,Active,Online,807,,
SUB-686,CUST-10686,Family Bundle,Postpaid,2025-02-20,Active,Agent,354,,
SUB-687,CUST-10687,Student Special 4G,Prepaid,2021-05-12,Active,Referral,1092,,
SUB-688,CUST-10688,Prepaid Saver 30D,Prepaid,2020-10-14,Active,Retail,487,,
SUB-689,CUST-10689,Family Bundle,Postpaid,2023-12-28,Churned,Retail,591,2025-12-02,Voluntary
SUB-690,CUST-10690,Prepaid Saver 30D,Prepaid,2023-09-29,Active,Retail,1482,,
SUB-691,CUST-10691,Prepaid Saver 30D,Prepaid,2022-08-05,Active,Agent,843,,
SUB-692,CUST-10692,Prepaid Saver 30D,Prepaid,2025-07-20,Active,Retail,1441,,
SUB-693,CUST-10693,Student Special 4G,Prepaid,2021-03-13,Active,Retail,368,,
SUB-694,CUST-10694,Prepaid Saver 30D,Prepaid,2025-09-18,Active,Referral,749,,
SUB-695,CUST-10695,Unlimited Data Max,Prepaid,2022-01-07,Active,Online,1095,,
SUB-696,CUST-10696,Family Bundle,Postpaid,2023-02-01,Active,Retail,461,,
SUB-697,CUST-10697,Postpaid Corporate,Postpaid,2025-08-19,Active,Online,401,,
SUB-698,CUST-10698,Student Special 4G,Prepaid,2023-10-29,Churned,Agent,505,2025-07-05,Voluntary
SUB-699,CUST-10699,Postpaid Corporate,Postpaid,2024-09-23,Active,Agent,906,,
SUB-700,CUST-10700,Postpaid Corporate,Postpaid,2020-12-13,Active,Referral,1235,,
SUB-701,CUST-10701,Unlimited Data Max,Prepaid,2023-04-02,Active,Agent,1168,,
SUB-702,CUST-10702,Student Special 4G,Prepaid,2024-03-27,Churned,Online,593,2025-11-17,Voluntary
SUB-703,CUST-10703,Unlimited Data Max,Prepaid,2024-11-22,Churned,Retail,532,2025-07-26,Involuntary
SUB-704,CUST-10704,Unlimited Data Max,Prepaid,2025-07-20,Churned,Retail,587,2026-04-12,Voluntary
SUB-705,CUST-10705,Family Bundle,Postpaid,2023-07-01,Active,Agent,749,,
SUB-706,CUST-10706,Unlimited Data Max,Prepaid,2023-06-01,Active,Agent,1295,,
SUB-707,CUST-10707,Unlimited Data Max,Prepaid,2020-11-13,Active,Retail,1352,,
SUB-708,CUST-10708,Prepaid Saver 30D,Prepaid,2022-08-05,Active,Agent,547,,
SUB-709,CUST-10709,Student Special 4G,Prepaid,2023-09-29,Active,Retail,485,,
SUB-710,CUST-10710,Family Bundle,Postpaid,2024-03-27,Active,Retail,1321,,
SUB-711,CUST-10711,Unlimited Data Max,Prepaid,2024-11-22,Active,Referral,328,,
SUB-712,CUST-10712,Prepaid Saver 30D,Prepaid,2022-09-04,Active,Agent,1472,,
SUB-713,CUST-10713,Postpaid Corporate,Postpaid,2025-07-20,Churned,Retail,1300,2026-04-09,Involuntary
SUB-714,CUST-10714,Postpaid Corporate,Postpaid,2026-05-16,Active,Online,1003,,
SUB-715,CUST-10715,Unlimited Data Max,Prepaid,2021-03-13,Active,Agent,716,,
SUB-716,CUST-10716,Prepaid Saver 30D,Prepaid,2026-03-17,Active,Retail,356,,
SUB-717,CUST-10717,Prepaid Saver 30D,Prepaid,2025-01-21,Active,Agent,652,,
SUB-718,CUST-10718,Unlimited Data Max,Prepaid,2023-03-03,Active,Retail,961,,
SUB-719,CUST-10719,Student Special 4G,Prepaid,2025-04-21,Active,Agent,343,,
SUB-720,CUST-10720,Prepaid Saver 30D,Prepaid,2022-07-06,Active,Online,1060,,
SUB-721,CUST-10721,Student Special 4G,Prepaid,2023-03-03,Churned,Online,860,2025-07-18,Voluntary
SUB-722,CUST-10722,Postpaid Corporate,Postpaid,2025-12-17,Active,Retail,336,,
SUB-723,CUST-10723,Postpaid Corporate,Postpaid,2023-09-29,Active,Agent,960,,
SUB-724,CUST-10724,Student Special 4G,Prepaid,2021-08-10,Active,Online,785,,
SUB-725,CUST-10725,Unlimited Data Max,Prepaid,2024-02-26,Active,Online,602,,
SUB-726,CUST-10726,Prepaid Saver 30D,Prepaid,2022-06-06,Active,Online,324,,
SUB-727,CUST-10727,Prepaid Saver 30D,Prepaid,2023-01-02,Active,Retail,1465,,
SUB-728,CUST-10728,Student Special 4G,Prepaid,2023-09-29,Active,Online,402,,
SUB-729,CUST-10729,Student Special 4G,Prepaid,2023-02-01,Active,Agent,496,,
SUB-730,CUST-10730,Prepaid Saver 30D,Prepaid,2023-07-31,Active,Online,948,,
SUB-731,CUST-10731,Student Special 4G,Prepaid,2026-01-16,Active,Online,1309,,
SUB-732,CUST-10732,Unlimited Data Max,Prepaid,2023-11-28,Churned,Online,430,2025-03-06,Voluntary
SUB-733,CUST-10733,Unlimited Data Max,Prepaid,2023-12-28,Churned,Referral,331,2026-04-27,Involuntary
SUB-734,CUST-10734,Unlimited Data Max,Prepaid,2021-11-08,Active,Referral,1022,,
SUB-735,CUST-10735,Family Bundle,Postpaid,2022-03-08,Active,Referral,822,,
SUB-736,CUST-10736,Prepaid Saver 30D,Prepaid,2023-02-01,Churned,Retail,565,2025-06-26,Voluntary
SUB-737,CUST-10737,Prepaid Saver 30D,Prepaid,2024-02-26,Active,Retail,425,,
SUB-738,CUST-10738,Postpaid Corporate,Postpaid,2022-10-04,Churned,Agent,858,2025-07-27,Voluntary
SUB-739,CUST-10739,Unlimited Data Max,Prepaid,2020-08-15,Active,Agent,572,,
SUB-740,CUST-10740,Unlimited Data Max,Prepaid,2021-07-11,Churned,Agent,461,2025-03-06,Voluntary
SUB-741,CUST-10741,Unlimited Data Max,Prepaid,2025-01-21,Active,Retail,991,,
SUB-742,CUST-10742,Unlimited Data Max,Prepaid,2024-10-23,Active,Referral,1138,,
SUB-743,CUST-10743,Prepaid Saver 30D,Prepaid,2023-07-01,Active,Retail,1078,,
SUB-744,CUST-10744,Prepaid Saver 30D,Prepaid,2022-08-05,Active,Agent,890,,
SUB-745,CUST-10745,Student Special 4G,Prepaid,2022-07-06,Active,Online,1197,,
SUB-746,CUST-10746,Student Special 4G,Prepaid,2021-11-08,Active,Referral,372,,
SUB-747,CUST-10747,Family Bundle,Postpaid,2023-04-02,Active,Agent,1345,,
SUB-748,CUST-10748,Unlimited Data Max,Prepaid,2021-08-10,Active,Agent,826,,
SUB-749,CUST-10749,Prepaid Saver 30D,Prepaid,2026-03-17,Active,Online,918,,
SUB-750,CUST-10750,Unlimited Data Max,Prepaid,2025-02-20,Active,Referral,450,,
SUB-751,CUST-10751,Unlimited Data Max,Prepaid,2023-06-01,Active,Online,703,,
SUB-752,CUST-10752,Postpaid Corporate,Postpaid,2023-05-02,Active,Retail,469,,
SUB-753,CUST-10753,Prepaid Saver 30D,Prepaid,2020-10-14,Active,Retail,1116,,
SUB-754,CUST-10754,Postpaid Corporate,Postpaid,2022-08-05,Active,Referral,1403,,
SUB-755,CUST-10755,Student Special 4G,Prepaid,2024-01-27,Active,Agent,962,,
SUB-756,CUST-10756,Unlimited Data Max,Prepaid,2023-01-02,Active,Agent,1187,,
SUB-757,CUST-10757,Family Bundle,Postpaid,2025-09-18,Active,Online,1475,,
SUB-758,CUST-10758,Unlimited Data Max,Prepaid,2024-02-26,Active,Retail,650,,
SUB-759,CUST-10759,Family Bundle,Postpaid,2026-04-16,Active,Agent,1459,,
SUB-760,CUST-10760,Postpaid Corporate,Postpaid,2025-07-20,Churned,Online,833,2025-10-22,Voluntary
SUB-761,CUST-10761,Unlimited Data Max,Prepaid,2023-12-28,Active,Agent,802,,
SUB-762,CUST-10762,Prepaid Saver 30D,Prepaid,2026-05-16,Active,Retail,330,,
SUB-763,CUST-10763,Prepaid Saver 30D,Prepaid,2025-04-21,Active,Online,1009,,
SUB-764,CUST-10764,Student Special 4G,Prepaid,2021-03-13,Active,Referral,1371,,
SUB-765,CUST-10765,Unlimited Data Max,Prepaid,2021-07-11,Active,Referral,365,,
SUB-766,CUST-10766,Student Special 4G,Prepaid,2023-02-01,Active,Agent,440,,
SUB-767,CUST-10767,Prepaid Saver 30D,Prepaid,2020-11-13,Active,Retail,1083,,
SUB-768,CUST-10768,Family Bundle,Postpaid,2026-03-17,Active,Online,656,,
SUB-769,CUST-10769,Prepaid Saver 30D,Prepaid,2020-12-13,Churned,Agent,1454,2025-11-03,Involuntary
SUB-770,CUST-10770,Postpaid Corporate,Postpaid,2023-07-01,Active,Retail,1409,,
SUB-771,CUST-10771,Student Special 4G,Prepaid,2024-03-27,Active,Referral,1253,,
SUB-772,CUST-10772,Unlimited Data Max,Prepaid,2021-10-09,Active,Agent,898,,
SUB-773,CUST-10773,Unlimited Data Max,Prepaid,2023-09-29,Active,Retail,1490,,
SUB-774,CUST-10774,Prepaid Saver 30D,Prepaid,2022-12-03,Active,Retail,1143,,
SUB-775,CUST-10775,Postpaid Corporate,Postpaid,2024-07-25,Active,Retail,876,,
SUB-776,CUST-10776,Student Special 4G,Prepaid,2023-05-02,Active,Online,1135,,
SUB-777,CUST-10777,Prepaid Saver 30D,Prepaid,2025-08-19,Active,Retail,417,,
SUB-778,CUST-10778,Student Special 4G,Prepaid,2025-02-20,Active,Online,1031,,
SUB-779,CUST-10779,Family Bundle,Postpaid,2023-03-03,Active,Agent,912,,
SUB-780,CUST-10780,Student Special 4G,Prepaid,2020-11-13,Active,Referral,1235,,
SUB-781,CUST-10781,Unlimited Data Max,Prepaid,2025-04-21,Active,Referral,1007,,
SUB-782,CUST-10782,Unlimited Data Max,Prepaid,2023-01-02,Active,Retail,963,,
SUB-783,CUST-10783,Family Bundle,Postpaid,2026-01-16,Active,Retail,1172,,
SUB-784,CUST-10784,Postpaid Corporate,Postpaid,2023-07-01,Active,Retail,699,,
SUB-785,CUST-10785,Postpaid Corporate,Postpaid,2021-06-11,Churned,Retail,1097,2025-12-07,Voluntary
SUB-786,CUST-10786,Family Bundle,Postpaid,2024-05-26,Active,Agent,1143,,
SUB-787,CUST-10787,Unlimited Data Max,Prepaid,2021-10-09,Active,Retail,727,,
SUB-788,CUST-10788,Student Special 4G,Prepaid,2024-02-26,Churned,Online,1057,2025-08-28,Voluntary
SUB-789,CUST-10789,Postpaid Corporate,Postpaid,2021-01-12,Active,Online,1227,,
SUB-790,CUST-10790,Student Special 4G,Prepaid,2022-10-04,Active,Retail,1032,,
SUB-791,CUST-10791,Student Special 4G,Prepaid,2024-06-25,Active,Retail,1043,,
SUB-792,CUST-10792,Prepaid Saver 30D,Prepaid,2024-11-22,Active,Agent,1027,,
SUB-793,CUST-10793,Unlimited Data Max,Prepaid,2021-05-12,Active,Agent,1354,,
SUB-794,CUST-10794,Family Bundle,Postpaid,2023-07-31,Active,Retail,1259,,
SUB-795,CUST-10795,Student Special 4G,Prepaid,2024-01-27,Active,Online,1125,,
SUB-796,CUST-10796,Prepaid Saver 30D,Prepaid,2023-01-02,Active,Retail,1086,,
SUB-797,CUST-10797,Family Bundle,Postpaid,2025-12-17,Active,Agent,672,,
SUB-798,CUST-10798,Prepaid Saver 30D,Prepaid,2025-04-21,Active,Retail,554,,
SUB-799,CUST-10799,Prepaid Saver 30D,Prepaid,2023-09-29,Churned,Agent,1090,2025-08-28,Voluntary
SUB-800,CUST-10800,Family Bundle,Postpaid,2024-09-23,Churned,Retail,832,2025-01-18,Voluntary
SUB-801,CUST-10801,Postpaid Corporate,Postpaid,2023-03-03,Active,Retail,1333,,
SUB-802,CUST-10802,Student Special 4G,Prepaid,2024-05-26,Active,Referral,1137,,
SUB-803,CUST-10803,Student Special 4G,Prepaid,2023-11-28,Active,Referral,505,,
SUB-804,CUST-10804,Prepaid Saver 30D,Prepaid,2021-11-08,Churned,Agent,734,2025-04-28,Voluntary
SUB-805,CUST-10805,Prepaid Saver 30D,Prepaid,2021-11-08,Active,Agent,431,,
SUB-806,CUST-10806,Student Special 4G,Prepaid,2024-09-23,Churned,Agent,337,2025-07-06,Voluntary
SUB-807,CUST-10807,Prepaid Saver 30D,Prepaid,2024-05-26,Active,Online,889,,
SUB-808,CUST-10808,Prepaid Saver 30D,Prepaid,2022-09-04,Active,Agent,1116,,
SUB-809,CUST-10809,Prepaid Saver 30D,Prepaid,2021-01-12,Churned,Online,1403,2025-11-07,Involuntary
SUB-810,CUST-10810,Unlimited Data Max,Prepaid,2023-04-02,Active,Agent,767,,
SUB-811,CUST-10811,Unlimited Data Max,Prepaid,2025-12-17,Active,Retail,804,,
SUB-812,CUST-10812,Postpaid Corporate,Postpaid,2022-12-03,Active,Online,1251,,
SUB-813,CUST-10813,Student Special 4G,Prepaid,2022-03-08,Active,Online,394,,
SUB-814,CUST-10814,Prepaid Saver 30D,Prepaid,2020-12-13,Active,Online,892,,
SUB-815,CUST-10815,Unlimited Data Max,Prepaid,2021-01-12,Active,Referral,430,,
SUB-816,CUST-10816,Prepaid Saver 30D,Prepaid,2022-05-07,Active,Agent,1435,,
SUB-817,CUST-10817,Student Special 4G,Prepaid,2023-03-03,Churned,Referral,1313,2025-08-08,Voluntary
SUB-818,CUST-10818,Unlimited Data Max,Prepaid,2025-06-20,Active,Retail,914,,
SUB-819,CUST-10819,Prepaid Saver 30D,Prepaid,2021-04-12,Active,Online,1242,,
SUB-820,CUST-10820,Postpaid Corporate,Postpaid,2023-08-30,Active,Referral,906,,
SUB-821,CUST-10821,Prepaid Saver 30D,Prepaid,2022-05-07,Active,Agent,606,,
SUB-822,CUST-10822,Postpaid Corporate,Postpaid,2022-02-06,Active,Referral,1232,,
SUB-823,CUST-10823,Student Special 4G,Prepaid,2026-04-16,Active,Online,1350,,
SUB-824,CUST-10824,Unlimited Data Max,Prepaid,2024-03-27,Active,Referral,933,,
SUB-825,CUST-10825,Unlimited Data Max,Prepaid,2022-07-06,Active,Agent,1184,,
SUB-826,CUST-10826,Unlimited Data Max,Prepaid,2023-08-30,Active,Retail,908,,
SUB-827,CUST-10827,Postpaid Corporate,Postpaid,2022-08-05,Active,Online,1412,,
SUB-828,CUST-10828,Family Bundle,Postpaid,2023-03-03,Active,Referral,1475,,
SUB-829,CUST-10829,Postpaid Corporate,Postpaid,2026-05-16,Active,Referral,308,,
SUB-830,CUST-10830,Family Bundle,Postpaid,2024-08-24,Active,Agent,763,,
SUB-831,CUST-10831,Postpaid Corporate,Postpaid,2023-12-28,Active,Online,1370,,
SUB-832,CUST-10832,Prepaid Saver 30D,Prepaid,2024-02-26,Active,Retail,537,,
SUB-833,CUST-10833,Prepaid Saver 30D,Prepaid,2026-03-17,Active,Online,557,,
SUB-834,CUST-10834,Postpaid Corporate,Postpaid,2026-04-16,Active,Referral,938,,
SUB-835,CUST-10835,Postpaid Corporate,Postpaid,2024-09-23,Active,Agent,1178,,
SUB-836,CUST-10836,Prepaid Saver 30D,Prepaid,2021-06-11,Active,Agent,553,,
SUB-837,CUST-10837,Prepaid Saver 30D,Prepaid,2020-08-15,Active,Referral,1058,,
SUB-838,CUST-10838,Prepaid Saver 30D,Prepaid,2021-07-11,Active,Retail,1476,,
SUB-839,CUST-10839,Prepaid Saver 30D,Prepaid,2020-12-13,Active,Online,1335,,
SUB-840,CUST-10840,Postpaid Corporate,Postpaid,2021-01-12,Active,Retail,1461,,
SUB-841,CUST-10841,Postpaid Corporate,Postpaid,2022-06-06,Active,Agent,438,,
SUB-842,CUST-10842,Student Special 4G,Prepaid,2025-09-18,Active,Referral,1393,,
SUB-843,CUST-10843,Prepaid Saver 30D,Prepaid,2024-03-27,Active,Retail,401,,
SUB-844,CUST-10844,Student Special 4G,Prepaid,2022-02-06,Active,Referral,467,,
SUB-845,CUST-10845,Prepaid Saver 30D,Prepaid,2024-01-27,Active,Online,328,,
SUB-846,CUST-10846,Prepaid Saver 30D,Prepaid,2024-10-23,Active,Online,1019,,
SUB-847,CUST-10847,Student Special 4G,Prepaid,2026-03-17,Active,Retail,1485,,
SUB-848,CUST-10848,Family Bundle,Postpaid,2024-05-26,Active,Agent,1434,,
SUB-849,CUST-10849,Family Bundle,Postpaid,2024-05-26,Active,Online,646,,
SUB-850,CUST-10850,Unlimited Data Max,Prepaid,2021-09-09,Active,Online,866,,
SUB-851,CUST-10851,Prepaid Saver 30D,Prepaid,2021-11-08,Active,Referral,668,,
SUB-852,CUST-10852,Student Special 4G,Prepaid,2025-09-18,Active,Retail,476,,
SUB-853,CUST-10853,Student Special 4G,Prepaid,2023-06-01,Churned,Agent,1144,2025-08-24,Involuntary
SUB-854,CUST-10854,Prepaid Saver 30D,Prepaid,2021-02-11,Active,Online,1070,,
SUB-855,CUST-10855,Unlimited Data Max,Prepaid,2023-08-30,Churned,Retail,354,2025-05-23,Voluntary
SUB-856,CUST-10856,Prepaid Saver 30D,Prepaid,2020-11-13,Active,Retail,544,,
SUB-857,CUST-10857,Unlimited Data Max,Prepaid,2025-11-17,Active,Retail,547,,
SUB-858,CUST-10858,Prepaid Saver 30D,Prepaid,2024-07-25,Churned,Online,369,2025-07-28,Involuntary
SUB-859,CUST-10859,Postpaid Corporate,Postpaid,2021-01-12,Active,Agent,394,,
SUB-860,CUST-10860,Unlimited Data Max,Prepaid,2022-04-07,Active,Online,698,,
SUB-861,CUST-10861,Postpaid Corporate,Postpaid,2024-09-23,Active,Referral,382,,
SUB-862,CUST-10862,Postpaid Corporate,Postpaid,2021-03-13,Active,Online,479,,
SUB-863,CUST-10863,Prepaid Saver 30D,Prepaid,2024-02-26,Active,Referral,433,,
SUB-864,CUST-10864,Prepaid Saver 30D,Prepaid,2021-10-09,Active,Referral,544,,
SUB-865,CUST-10865,Family Bundle,Postpaid,2024-06-25,Active,Online,357,,
SUB-866,CUST-10866,Prepaid Saver 30D,Prepaid,2024-05-26,Active,Agent,880,,
SUB-867,CUST-10867,Student Special 4G,Prepaid,2024-06-25,Active,Referral,1388,,
SUB-868,CUST-10868,Prepaid Saver 30D,Prepaid,2024-04-26,Active,Retail,980,,
SUB-869,CUST-10869,Prepaid Saver 30D,Prepaid,2022-12-03,Active,Retail,1221,,
SUB-870,CUST-10870,Family Bundle,Postpaid,2021-09-09,Active,Online,1368,,
SUB-871,CUST-10871,Unlimited Data Max,Prepaid,2022-10-04,Active,Retail,894,,
SUB-872,CUST-10872,Prepaid Saver 30D,Prepaid,2026-04-16,Active,Retail,1198,,
SUB-873,CUST-10873,Family Bundle,Postpaid,2022-12-03,Active,Referral,1142,,
SUB-874,CUST-10874,Prepaid Saver 30D,Prepaid,2023-11-28,Active,Retail,1352,,
SUB-875,CUST-10875,Prepaid Saver 30D,Prepaid,2026-01-16,Active,Agent,999,,
SUB-876,CUST-10876,Family Bundle,Postpaid,2024-06-25,Active,Agent,817,,
SUB-877,CUST-10877,Unlimited Data Max,Prepaid,2020-10-14,Churned,Retail,986,2026-05-17,Voluntary
SUB-878,CUST-10878,Postpaid Corporate,Postpaid,2024-05-26,Active,Referral,1430,,
SUB-879,CUST-10879,Student Special 4G,Prepaid,2022-04-07,Active,Online,1351,,
SUB-880,CUST-10880,Student Special 4G,Prepaid,2025-03-22,Active,Referral,555,,
SUB-881,CUST-10881,Prepaid Saver 30D,Prepaid,2021-04-12,Churned,Online,1088,2026-06-14,Involuntary
SUB-882,CUST-10882,Unlimited Data Max,Prepaid,2021-09-09,Active,Online,871,,
SUB-883,CUST-10883,Student Special 4G,Prepaid,2025-06-20,Active,Online,1236,,
SUB-884,CUST-10884,Student Special 4G,Prepaid,2022-05-07,Active,Referral,858,,
SUB-885,CUST-10885,Unlimited Data Max,Prepaid,2020-12-13,Active,Referral,1087,,
SUB-886,CUST-10886,Prepaid Saver 30D,Prepaid,2021-02-11,Active,Retail,1327,,
SUB-887,CUST-10887,Prepaid Saver 30D,Prepaid,2022-03-08,Active,Agent,706,,
SUB-888,CUST-10888,Unlimited Data Max,Prepaid,2022-03-08,Active,Retail,783,,
SUB-889,CUST-10889,Student Special 4G,Prepaid,2023-07-01,Active,Retail,581,,
SUB-890,CUST-10890,Family Bundle,Postpaid,2025-07-20,Churned,Agent,1037,2026-03-28,Voluntary
SUB-891,CUST-10891,Prepaid Saver 30D,Prepaid,2026-04-16,Active,Agent,319,,
SUB-892,CUST-10892,Family Bundle,Postpaid,2024-09-23,Active,Agent,413,,
SUB-893,CUST-10893,Student Special 4G,Prepaid,2024-12-22,Active,Referral,971,,
SUB-894,CUST-10894,Postpaid Corporate,Postpaid,2021-02-11,Active,Referral,1108,,
SUB-895,CUST-10895,Family Bundle,Postpaid,2021-07-11,Active,Referral,1089,,
SUB-896,CUST-10896,Prepaid Saver 30D,Prepaid,2024-06-25,Active,Online,430,,
SUB-897,CUST-10897,Family Bundle,Postpaid,2024-03-27,Active,Retail,336,,
SUB-898,CUST-10898,Unlimited Data Max,Prepaid,2022-02-06,Active,Retail,620,,
SUB-899,CUST-10899,Prepaid Saver 30D,Prepaid,2022-06-06,Active,Online,1236,,
SUB-900,CUST-10900,Prepaid Saver 30D,Prepaid,2021-04-12,Active,Retail,726,,
SUB-901,CUST-10901,Unlimited Data Max,Prepaid,2022-03-08,Churned,Online,643,2025-04-01,Voluntary
SUB-902,CUST-10902,Postpaid Corporate,Postpaid,2022-05-07,Active,Online,652,,
SUB-903,CUST-10903,Prepaid Saver 30D,Prepaid,2021-11-08,Active,Agent,1287,,
SUB-904,CUST-10904,Prepaid Saver 30D,Prepaid,2021-03-13,Churned,Referral,644,2025-04-20,Voluntary
SUB-905,CUST-10905,Prepaid Saver 30D,Prepaid,2024-02-26,Active,Agent,846,,
SUB-906,CUST-10906,Unlimited Data Max,Prepaid,2024-12-22,Churned,Retail,1230,2025-11-05,Voluntary
SUB-907,CUST-10907,Unlimited Data Max,Prepaid,2021-02-11,Active,Online,330,,
SUB-908,CUST-10908,Unlimited Data Max,Prepaid,2025-06-20,Active,Agent,1416,,
SUB-909,CUST-10909,Family Bundle,Postpaid,2024-09-23,Active,Referral,1087,,
SUB-910,CUST-10910,Student Special 4G,Prepaid,2025-08-19,Active,Retail,956,,
SUB-911,CUST-10911,Prepaid Saver 30D,Prepaid,2021-07-11,Active,Retail,1445,,
SUB-912,CUST-10912,Postpaid Corporate,Postpaid,2021-01-12,Active,Agent,1323,,
SUB-913,CUST-10913,Postpaid Corporate,Postpaid,2023-11-28,Active,Agent,341,,
SUB-914,CUST-10914,Prepaid Saver 30D,Prepaid,2025-10-18,Churned,Online,478,2026-05-13,Involuntary
SUB-915,CUST-10915,Unlimited Data Max,Prepaid,2025-01-21,Active,Agent,1261,,
SUB-916,CUST-10916,Prepaid Saver 30D,Prepaid,2023-01-02,Active,Online,658,,
SUB-917,CUST-10917,Prepaid Saver 30D,Prepaid,2024-05-26,Active,Referral,1080,,
SUB-918,CUST-10918,Student Special 4G,Prepaid,2022-01-07,Active,Referral,552,,
SUB-919,CUST-10919,Unlimited Data Max,Prepaid,2021-10-09,Active,Retail,1378,,
SUB-920,CUST-10920,Prepaid Saver 30D,Prepaid,2023-10-29,Active,Referral,622,,
SUB-921,CUST-10921,Prepaid Saver 30D,Prepaid,2022-11-03,Active,Retail,1408,,
SUB-922,CUST-10922,Postpaid Corporate,Postpaid,2026-01-16,Active,Online,736,,
SUB-923,CUST-10923,Family Bundle,Postpaid,2025-08-19,Active,Referral,1370,,
SUB-924,CUST-10924,Prepaid Saver 30D,Prepaid,2024-06-25,Active,Agent,1229,,
SUB-925,CUST-10925,Unlimited Data Max,Prepaid,2025-09-18,Active,Referral,889,,
SUB-926,CUST-10926,Postpaid Corporate,Postpaid,2026-04-16,Active,Agent,1328,,
SUB-927,CUST-10927,Unlimited Data Max,Prepaid,2022-06-06,Churned,Online,338,2025-09-27,Voluntary
SUB-928,CUST-10928,Unlimited Data Max,Prepaid,2026-04-16,Active,Retail,1265,,
SUB-929,CUST-10929,Postpaid Corporate,Postpaid,2024-12-22,Active,Agent,1488,,
SUB-930,CUST-10930,Unlimited Data Max,Prepaid,2022-03-08,Active,Referral,563,,
SUB-931,CUST-10931,Unlimited Data Max,Prepaid,2025-03-22,Churned,Online,533,2026-03-22,Involuntary
SUB-932,CUST-10932,Prepaid Saver 30D,Prepaid,2025-01-21,Churned,Referral,1018,2025-02-05,Involuntary
SUB-933,CUST-10933,Prepaid Saver 30D,Prepaid,2022-01-07,Active,Retail,887,,
SUB-934,CUST-10934,Family Bundle,Postpaid,2026-04-16,Active,Online,805,,
SUB-935,CUST-10935,Prepaid Saver 30D,Prepaid,2024-07-25,Active,Online,786,,
SUB-936,CUST-10936,Prepaid Saver 30D,Prepaid,2023-04-02,Active,Online,589,,
SUB-937,CUST-10937,Postpaid Corporate,Postpaid,2026-01-16,Active,Referral,651,,
SUB-938,CUST-10938,Student Special 4G,Prepaid,2022-08-05,Active,Referral,582,,
SUB-939,CUST-10939,Prepaid Saver 30D,Prepaid,2023-11-28,Active,Retail,770,,
SUB-940,CUST-10940,Postpaid Corporate,Postpaid,2024-07-25,Active,Retail,1092,,
SUB-941,CUST-10941,Postpaid Corporate,Postpaid,2023-02-01,Active,Agent,715,,
SUB-942,CUST-10942,Prepaid Saver 30D,Prepaid,2026-03-17,Churned,Online,879,2026-04-29,Involuntary
SUB-943,CUST-10943,Unlimited Data Max,Prepaid,2022-12-03,Active,Agent,848,,
SUB-944,CUST-10944,Postpaid Corporate,Postpaid,2023-09-29,Active,Online,1394,,
SUB-945,CUST-10945,Prepaid Saver 30D,Prepaid,2026-01-16,Active,Online,713,,
SUB-946,CUST-10946,Prepaid Saver 30D,Prepaid,2021-11-08,Active,Agent,876,,
SUB-947,CUST-10947,Prepaid Saver 30D,Prepaid,2023-09-29,Active,Online,984,,
SUB-948,CUST-10948,Unlimited Data Max,Prepaid,2026-01-16,Active,Referral,802,,
SUB-949,CUST-10949,Unlimited Data Max,Prepaid,2024-04-26,Active,Retail,1217,,
SUB-950,CUST-10950,Prepaid Saver 30D,Prepaid,2022-02-06,Active,Agent,1452,,
SUB-951,CUST-10951,Student Special 4G,Prepaid,2023-10-29,Active,Referral,841,,
SUB-952,CUST-10952,Student Special 4G,Prepaid,2024-02-26,Active,Online,693,,
SUB-953,CUST-10953,Prepaid Saver 30D,Prepaid,2026-03-17,Active,Agent,1067,,
SUB-954,CUST-10954,Prepaid Saver 30D,Prepaid,2026-01-16,Churned,Agent,827,2026-06-04,Voluntary
SUB-955,CUST-10955,Family Bundle,Postpaid,2024-09-23,Active,Agent,699,,
SUB-956,CUST-10956,Postpaid Corporate,Postpaid,2024-10-23,Churned,Retail,999,2026-04-27,Voluntary
SUB-957,CUST-10957,Postpaid Corporate,Postpaid,2022-09-04,Active,Retail,1089,,
SUB-958,CUST-10958,Unlimited Data Max,Prepaid,2023-08-30,Active,Retail,595,,
SUB-959,CUST-10959,Unlimited Data Max,Prepaid,2025-09-18,Active,Retail,1063,,
SUB-960,CUST-10960,Prepaid Saver 30D,Prepaid,2022-08-05,Active,Online,658,,
SUB-961,CUST-10961,Student Special 4G,Prepaid,2020-10-14,Active,Agent,984,,
SUB-962,CUST-10962,Family Bundle,Postpaid,2021-06-11,Churned,Retail,722,2025-11-05,Voluntary
SUB-963,CUST-10963,Unlimited Data Max,Prepaid,2020-08-15,Active,Online,1239,,
SUB-964,CUST-10964,Postpaid Corporate,Postpaid,2023-07-31,Active,Online,726,,
SUB-965,CUST-10965,Student Special 4G,Prepaid,2024-04-26,Active,Online,1262,,
SUB-966,CUST-10966,Student Special 4G,Prepaid,2026-02-15,Active,Retail,701,,
SUB-967,CUST-10967,Prepaid Saver 30D,Prepaid,2022-06-06,Active,Agent,319,,
SUB-968,CUST-10968,Prepaid Saver 30D,Prepaid,2023-10-29,Churned,Online,515,2025-08-31,Voluntary
SUB-969,CUST-10969,Family Bundle,Postpaid,2022-09-04,Active,Online,1350,,
SUB-970,CUST-10970,Prepaid Saver 30D,Prepaid,2024-08-24,Churned,Agent,981,2026-01-18,Involuntary
SUB-971,CUST-10971,Prepaid Saver 30D,Prepaid,2025-06-20,Active,Agent,1030,,
SUB-972,CUST-10972,Unlimited Data Max,Prepaid,2022-06-06,Active,Online,795,,
SUB-973,CUST-10973,Prepaid Saver 30D,Prepaid,2024-02-26,Active,Agent,348,,
SUB-974,CUST-10974,Unlimited Data Max,Prepaid,2023-05-02,Active,Referral,1372,,
SUB-975,CUST-10975,Prepaid Saver 30D,Prepaid,2020-09-14,Active,Agent,1012,,
SUB-976,CUST-10976,Family Bundle,Postpaid,2024-10-23,Active,Agent,514,,
SUB-977,CUST-10977,Prepaid Saver 30D,Prepaid,2025-08-19,Active,Retail,422,,
SUB-978,CUST-10978,Family Bundle,Postpaid,2022-04-07,Active,Retail,950,,
SUB-979,CUST-10979,Family Bundle,Postpaid,2023-02-01,Active,Agent,790,,
SUB-980,CUST-10980,Student Special 4G,Prepaid,2024-01-27,Active,Agent,1355,,
SUB-981,CUST-10981,Postpaid Corporate,Postpaid,2022-12-03,Active,Referral,1044,,
SUB-982,CUST-10982,Student Special 4G,Prepaid,2021-01-12,Active,Retail,1152,,
SUB-983,CUST-10983,Prepaid Saver 30D,Prepaid,2025-06-20,Active,Referral,750,,
SUB-984,CUST-10984,Unlimited Data Max,Prepaid,2021-10-09,Active,Referral,777,,
SUB-985,CUST-10985,Family Bundle,Postpaid,2023-04-02,Active,Retail,771,,
SUB-986,CUST-10986,Prepaid Saver 30D,Prepaid,2021-09-09,Active,Retail,525,,
SUB-987,CUST-10987,Family Bundle,Postpaid,2021-01-12,Active,Agent,389,,
SUB-988,CUST-10988,Prepaid Saver 30D,Prepaid,2025-06-20,Active,Online,1427,,
SUB-989,CUST-10989,Prepaid Saver 30D,Prepaid,2025-09-18,Active,Online,539,,
SUB-990,CUST-10990,Student Special 4G,Prepaid,2026-05-16,Active,Retail,1305,,
SUB-991,CUST-10991,Postpaid Corporate,Postpaid,2025-04-21,Active,Referral,1236,,
SUB-992,CUST-10992,Prepaid Saver 30D,Prepaid,2024-05-26,Active,Retail,484,,
SUB-993,CUST-10993,Student Special 4G,Prepaid,2024-11-22,Churned,Referral,331,2026-03-24,Voluntary
SUB-994,CUST-10994,Prepaid Saver 30D,Prepaid,2021-08-10,Active,Online,1187,,
SUB-995,CUST-10995,Unlimited Data Max,Prepaid,2022-01-07,Active,Agent,1410,,
SUB-996,CUST-10996,Postpaid Corporate,Postpaid,2024-05-26,Active,Agent,1426,,
SUB-997,CUST-10997,Unlimited Data Max,Prepaid,2023-02-01,Active,Referral,565,,
SUB-998,CUST-10998,Prepaid Saver 30D,Prepaid,2024-07-25,Churned,Retail,590,2026-04-23,Voluntary
SUB-999,CUST-10999,Unlimited Data Max,Prepaid,2023-07-01,Active,Agent,987,,
SUB-1000,CUST-11000,Unlimited Data Max,Prepaid,2024-09-23,Active,Referral,1130,,
SUB-1001,CUST-11001,Family Bundle,Postpaid,2021-10-09,Active,Retail,444,,
SUB-1002,CUST-11002,Unlimited Data Max,Prepaid,2025-01-21,Active,Agent,303,,
SUB-1003,CUST-11003,Student Special 4G,Prepaid,2020-09-14,Active,Retail,831,,
SUB-1004,CUST-11004,Postpaid Corporate,Postpaid,2020-12-13,Active,Agent,436,,
SUB-1005,CUST-11005,Unlimited Data Max,Prepaid,2025-04-21,Active,Agent,1283,,
SUB-1006,CUST-11006,Family Bundle,Postpaid,2023-02-01,Active,Agent,665,,
SUB-1007,CUST-11007,Unlimited Data Max,Prepaid,2021-09-09,Active,Retail,1163,,
SUB-1008,CUST-11008,Prepaid Saver 30D,Prepaid,2021-07-11,Active,Online,1026,,
SUB-1009,CUST-11009,Student Special 4G,Prepaid,2024-03-27,Churned,Online,779,2025-06-10,Voluntary
SUB-1010,CUST-11010,Student Special 4G,Prepaid,2023-04-02,Active,Referral,635,,
SUB-1011,CUST-11011,Prepaid Saver 30D,Prepaid,2025-07-20,Active,Retail,979,,
SUB-1012,CUST-11012,Student Special 4G,Prepaid,2024-12-22,Active,Referral,1366,,
SUB-1013,CUST-11013,Family Bundle,Postpaid,2024-11-22,Churned,Referral,716,2025-04-07,Voluntary
SUB-1014,CUST-11014,Prepaid Saver 30D,Prepaid,2024-09-23,Churned,Retail,622,2026-01-02,Involuntary
SUB-1015,CUST-11015,Postpaid Corporate,Postpaid,2024-01-27,Active,Referral,580,,
SUB-1016,CUST-11016,Prepaid Saver 30D,Prepaid,2022-06-06,Active,Referral,918,,
SUB-1017,CUST-11017,Prepaid Saver 30D,Prepaid,2021-03-13,Active,Referral,649,,
SUB-1018,CUST-11018,Prepaid Saver 30D,Prepaid,2023-01-02,Active,Agent,1029,,
SUB-1019,CUST-11019,Unlimited Data Max,Prepaid,2023-08-30,Churned,Online,761,2025-11-01,Voluntary
SUB-1020,CUST-11020,Postpaid Corporate,Postpaid,2022-05-07,Active,Online,556,,
SUB-1021,CUST-11021,Unlimited Data Max,Prepaid,2022-11-03,Active,Agent,901,,
SUB-1022,CUST-11022,Unlimited Data Max,Prepaid,2023-10-29,Active,Referral,1179,,
SUB-1023,CUST-11023,Prepaid Saver 30D,Prepaid,2026-03-17,Active,Referral,1170,,
SUB-1024,CUST-11024,Unlimited Data Max,Prepaid,2023-04-02,Active,Retail,1278,,
SUB-1025,CUST-11025,Prepaid Saver 30D,Prepaid,2026-01-16,Active,Agent,889,,
SUB-1026,CUST-11026,Prepaid Saver 30D,Prepaid,2022-11-03,Active,Referral,524,,
SUB-1027,CUST-11027,Unlimited Data Max,Prepaid,2020-12-13,Active,Retail,643,,
SUB-1028,CUST-11028,Unlimited Data Max,Prepaid,2021-10-09,Active,Online,1156,,
SUB-1029,CUST-11029,Unlimited Data Max,Prepaid,2021-07-11,Active,Retail,1336,,
SUB-1030,CUST-11030,Prepaid Saver 30D,Prepaid,2023-09-29,Churned,Retail,1200,2025-05-21,Voluntary
SUB-1031,CUST-11031,Prepaid Saver 30D,Prepaid,2023-07-31,Active,Retail,1039,,
SUB-1032,CUST-11032,Postpaid Corporate,Postpaid,2023-05-02,Active,Agent,508,,
SUB-1033,CUST-11033,Postpaid Corporate,Postpaid,2025-03-22,Active,Referral,417,,
SUB-1034,CUST-11034,Prepaid Saver 30D,Prepaid,2020-09-14,Active,Online,945,,
SUB-1035,CUST-11035,Unlimited Data Max,Prepaid,2026-03-17,Active,Retail,1470,,
SUB-1036,CUST-11036,Prepaid Saver 30D,Prepaid,2020-08-15,Active,Referral,418,,
SUB-1037,CUST-11037,Prepaid Saver 30D,Prepaid,2020-09-14,Active,Referral,1299,,
SUB-1038,CUST-11038,Prepaid Saver 30D,Prepaid,2020-12-13,Active,Agent,775,,
SUB-1039,CUST-11039,Family Bundle,Postpaid,2026-05-16,Active,Referral,1261,,
SUB-1040,CUST-11040,Unlimited Data Max,Prepaid,2020-11-13,Active,Agent,570,,
SUB-1041,CUST-11041,Prepaid Saver 30D,Prepaid,2025-01-21,Active,Referral,825,,
SUB-1042,CUST-11042,Student Special 4G,Prepaid,2024-11-22,Active,Referral,879,,
SUB-1043,CUST-11043,Family Bundle,Postpaid,2022-06-06,Active,Referral,1290,,
SUB-1044,CUST-11044,Prepaid Saver 30D,Prepaid,2024-01-27,Active,Agent,1205,,
SUB-1045,CUST-11045,Prepaid Saver 30D,Prepaid,2020-12-13,Active,Referral,432,,
SUB-1046,CUST-11046,Unlimited Data Max,Prepaid,2023-07-01,Active,Agent,665,,
SUB-1047,CUST-11047,Student Special 4G,Prepaid,2025-09-18,Active,Retail,749,,
SUB-1048,CUST-11048,Prepaid Saver 30D,Prepaid,2024-12-22,Active,Agent,1005,,
SUB-1049,CUST-11049,Prepaid Saver 30D,Prepaid,2021-12-08,Active,Agent,1405,,
SUB-1050,CUST-11050,Prepaid Saver 30D,Prepaid,2023-02-01,Active,Online,919,,
SUB-1051,CUST-11051,Prepaid Saver 30D,Prepaid,2024-06-25,Active,Retail,1493,,
SUB-1052,CUST-11052,Postpaid Corporate,Postpaid,2025-02-20,Active,Agent,1268,,
SUB-1053,CUST-11053,Unlimited Data Max,Prepaid,2022-06-06,Active,Referral,1307,,
SUB-1054,CUST-11054,Prepaid Saver 30D,Prepaid,2024-11-22,Active,Retail,630,,
SUB-1055,CUST-11055,Unlimited Data Max,Prepaid,2025-11-17,Active,Agent,1134,,
SUB-1056,CUST-11056,Student Special 4G,Prepaid,2023-03-03,Active,Referral,517,,
SUB-1057,CUST-11057,Unlimited Data Max,Prepaid,2021-05-12,Active,Agent,651,,
SUB-1058,CUST-11058,Family Bundle,Postpaid,2024-08-24,Active,Referral,650,,
SUB-1059,CUST-11059,Prepaid Saver 30D,Prepaid,2022-04-07,Churned,Referral,1474,2025-10-24,Involuntary
SUB-1060,CUST-11060,Prepaid Saver 30D,Prepaid,2023-10-29,Active,Referral,1337,,
SUB-1061,CUST-11061,Prepaid Saver 30D,Prepaid,2020-11-13,Active,Retail,1466,,
SUB-1062,CUST-11062,Prepaid Saver 30D,Prepaid,2022-11-03,Active,Referral,782,,
SUB-1063,CUST-11063,Prepaid Saver 30D,Prepaid,2023-07-01,Active,Retail,1227,,
SUB-1064,CUST-11064,Prepaid Saver 30D,Prepaid,2025-01-21,Active,Retail,903,,
SUB-1065,CUST-11065,Unlimited Data Max,Prepaid,2021-03-13,Active,Referral,535,,
SUB-1066,CUST-11066,Prepaid Saver 30D,Prepaid,2026-02-15,Active,Referral,1281,,
SUB-1067,CUST-11067,Student Special 4G,Prepaid,2023-04-02,Active,Referral,677,,
SUB-1068,CUST-11068,Unlimited Data Max,Prepaid,2024-11-22,Active,Referral,1222,,
SUB-1069,CUST-11069,Student Special 4G,Prepaid,2023-06-01,Active,Online,904,,
SUB-1070,CUST-11070,Student Special 4G,Prepaid,2020-09-14,Active,Agent,916,,
SUB-1071,CUST-11071,Postpaid Corporate,Postpaid,2025-11-17,Active,Retail,327,,
SUB-1072,CUST-11072,Unlimited Data Max,Prepaid,2026-02-15,Active,Referral,692,,
SUB-1073,CUST-11073,Prepaid Saver 30D,Prepaid,2021-09-09,Churned,Agent,1345,2025-03-14,Voluntary
SUB-1074,CUST-11074,Student Special 4G,Prepaid,2022-05-07,Active,Referral,455,,
SUB-1075,CUST-11075,Prepaid Saver 30D,Prepaid,2023-12-28,Active,Retail,1167,,
SUB-1076,CUST-11076,Prepaid Saver 30D,Prepaid,2025-02-20,Active,Online,920,,
SUB-1077,CUST-11077,Prepaid Saver 30D,Prepaid,2022-12-03,Active,Agent,825,,
SUB-1078,CUST-11078,Prepaid Saver 30D,Prepaid,2024-11-22,Active,Agent,1222,,
SUB-1079,CUST-11079,Unlimited Data Max,Prepaid,2022-08-05,Active,Online,775,,
SUB-1080,CUST-11080,Unlimited Data Max,Prepaid,2024-01-27,Active,Retail,863,,
SUB-1081,CUST-11081,Postpaid Corporate,Postpaid,2021-11-08,Active,Agent,630,,
SUB-1082,CUST-11082,Prepaid Saver 30D,Prepaid,2022-08-05,Active,Agent,647,,
SUB-1083,CUST-11083,Unlimited Data Max,Prepaid,2023-02-01,Active,Retail,483,,
SUB-1084,CUST-11084,Family Bundle,Postpaid,2025-11-17,Active,Referral,993,,
SUB-1085,CUST-11085,Prepaid Saver 30D,Prepaid,2022-10-04,Active,Referral,433,,
SUB-1086,CUST-11086,Unlimited Data Max,Prepaid,2022-05-07,Active,Agent,659,,
SUB-1087,CUST-11087,Unlimited Data Max,Prepaid,2023-06-01,Churned,Agent,951,2025-11-23,Involuntary
SUB-1088,CUST-11088,Prepaid Saver 30D,Prepaid,2022-12-03,Active,Referral,1101,,
SUB-1089,CUST-11089,Prepaid Saver 30D,Prepaid,2022-11-03,Active,Retail,1313,,
SUB-1090,CUST-11090,Unlimited Data Max,Prepaid,2025-01-21,Active,Retail,761,,
SUB-1091,CUST-11091,Student Special 4G,Prepaid,2023-10-29,Active,Retail,1289,,
SUB-1092,CUST-11092,Student Special 4G,Prepaid,2025-09-18,Active,Online,1129,,
SUB-1093,CUST-11093,Prepaid Saver 30D,Prepaid,2021-11-08,Active,Agent,514,,
SUB-1094,CUST-11094,Student Special 4G,Prepaid,2025-07-20,Active,Retail,964,,
SUB-1095,CUST-11095,Prepaid Saver 30D,Prepaid,2021-09-09,Active,Referral,1182,,
SUB-1096,CUST-11096,Student Special 4G,Prepaid,2022-09-04,Active,Online,516,,
SUB-1097,CUST-11097,Prepaid Saver 30D,Prepaid,2023-06-01,Churned,Online,1199,2026-04-06,Voluntary
SUB-1098,CUST-11098,Postpaid Corporate,Postpaid,2023-07-01,Active,Online,378,,
SUB-1099,CUST-11099,Unlimited Data Max,Prepaid,2025-07-20,Active,Online,1303,,
SUB-1100,CUST-11100,Unlimited Data Max,Prepaid,2022-08-05,Active,Agent,586,,
SUB-1101,CUST-11101,Student Special 4G,Prepaid,2024-03-27,Churned,Referral,404,2026-02-08,Voluntary
SUB-1102,CUST-11102,Prepaid Saver 30D,Prepaid,2021-11-08,Active,Retail,728,,
SUB-1103,CUST-11103,Prepaid Saver 30D,Prepaid,2021-07-11,Active,Online,1132,,
SUB-1104,CUST-11104,Unlimited Data Max,Prepaid,2021-01-12,Active,Agent,770,,
SUB-1105,CUST-11105,Student Special 4G,Prepaid,2021-01-12,Active,Referral,557,,
SUB-1106,CUST-11106,Prepaid Saver 30D,Prepaid,2021-12-08,Active,Agent,1052,,
SUB-1107,CUST-11107,Unlimited Data Max,Prepaid,2024-11-22,Active,Retail,1099,,
SUB-1108,CUST-11108,Postpaid Corporate,Postpaid,2024-10-23,Active,Online,730,,
SUB-1109,CUST-11109,Unlimited Data Max,Prepaid,2020-12-13,Active,Online,776,,
SUB-1110,CUST-11110,Prepaid Saver 30D,Prepaid,2020-10-14,Active,Referral,616,,
SUB-1111,CUST-11111,Postpaid Corporate,Postpaid,2024-10-23,Churned,Agent,386,2025-01-09,Voluntary
SUB-1112,CUST-11112,Family Bundle,Postpaid,2022-08-05,Active,Online,1164,,
SUB-1113,CUST-11113,Student Special 4G,Prepaid,2021-01-12,Active,Online,1271,,
SUB-1114,CUST-11114,Unlimited Data Max,Prepaid,2021-06-11,Active,Referral,331,,
SUB-1115,CUST-11115,Prepaid Saver 30D,Prepaid,2020-12-13,Active,Agent,1373,,
SUB-1116,CUST-11116,Student Special 4G,Prepaid,2024-05-26,Churned,Referral,896,2026-05-01,Voluntary
SUB-1117,CUST-11117,Prepaid Saver 30D,Prepaid,2023-07-01,Active,Agent,613,,
SUB-1118,CUST-11118,Postpaid Corporate,Postpaid,2022-12-03,Active,Retail,361,,
SUB-1119,CUST-11119,Prepaid Saver 30D,Prepaid,2020-11-13,Active,Online,917,,
SUB-1120,CUST-11120,Student Special 4G,Prepaid,2020-09-14,Active,Online,1272,,
SUB-1121,CUST-11121,Prepaid Saver 30D,Prepaid,2023-04-02,Active,Referral,598,,
SUB-1122,CUST-11122,Family Bundle,Postpaid,2021-06-11,Churned,Retail,527,2025-04-07,Involuntary
SUB-1123,CUST-11123,Prepaid Saver 30D,Prepaid,2024-03-27,Active,Agent,1428,,
SUB-1124,CUST-11124,Postpaid Corporate,Postpaid,2022-12-03,Churned,Referral,1454,2025-06-02,Voluntary
SUB-1125,CUST-11125,Unlimited Data Max,Prepaid,2021-09-09,Active,Referral,1023,,
SUB-1126,CUST-11126,Prepaid Saver 30D,Prepaid,2021-04-12,Active,Online,600,,
SUB-1127,CUST-11127,Prepaid Saver 30D,Prepaid,2025-10-18,Churned,Retail,1189,2026-05-06,Voluntary
SUB-1128,CUST-11128,Unlimited Data Max,Prepaid,2025-12-17,Churned,Retail,895,2026-01-11,Voluntary
SUB-1129,CUST-11129,Prepaid Saver 30D,Prepaid,2025-02-20,Active,Agent,1460,,
SUB-1130,CUST-11130,Unlimited Data Max,Prepaid,2025-10-18,Active,Agent,709,,
SUB-1131,CUST-11131,Family Bundle,Postpaid,2025-02-20,Active,Referral,1295,,
SUB-1132,CUST-11132,Student Special 4G,Prepaid,2020-11-13,Active,Retail,1062,,
SUB-1133,CUST-11133,Postpaid Corporate,Postpaid,2022-10-04,Active,Retail,493,,
SUB-1134,CUST-11134,Prepaid Saver 30D,Prepaid,2025-11-17,Active,Agent,549,,
SUB-1135,CUST-11135,Prepaid Saver 30D,Prepaid,2022-04-07,Active,Retail,955,,
SUB-1136,CUST-11136,Prepaid Saver 30D,Prepaid,2020-12-13,Active,Referral,989,,
SUB-1137,CUST-11137,Unlimited Data Max,Prepaid,2021-07-11,Churned,Agent,652,2025-03-04,Involuntary
SUB-1138,CUST-11138,Prepaid Saver 30D,Prepaid,2021-06-11,Active,Retail,1365,,
SUB-1139,CUST-11139,Student Special 4G,Prepaid,2021-03-13,Active,Online,1211,,
SUB-1140,CUST-11140,Unlimited Data Max,Prepaid,2022-01-07,Churned,Online,579,2026-04-26,Voluntary
SUB-1141,CUST-11141,Unlimited Data Max,Prepaid,2021-04-12,Active,Referral,666,,
SUB-1142,CUST-11142,Unlimited Data Max,Prepaid,2021-10-09,Churned,Retail,1106,2025-03-24,Voluntary
SUB-1143,CUST-11143,Prepaid Saver 30D,Prepaid,2022-06-06,Active,Retail,568,,
SUB-1144,CUST-11144,Unlimited Data Max,Prepaid,2025-03-22,Active,Agent,1055,,
SUB-1145,CUST-11145,Prepaid Saver 30D,Prepaid,2021-02-11,Active,Online,1420,,
SUB-1146,CUST-11146,Unlimited Data Max,Prepaid,2025-11-17,Active,Referral,1065,,
SUB-1147,CUST-11147,Unlimited Data Max,Prepaid,2024-10-23,Active,Agent,960,,
SUB-1148,CUST-11148,Postpaid Corporate,Postpaid,2022-03-08,Active,Online,482,,
SUB-1149,CUST-11149,Family Bundle,Postpaid,2022-03-08,Active,Retail,917,,
SUB-1150,CUST-11150,Unlimited Data Max,Prepaid,2021-04-12,Active,Retail,352,,
SUB-1151,CUST-11151,Unlimited Data Max,Prepaid,2025-12-17,Active,Online,469,,
SUB-1152,CUST-11152,Prepaid Saver 30D,Prepaid,2021-11-08,Active,Online,939,,
SUB-1153,CUST-11153,Student Special 4G,Prepaid,2025-09-18,Active,Retail,1199,,
SUB-1154,CUST-11154,Prepaid Saver 30D,Prepaid,2022-11-03,Active,Referral,874,,
SUB-1155,CUST-11155,Prepaid Saver 30D,Prepaid,2025-01-21,Active,Online,1413,,
SUB-1156,CUST-11156,Prepaid Saver 30D,Prepaid,2023-02-01,Active,Agent,1059,,
SUB-1157,CUST-11157,Family Bundle,Postpaid,2025-10-18,Churned,Agent,682,2026-04-24,Voluntary
SUB-1158,CUST-11158,Unlimited Data Max,Prepaid,2026-03-17,Active,Online,1375,,
SUB-1159,CUST-11159,Unlimited Data Max,Prepaid,2020-10-14,Active,Retail,969,,
SUB-1160,CUST-11160,Prepaid Saver 30D,Prepaid,2023-06-01,Churned,Referral,342,2026-04-02,Voluntary
SUB-1161,CUST-11161,Prepaid Saver 30D,Prepaid,2023-08-30,Active,Agent,1250,,
SUB-1162,CUST-11162,Unlimited Data Max,Prepaid,2024-02-26,Active,Retail,1249,,
SUB-1163,CUST-11163,Student Special 4G,Prepaid,2021-02-11,Active,Referral,528,,
SUB-1164,CUST-11164,Postpaid Corporate,Postpaid,2021-11-08,Active,Agent,732,,
SUB-1165,CUST-11165,Family Bundle,Postpaid,2023-08-30,Active,Online,675,,
SUB-1166,CUST-11166,Family Bundle,Postpaid,2025-09-18,Active,Referral,819,,
SUB-1167,CUST-11167,Prepaid Saver 30D,Prepaid,2022-05-07,Active,Online,1258,,
SUB-1168,CUST-11168,Student Special 4G,Prepaid,2025-03-22,Active,Retail,939,,
SUB-1169,CUST-11169,Postpaid Corporate,Postpaid,2024-07-25,Active,Online,1162,,
SUB-1170,CUST-11170,Prepaid Saver 30D,Prepaid,2022-08-05,Active,Retail,1180,,
SUB-1171,CUST-11171,Postpaid Corporate,Postpaid,2020-11-13,Active,Agent,410,,
SUB-1172,CUST-11172,Family Bundle,Postpaid,2025-02-20,Active,Online,1047,,
SUB-1173,CUST-11173,Student Special 4G,Prepaid,2026-03-17,Churned,Agent,1390,2026-04-12,Voluntary
SUB-1174,CUST-11174,Postpaid Corporate,Postpaid,2023-11-28,Active,Online,361,,
SUB-1175,CUST-11175,Unlimited Data Max,Prepaid,2022-05-07,Churned,Referral,805,2026-04-28,Involuntary
SUB-1176,CUST-11176,Student Special 4G,Prepaid,2022-08-05,Active,Online,1279,,
SUB-1177,CUST-11177,Prepaid Saver 30D,Prepaid,2020-11-13,Active,Agent,653,,
SUB-1178,CUST-11178,Postpaid Corporate,Postpaid,2025-03-22,Active,Referral,642,,
SUB-1179,CUST-11179,Postpaid Corporate,Postpaid,2021-11-08,Active,Agent,1352,,
SUB-1180,CUST-11180,Prepaid Saver 30D,Prepaid,2021-12-08,Active,Agent,743,,
SUB-1181,CUST-11181,Unlimited Data Max,Prepaid,2021-08-10,Active,Referral,732,,
SUB-1182,CUST-11182,Postpaid Corporate,Postpaid,2021-02-11,Active,Agent,1213,,
SUB-1183,CUST-11183,Unlimited Data Max,Prepaid,2024-08-24,Churned,Agent,938,2026-04-12,Voluntary
SUB-1184,CUST-11184,Prepaid Saver 30D,Prepaid,2024-08-24,Active,Referral,1334,,
SUB-1185,CUST-11185,Unlimited Data Max,Prepaid,2023-09-29,Active,Retail,620,,
SUB-1186,CUST-11186,Postpaid Corporate,Postpaid,2024-05-26,Active,Online,1022,,
SUB-1187,CUST-11187,Unlimited Data Max,Prepaid,2025-08-19,Active,Retail,1100,,
SUB-1188,CUST-11188,Prepaid Saver 30D,Prepaid,2024-06-25,Churned,Agent,961,2025-06-05,Voluntary
SUB-1189,CUST-11189,Student Special 4G,Prepaid,2024-03-27,Active,Agent,451,,
SUB-1190,CUST-11190,Prepaid Saver 30D,Prepaid,2022-01-07,Active,Agent,943,,
SUB-1191,CUST-11191,Student Special 4G,Prepaid,2026-05-16,Active,Online,1101,,
SUB-1192,CUST-11192,Prepaid Saver 30D,Prepaid,2022-01-07,Churned,Retail,1308,2025-06-13,Voluntary
SUB-1193,CUST-11193,Unlimited Data Max,Prepaid,2021-11-08,Active,Referral,1461,,
SUB-1194,CUST-11194,Student Special 4G,Prepaid,2025-08-19,Active,Agent,805,,
SUB-1195,CUST-11195,Prepaid Saver 30D,Prepaid,2020-11-13,Active,Agent,350,,
SUB-1196,CUST-11196,Family Bundle,Postpaid,2022-03-08,Active,Referral,588,,
SUB-1197,CUST-11197,Prepaid Saver 30D,Prepaid,2022-05-07,Active,Referral,1199,,
SUB-1198,CUST-11198,Student Special 4G,Prepaid,2021-12-08,Active,Online,596,,
SUB-1199,CUST-11199,Prepaid Saver 30D,Prepaid,2021-09-09,Active,Retail,521,,
SUB-1200,CUST-11200,Student Special 4G,Prepaid,2024-01-27,Active,Retail,866,,
SUB-1201,CUST-11201,Unlimited Data Max,Prepaid,2023-06-01,Churned,Referral,417,2025-02-19,Involuntary
SUB-1202,CUST-11202,Postpaid Corporate,Postpaid,2022-11-03,Churned,Online,1235,2025-09-22,Voluntary
SUB-1203,CUST-11203,Unlimited Data Max,Prepaid,2025-04-21,Active,Referral,1159,,
SUB-1204,CUST-11204,Student Special 4G,Prepaid,2026-01-16,Active,Agent,400,,
SUB-1205,CUST-11205,Unlimited Data Max,Prepaid,2022-03-08,Active,Agent,864,,
SUB-1206,CUST-11206,Prepaid Saver 30D,Prepaid,2024-12-22,Churned,Referral,1181,2026-06-02,Voluntary
SUB-1207,CUST-11207,Postpaid Corporate,Postpaid,2024-08-24,Active,Referral,631,,
SUB-1208,CUST-11208,Prepaid Saver 30D,Prepaid,2025-10-18,Active,Agent,977,,
SUB-1209,CUST-11209,Student Special 4G,Prepaid,2023-09-29,Active,Online,766,,
SUB-1210,CUST-11210,Postpaid Corporate,Postpaid,2023-02-01,Active,Online,1354,,
SUB-1211,CUST-11211,Unlimited Data Max,Prepaid,2021-03-13,Active,Online,660,,
SUB-1212,CUST-11212,Student Special 4G,Prepaid,2023-07-31,Active,Referral,1406,,
SUB-1213,CUST-11213,Prepaid Saver 30D,Prepaid,2024-03-27,Active,Agent,555,,
SUB-1214,CUST-11214,Prepaid Saver 30D,Prepaid,2021-10-09,Active,Online,313,,
SUB-1215,CUST-11215,Unlimited Data Max,Prepaid,2024-09-23,Active,Online,1131,,
SUB-1216,CUST-11216,Prepaid Saver 30D,Prepaid,2026-05-16,Active,Retail,1261,,
SUB-1217,CUST-11217,Student Special 4G,Prepaid,2026-03-17,Active,Agent,979,,
SUB-1218,CUST-11218,Family Bundle,Postpaid,2021-07-11,Active,Agent,803,,
SUB-1219,CUST-11219,Family Bundle,Postpaid,2022-05-07,Active,Agent,977,,
SUB-1220,CUST-11220,Postpaid Corporate,Postpaid,2025-05-21,Active,Agent,708,,
SUB-1221,CUST-11221,Unlimited Data Max,Prepaid,2025-02-20,Active,Referral,545,,
SUB-1222,CUST-11222,Prepaid Saver 30D,Prepaid,2021-07-11,Active,Agent,1355,,
SUB-1223,CUST-11223,Unlimited Data Max,Prepaid,2022-09-04,Active,Agent,518,,
SUB-1224,CUST-11224,Postpaid Corporate,Postpaid,2023-07-31,Active,Retail,475,,
SUB-1225,CUST-11225,Unlimited Data Max,Prepaid,2024-03-27,Active,Referral,1004,,
SUB-1226,CUST-11226,Family Bundle,Postpaid,2024-02-26,Active,Online,884,,
SUB-1227,CUST-11227,Unlimited Data Max,Prepaid,2021-11-08,Active,Retail,1459,,
SUB-1228,CUST-11228,Unlimited Data Max,Prepaid,2025-03-22,Active,Retail,409,,
SUB-1229,CUST-11229,Student Special 4G,Prepaid,2021-03-13,Active,Agent,1168,,
SUB-1230,CUST-11230,Unlimited Data Max,Prepaid,2025-01-21,Active,Online,1071,,
SUB-1231,CUST-11231,Unlimited Data Max,Prepaid,2025-01-21,Churned,Retail,988,2026-02-14,Voluntary
SUB-1232,CUST-11232,Prepaid Saver 30D,Prepaid,2024-03-27,Active,Online,909,,
SUB-1233,CUST-11233,Family Bundle,Postpaid,2021-10-09,Active,Online,718,,
SUB-1234,CUST-11234,Prepaid Saver 30D,Prepaid,2026-05-16,Active,Agent,445,,
SUB-1235,CUST-11235,Prepaid Saver 30D,Prepaid,2025-07-20,Active,Online,1441,,
SUB-1236,CUST-11236,Unlimited Data Max,Prepaid,2024-03-27,Churned,Retail,568,2025-08-05,Voluntary
SUB-1237,CUST-11237,Prepaid Saver 30D,Prepaid,2025-07-20,Churned,Retail,745,2025-11-12,Voluntary
SUB-1238,CUST-11238,Prepaid Saver 30D,Prepaid,2024-02-26,Active,Online,593,,
SUB-1239,CUST-11239,Prepaid Saver 30D,Prepaid,2023-11-28,Active,Agent,1229,,
SUB-1240,CUST-11240,Prepaid Saver 30D,Prepaid,2022-11-03,Active,Referral,574,,
SUB-1241,CUST-11241,Family Bundle,Postpaid,2024-06-25,Active,Retail,611,,
SUB-1242,CUST-11242,Postpaid Corporate,Postpaid,2023-04-02,Active,Referral,1085,,
SUB-1243,CUST-11243,Postpaid Corporate,Postpaid,2020-08-15,Active,Referral,619,,
SUB-1244,CUST-11244,Prepaid Saver 30D,Prepaid,2023-09-29,Active,Referral,973,,
SUB-1245,CUST-11245,Prepaid Saver 30D,Prepaid,2021-09-09,Active,Retail,869,,
SUB-1246,CUST-11246,Prepaid Saver 30D,Prepaid,2024-10-23,Churned,Retail,369,2025-06-04,Involuntary
SUB-1247,CUST-11247,Prepaid Saver 30D,Prepaid,2021-03-13,Active,Online,408,,
SUB-1248,CUST-11248,Unlimited Data Max,Prepaid,2023-02-01,Churned,Retail,1215,2026-05-03,Voluntary
SUB-1249,CUST-11249,Unlimited Data Max,Prepaid,2025-08-19,Active,Agent,1373,,
SUB-1250,CUST-11250,Prepaid Saver 30D,Prepaid,2021-02-11,Active,Referral,786,,
SUB-1251,CUST-11251,Unlimited Data Max,Prepaid,2022-04-07,Active,Referral,1484,,
SUB-1252,CUST-11252,Unlimited Data Max,Prepaid,2024-05-26,Active,Agent,700,,
SUB-1253,CUST-11253,Prepaid Saver 30D,Prepaid,2022-12-03,Active,Agent,634,,
SUB-1254,CUST-11254,Student Special 4G,Prepaid,2020-11-13,Active,Online,1205,,
SUB-1255,CUST-11255,Unlimited Data Max,Prepaid,2025-10-18,Churned,Retail,1245,2025-11-06,Voluntary
SUB-1256,CUST-11256,Student Special 4G,Prepaid,2026-03-17,Active,Referral,859,,
SUB-1257,CUST-11257,Unlimited Data Max,Prepaid,2021-10-09,Active,Retail,960,,
SUB-1258,CUST-11258,Family Bundle,Postpaid,2024-09-23,Churned,Agent,587,2025-01-18,Involuntary
SUB-1259,CUST-11259,Prepaid Saver 30D,Prepaid,2021-06-11,Active,Referral,492,,
SUB-1260,CUST-11260,Prepaid Saver 30D,Prepaid,2021-12-08,Active,Retail,522,,
SUB-1261,CUST-11261,Postpaid Corporate,Postpaid,2021-02-11,Churned,Agent,500,2025-12-03,Voluntary
SUB-1262,CUST-11262,Prepaid Saver 30D,Prepaid,2022-01-07,Active,Online,383,,
SUB-1263,CUST-11263,Prepaid Saver 30D,Prepaid,2020-12-13,Active,Referral,1143,,
SUB-1264,CUST-11264,Prepaid Saver 30D,Prepaid,2022-11-03,Active,Agent,1288,,
SUB-1265,CUST-11265,Family Bundle,Postpaid,2025-10-18,Churned,Agent,989,2025-11-16,Voluntary
SUB-1266,CUST-11266,Student Special 4G,Prepaid,2025-03-22,Active,Retail,770,,
SUB-1267,CUST-11267,Prepaid Saver 30D,Prepaid,2021-04-12,Active,Online,1216,,
SUB-1268,CUST-11268,Student Special 4G,Prepaid,2024-09-23,Active,Retail,1054,,
SUB-1269,CUST-11269,Unlimited Data Max,Prepaid,2020-11-13,Active,Referral,338,,
SUB-1270,CUST-11270,Prepaid Saver 30D,Prepaid,2021-04-12,Active,Online,392,,
SUB-1271,CUST-11271,Prepaid Saver 30D,Prepaid,2022-05-07,Active,Agent,1001,,
SUB-1272,CUST-11272,Prepaid Saver 30D,Prepaid,2025-08-19,Active,Referral,848,,
SUB-1273,CUST-11273,Family Bundle,Postpaid,2025-04-21,Active,Retail,882,,
SUB-1274,CUST-11274,Student Special 4G,Prepaid,2022-02-06,Active,Agent,897,,
SUB-1275,CUST-11275,Family Bundle,Postpaid,2024-01-27,Active,Agent,884,,
SUB-1276,CUST-11276,Postpaid Corporate,Postpaid,2024-01-27,Churned,Referral,1349,2025-10-15,Involuntary
SUB-1277,CUST-11277,Prepaid Saver 30D,Prepaid,2025-11-17,Active,Referral,571,,
SUB-1278,CUST-11278,Student Special 4G,Prepaid,2023-09-29,Active,Agent,627,,
SUB-1279,CUST-11279,Unlimited Data Max,Prepaid,2026-05-16,Active,Retail,600,,
SUB-1280,CUST-11280,Student Special 4G,Prepaid,2025-07-20,Active,Online,438,,
SUB-1281,CUST-11281,Unlimited Data Max,Prepaid,2021-01-12,Active,Online,399,,
SUB-1282,CUST-11282,Student Special 4G,Prepaid,2022-01-07,Active,Retail,1326,,
SUB-1283,CUST-11283,Postpaid Corporate,Postpaid,2020-09-14,Active,Referral,1449,,
SUB-1284,CUST-11284,Unlimited Data Max,Prepaid,2021-02-11,Active,Retail,1335,,
SUB-1285,CUST-11285,Unlimited Data Max,Prepaid,2021-01-12,Active,Referral,1111,,
SUB-1286,CUST-11286,Prepaid Saver 30D,Prepaid,2024-01-27,Active,Agent,655,,
SUB-1287,CUST-11287,Prepaid Saver 30D,Prepaid,2024-11-22,Churned,Agent,773,2025-09-13,Involuntary
SUB-1288,CUST-11288,Student Special 4G,Prepaid,2022-06-06,Active,Agent,759,,
SUB-1289,CUST-11289,Unlimited Data Max,Prepaid,2022-10-04,Active,Retail,1349,,
SUB-1290,CUST-11290,Prepaid Saver 30D,Prepaid,2023-11-28,Active,Referral,1043,,
SUB-1291,CUST-11291,Prepaid Saver 30D,Prepaid,2023-07-01,Active,Referral,995,,
SUB-1292,CUST-11292,Unlimited Data Max,Prepaid,2025-03-22,Active,Referral,1297,,
SUB-1293,CUST-11293,Prepaid Saver 30D,Prepaid,2023-07-01,Active,Online,1275,,
SUB-1294,CUST-11294,Student Special 4G,Prepaid,2020-10-14,Active,Online,1164,,
SUB-1295,CUST-11295,Postpaid Corporate,Postpaid,2023-11-28,Active,Retail,780,,
SUB-1296,CUST-11296,Family Bundle,Postpaid,2023-06-01,Active,Agent,651,,
SUB-1297,CUST-11297,Prepaid Saver 30D,Prepaid,2020-12-13,Active,Retail,838,,
SUB-1298,CUST-11298,Unlimited Data Max,Prepaid,2021-06-11,Churned,Referral,1096,2026-03-18,Voluntary
SUB-1299,CUST-11299,Unlimited Data Max,Prepaid,2021-10-09,Active,Online,720,,
SUB-1300,CUST-11300,Prepaid Saver 30D,Prepaid,2026-05-16,Active,Referral,1019,,
SUB-1301,CUST-11301,Unlimited Data Max,Prepaid,2021-06-11,Active,Agent,996,,
SUB-1302,CUST-11302,Unlimited Data Max,Prepaid,2025-12-17,Active,Referral,587,,
SUB-1303,CUST-11303,Postpaid Corporate,Postpaid,2026-03-17,Active,Online,1390,,
SUB-1304,CUST-11304,Unlimited Data Max,Prepaid,2024-04-26,Churned,Agent,1391,2026-04-16,Voluntary
SUB-1305,CUST-11305,Prepaid Saver 30D,Prepaid,2023-12-28,Active,Retail,1302,,
SUB-1306,CUST-11306,Prepaid Saver 30D,Prepaid,2025-09-18,Active,Online,1409,,
SUB-1307,CUST-11307,Postpaid Corporate,Postpaid,2022-12-03,Active,Online,1247,,
SUB-1308,CUST-11308,Prepaid Saver 30D,Prepaid,2021-01-12,Active,Online,544,,
SUB-1309,CUST-11309,Postpaid Corporate,Postpaid,2022-08-05,Churned,Agent,673,2025-11-07,Voluntary
SUB-1310,CUST-11310,Prepaid Saver 30D,Prepaid,2020-10-14,Active,Agent,1482,,
SUB-1311,CUST-11311,Unlimited Data Max,Prepaid,2021-03-13,Active,Retail,317,,
SUB-1312,CUST-11312,Prepaid Saver 30D,Prepaid,2021-09-09,Active,Agent,1311,,
SUB-1313,CUST-11313,Unlimited Data Max,Prepaid,2025-06-20,Active,Referral,366,,
SUB-1314,CUST-11314,Prepaid Saver 30D,Prepaid,2022-09-04,Churned,Online,668,2026-05-28,Voluntary
SUB-1315,CUST-11315,Postpaid Corporate,Postpaid,2025-11-17,Active,Agent,500,,
SUB-1316,CUST-11316,Student Special 4G,Prepaid,2021-12-08,Active,Online,1001,,
SUB-1317,CUST-11317,Unlimited Data Max,Prepaid,2021-03-13,Active,Retail,1487,,
SUB-1318,CUST-11318,Unlimited Data Max,Prepaid,2025-09-18,Churned,Referral,1234,2025-11-26,Voluntary
SUB-1319,CUST-11319,Unlimited Data Max,Prepaid,2023-07-01,Active,Referral,1325,,
SUB-1320,CUST-11320,Family Bundle,Postpaid,2025-08-19,Churned,Online,1448,2026-05-18,Voluntary
SUB-1321,CUST-11321,Prepaid Saver 30D,Prepaid,2023-04-02,Active,Online,975,,
SUB-1322,CUST-11322,Prepaid Saver 30D,Prepaid,2023-09-29,Active,Agent,990,,
SUB-1323,CUST-11323,Unlimited Data Max,Prepaid,2021-03-13,Active,Retail,1249,,
SUB-1324,CUST-11324,Student Special 4G,Prepaid,2024-10-23,Active,Referral,1002,,
SUB-1325,CUST-11325,Prepaid Saver 30D,Prepaid,2022-01-07,Active,Online,805,,
SUB-1326,CUST-11326,Unlimited Data Max,Prepaid,2022-08-05,Churned,Agent,439,2026-02-06,Voluntary
SUB-1327,CUST-11327,Prepaid Saver 30D,Prepaid,2022-03-08,Active,Agent,1493,,
SUB-1328,CUST-11328,Postpaid Corporate,Postpaid,2020-10-14,Active,Agent,885,,
SUB-1329,CUST-11329,Prepaid Saver 30D,Prepaid,2025-04-21,Active,Retail,898,,
SUB-1330,CUST-11330,Family Bundle,Postpaid,2026-05-16,Churned,Agent,1111,2026-05-22,Involuntary
SUB-1331,CUST-11331,Student Special 4G,Prepaid,2022-10-04,Active,Retail,1371,,
SUB-1332,CUST-11332,Prepaid Saver 30D,Prepaid,2025-09-18,Active,Referral,512,,
SUB-1333,CUST-11333,Family Bundle,Postpaid,2023-10-29,Active,Retail,1305,,
SUB-1334,CUST-11334,Student Special 4G,Prepaid,2023-05-02,Active,Referral,405,,
SUB-1335,CUST-11335,Prepaid Saver 30D,Prepaid,2022-11-03,Active,Referral,939,,
SUB-1336,CUST-11336,Student Special 4G,Prepaid,2026-05-16,Active,Online,936,,
SUB-1337,CUST-11337,Prepaid Saver 30D,Prepaid,2023-02-01,Active,Agent,472,,
SUB-1338,CUST-11338,Prepaid Saver 30D,Prepaid,2021-11-08,Churned,Agent,761,2026-06-04,Involuntary
SUB-1339,CUST-11339,Prepaid Saver 30D,Prepaid,2026-04-16,Active,Agent,1343,,
SUB-1340,CUST-11340,Student Special 4G,Prepaid,2024-01-27,Churned,Retail,879,2025-05-20,Involuntary
SUB-1341,CUST-11341,Family Bundle,Postpaid,2024-05-26,Active,Agent,635,,
SUB-1342,CUST-11342,Prepaid Saver 30D,Prepaid,2024-05-26,Active,Online,1116,,
SUB-1343,CUST-11343,Postpaid Corporate,Postpaid,2023-09-29,Active,Referral,1197,,
SUB-1344,CUST-11344,Postpaid Corporate,Postpaid,2025-07-20,Active,Referral,327,,
SUB-1345,CUST-11345,Student Special 4G,Prepaid,2023-07-01,Active,Referral,834,,
SUB-1346,CUST-11346,Prepaid Saver 30D,Prepaid,2025-12-17,Active,Referral,1203,,
SUB-1347,CUST-11347,Unlimited Data Max,Prepaid,2025-10-18,Active,Referral,784,,
SUB-1348,CUST-11348,Unlimited Data Max,Prepaid,2023-04-02,Active,Retail,603,,
SUB-1349,CUST-11349,Unlimited Data Max,Prepaid,2021-03-13,Active,Retail,917,,
SUB-1350,CUST-11350,Unlimited Data Max,Prepaid,2022-04-07,Churned,Online,1471,2025-08-23,Involuntary
SUB-1351,CUST-11351,Prepaid Saver 30D,Prepaid,2024-06-25,Active,Referral,1129,,
SUB-1352,CUST-11352,Unlimited Data Max,Prepaid,2024-05-26,Active,Agent,1289,,
SUB-1353,CUST-11353,Student Special 4G,Prepaid,2023-07-31,Active,Referral,867,,
SUB-1354,CUST-11354,Prepaid Saver 30D,Prepaid,2026-03-17,Churned,Agent,1064,2026-04-20,Voluntary
SUB-1355,CUST-11355,Prepaid Saver 30D,Prepaid,2022-07-06,Active,Referral,918,,
SUB-1356,CUST-11356,Student Special 4G,Prepaid,2025-08-19,Active,Online,1288,,
SUB-1357,CUST-11357,Prepaid Saver 30D,Prepaid,2022-03-08,Active,Online,442,,
SUB-1358,CUST-11358,Postpaid Corporate,Postpaid,2024-03-27,Active,Agent,1251,,
SUB-1359,CUST-11359,Student Special 4G,Prepaid,2024-03-27,Active,Referral,1312,,
SUB-1360,CUST-11360,Prepaid Saver 30D,Prepaid,2023-10-29,Active,Agent,626,,
SUB-1361,CUST-11361,Prepaid Saver 30D,Prepaid,2025-08-19,Active,Retail,1201,,
SUB-1362,CUST-11362,Prepaid Saver 30D,Prepaid,2024-12-22,Churned,Retail,1481,2026-05-12,Voluntary
SUB-1363,CUST-11363,Prepaid Saver 30D,Prepaid,2025-03-22,Active,Online,583,,
SUB-1364,CUST-11364,Prepaid Saver 30D,Prepaid,2021-06-11,Active,Agent,1005,,
SUB-1365,CUST-11365,Prepaid Saver 30D,Prepaid,2025-06-20,Active,Agent,1203,,
SUB-1366,CUST-11366,Prepaid Saver 30D,Prepaid,2025-08-19,Active,Agent,682,,
SUB-1367,CUST-11367,Prepaid Saver 30D,Prepaid,2024-12-22,Active,Agent,1384,,
SUB-1368,CUST-11368,Unlimited Data Max,Prepaid,2023-11-28,Active,Retail,1250,,
SUB-1369,CUST-11369,Unlimited Data Max,Prepaid,2022-12-03,Active,Agent,563,,
SUB-1370,CUST-11370,Prepaid Saver 30D,Prepaid,2023-11-28,Active,Referral,566,,
SUB-1371,CUST-11371,Unlimited Data Max,Prepaid,2023-04-02,Active,Online,1479,,
SUB-1372,CUST-11372,Postpaid Corporate,Postpaid,2023-06-01,Active,Retail,413,,
SUB-1373,CUST-11373,Family Bundle,Postpaid,2025-06-20,Active,Online,1436,,
SUB-1374,CUST-11374,Student Special 4G,Prepaid,2026-05-16,Active,Retail,742,,
SUB-1375,CUST-11375,Prepaid Saver 30D,Prepaid,2022-06-06,Active,Referral,655,,
SUB-1376,CUST-11376,Prepaid Saver 30D,Prepaid,2020-11-13,Active,Referral,827,,
SUB-1377,CUST-11377,Postpaid Corporate,Postpaid,2026-01-16,Active,Retail,1255,,
SUB-1378,CUST-11378,Postpaid Corporate,Postpaid,2021-01-12,Active,Agent,758,,
SUB-1379,CUST-11379,Family Bundle,Postpaid,2021-02-11,Active,Online,1004,,
SUB-1380,CUST-11380,Prepaid Saver 30D,Prepaid,2021-11-08,Active,Referral,794,,
SUB-1381,CUST-11381,Unlimited Data Max,Prepaid,2023-02-01,Active,Agent,403,,
SUB-1382,CUST-11382,Prepaid Saver 30D,Prepaid,2024-05-26,Active,Referral,431,,
SUB-1383,CUST-11383,Family Bundle,Postpaid,2023-01-02,Active,Agent,419,,
SUB-1384,CUST-11384,Postpaid Corporate,Postpaid,2026-05-16,Active,Retail,627,,
SUB-1385,CUST-11385,Student Special 4G,Prepaid,2024-09-23,Churned,Retail,760,2025-01-23,Involuntary
SUB-1386,CUST-11386,Postpaid Corporate,Postpaid,2024-02-26,Active,Online,1281,,
SUB-1387,CUST-11387,Family Bundle,Postpaid,2023-06-01,Active,Agent,507,,
SUB-1388,CUST-11388,Prepaid Saver 30D,Prepaid,2024-10-23,Churned,Agent,902,2026-03-28,Involuntary
SUB-1389,CUST-11389,Family Bundle,Postpaid,2023-11-28,Active,Agent,1439,,
SUB-1390,CUST-11390,Student Special 4G,Prepaid,2022-03-08,Active,Retail,951,,
SUB-1391,CUST-11391,Student Special 4G,Prepaid,2020-11-13,Active,Agent,1204,,
SUB-1392,CUST-11392,Family Bundle,Postpaid,2021-08-10,Active,Retail,1025,,
SUB-1393,CUST-11393,Prepaid Saver 30D,Prepaid,2025-12-17,Active,Agent,1053,,
SUB-1394,CUST-11394,Postpaid Corporate,Postpaid,2023-01-02,Active,Retail,1171,,
SUB-1395,CUST-11395,Prepaid Saver 30D,Prepaid,2023-09-29,Active,Referral,327,,
SUB-1396,CUST-11396,Student Special 4G,Prepaid,2023-05-02,Active,Retail,1203,,
SUB-1397,CUST-11397,Student Special 4G,Prepaid,2021-10-09,Active,Agent,485,,
SUB-1398,CUST-11398,Student Special 4G,Prepaid,2024-06-25,Active,Referral,483,,
SUB-1399,CUST-11399,Prepaid Saver 30D,Prepaid,2023-04-02,Active,Retail,1462,,
SUB-1400,CUST-11400,Student Special 4G,Prepaid,2021-04-12,Active,Agent,1450,,
SUB-1401,CUST-11401,Student Special 4G,Prepaid,2023-02-01,Active,Retail,1498,,
SUB-1402,CUST-11402,Postpaid Corporate,Postpaid,2023-03-03,Churned,Referral,1242,2025-06-20,Involuntary
SUB-1403,CUST-11403,Prepaid Saver 30D,Prepaid,2021-02-11,Churned,Agent,922,2025-05-17,Voluntary
SUB-1404,CUST-11404,Student Special 4G,Prepaid,2026-03-17,Active,Referral,630,,
SUB-1405,CUST-11405,Student Special 4G,Prepaid,2024-03-27,Active,Retail,1239,,
SUB-1406,CUST-11406,Prepaid Saver 30D,Prepaid,2023-07-31,Active,Agent,828,,
SUB-1407,CUST-11407,Prepaid Saver 30D,Prepaid,2026-05-16,Active,Agent,886,,
SUB-1408,CUST-11408,Postpaid Corporate,Postpaid,2023-08-30,Active,Agent,325,,
SUB-1409,CUST-11409,Postpaid Corporate,Postpaid,2021-01-12,Active,Referral,924,,
SUB-1410,CUST-11410,Prepaid Saver 30D,Prepaid,2021-11-08,Active,Referral,971,,
SUB-1411,CUST-11411,Prepaid Saver 30D,Prepaid,2026-03-17,Active,Referral,1354,,
SUB-1412,CUST-11412,Student Special 4G,Prepaid,2021-04-12,Active,Referral,474,,
SUB-1413,CUST-11413,Family Bundle,Postpaid,2021-10-09,Active,Online,1278,,
SUB-1414,CUST-11414,Prepaid Saver 30D,Prepaid,2021-04-12,Active,Agent,738,,
SUB-1415,CUST-11415,Family Bundle,Postpaid,2025-08-19,Active,Referral,1454,,
SUB-1416,CUST-11416,Prepaid Saver 30D,Prepaid,2021-03-13,Active,Retail,739,,
SUB-1417,CUST-11417,Unlimited Data Max,Prepaid,2026-04-16,Active,Online,1320,,
SUB-1418,CUST-11418,Postpaid Corporate,Postpaid,2026-03-17,Active,Online,1070,,
SUB-1419,CUST-11419,Unlimited Data Max,Prepaid,2024-04-26,Active,Online,1064,,
SUB-1420,CUST-11420,Unlimited Data Max,Prepaid,2021-09-09,Active,Retail,772,,
SUB-1421,CUST-11421,Family Bundle,Postpaid,2021-05-12,Active,Agent,955,,
SUB-1422,CUST-11422,Prepaid Saver 30D,Prepaid,2022-10-04,Active,Agent,1019,,
SUB-1423,CUST-11423,Prepaid Saver 30D,Prepaid,2026-03-17,Active,Retail,1201,,
SUB-1424,CUST-11424,Prepaid Saver 30D,Prepaid,2021-04-12,Active,Referral,1142,,
SUB-1425,CUST-11425,Prepaid Saver 30D,Prepaid,2024-11-22,Active,Referral,361,,
SUB-1426,CUST-11426,Postpaid Corporate,Postpaid,2022-02-06,Active,Agent,1346,,
SUB-1427,CUST-11427,Prepaid Saver 30D,Prepaid,2024-10-23,Active,Referral,334,,
SUB-1428,CUST-11428,Prepaid Saver 30D,Prepaid,2023-02-01,Active,Agent,933,,
SUB-1429,CUST-11429,Prepaid Saver 30D,Prepaid,2025-11-17,Active,Agent,1289,,
SUB-1430,CUST-11430,Postpaid Corporate,Postpaid,2020-08-15,Active,Referral,1490,,
SUB-1431,CUST-11431,Family Bundle,Postpaid,2025-11-17,Churned,Referral,603,2026-03-09,Voluntary
SUB-1432,CUST-11432,Prepaid Saver 30D,Prepaid,2020-11-13,Churned,Referral,987,2026-04-27,Involuntary
SUB-1433,CUST-11433,Student Special 4G,Prepaid,2021-02-11,Active,Retail,877,,
SUB-1434,CUST-11434,Family Bundle,Postpaid,2025-07-20,Active,Online,758,,
SUB-1435,CUST-11435,Prepaid Saver 30D,Prepaid,2022-05-07,Active,Agent,1445,,
SUB-1436,CUST-11436,Unlimited Data Max,Prepaid,2024-05-26,Active,Retail,935,,
SUB-1437,CUST-11437,Postpaid Corporate,Postpaid,2024-07-25,Active,Referral,1140,,
SUB-1438,CUST-11438,Family Bundle,Postpaid,2024-06-25,Active,Online,629,,
SUB-1439,CUST-11439,Unlimited Data Max,Prepaid,2025-01-21,Active,Referral,875,,
SUB-1440,CUST-11440,Unlimited Data Max,Prepaid,2020-10-14,Active,Retail,1140,,
SUB-1441,CUST-11441,Postpaid Corporate,Postpaid,2026-02-15,Active,Retail,1283,,
SUB-1442,CUST-11442,Student Special 4G,Prepaid,2024-04-26,Active,Online,500,,
SUB-1443,CUST-11443,Unlimited Data Max,Prepaid,2024-04-26,Active,Online,1492,,
SUB-1444,CUST-11444,Prepaid Saver 30D,Prepaid,2023-12-28,Active,Online,1415,,
SUB-1445,CUST-11445,Unlimited Data Max,Prepaid,2024-08-24,Active,Referral,543,,
SUB-1446,CUST-11446,Family Bundle,Postpaid,2022-07-06,Active,Online,1138,,
SUB-1447,CUST-11447,Postpaid Corporate,Postpaid,2021-01-12,Active,Retail,689,,
SUB-1448,CUST-11448,Prepaid Saver 30D,Prepaid,2022-07-06,Active,Agent,1211,,
SUB-1449,CUST-11449,Student Special 4G,Prepaid,2025-02-20,Active,Retail,1342,,
SUB-1450,CUST-11450,Prepaid Saver 30D,Prepaid,2020-08-15,Active,Online,1414,,
SUB-1451,CUST-11451,Family Bundle,Postpaid,2024-01-27,Active,Online,877,,
SUB-1452,CUST-11452,Unlimited Data Max,Prepaid,2024-07-25,Active,Referral,721,,
SUB-1453,CUST-11453,Unlimited Data Max,Prepaid,2022-06-06,Active,Retail,1214,,
SUB-1454,CUST-11454,Prepaid Saver 30D,Prepaid,2020-09-14,Active,Referral,1385,,
SUB-1455,CUST-11455,Unlimited Data Max,Prepaid,2024-07-25,Active,Online,327,,
SUB-1456,CUST-11456,Student Special 4G,Prepaid,2025-03-22,Active,Agent,1319,,
SUB-1457,CUST-11457,Prepaid Saver 30D,Prepaid,2021-11-08,Churned,Agent,432,2025-09-08,Voluntary
SUB-1458,CUST-11458,Prepaid Saver 30D,Prepaid,2023-08-30,Active,Referral,1440,,
SUB-1459,CUST-11459,Student Special 4G,Prepaid,2022-03-08,Active,Online,1264,,
SUB-1460,CUST-11460,Prepaid Saver 30D,Prepaid,2023-09-29,Active,Online,1392,,
SUB-1461,CUST-11461,Prepaid Saver 30D,Prepaid,2026-03-17,Active,Retail,647,,
SUB-1462,CUST-11462,Unlimited Data Max,Prepaid,2024-04-26,Active,Referral,876,,
SUB-1463,CUST-11463,Family Bundle,Postpaid,2021-06-11,Active,Agent,812,,
SUB-1464,CUST-11464,Postpaid Corporate,Postpaid,2020-12-13,Active,Agent,450,,
SUB-1465,CUST-11465,Student Special 4G,Prepaid,2024-04-26,Active,Retail,997,,
SUB-1466,CUST-11466,Student Special 4G,Prepaid,2022-05-07,Active,Referral,1106,,
SUB-1467,CUST-11467,Prepaid Saver 30D,Prepaid,2025-11-17,Churned,Retail,1494,2025-11-28,Involuntary
SUB-1468,CUST-11468,Unlimited Data Max,Prepaid,2025-02-20,Active,Retail,1235,,
SUB-1469,CUST-11469,Postpaid Corporate,Postpaid,2022-05-07,Active,Referral,1351,,
SUB-1470,CUST-11470,Unlimited Data Max,Prepaid,2026-03-17,Active,Retail,775,,
SUB-1471,CUST-11471,Family Bundle,Postpaid,2022-01-07,Active,Referral,954,,
SUB-1472,CUST-11472,Unlimited Data Max,Prepaid,2020-10-14,Active,Online,432,,
SUB-1473,CUST-11473,Prepaid Saver 30D,Prepaid,2025-12-17,Active,Agent,604,,
SUB-1474,CUST-11474,Prepaid Saver 30D,Prepaid,2023-01-02,Active,Referral,659,,
SUB-1475,CUST-11475,Prepaid Saver 30D,Prepaid,2024-04-26,Active,Online,1397,,
SUB-1476,CUST-11476,Postpaid Corporate,Postpaid,2022-09-04,Active,Online,851,,
SUB-1477,CUST-11477,Student Special 4G,Prepaid,2021-03-13,Active,Retail,1439,,
SUB-1478,CUST-11478,Student Special 4G,Prepaid,2025-12-17,Churned,Agent,580,2026-02-08,Voluntary
SUB-1479,CUST-11479,Family Bundle,Postpaid,2022-07-06,Active,Online,440,,
SUB-1480,CUST-11480,Prepaid Saver 30D,Prepaid,2025-05-21,Active,Retail,1096,,
SUB-1481,CUST-11481,Prepaid Saver 30D,Prepaid,2023-05-02,Active,Referral,1013,,
SUB-1482,CUST-11482,Student Special 4G,Prepaid,2023-10-29,Active,Referral,1087,,
SUB-1483,CUST-11483,Prepaid Saver 30D,Prepaid,2023-07-01,Active,Retail,1437,,
SUB-1484,CUST-11484,Unlimited Data Max,Prepaid,2021-12-08,Active,Referral,692,,
SUB-1485,CUST-11485,Unlimited Data Max,Prepaid,2022-11-03,Active,Retail,1144,,
SUB-1486,CUST-11486,Postpaid Corporate,Postpaid,2024-05-26,Churned,Agent,598,2026-01-31,Involuntary
SUB-1487,CUST-11487,Postpaid Corporate,Postpaid,2022-08-05,Active,Retail,1031,,
SUB-1488,CUST-11488,Prepaid Saver 30D,Prepaid,2022-12-03,Active,Referral,397,,
SUB-1489,CUST-11489,Unlimited Data Max,Prepaid,2026-01-16,Active,Retail,350,,
SUB-1490,CUST-11490,Unlimited Data Max,Prepaid,2022-11-03,Active,Online,331,,
SUB-1491,CUST-11491,Prepaid Saver 30D,Prepaid,2024-06-25,Active,Online,549,,
SUB-1492,CUST-11492,Unlimited Data Max,Prepaid,2025-07-20,Active,Agent,599,,
SUB-1493,CUST-11493,Student Special 4G,Prepaid,2023-05-02,Active,Retail,590,,
SUB-1494,CUST-11494,Family Bundle,Postpaid,2023-06-01,Active,Referral,1354,,
SUB-1495,CUST-11495,Student Special 4G,Prepaid,2022-03-08,Active,Online,752,,
SUB-1496,CUST-11496,Student Special 4G,Prepaid,2023-11-28,Active,Online,1385,,
SUB-1497,CUST-11497,Family Bundle,Postpaid,2022-02-06,Active,Referral,1060,,
SUB-1498,CUST-11498,Postpaid Corporate,Postpaid,2024-09-23,Churned,Agent,376,2026-03-30,Voluntary
SUB-1499,CUST-11499,Prepaid Saver 30D,Prepaid,2022-12-03,Active,Referral,1495,,
SUB-1500,CUST-11500,Student Special 4G,Prepaid,2020-10-14,Active,Retail,1142,,
SUB-1501,CUST-11501,Prepaid Saver 30D,Prepaid,2023-01-02,Active,Online,1168,,
SUB-1502,CUST-11502,Prepaid Saver 30D,Prepaid,2022-06-06,Active,Retail,1052,,
SUB-1503,CUST-11503,Unlimited Data Max,Prepaid,2024-03-27,Active,Online,1341,,
SUB-1504,CUST-11504,Postpaid Corporate,Postpaid,2022-07-06,Active,Online,1377,,
SUB-1505,CUST-11505,Student Special 4G,Prepaid,2021-07-11,Active,Referral,763,,
SUB-1506,CUST-11506,Postpaid Corporate,Postpaid,2021-05-12,Active,Online,962,,
SUB-1507,CUST-11507,Prepaid Saver 30D,Prepaid,2021-01-12,Churned,Referral,920,2025-04-18,Voluntary
SUB-1508,CUST-11508,Postpaid Corporate,Postpaid,2024-08-24,Active,Online,927,,
SUB-1509,CUST-11509,Student Special 4G,Prepaid,2021-06-11,Churned,Referral,1123,2026-05-29,Voluntary
SUB-1510,CUST-11510,Student Special 4G,Prepaid,2024-05-26,Active,Referral,1072,,
SUB-1511,CUST-11511,Prepaid Saver 30D,Prepaid,2021-05-12,Active,Referral,1465,,
SUB-1512,CUST-11512,Prepaid Saver 30D,Prepaid,2026-05-16,Active,Agent,1449,,
SUB-1513,CUST-11513,Prepaid Saver 30D,Prepaid,2021-02-11,Active,Referral,571,,
SUB-1514,CUST-11514,Family Bundle,Postpaid,2025-02-20,Active,Online,997,,
SUB-1515,CUST-11515,Unlimited Data Max,Prepaid,2025-03-22,Active,Agent,418,,
SUB-1516,CUST-11516,Student Special 4G,Prepaid,2023-03-03,Active,Agent,369,,
SUB-1517,CUST-11517,Unlimited Data Max,Prepaid,2023-06-01,Active,Online,1166,,
SUB-1518,CUST-11518,Family Bundle,Postpaid,2025-06-20,Active,Retail,602,,
SUB-1519,CUST-11519,Prepaid Saver 30D,Prepaid,2023-05-02,Active,Referral,366,,
SUB-1520,CUST-11520,Postpaid Corporate,Postpaid,2021-10-09,Active,Agent,626,,
SUB-1521,CUST-11521,Postpaid Corporate,Postpaid,2023-07-31,Active,Online,496,,
SUB-1522,CUST-11522,Student Special 4G,Prepaid,2023-01-02,Active,Agent,1431,,
SUB-1523,CUST-11523,Student Special 4G,Prepaid,2021-06-11,Active,Retail,772,,
SUB-1524,CUST-11524,Unlimited Data Max,Prepaid,2025-05-21,Active,Retail,1385,,
SUB-1525,CUST-11525,Prepaid Saver 30D,Prepaid,2024-06-25,Active,Online,645,,
SUB-1526,CUST-11526,Unlimited Data Max,Prepaid,2021-03-13,Active,Retail,350,,
SUB-1527,CUST-11527,Postpaid Corporate,Postpaid,2025-06-20,Active,Retail,1009,,
SUB-1528,CUST-11528,Postpaid Corporate,Postpaid,2024-11-22,Active,Referral,1296,,
SUB-1529,CUST-11529,Prepaid Saver 30D,Prepaid,2024-10-23,Active,Referral,1413,,
SUB-1530,CUST-11530,Student Special 4G,Prepaid,2021-08-10,Active,Referral,1416,,
SUB-1531,CUST-11531,Prepaid Saver 30D,Prepaid,2025-07-20,Active,Agent,421,,
SUB-1532,CUST-11532,Prepaid Saver 30D,Prepaid,2024-03-27,Churned,Retail,1295,2025-12-17,Voluntary
SUB-1533,CUST-11533,Prepaid Saver 30D,Prepaid,2024-01-27,Active,Retail,310,,
SUB-1534,CUST-11534,Postpaid Corporate,Postpaid,2025-12-17,Active,Retail,668,,
SUB-1535,CUST-11535,Unlimited Data Max,Prepaid,2025-09-18,Active,Online,317,,
SUB-1536,CUST-11536,Family Bundle,Postpaid,2024-03-27,Active,Retail,849,,
SUB-1537,CUST-11537,Postpaid Corporate,Postpaid,2025-11-17,Active,Referral,339,,
SUB-1538,CUST-11538,Prepaid Saver 30D,Prepaid,2020-09-14,Active,Retail,364,,
SUB-1539,CUST-11539,Unlimited Data Max,Prepaid,2023-09-29,Churned,Agent,1170,2025-10-25,Voluntary
SUB-1540,CUST-11540,Student Special 4G,Prepaid,2026-05-16,Churned,Retail,1155,2026-05-16,Voluntary
SUB-1541,CUST-11541,Student Special 4G,Prepaid,2022-12-03,Active,Agent,983,,
SUB-1542,CUST-11542,Prepaid Saver 30D,Prepaid,2022-01-07,Active,Referral,1208,,
SUB-1543,CUST-11543,Prepaid Saver 30D,Prepaid,2022-11-03,Active,Online,640,,
SUB-1544,CUST-11544,Prepaid Saver 30D,Prepaid,2023-02-01,Active,Retail,802,,
SUB-1545,CUST-11545,Prepaid Saver 30D,Prepaid,2025-11-17,Active,Agent,1481,,
SUB-1546,CUST-11546,Prepaid Saver 30D,Prepaid,2022-03-08,Active,Online,445,,
SUB-1547,CUST-11547,Postpaid Corporate,Postpaid,2020-10-14,Active,Retail,678,,
SUB-1548,CUST-11548,Prepaid Saver 30D,Prepaid,2024-04-26,Active,Online,554,,
SUB-1549,CUST-11549,Student Special 4G,Prepaid,2025-09-18,Active,Agent,1093,,
SUB-1550,CUST-11550,Prepaid Saver 30D,Prepaid,2025-02-20,Active,Referral,1178,,
SUB-1551,CUST-11551,Postpaid Corporate,Postpaid,2022-08-05,Active,Retail,968,,
SUB-1552,CUST-11552,Family Bundle,Postpaid,2022-09-04,Active,Agent,1348,,
SUB-1553,CUST-11553,Prepaid Saver 30D,Prepaid,2021-03-13,Active,Referral,1179,,
SUB-1554,CUST-11554,Unlimited Data Max,Prepaid,2024-01-27,Active,Agent,1285,,
SUB-1555,CUST-11555,Prepaid Saver 30D,Prepaid,2021-04-12,Active,Referral,1020,,
SUB-1556,CUST-11556,Prepaid Saver 30D,Prepaid,2024-10-23,Active,Retail,1282,,
SUB-1557,CUST-11557,Student Special 4G,Prepaid,2023-06-01,Active,Referral,1126,,
SUB-1558,CUST-11558,Student Special 4G,Prepaid,2022-08-05,Active,Online,749,,
SUB-1559,CUST-11559,Postpaid Corporate,Postpaid,2024-10-23,Active,Referral,886,,
SUB-1560,CUST-11560,Family Bundle,Postpaid,2024-03-27,Active,Retail,1387,,
SUB-1561,CUST-11561,Prepaid Saver 30D,Prepaid,2021-08-10,Active,Retail,479,,
SUB-1562,CUST-11562,Unlimited Data Max,Prepaid,2023-01-02,Active,Referral,1369,,
SUB-1563,CUST-11563,Prepaid Saver 30D,Prepaid,2022-11-03,Active,Agent,561,,
SUB-1564,CUST-11564,Postpaid Corporate,Postpaid,2022-10-04,Active,Retail,907,,
SUB-1565,CUST-11565,Unlimited Data Max,Prepaid,2021-10-09,Churned,Referral,1368,2025-04-01,Voluntary
SUB-1566,CUST-11566,Unlimited Data Max,Prepaid,2020-10-14,Active,Online,1050,,
SUB-1567,CUST-11567,Family Bundle,Postpaid,2024-01-27,Active,Agent,869,,
SUB-1568,CUST-11568,Prepaid Saver 30D,Prepaid,2024-04-26,Active,Retail,1476,,
SUB-1569,CUST-11569,Unlimited Data Max,Prepaid,2021-02-11,Active,Referral,1385,,
SUB-1570,CUST-11570,Prepaid Saver 30D,Prepaid,2023-07-31,Active,Agent,1174,,
SUB-1571,CUST-11571,Unlimited Data Max,Prepaid,2020-12-13,Churned,Online,453,2025-12-03,Involuntary
SUB-1572,CUST-11572,Unlimited Data Max,Prepaid,2021-04-12,Active,Online,734,,
SUB-1573,CUST-11573,Prepaid Saver 30D,Prepaid,2022-02-06,Active,Referral,1067,,
SUB-1574,CUST-11574,Prepaid Saver 30D,Prepaid,2022-03-08,Active,Online,1012,,
SUB-1575,CUST-11575,Student Special 4G,Prepaid,2020-12-13,Active,Online,1350,,
SUB-1576,CUST-11576,Prepaid Saver 30D,Prepaid,2024-10-23,Active,Referral,1458,,
SUB-1577,CUST-11577,Postpaid Corporate,Postpaid,2023-09-29,Active,Retail,903,,
SUB-1578,CUST-11578,Postpaid Corporate,Postpaid,2023-04-02,Active,Referral,799,,
SUB-1579,CUST-11579,Student Special 4G,Prepaid,2025-04-21,Active,Referral,1276,,
SUB-1580,CUST-11580,Family Bundle,Postpaid,2023-06-01,Active,Online,582,,
SUB-1581,CUST-11581,Prepaid Saver 30D,Prepaid,2022-08-05,Active,Retail,755,,
SUB-1582,CUST-11582,Unlimited Data Max,Prepaid,2023-07-01,Active,Retail,1027,,
SUB-1583,CUST-11583,Unlimited Data Max,Prepaid,2022-08-05,Active,Agent,471,,
SUB-1584,CUST-11584,Unlimited Data Max,Prepaid,2025-10-18,Active,Retail,1255,,
SUB-1585,CUST-11585,Student Special 4G,Prepaid,2023-07-31,Active,Retail,1070,,
SUB-1586,CUST-11586,Prepaid Saver 30D,Prepaid,2021-01-12,Active,Agent,443,,
SUB-1587,CUST-11587,Unlimited Data Max,Prepaid,2024-11-22,Active,Agent,1394,,
SUB-1588,CUST-11588,Unlimited Data Max,Prepaid,2023-09-29,Active,Retail,816,,
SUB-1589,CUST-11589,Student Special 4G,Prepaid,2022-10-04,Active,Referral,1420,,
SUB-1590,CUST-11590,Prepaid Saver 30D,Prepaid,2022-10-04,Churned,Referral,1222,2025-01-11,Voluntary
SUB-1591,CUST-11591,Unlimited Data Max,Prepaid,2025-05-21,Active,Referral,631,,
SUB-1592,CUST-11592,Student Special 4G,Prepaid,2025-09-18,Active,Referral,1092,,
SUB-1593,CUST-11593,Postpaid Corporate,Postpaid,2022-01-07,Churned,Agent,925,2025-06-20,Voluntary
SUB-1594,CUST-11594,Prepaid Saver 30D,Prepaid,2023-05-02,Active,Referral,523,,
SUB-1595,CUST-11595,Prepaid Saver 30D,Prepaid,2021-02-11,Active,Online,1489,,
SUB-1596,CUST-11596,Postpaid Corporate,Postpaid,2020-08-15,Churned,Retail,1487,2025-02-28,Involuntary
SUB-1597,CUST-11597,Prepaid Saver 30D,Prepaid,2025-06-20,Churned,Referral,1106,2026-06-04,Involuntary
SUB-1598,CUST-11598,Family Bundle,Postpaid,2024-04-26,Churned,Referral,702,2025-12-09,Involuntary
SUB-1599,CUST-11599,Student Special 4G,Prepaid,2021-08-10,Churned,Agent,898,2025-11-30,Voluntary
SUB-1600,CUST-11600,Postpaid Corporate,Postpaid,2024-09-23,Active,Agent,1059,,
SUB-1601,CUST-11601,Postpaid Corporate,Postpaid,2025-03-22,Churned,Retail,319,2025-12-30,Involuntary
SUB-1602,CUST-11602,Family Bundle,Postpaid,2025-06-20,Active,Agent,1303,,
SUB-1603,CUST-11603,Unlimited Data Max,Prepaid,2023-07-01,Active,Referral,1011,,
SUB-1604,CUST-11604,Unlimited Data Max,Prepaid,2024-02-26,Active,Online,873,,
SUB-1605,CUST-11605,Student Special 4G,Prepaid,2021-01-12,Active,Retail,1107,,
SUB-1606,CUST-11606,Unlimited Data Max,Prepaid,2020-10-14,Active,Agent,505,,
SUB-1607,CUST-11607,Postpaid Corporate,Postpaid,2025-12-17,Active,Referral,989,,
SUB-1608,CUST-11608,Prepaid Saver 30D,Prepaid,2021-02-11,Active,Retail,344,,
SUB-1609,CUST-11609,Prepaid Saver 30D,Prepaid,2025-11-17,Active,Retail,818,,
SUB-1610,CUST-11610,Unlimited Data Max,Prepaid,2022-03-08,Active,Online,709,,
SUB-1611,CUST-11611,Student Special 4G,Prepaid,2020-10-14,Churned,Online,796,2025-08-01,Involuntary
SUB-1612,CUST-11612,Unlimited Data Max,Prepaid,2024-05-26,Active,Retail,421,,
SUB-1613,CUST-11613,Unlimited Data Max,Prepaid,2025-06-20,Active,Referral,616,,
SUB-1614,CUST-11614,Prepaid Saver 30D,Prepaid,2026-01-16,Active,Online,653,,
SUB-1615,CUST-11615,Unlimited Data Max,Prepaid,2024-05-26,Churned,Referral,964,2025-04-19,Involuntary
SUB-1616,CUST-11616,Postpaid Corporate,Postpaid,2020-11-13,Active,Agent,621,,
SUB-1617,CUST-11617,Family Bundle,Postpaid,2023-09-29,Active,Referral,915,,
SUB-1618,CUST-11618,Postpaid Corporate,Postpaid,2023-12-28,Active,Retail,1426,,
SUB-1619,CUST-11619,Postpaid Corporate,Postpaid,2026-05-16,Active,Online,1347,,
SUB-1620,CUST-11620,Prepaid Saver 30D,Prepaid,2022-07-06,Churned,Referral,653,2026-01-10,Involuntary
SUB-1621,CUST-11621,Family Bundle,Postpaid,2025-04-21,Active,Retail,581,,
SUB-1622,CUST-11622,Student Special 4G,Prepaid,2022-06-06,Active,Referral,1120,,
SUB-1623,CUST-11623,Student Special 4G,Prepaid,2021-08-10,Active,Referral,550,,
SUB-1624,CUST-11624,Unlimited Data Max,Prepaid,2021-12-08,Churned,Agent,1062,2025-06-30,Voluntary
SUB-1625,CUST-11625,Unlimited Data Max,Prepaid,2023-06-01,Churned,Agent,787,2025-05-06,Involuntary
SUB-1626,CUST-11626,Unlimited Data Max,Prepaid,2022-08-05,Active,Referral,345,,
SUB-1627,CUST-11627,Prepaid Saver 30D,Prepaid,2024-02-26,Active,Agent,1302,,
SUB-1628,CUST-11628,Unlimited Data Max,Prepaid,2022-04-07,Active,Agent,1195,,
SUB-1629,CUST-11629,Student Special 4G,Prepaid,2022-06-06,Active,Retail,602,,
SUB-1630,CUST-11630,Unlimited Data Max,Prepaid,2025-04-21,Churned,Agent,1152,2026-06-09,Voluntary
SUB-1631,CUST-11631,Unlimited Data Max,Prepaid,2024-06-25,Active,Online,1414,,
SUB-1632,CUST-11632,Student Special 4G,Prepaid,2021-11-08,Active,Referral,456,,
SUB-1633,CUST-11633,Family Bundle,Postpaid,2023-10-29,Active,Referral,1162,,
SUB-1634,CUST-11634,Unlimited Data Max,Prepaid,2025-01-21,Active,Online,485,,
SUB-1635,CUST-11635,Prepaid Saver 30D,Prepaid,2020-08-15,Active,Agent,501,,
SUB-1636,CUST-11636,Student Special 4G,Prepaid,2021-05-12,Active,Retail,645,,
SUB-1637,CUST-11637,Family Bundle,Postpaid,2021-12-08,Churned,Agent,1166,2025-09-27,Involuntary
SUB-1638,CUST-11638,Postpaid Corporate,Postpaid,2023-12-28,Active,Retail,1462,,
SUB-1639,CUST-11639,Prepaid Saver 30D,Prepaid,2023-03-03,Active,Referral,1482,,
SUB-1640,CUST-11640,Postpaid Corporate,Postpaid,2020-11-13,Active,Online,1337,,
SUB-1641,CUST-11641,Student Special 4G,Prepaid,2023-05-02,Active,Referral,1396,,
SUB-1642,CUST-11642,Unlimited Data Max,Prepaid,2021-08-10,Active,Agent,1144,,
SUB-1643,CUST-11643,Prepaid Saver 30D,Prepaid,2021-07-11,Active,Agent,1461,,
SUB-1644,CUST-11644,Student Special 4G,Prepaid,2021-09-09,Active,Agent,548,,
SUB-1645,CUST-11645,Postpaid Corporate,Postpaid,2022-12-03,Active,Referral,636,,
SUB-1646,CUST-11646,Unlimited Data Max,Prepaid,2024-05-26,Active,Referral,1391,,
SUB-1647,CUST-11647,Student Special 4G,Prepaid,2024-05-26,Active,Referral,484,,
SUB-1648,CUST-11648,Postpaid Corporate,Postpaid,2021-09-09,Active,Online,1095,,
SUB-1649,CUST-11649,Prepaid Saver 30D,Prepaid,2023-12-28,Active,Retail,1110,,
SUB-1650,CUST-11650,Prepaid Saver 30D,Prepaid,2024-12-22,Churned,Agent,1006,2025-07-14,Voluntary
SUB-1651,CUST-11651,Prepaid Saver 30D,Prepaid,2025-04-21,Active,Online,1498,,
SUB-1652,CUST-11652,Family Bundle,Postpaid,2022-11-03,Active,Online,326,,
SUB-1653,CUST-11653,Unlimited Data Max,Prepaid,2020-10-14,Active,Retail,672,,
SUB-1654,CUST-11654,Student Special 4G,Prepaid,2024-03-27,Churned,Online,896,2025-08-03,Voluntary
SUB-1655,CUST-11655,Prepaid Saver 30D,Prepaid,2022-08-05,Churned,Agent,832,2026-03-21,Voluntary
SUB-1656,CUST-11656,Student Special 4G,Prepaid,2024-08-24,Active,Online,951,,
SUB-1657,CUST-11657,Family Bundle,Postpaid,2024-01-27,Active,Retail,1088,,
SUB-1658,CUST-11658,Family Bundle,Postpaid,2024-01-27,Active,Retail,326,,
SUB-1659,CUST-11659,Student Special 4G,Prepaid,2024-04-26,Active,Referral,395,,
SUB-1660,CUST-11660,Prepaid Saver 30D,Prepaid,2021-06-11,Active,Online,811,,
SUB-1661,CUST-11661,Prepaid Saver 30D,Prepaid,2021-02-11,Active,Referral,1431,,
SUB-1662,CUST-11662,Prepaid Saver 30D,Prepaid,2024-10-23,Active,Agent,1073,,
SUB-1663,CUST-11663,Postpaid Corporate,Postpaid,2024-04-26,Active,Agent,1255,,
SUB-1664,CUST-11664,Prepaid Saver 30D,Prepaid,2026-04-16,Active,Agent,894,,
SUB-1665,CUST-11665,Prepaid Saver 30D,Prepaid,2022-01-07,Churned,Referral,1284,2026-06-09,Voluntary
SUB-1666,CUST-11666,Unlimited Data Max,Prepaid,2022-04-07,Active,Online,1494,,
SUB-1667,CUST-11667,Student Special 4G,Prepaid,2021-07-11,Active,Retail,468,,
SUB-1668,CUST-11668,Unlimited Data Max,Prepaid,2023-03-03,Active,Retail,1117,,
SUB-1669,CUST-11669,Prepaid Saver 30D,Prepaid,2021-02-11,Active,Online,1416,,
SUB-1670,CUST-11670,Prepaid Saver 30D,Prepaid,2025-07-20,Active,Online,619,,
SUB-1671,CUST-11671,Prepaid Saver 30D,Prepaid,2024-03-27,Active,Online,1339,,
SUB-1672,CUST-11672,Student Special 4G,Prepaid,2023-10-29,Active,Online,1230,,
SUB-1673,CUST-11673,Postpaid Corporate,Postpaid,2021-12-08,Active,Referral,945,,
SUB-1674,CUST-11674,Student Special 4G,Prepaid,2025-02-20,Active,Referral,1279,,
SUB-1675,CUST-11675,Prepaid Saver 30D,Prepaid,2024-06-25,Active,Referral,907,,
SUB-1676,CUST-11676,Unlimited Data Max,Prepaid,2025-11-17,Active,Agent,1280,,
SUB-1677,CUST-11677,Postpaid Corporate,Postpaid,2020-11-13,Active,Referral,1102,,
SUB-1678,CUST-11678,Unlimited Data Max,Prepaid,2023-09-29,Active,Online,1099,,
SUB-1679,CUST-11679,Student Special 4G,Prepaid,2026-05-16,Active,Retail,452,,
SUB-1680,CUST-11680,Family Bundle,Postpaid,2025-01-21,Active,Referral,1361,,
SUB-1681,CUST-11681,Prepaid Saver 30D,Prepaid,2023-02-01,Active,Retail,340,,
SUB-1682,CUST-11682,Student Special 4G,Prepaid,2023-07-31,Active,Retail,593,,
SUB-1683,CUST-11683,Prepaid Saver 30D,Prepaid,2023-06-01,Churned,Online,920,2025-06-19,Voluntary
SUB-1684,CUST-11684,Prepaid Saver 30D,Prepaid,2026-01-16,Active,Agent,1418,,
SUB-1685,CUST-11685,Prepaid Saver 30D,Prepaid,2021-04-12,Active,Agent,1430,,
SUB-1686,CUST-11686,Postpaid Corporate,Postpaid,2021-08-10,Churned,Retail,398,2025-02-04,Involuntary
SUB-1687,CUST-11687,Family Bundle,Postpaid,2025-02-20,Active,Referral,625,,
SUB-1688,CUST-11688,Prepaid Saver 30D,Prepaid,2024-03-27,Active,Retail,952,,
SUB-1689,CUST-11689,Postpaid Corporate,Postpaid,2025-11-17,Active,Online,453,,
SUB-1690,CUST-11690,Prepaid Saver 30D,Prepaid,2025-08-19,Active,Online,480,,
SUB-1691,CUST-11691,Prepaid Saver 30D,Prepaid,2021-06-11,Active,Retail,830,,
SUB-1692,CUST-11692,Postpaid Corporate,Postpaid,2025-09-18,Active,Retail,863,,
SUB-1693,CUST-11693,Student Special 4G,Prepaid,2024-05-26,Churned,Referral,1089,2025-06-25,Voluntary
SUB-1694,CUST-11694,Postpaid Corporate,Postpaid,2020-08-15,Active,Retail,627,,
SUB-1695,CUST-11695,Family Bundle,Postpaid,2024-06-25,Churned,Retail,887,2025-06-18,Voluntary
SUB-1696,CUST-11696,Unlimited Data Max,Prepaid,2022-06-06,Active,Agent,668,,
SUB-1697,CUST-11697,Prepaid Saver 30D,Prepaid,2025-10-18,Active,Referral,1291,,
SUB-1698,CUST-11698,Prepaid Saver 30D,Prepaid,2021-04-12,Active,Retail,436,,
SUB-1699,CUST-11699,Student Special 4G,Prepaid,2021-01-12,Active,Agent,346,,
SUB-1700,CUST-11700,Unlimited Data Max,Prepaid,2021-02-11,Active,Referral,1083,,
SUB-1701,CUST-11701,Unlimited Data Max,Prepaid,2022-10-04,Active,Referral,1125,,
SUB-1702,CUST-11702,Student Special 4G,Prepaid,2020-09-14,Active,Online,765,,
SUB-1703,CUST-11703,Prepaid Saver 30D,Prepaid,2022-05-07,Active,Referral,1226,,
SUB-1704,CUST-11704,Postpaid Corporate,Postpaid,2024-03-27,Churned,Retail,969,2025-12-08,Voluntary
SUB-1705,CUST-11705,Family Bundle,Postpaid,2021-03-13,Active,Agent,688,,
SUB-1706,CUST-11706,Prepaid Saver 30D,Prepaid,2024-10-23,Active,Online,1318,,
SUB-1707,CUST-11707,Prepaid Saver 30D,Prepaid,2021-07-11,Churned,Referral,1348,2026-06-10,Voluntary
SUB-1708,CUST-11708,Family Bundle,Postpaid,2020-12-13,Active,Agent,1412,,
SUB-1709,CUST-11709,Postpaid Corporate,Postpaid,2023-09-29,Active,Agent,1449,,
SUB-1710,CUST-11710,Unlimited Data Max,Prepaid,2025-01-21,Active,Online,1346,,
SUB-1711,CUST-11711,Student Special 4G,Prepaid,2025-06-20,Active,Agent,833,,
SUB-1712,CUST-11712,Prepaid Saver 30D,Prepaid,2023-04-02,Active,Online,1258,,
SUB-1713,CUST-11713,Student Special 4G,Prepaid,2022-07-06,Active,Agent,1202,,
SUB-1714,CUST-11714,Prepaid Saver 30D,Prepaid,2023-01-02,Active,Online,505,,
SUB-1715,CUST-11715,Unlimited Data Max,Prepaid,2022-08-05,Active,Referral,903,,
SUB-1716,CUST-11716,Student Special 4G,Prepaid,2026-04-16,Active,Online,700,,
SUB-1717,CUST-11717,Unlimited Data Max,Prepaid,2026-02-15,Active,Agent,1200,,
SUB-1718,CUST-11718,Student Special 4G,Prepaid,2024-11-22,Active,Referral,820,,
SUB-1719,CUST-11719,Student Special 4G,Prepaid,2021-03-13,Active,Agent,936,,
SUB-1720,CUST-11720,Family Bundle,Postpaid,2023-07-01,Active,Agent,441,,
SUB-1721,CUST-11721,Unlimited Data Max,Prepaid,2024-06-25,Churned,Referral,586,2026-06-06,Involuntary
SUB-1722,CUST-11722,Prepaid Saver 30D,Prepaid,2022-07-06,Active,Agent,633,,
SUB-1723,CUST-11723,Unlimited Data Max,Prepaid,2023-11-28,Active,Referral,327,,
SUB-1724,CUST-11724,Prepaid Saver 30D,Prepaid,2025-07-20,Active,Online,529,,
SUB-1725,CUST-11725,Prepaid Saver 30D,Prepaid,2023-06-01,Active,Retail,502,,
SUB-1726,CUST-11726,Prepaid Saver 30D,Prepaid,2022-05-07,Active,Agent,1070,,
SUB-1727,CUST-11727,Prepaid Saver 30D,Prepaid,2021-02-11,Active,Retail,734,,
SUB-1728,CUST-11728,Family Bundle,Postpaid,2024-03-27,Active,Retail,676,,
SUB-1729,CUST-11729,Prepaid Saver 30D,Prepaid,2025-05-21,Active,Referral,855,,
SUB-1730,CUST-11730,Prepaid Saver 30D,Prepaid,2021-05-12,Active,Online,499,,
SUB-1731,CUST-11731,Postpaid Corporate,Postpaid,2024-03-27,Active,Retail,1053,,
SUB-1732,CUST-11732,Prepaid Saver 30D,Prepaid,2025-06-20,Active,Agent,1205,,
SUB-1733,CUST-11733,Postpaid Corporate,Postpaid,2023-07-01,Active,Referral,477,,
SUB-1734,CUST-11734,Postpaid Corporate,Postpaid,2026-01-16,Churned,Online,1399,2026-01-21,Involuntary
SUB-1735,CUST-11735,Postpaid Corporate,Postpaid,2020-08-15,Active,Referral,590,,
SUB-1736,CUST-11736,Postpaid Corporate,Postpaid,2021-11-08,Active,Agent,1477,,
SUB-1737,CUST-11737,Student Special 4G,Prepaid,2023-10-29,Active,Online,1328,,
SUB-1738,CUST-11738,Family Bundle,Postpaid,2023-04-02,Active,Agent,1306,,
SUB-1739,CUST-11739,Unlimited Data Max,Prepaid,2024-01-27,Active,Referral,1440,,
SUB-1740,CUST-11740,Prepaid Saver 30D,Prepaid,2023-08-30,Active,Retail,834,,
SUB-1741,CUST-11741,Student Special 4G,Prepaid,2020-12-13,Active,Agent,530,,
SUB-1742,CUST-11742,Unlimited Data Max,Prepaid,2022-03-08,Active,Retail,1053,,
SUB-1743,CUST-11743,Prepaid Saver 30D,Prepaid,2022-08-05,Active,Agent,810,,
SUB-1744,CUST-11744,Postpaid Corporate,Postpaid,2020-09-14,Active,Online,1218,,
SUB-1745,CUST-11745,Unlimited Data Max,Prepaid,2025-06-20,Active,Online,453,,
SUB-1746,CUST-11746,Prepaid Saver 30D,Prepaid,2021-02-11,Active,Agent,1294,,
SUB-1747,CUST-11747,Student Special 4G,Prepaid,2025-05-21,Active,Agent,929,,
SUB-1748,CUST-11748,Unlimited Data Max,Prepaid,2024-11-22,Active,Agent,1158,,
SUB-1749,CUST-11749,Unlimited Data Max,Prepaid,2022-09-04,Active,Agent,1136,,
SUB-1750,CUST-11750,Student Special 4G,Prepaid,2025-08-19,Active,Retail,1479,,
SUB-1751,CUST-11751,Student Special 4G,Prepaid,2023-08-30,Active,Retail,559,,
SUB-1752,CUST-11752,Prepaid Saver 30D,Prepaid,2024-06-25,Active,Online,585,,
SUB-1753,CUST-11753,Prepaid Saver 30D,Prepaid,2026-05-16,Active,Agent,975,,
SUB-1754,CUST-11754,Unlimited Data Max,Prepaid,2025-04-21,Active,Retail,1486,,
SUB-1755,CUST-11755,Student Special 4G,Prepaid,2023-10-29,Active,Agent,891,,
SUB-1756,CUST-11756,Unlimited Data Max,Prepaid,2025-12-17,Active,Retail,891,,
SUB-1757,CUST-11757,Family Bundle,Postpaid,2020-12-13,Active,Agent,902,,
SUB-1758,CUST-11758,Student Special 4G,Prepaid,2023-11-28,Active,Retail,1304,,
SUB-1759,CUST-11759,Unlimited Data Max,Prepaid,2022-01-07,Active,Retail,1087,,
SUB-1760,CUST-11760,Postpaid Corporate,Postpaid,2025-03-22,Active,Online,309,,
SUB-1761,CUST-11761,Family Bundle,Postpaid,2023-03-03,Active,Agent,1174,,
SUB-1762,CUST-11762,Student Special 4G,Prepaid,2025-09-18,Active,Referral,596,,
SUB-1763,CUST-11763,Postpaid Corporate,Postpaid,2025-04-21,Active,Online,310,,
SUB-1764,CUST-11764,Unlimited Data Max,Prepaid,2022-06-06,Active,Agent,574,,
SUB-1765,CUST-11765,Postpaid Corporate,Postpaid,2024-06-25,Churned,Agent,684,2025-08-19,Involuntary
SUB-1766,CUST-11766,Postpaid Corporate,Postpaid,2020-09-14,Active,Retail,853,,
SUB-1767,CUST-11767,Prepaid Saver 30D,Prepaid,2020-08-15,Active,Agent,655,,
SUB-1768,CUST-11768,Prepaid Saver 30D,Prepaid,2025-08-19,Active,Referral,879,,
SUB-1769,CUST-11769,Family Bundle,Postpaid,2022-08-05,Active,Retail,1300,,
SUB-1770,CUST-11770,Prepaid Saver 30D,Prepaid,2021-11-08,Active,Referral,307,,
SUB-1771,CUST-11771,Prepaid Saver 30D,Prepaid,2024-10-23,Active,Agent,304,,
SUB-1772,CUST-11772,Prepaid Saver 30D,Prepaid,2021-07-11,Active,Retail,819,,
SUB-1773,CUST-11773,Prepaid Saver 30D,Prepaid,2022-02-06,Active,Agent,696,,
SUB-1774,CUST-11774,Prepaid Saver 30D,Prepaid,2024-06-25,Active,Online,350,,
SUB-1775,CUST-11775,Unlimited Data Max,Prepaid,2025-11-17,Active,Referral,1336,,
SUB-1776,CUST-11776,Prepaid Saver 30D,Prepaid,2023-10-29,Active,Retail,1293,,
SUB-1777,CUST-11777,Unlimited Data Max,Prepaid,2024-03-27,Churned,Retail,332,2025-08-29,Voluntary
SUB-1778,CUST-11778,Prepaid Saver 30D,Prepaid,2023-05-02,Active,Agent,566,,
SUB-1779,CUST-11779,Unlimited Data Max,Prepaid,2025-01-21,Active,Referral,791,,
SUB-1780,CUST-11780,Prepaid Saver 30D,Prepaid,2024-07-25,Active,Retail,350,,
SUB-1781,CUST-11781,Prepaid Saver 30D,Prepaid,2021-03-13,Active,Retail,1358,,
SUB-1782,CUST-11782,Prepaid Saver 30D,Prepaid,2021-07-11,Active,Retail,668,,
SUB-1783,CUST-11783,Postpaid Corporate,Postpaid,2022-02-06,Active,Online,1241,,
SUB-1784,CUST-11784,Prepaid Saver 30D,Prepaid,2024-04-26,Active,Retail,1324,,
SUB-1785,CUST-11785,Postpaid Corporate,Postpaid,2023-07-01,Active,Online,777,,
SUB-1786,CUST-11786,Unlimited Data Max,Prepaid,2024-09-23,Churned,Retail,1419,2025-12-24,Voluntary
SUB-1787,CUST-11787,Prepaid Saver 30D,Prepaid,2024-01-27,Active,Referral,1291,,
SUB-1788,CUST-11788,Unlimited Data Max,Prepaid,2023-06-01,Active,Agent,712,,
SUB-1789,CUST-11789,Prepaid Saver 30D,Prepaid,2021-06-11,Churned,Agent,1103,2026-03-20,Voluntary
SUB-1790,CUST-11790,Postpaid Corporate,Postpaid,2021-10-09,Active,Online,909,,
SUB-1791,CUST-11791,Student Special 4G,Prepaid,2025-04-21,Active,Online,1412,,
SUB-1792,CUST-11792,Prepaid Saver 30D,Prepaid,2020-11-13,Active,Retail,591,,
SUB-1793,CUST-11793,Prepaid Saver 30D,Prepaid,2025-12-17,Active,Referral,1441,,
SUB-1794,CUST-11794,Prepaid Saver 30D,Prepaid,2026-02-15,Active,Referral,1012,,
SUB-1795,CUST-11795,Family Bundle,Postpaid,2021-06-11,Active,Referral,1403,,
SUB-1796,CUST-11796,Unlimited Data Max,Prepaid,2024-09-23,Churned,Agent,1262,2026-03-11,Voluntary
SUB-1797,CUST-11797,Unlimited Data Max,Prepaid,2021-06-11,Active,Referral,920,,
SUB-1798,CUST-11798,Unlimited Data Max,Prepaid,2026-01-16,Churned,Agent,352,2026-03-21,Voluntary
SUB-1799,CUST-11799,Family Bundle,Postpaid,2024-12-22,Active,Online,1304,,
SUB-1800,CUST-11800,Family Bundle,Postpaid,2021-08-10,Active,Retail,772,,
SUB-1801,CUST-11801,Prepaid Saver 30D,Prepaid,2025-04-21,Active,Referral,912,,
SUB-1802,CUST-11802,Unlimited Data Max,Prepaid,2023-06-01,Active,Referral,1315,,
SUB-1803,CUST-11803,Student Special 4G,Prepaid,2022-03-08,Active,Retail,504,,
SUB-1804,CUST-11804,Prepaid Saver 30D,Prepaid,2024-05-26,Active,Agent,643,,
SUB-1805,CUST-11805,Unlimited Data Max,Prepaid,2025-07-20,Active,Referral,1236,,
SUB-1806,CUST-11806,Prepaid Saver 30D,Prepaid,2021-07-11,Active,Online,1049,,
SUB-1807,CUST-11807,Prepaid Saver 30D,Prepaid,2022-10-04,Active,Retail,1437,,
SUB-1808,CUST-11808,Prepaid Saver 30D,Prepaid,2021-02-11,Active,Agent,703,,
SUB-1809,CUST-11809,Postpaid Corporate,Postpaid,2022-05-07,Active,Agent,1325,,
SUB-1810,CUST-11810,Postpaid Corporate,Postpaid,2022-02-06,Active,Referral,1416,,
SUB-1811,CUST-11811,Prepaid Saver 30D,Prepaid,2022-10-04,Active,Online,1041,,
SUB-1812,CUST-11812,Unlimited Data Max,Prepaid,2022-07-06,Active,Retail,834,,
SUB-1813,CUST-11813,Unlimited Data Max,Prepaid,2023-11-28,Active,Online,980,,
SUB-1814,CUST-11814,Student Special 4G,Prepaid,2021-01-12,Churned,Retail,1273,2025-06-20,Involuntary
SUB-1815,CUST-11815,Unlimited Data Max,Prepaid,2021-09-09,Active,Agent,1442,,
SUB-1816,CUST-11816,Prepaid Saver 30D,Prepaid,2024-12-22,Active,Online,980,,
SUB-1817,CUST-11817,Unlimited Data Max,Prepaid,2020-12-13,Active,Online,791,,
SUB-1818,CUST-11818,Unlimited Data Max,Prepaid,2025-01-21,Active,Retail,1223,,
SUB-1819,CUST-11819,Prepaid Saver 30D,Prepaid,2022-04-07,Active,Retail,374,,
SUB-1820,CUST-11820,Unlimited Data Max,Prepaid,2021-01-12,Churned,Referral,772,2026-05-16,Voluntary
SUB-1821,CUST-11821,Postpaid Corporate,Postpaid,2023-12-28,Active,Referral,955,,
SUB-1822,CUST-11822,Prepaid Saver 30D,Prepaid,2025-04-21,Churned,Online,439,2025-08-19,Voluntary
SUB-1823,CUST-11823,Student Special 4G,Prepaid,2020-08-15,Active,Agent,440,,
SUB-1824,CUST-11824,Postpaid Corporate,Postpaid,2021-10-09,Active,Referral,1316,,
SUB-1825,CUST-11825,Prepaid Saver 30D,Prepaid,2023-10-29,Active,Referral,1132,,
SUB-1826,CUST-11826,Student Special 4G,Prepaid,2020-08-15,Active,Agent,596,,
SUB-1827,CUST-11827,Family Bundle,Postpaid,2025-09-18,Active,Retail,863,,
SUB-1828,CUST-11828,Unlimited Data Max,Prepaid,2023-05-02,Active,Referral,1278,,
SUB-1829,CUST-11829,Postpaid Corporate,Postpaid,2025-05-21,Active,Retail,1275,,
SUB-1830,CUST-11830,Postpaid Corporate,Postpaid,2025-04-21,Active,Referral,349,,
SUB-1831,CUST-11831,Postpaid Corporate,Postpaid,2024-05-26,Active,Online,1001,,
SUB-1832,CUST-11832,Unlimited Data Max,Prepaid,2023-02-01,Active,Online,1090,,
SUB-1833,CUST-11833,Unlimited Data Max,Prepaid,2025-05-21,Active,Referral,622,,
SUB-1834,CUST-11834,Prepaid Saver 30D,Prepaid,2023-06-01,Active,Referral,867,,
SUB-1835,CUST-11835,Unlimited Data Max,Prepaid,2021-11-08,Active,Online,390,,
SUB-1836,CUST-11836,Prepaid Saver 30D,Prepaid,2025-07-20,Active,Agent,635,,
SUB-1837,CUST-11837,Student Special 4G,Prepaid,2026-04-16,Active,Online,1279,,
SUB-1838,CUST-11838,Prepaid Saver 30D,Prepaid,2022-01-07,Churned,Agent,301,2025-11-04,Voluntary
SUB-1839,CUST-11839,Prepaid Saver 30D,Prepaid,2024-01-27,Active,Referral,761,,
SUB-1840,CUST-11840,Prepaid Saver 30D,Prepaid,2025-04-21,Active,Referral,1255,,
SUB-1841,CUST-11841,Prepaid Saver 30D,Prepaid,2021-04-12,Active,Agent,707,,
SUB-1842,CUST-11842,Student Special 4G,Prepaid,2023-11-28,Active,Referral,1304,,
SUB-1843,CUST-11843,Student Special 4G,Prepaid,2025-09-18,Active,Agent,730,,
SUB-1844,CUST-11844,Prepaid Saver 30D,Prepaid,2024-08-24,Active,Referral,898,,
SUB-1845,CUST-11845,Prepaid Saver 30D,Prepaid,2023-02-01,Active,Retail,590,,
SUB-1846,CUST-11846,Unlimited Data Max,Prepaid,2024-09-23,Churned,Retail,655,2025-08-07,Voluntary
SUB-1847,CUST-11847,Family Bundle,Postpaid,2020-12-13,Churned,Agent,1336,2025-05-17,Involuntary
SUB-1848,CUST-11848,Prepaid Saver 30D,Prepaid,2022-10-04,Active,Referral,1287,,
SUB-1849,CUST-11849,Prepaid Saver 30D,Prepaid,2025-12-17,Active,Agent,1298,,
SUB-1850,CUST-11850,Prepaid Saver 30D,Prepaid,2024-05-26,Active,Referral,1396,,
SUB-1851,CUST-11851,Unlimited Data Max,Prepaid,2024-05-26,Active,Online,1377,,
SUB-1852,CUST-11852,Prepaid Saver 30D,Prepaid,2025-07-20,Active,Agent,933,,
SUB-1853,CUST-11853,Family Bundle,Postpaid,2026-03-17,Active,Retail,500,,
SUB-1854,CUST-11854,Unlimited Data Max,Prepaid,2025-10-18,Active,Online,1132,,
SUB-1855,CUST-11855,Unlimited Data Max,Prepaid,2022-06-06,Active,Retail,895,,
SUB-1856,CUST-11856,Unlimited Data Max,Prepaid,2024-12-22,Active,Retail,734,,
SUB-1857,CUST-11857,Unlimited Data Max,Prepaid,2023-12-28,Active,Agent,1349,,
SUB-1858,CUST-11858,Family Bundle,Postpaid,2025-07-20,Active,Agent,1362,,
SUB-1859,CUST-11859,Postpaid Corporate,Postpaid,2020-11-13,Active,Referral,1045,,
SUB-1860,CUST-11860,Family Bundle,Postpaid,2020-08-15,Active,Retail,361,,
SUB-1861,CUST-11861,Student Special 4G,Prepaid,2022-05-07,Active,Agent,1348,,
SUB-1862,CUST-11862,Postpaid Corporate,Postpaid,2024-06-25,Active,Online,421,,
SUB-1863,CUST-11863,Prepaid Saver 30D,Prepaid,2022-12-03,Active,Online,436,,
SUB-1864,CUST-11864,Prepaid Saver 30D,Prepaid,2024-02-26,Active,Agent,700,,
SUB-1865,CUST-11865,Postpaid Corporate,Postpaid,2021-02-11,Active,Retail,838,,
SUB-1866,CUST-11866,Postpaid Corporate,Postpaid,2022-12-03,Active,Online,825,,
SUB-1867,CUST-11867,Prepaid Saver 30D,Prepaid,2025-08-19,Active,Referral,975,,
SUB-1868,CUST-11868,Prepaid Saver 30D,Prepaid,2025-11-17,Churned,Referral,471,2025-12-02,Voluntary
SUB-1869,CUST-11869,Postpaid Corporate,Postpaid,2021-11-08,Churned,Agent,1453,2025-05-09,Voluntary
SUB-1870,CUST-11870,Unlimited Data Max,Prepaid,2022-03-08,Active,Agent,426,,
SUB-1871,CUST-11871,Prepaid Saver 30D,Prepaid,2022-03-08,Active,Online,1228,,
SUB-1872,CUST-11872,Prepaid Saver 30D,Prepaid,2024-06-25,Active,Online,832,,
SUB-1873,CUST-11873,Prepaid Saver 30D,Prepaid,2022-07-06,Active,Agent,1410,,
SUB-1874,CUST-11874,Prepaid Saver 30D,Prepaid,2024-10-23,Active,Online,572,,
SUB-1875,CUST-11875,Student Special 4G,Prepaid,2022-09-04,Active,Referral,484,,
SUB-1876,CUST-11876,Student Special 4G,Prepaid,2024-06-25,Active,Agent,904,,
SUB-1877,CUST-11877,Prepaid Saver 30D,Prepaid,2025-09-18,Churned,Agent,927,2026-04-10,Voluntary
SUB-1878,CUST-11878,Prepaid Saver 30D,Prepaid,2021-07-11,Active,Referral,1091,,
SUB-1879,CUST-11879,Unlimited Data Max,Prepaid,2021-09-09,Active,Online,304,,
SUB-1880,CUST-11880,Unlimited Data Max,Prepaid,2021-11-08,Active,Online,878,,
SUB-1881,CUST-11881,Prepaid Saver 30D,Prepaid,2022-09-04,Active,Referral,1198,,
SUB-1882,CUST-11882,Student Special 4G,Prepaid,2022-09-04,Active,Agent,1065,,
SUB-1883,CUST-11883,Student Special 4G,Prepaid,2021-12-08,Active,Online,1246,,
SUB-1884,CUST-11884,Unlimited Data Max,Prepaid,2023-02-01,Active,Retail,1227,,
SUB-1885,CUST-11885,Student Special 4G,Prepaid,2021-04-12,Active,Online,1155,,
SUB-1886,CUST-11886,Prepaid Saver 30D,Prepaid,2021-12-08,Active,Referral,964,,
SUB-1887,CUST-11887,Student Special 4G,Prepaid,2023-04-02,Active,Online,1207,,
SUB-1888,CUST-11888,Prepaid Saver 30D,Prepaid,2023-01-02,Active,Retail,590,,
SUB-1889,CUST-11889,Postpaid Corporate,Postpaid,2020-11-13,Churned,Online,1343,2025-12-30,Voluntary
SUB-1890,CUST-11890,Prepaid Saver 30D,Prepaid,2023-07-01,Active,Agent,922,,
SUB-1891,CUST-11891,Unlimited Data Max,Prepaid,2025-10-18,Active,Agent,1344,,
SUB-1892,CUST-11892,Prepaid Saver 30D,Prepaid,2021-07-11,Active,Retail,1320,,
SUB-1893,CUST-11893,Postpaid Corporate,Postpaid,2026-05-16,Active,Agent,433,,
SUB-1894,CUST-11894,Family Bundle,Postpaid,2024-12-22,Churned,Online,1358,2025-10-11,Involuntary
SUB-1895,CUST-11895,Postpaid Corporate,Postpaid,2024-06-25,Active,Retail,374,,
SUB-1896,CUST-11896,Student Special 4G,Prepaid,2026-04-16,Active,Retail,314,,
SUB-1897,CUST-11897,Unlimited Data Max,Prepaid,2025-02-20,Active,Online,1403,,
SUB-1898,CUST-11898,Student Special 4G,Prepaid,2025-05-21,Active,Referral,512,,
SUB-1899,CUST-11899,Student Special 4G,Prepaid,2023-03-03,Active,Retail,1257,,
SUB-1900,CUST-11900,Prepaid Saver 30D,Prepaid,2021-04-12,Active,Online,1190,,
SUB-1901,CUST-11901,Prepaid Saver 30D,Prepaid,2024-10-23,Active,Agent,634,,
SUB-1902,CUST-11902,Unlimited Data Max,Prepaid,2024-02-26,Active,Agent,1212,,
SUB-1903,CUST-11903,Unlimited Data Max,Prepaid,2022-06-06,Active,Referral,1457,,
SUB-1904,CUST-11904,Unlimited Data Max,Prepaid,2022-07-06,Active,Online,1490,,
SUB-1905,CUST-11905,Postpaid Corporate,Postpaid,2020-11-13,Active,Referral,807,,
SUB-1906,CUST-11906,Student Special 4G,Prepaid,2023-05-02,Active,Retail,1330,,
SUB-1907,CUST-11907,Unlimited Data Max,Prepaid,2021-12-08,Active,Retail,539,,
SUB-1908,CUST-11908,Family Bundle,Postpaid,2021-06-11,Active,Retail,1391,,
SUB-1909,CUST-11909,Student Special 4G,Prepaid,2023-12-28,Churned,Retail,456,2025-12-01,Voluntary
SUB-1910,CUST-11910,Prepaid Saver 30D,Prepaid,2021-07-11,Churned,Referral,1440,2025-10-21,Voluntary
SUB-1911,CUST-11911,Family Bundle,Postpaid,2020-09-14,Active,Retail,1116,,
SUB-1912,CUST-11912,Student Special 4G,Prepaid,2025-09-18,Churned,Online,1037,2025-11-16,Voluntary
SUB-1913,CUST-11913,Unlimited Data Max,Prepaid,2021-12-08,Active,Agent,831,,
SUB-1914,CUST-11914,Family Bundle,Postpaid,2022-10-04,Active,Referral,603,,
SUB-1915,CUST-11915,Prepaid Saver 30D,Prepaid,2021-09-09,Active,Retail,1183,,
SUB-1916,CUST-11916,Unlimited Data Max,Prepaid,2023-04-02,Active,Retail,1461,,
SUB-1917,CUST-11917,Unlimited Data Max,Prepaid,2025-03-22,Churned,Agent,563,2025-03-31,Voluntary
SUB-1918,CUST-11918,Postpaid Corporate,Postpaid,2023-11-28,Active,Online,631,,
SUB-1919,CUST-11919,Family Bundle,Postpaid,2022-06-06,Active,Retail,1214,,
SUB-1920,CUST-11920,Prepaid Saver 30D,Prepaid,2021-03-13,Active,Agent,723,,
SUB-1921,CUST-11921,Prepaid Saver 30D,Prepaid,2025-12-17,Active,Retail,1418,,
SUB-1922,CUST-11922,Prepaid Saver 30D,Prepaid,2025-04-21,Active,Agent,345,,
SUB-1923,CUST-11923,Student Special 4G,Prepaid,2025-01-21,Active,Online,344,,
SUB-1924,CUST-11924,Unlimited Data Max,Prepaid,2023-01-02,Active,Agent,348,,
SUB-1925,CUST-11925,Prepaid Saver 30D,Prepaid,2026-04-16,Active,Referral,1047,,
SUB-1926,CUST-11926,Prepaid Saver 30D,Prepaid,2020-11-13,Active,Retail,329,,
SUB-1927,CUST-11927,Unlimited Data Max,Prepaid,2022-04-07,Active,Referral,448,,
SUB-1928,CUST-11928,Family Bundle,Postpaid,2021-02-11,Active,Agent,598,,
SUB-1929,CUST-11929,Family Bundle,Postpaid,2026-04-16,Active,Referral,364,,
SUB-1930,CUST-11930,Prepaid Saver 30D,Prepaid,2024-10-23,Active,Online,840,,
SUB-1931,CUST-11931,Postpaid Corporate,Postpaid,2023-10-29,Active,Agent,736,,
SUB-1932,CUST-11932,Student Special 4G,Prepaid,2021-12-08,Active,Online,753,,
SUB-1933,CUST-11933,Unlimited Data Max,Prepaid,2022-08-05,Active,Referral,758,,
SUB-1934,CUST-11934,Unlimited Data Max,Prepaid,2023-12-28,Active,Online,863,,
SUB-1935,CUST-11935,Postpaid Corporate,Postpaid,2024-08-24,Active,Online,966,,
SUB-1936,CUST-11936,Prepaid Saver 30D,Prepaid,2024-06-25,Active,Referral,1303,,
SUB-1937,CUST-11937,Postpaid Corporate,Postpaid,2024-03-27,Active,Online,357,,
SUB-1938,CUST-11938,Prepaid Saver 30D,Prepaid,2022-06-06,Active,Referral,1183,,
SUB-1939,CUST-11939,Postpaid Corporate,Postpaid,2021-05-12,Churned,Online,975,2025-01-07,Voluntary
SUB-1940,CUST-11940,Unlimited Data Max,Prepaid,2023-08-30,Churned,Online,1100,2026-01-02,Voluntary
SUB-1941,CUST-11941,Unlimited Data Max,Prepaid,2021-02-11,Active,Referral,744,,
SUB-1942,CUST-11942,Unlimited Data Max,Prepaid,2024-08-24,Active,Referral,862,,
SUB-1943,CUST-11943,Prepaid Saver 30D,Prepaid,2021-06-11,Churned,Online,1449,2025-07-23,Voluntary
SUB-1944,CUST-11944,Student Special 4G,Prepaid,2026-05-16,Active,Agent,648,,
SUB-1945,CUST-11945,Student Special 4G,Prepaid,2022-01-07,Active,Referral,949,,
SUB-1946,CUST-11946,Prepaid Saver 30D,Prepaid,2020-11-13,Active,Online,923,,
SUB-1947,CUST-11947,Postpaid Corporate,Postpaid,2024-10-23,Active,Online,715,,
SUB-1948,CUST-11948,Prepaid Saver 30D,Prepaid,2022-06-06,Active,Referral,676,,
SUB-1949,CUST-11949,Prepaid Saver 30D,Prepaid,2025-12-17,Active,Referral,642,,
SUB-1950,CUST-11950,Family Bundle,Postpaid,2021-06-11,Churned,Online,695,2025-02-17,Involuntary
SUB-1951,CUST-11951,Prepaid Saver 30D,Prepaid,2023-07-31,Active,Referral,1088,,
SUB-1952,CUST-11952,Student Special 4G,Prepaid,2023-11-28,Churned,Agent,1179,2025-05-10,Voluntary
SUB-1953,CUST-11953,Unlimited Data Max,Prepaid,2021-01-12,Churned,Agent,522,2026-01-02,Voluntary
SUB-1954,CUST-11954,Prepaid Saver 30D,Prepaid,2021-01-12,Active,Online,1024,,
SUB-1955,CUST-11955,Postpaid Corporate,Postpaid,2025-02-20,Active,Agent,306,,
SUB-1956,CUST-11956,Student Special 4G,Prepaid,2020-10-14,Active,Agent,1120,,
SUB-1957,CUST-11957,Prepaid Saver 30D,Prepaid,2025-03-22,Active,Referral,778,,
SUB-1958,CUST-11958,Student Special 4G,Prepaid,2021-09-09,Active,Agent,1079,,
SUB-1959,CUST-11959,Student Special 4G,Prepaid,2021-11-08,Churned,Online,1011,2025-03-23,Voluntary
SUB-1960,CUST-11960,Postpaid Corporate,Postpaid,2023-07-01,Active,Referral,660,,
SUB-1961,CUST-11961,Prepaid Saver 30D,Prepaid,2022-12-03,Churned,Agent,1317,2025-03-07,Voluntary
SUB-1962,CUST-11962,Prepaid Saver 30D,Prepaid,2024-02-26,Active,Referral,910,,
SUB-1963,CUST-11963,Postpaid Corporate,Postpaid,2024-01-27,Active,Referral,1381,,
SUB-1964,CUST-11964,Postpaid Corporate,Postpaid,2023-06-01,Churned,Agent,1480,2026-02-16,Voluntary
SUB-1965,CUST-11965,Prepaid Saver 30D,Prepaid,2021-05-12,Active,Referral,784,,
SUB-1966,CUST-11966,Prepaid Saver 30D,Prepaid,2023-07-31,Active,Online,1019,,
SUB-1967,CUST-11967,Unlimited Data Max,Prepaid,2023-01-02,Active,Retail,420,,
SUB-1968,CUST-11968,Unlimited Data Max,Prepaid,2022-04-07,Active,Online,307,,
SUB-1969,CUST-11969,Prepaid Saver 30D,Prepaid,2021-01-12,Active,Referral,1483,,
SUB-1970,CUST-11970,Student Special 4G,Prepaid,2021-05-12,Active,Agent,932,,
SUB-1971,CUST-11971,Student Special 4G,Prepaid,2024-03-27,Churned,Agent,1462,2025-12-27,Voluntary
SUB-1972,CUST-11972,Family Bundle,Postpaid,2021-05-12,Active,Agent,585,,
SUB-1973,CUST-11973,Postpaid Corporate,Postpaid,2023-10-29,Churned,Agent,728,2025-10-12,Involuntary
SUB-1974,CUST-11974,Unlimited Data Max,Prepaid,2025-11-17,Active,Retail,690,,
SUB-1975,CUST-11975,Postpaid Corporate,Postpaid,2025-12-17,Active,Referral,1071,,
SUB-1976,CUST-11976,Student Special 4G,Prepaid,2025-03-22,Active,Agent,1040,,
SUB-1977,CUST-11977,Postpaid Corporate,Postpaid,2024-03-27,Active,Retail,1233,,
SUB-1978,CUST-11978,Prepaid Saver 30D,Prepaid,2024-01-27,Active,Referral,501,,
SUB-1979,CUST-11979,Postpaid Corporate,Postpaid,2025-05-21,Active,Referral,973,,
SUB-1980,CUST-11980,Unlimited Data Max,Prepaid,2025-05-21,Active,Agent,1346,,
SUB-1981,CUST-11981,Prepaid Saver 30D,Prepaid,2026-03-17,Active,Online,834,,
SUB-1982,CUST-11982,Unlimited Data Max,Prepaid,2021-02-11,Active,Referral,1455,,
SUB-1983,CUST-11983,Prepaid Saver 30D,Prepaid,2024-11-22,Churned,Agent,1009,2026-01-07,Involuntary
SUB-1984,CUST-11984,Student Special 4G,Prepaid,2022-08-05,Active,Referral,458,,
SUB-1985,CUST-11985,Unlimited Data Max,Prepaid,2023-07-31,Churned,Agent,781,2026-05-29,Involuntary
SUB-1986,CUST-11986,Unlimited Data Max,Prepaid,2024-04-26,Active,Online,312,,
SUB-1987,CUST-11987,Student Special 4G,Prepaid,2024-12-22,Active,Online,626,,
SUB-1988,CUST-11988,Student Special 4G,Prepaid,2026-01-16,Active,Retail,356,,
SUB-1989,CUST-11989,Prepaid Saver 30D,Prepaid,2025-10-18,Active,Agent,510,,
SUB-1990,CUST-11990,Prepaid Saver 30D,Prepaid,2022-06-06,Active,Referral,347,,
SUB-1991,CUST-11991,Prepaid Saver 30D,Prepaid,2023-09-29,Churned,Retail,947,2025-06-02,Voluntary
SUB-1992,CUST-11992,Postpaid Corporate,Postpaid,2020-10-14,Active,Online,603,,
SUB-1993,CUST-11993,Student Special 4G,Prepaid,2025-07-20,Active,Retail,342,,
SUB-1994,CUST-11994,Unlimited Data Max,Prepaid,2020-12-13,Active,Online,485,,
SUB-1995,CUST-11995,Family Bundle,Postpaid,2025-11-17,Active,Online,1289,,
SUB-1996,CUST-11996,Postpaid Corporate,Postpaid,2022-02-06,Active,Agent,1308,,
SUB-1997,CUST-11997,Postpaid Corporate,Postpaid,2020-10-14,Active,Retail,862,,
SUB-1998,CUST-11998,Unlimited Data Max,Prepaid,2025-07-20,Active,Online,673,,
SUB-1999,CUST-11999,Family Bundle,Postpaid,2023-08-30,Churned,Retail,1101,2025-05-04,Involuntary
SUB-2000,CUST-12000,Prepaid Saver 30D,Prepaid,2021-01-12,Active,Referral,784,,
SUB-2001,CUST-12001,Prepaid Saver 30D,Prepaid,2021-10-09,Active,Referral,795,,
SUB-2002,CUST-12002,Prepaid Saver 30D,Prepaid,2025-02-20,Churned,Online,1252,2026-06-02,Involuntary
SUB-2003,CUST-12003,Prepaid Saver 30D,Prepaid,2025-05-21,Active,Online,517,,
SUB-2004,CUST-12004,Unlimited Data Max,Prepaid,2024-06-25,Churned,Retail,368,2025-04-27,Voluntary
SUB-2005,CUST-12005,Unlimited Data Max,Prepaid,2023-09-29,Active,Referral,1044,,
SUB-2006,CUST-12006,Prepaid Saver 30D,Prepaid,2024-09-23,Churned,Online,305,2025-06-23,Voluntary
SUB-2007,CUST-12007,Prepaid Saver 30D,Prepaid,2025-11-17,Active,Agent,1497,,
SUB-2008,CUST-12008,Postpaid Corporate,Postpaid,2023-07-01,Active,Agent,490,,
SUB-2009,CUST-12009,Postpaid Corporate,Postpaid,2023-12-28,Active,Referral,778,,
SUB-2010,CUST-12010,Prepaid Saver 30D,Prepaid,2024-08-24,Active,Online,1156,,
SUB-2011,CUST-12011,Unlimited Data Max,Prepaid,2021-08-10,Active,Online,1436,,
SUB-2012,CUST-12012,Prepaid Saver 30D,Prepaid,2024-09-23,Active,Referral,778,,
SUB-2013,CUST-12013,Postpaid Corporate,Postpaid,2021-03-13,Active,Online,629,,
SUB-2014,CUST-12014,Postpaid Corporate,Postpaid,2026-05-16,Active,Online,919,,
SUB-2015,CUST-12015,Prepaid Saver 30D,Prepaid,2023-06-01,Active,Retail,1088,,
SUB-2016,CUST-12016,Family Bundle,Postpaid,2020-11-13,Churned,Retail,1413,2025-05-18,Voluntary
SUB-2017,CUST-12017,Student Special 4G,Prepaid,2024-09-23,Active,Referral,1467,,
SUB-2018,CUST-12018,Student Special 4G,Prepaid,2022-08-05,Active,Referral,460,,
SUB-2019,CUST-12019,Postpaid Corporate,Postpaid,2022-02-06,Active,Agent,616,,
SUB-2020,CUST-12020,Prepaid Saver 30D,Prepaid,2024-05-26,Active,Agent,967,,
SUB-2021,CUST-12021,Family Bundle,Postpaid,2022-09-04,Active,Referral,1473,,
SUB-2022,CUST-12022,Family Bundle,Postpaid,2022-08-05,Active,Online,1254,,
SUB-2023,CUST-12023,Student Special 4G,Prepaid,2023-08-30,Active,Agent,1348,,
SUB-2024,CUST-12024,Student Special 4G,Prepaid,2024-03-27,Active,Agent,1358,,
SUB-2025,CUST-12025,Family Bundle,Postpaid,2023-08-30,Active,Referral,364,,
SUB-2026,CUST-12026,Postpaid Corporate,Postpaid,2025-07-20,Active,Online,1218,,
SUB-2027,CUST-12027,Unlimited Data Max,Prepaid,2023-07-01,Active,Retail,1258,,
SUB-2028,CUST-12028,Prepaid Saver 30D,Prepaid,2024-06-25,Active,Agent,1465,,
SUB-2029,CUST-12029,Postpaid Corporate,Postpaid,2024-05-26,Active,Online,423,,
SUB-2030,CUST-12030,Student Special 4G,Prepaid,2024-12-22,Active,Agent,436,,
SUB-2031,CUST-12031,Prepaid Saver 30D,Prepaid,2023-06-01,Active,Retail,967,,
SUB-2032,CUST-12032,Prepaid Saver 30D,Prepaid,2026-05-16,Active,Referral,1218,,
SUB-2033,CUST-12033,Family Bundle,Postpaid,2026-01-16,Active,Referral,546,,
SUB-2034,CUST-12034,Prepaid Saver 30D,Prepaid,2025-03-22,Active,Retail,1183,,
SUB-2035,CUST-12035,Unlimited Data Max,Prepaid,2023-02-01,Churned,Referral,927,2025-04-15,Involuntary
SUB-2036,CUST-12036,Postpaid Corporate,Postpaid,2024-11-22,Active,Retail,1406,,
SUB-2037,CUST-12037,Prepaid Saver 30D,Prepaid,2023-07-01,Active,Retail,596,,
SUB-2038,CUST-12038,Unlimited Data Max,Prepaid,2025-07-20,Active,Online,326,,
SUB-2039,CUST-12039,Postpaid Corporate,Postpaid,2023-12-28,Churned,Referral,637,2025-06-19,Voluntary
SUB-2040,CUST-12040,Family Bundle,Postpaid,2023-09-29,Active,Retail,995,,
SUB-2041,CUST-12041,Prepaid Saver 30D,Prepaid,2024-06-25,Churned,Online,1084,2025-04-28,Voluntary
SUB-2042,CUST-12042,Prepaid Saver 30D,Prepaid,2026-02-15,Active,Online,1410,,
SUB-2043,CUST-12043,Prepaid Saver 30D,Prepaid,2022-10-04,Active,Online,1324,,
SUB-2044,CUST-12044,Postpaid Corporate,Postpaid,2025-03-22,Active,Online,428,,
SUB-2045,CUST-12045,Prepaid Saver 30D,Prepaid,2023-07-31,Churned,Online,793,2025-02-02,Involuntary
SUB-2046,CUST-12046,Prepaid Saver 30D,Prepaid,2022-04-07,Active,Online,491,,
SUB-2047,CUST-12047,Postpaid Corporate,Postpaid,2025-10-18,Active,Retail,808,,
SUB-2048,CUST-12048,Family Bundle,Postpaid,2022-06-06,Active,Referral,821,,
SUB-2049,CUST-12049,Prepaid Saver 30D,Prepaid,2024-03-27,Active,Referral,375,,
SUB-2050,CUST-12050,Prepaid Saver 30D,Prepaid,2023-07-01,Active,Referral,1375,,
SUB-2051,CUST-12051,Student Special 4G,Prepaid,2025-12-17,Active,Agent,834,,
SUB-2052,CUST-12052,Unlimited Data Max,Prepaid,2023-07-01,Active,Agent,889,,
SUB-2053,CUST-12053,Student Special 4G,Prepaid,2024-03-27,Active,Referral,616,,
SUB-2054,CUST-12054,Prepaid Saver 30D,Prepaid,2025-05-21,Active,Online,1288,,
SUB-2055,CUST-12055,Unlimited Data Max,Prepaid,2023-05-02,Active,Referral,878,,
SUB-2056,CUST-12056,Unlimited Data Max,Prepaid,2022-08-05,Active,Retail,697,,
SUB-2057,CUST-12057,Unlimited Data Max,Prepaid,2024-02-26,Active,Referral,429,,
SUB-2058,CUST-12058,Student Special 4G,Prepaid,2022-09-04,Churned,Referral,782,2025-12-31,Voluntary
SUB-2059,CUST-12059,Postpaid Corporate,Postpaid,2024-05-26,Active,Agent,589,,
SUB-2060,CUST-12060,Student Special 4G,Prepaid,2021-08-10,Active,Online,1179,,
SUB-2061,CUST-12061,Student Special 4G,Prepaid,2024-10-23,Churned,Online,1433,2025-03-28,Voluntary
SUB-2062,CUST-12062,Prepaid Saver 30D,Prepaid,2021-10-09,Active,Online,909,,
SUB-2063,CUST-12063,Family Bundle,Postpaid,2024-02-26,Active,Retail,1401,,
SUB-2064,CUST-12064,Student Special 4G,Prepaid,2023-03-03,Active,Retail,827,,
SUB-2065,CUST-12065,Prepaid Saver 30D,Prepaid,2026-01-16,Active,Retail,583,,
SUB-2066,CUST-12066,Student Special 4G,Prepaid,2025-12-17,Active,Retail,1391,,
SUB-2067,CUST-12067,Student Special 4G,Prepaid,2020-08-15,Churned,Agent,345,2025-08-13,Voluntary
SUB-2068,CUST-12068,Prepaid Saver 30D,Prepaid,2026-05-16,Active,Retail,1188,,
SUB-2069,CUST-12069,Unlimited Data Max,Prepaid,2023-03-03,Churned,Retail,428,2025-12-19,Voluntary
SUB-2070,CUST-12070,Prepaid Saver 30D,Prepaid,2023-09-29,Active,Online,990,,
SUB-2071,CUST-12071,Family Bundle,Postpaid,2022-09-04,Active,Agent,1285,,
SUB-2072,CUST-12072,Postpaid Corporate,Postpaid,2026-05-16,Active,Retail,564,,
SUB-2073,CUST-12073,Student Special 4G,Prepaid,2025-04-21,Active,Referral,1409,,
SUB-2074,CUST-12074,Family Bundle,Postpaid,2024-05-26,Active,Retail,903,,
SUB-2075,CUST-12075,Unlimited Data Max,Prepaid,2021-01-12,Active,Retail,682,,
SUB-2076,CUST-12076,Family Bundle,Postpaid,2024-05-26,Churned,Online,593,2026-06-09,Voluntary
SUB-2077,CUST-12077,Prepaid Saver 30D,Prepaid,2023-02-01,Active,Retail,1010,,
SUB-2078,CUST-12078,Postpaid Corporate,Postpaid,2023-02-01,Active,Agent,1050,,
SUB-2079,CUST-12079,Prepaid Saver 30D,Prepaid,2023-12-28,Churned,Referral,1040,2025-08-14,Voluntary
SUB-2080,CUST-12080,Prepaid Saver 30D,Prepaid,2021-08-10,Active,Online,1042,,
SUB-2081,CUST-12081,Prepaid Saver 30D,Prepaid,2022-04-07,Active,Retail,882,,
SUB-2082,CUST-12082,Prepaid Saver 30D,Prepaid,2023-10-29,Active,Agent,1088,,
SUB-2083,CUST-12083,Unlimited Data Max,Prepaid,2024-08-24,Active,Referral,793,,
SUB-2084,CUST-12084,Prepaid Saver 30D,Prepaid,2024-10-23,Active,Agent,843,,
SUB-2085,CUST-12085,Postpaid Corporate,Postpaid,2020-12-13,Active,Retail,1083,,
SUB-2086,CUST-12086,Family Bundle,Postpaid,2025-09-18,Churned,Referral,1112,2026-01-14,Voluntary
SUB-2087,CUST-12087,Unlimited Data Max,Prepaid,2025-05-21,Churned,Online,992,2025-06-06,Voluntary
SUB-2088,CUST-12088,Unlimited Data Max,Prepaid,2024-11-22,Active,Retail,329,,
SUB-2089,CUST-12089,Prepaid Saver 30D,Prepaid,2021-07-11,Churned,Retail,862,2025-07-29,Voluntary
SUB-2090,CUST-12090,Postpaid Corporate,Postpaid,2022-06-06,Active,Retail,1383,,
SUB-2091,CUST-12091,Postpaid Corporate,Postpaid,2020-10-14,Active,Online,480,,
SUB-2092,CUST-12092,Family Bundle,Postpaid,2022-03-08,Active,Referral,825,,
SUB-2093,CUST-12093,Unlimited Data Max,Prepaid,2023-07-31,Active,Referral,977,,
SUB-2094,CUST-12094,Prepaid Saver 30D,Prepaid,2026-03-17,Active,Referral,846,,
SUB-2095,CUST-12095,Family Bundle,Postpaid,2021-04-12,Active,Online,790,,
SUB-2096,CUST-12096,Postpaid Corporate,Postpaid,2022-07-06,Active,Online,865,,
SUB-2097,CUST-12097,Prepaid Saver 30D,Prepaid,2025-12-17,Active,Referral,1422,,
SUB-2098,CUST-12098,Family Bundle,Postpaid,2020-10-14,Active,Retail,924,,
SUB-2099,CUST-12099,Prepaid Saver 30D,Prepaid,2022-10-04,Active,Referral,379,,
SUB-2100,CUST-12100,Unlimited Data Max,Prepaid,2022-10-04,Churned,Retail,504,2025-03-30,Voluntary
SUB-2101,CUST-12101,Unlimited Data Max,Prepaid,2024-04-26,Active,Agent,1119,,
SUB-2102,CUST-12102,Student Special 4G,Prepaid,2024-06-25,Active,Referral,476,,
SUB-2103,CUST-12103,Student Special 4G,Prepaid,2024-04-26,Active,Agent,1029,,
SUB-2104,CUST-12104,Unlimited Data Max,Prepaid,2026-02-15,Active,Referral,525,,
SUB-2105,CUST-12105,Prepaid Saver 30D,Prepaid,2023-10-29,Active,Online,1345,,
SUB-2106,CUST-12106,Prepaid Saver 30D,Prepaid,2026-01-16,Churned,Referral,1171,2026-02-23,Voluntary
SUB-2107,CUST-12107,Unlimited Data Max,Prepaid,2022-12-03,Active,Agent,1267,,
SUB-2108,CUST-12108,Student Special 4G,Prepaid,2025-03-22,Active,Referral,801,,
SUB-2109,CUST-12109,Prepaid Saver 30D,Prepaid,2022-11-03,Active,Referral,736,,
SUB-2110,CUST-12110,Student Special 4G,Prepaid,2024-03-27,Active,Agent,835,,
SUB-2111,CUST-12111,Student Special 4G,Prepaid,2024-10-23,Churned,Retail,391,2025-10-21,Involuntary
SUB-2112,CUST-12112,Prepaid Saver 30D,Prepaid,2025-07-20,Active,Online,736,,
SUB-2113,CUST-12113,Postpaid Corporate,Postpaid,2024-02-26,Churned,Retail,1163,2026-01-16,Involuntary
SUB-2114,CUST-12114,Postpaid Corporate,Postpaid,2026-01-16,Active,Retail,782,,
SUB-2115,CUST-12115,Prepaid Saver 30D,Prepaid,2024-12-22,Active,Retail,539,,
SUB-2116,CUST-12116,Prepaid Saver 30D,Prepaid,2023-09-29,Active,Agent,1079,,
SUB-2117,CUST-12117,Student Special 4G,Prepaid,2022-10-04,Active,Agent,1153,,
SUB-2118,CUST-12118,Postpaid Corporate,Postpaid,2023-09-29,Active,Referral,1440,,
SUB-2119,CUST-12119,Postpaid Corporate,Postpaid,2025-10-18,Active,Online,936,,
SUB-2120,CUST-12120,Prepaid Saver 30D,Prepaid,2022-03-08,Active,Online,1397,,
SUB-2121,CUST-12121,Postpaid Corporate,Postpaid,2023-11-28,Active,Retail,777,,
SUB-2122,CUST-12122,Postpaid Corporate,Postpaid,2022-10-04,Active,Agent,359,,
SUB-2123,CUST-12123,Prepaid Saver 30D,Prepaid,2020-09-14,Active,Online,1291,,
SUB-2124,CUST-12124,Prepaid Saver 30D,Prepaid,2026-02-15,Active,Retail,301,,
SUB-2125,CUST-12125,Prepaid Saver 30D,Prepaid,2020-08-15,Churned,Referral,1377,2026-01-07,Involuntary
SUB-2126,CUST-12126,Postpaid Corporate,Postpaid,2020-11-13,Active,Retail,1064,,
SUB-2127,CUST-12127,Unlimited Data Max,Prepaid,2023-06-01,Active,Referral,1011,,
SUB-2128,CUST-12128,Student Special 4G,Prepaid,2026-04-16,Churned,Retail,1430,2026-05-06,Voluntary
SUB-2129,CUST-12129,Prepaid Saver 30D,Prepaid,2024-12-22,Active,Online,1395,,
SUB-2130,CUST-12130,Student Special 4G,Prepaid,2025-01-21,Active,Agent,1468,,
SUB-2131,CUST-12131,Unlimited Data Max,Prepaid,2023-01-02,Active,Retail,624,,
SUB-2132,CUST-12132,Postpaid Corporate,Postpaid,2022-05-07,Churned,Online,1037,2025-10-07,Involuntary
SUB-2133,CUST-12133,Prepaid Saver 30D,Prepaid,2023-07-31,Active,Online,1267,,
SUB-2134,CUST-12134,Postpaid Corporate,Postpaid,2024-04-26,Active,Agent,484,,
SUB-2135,CUST-12135,Family Bundle,Postpaid,2026-02-15,Active,Retail,479,,
SUB-2136,CUST-12136,Unlimited Data Max,Prepaid,2020-12-13,Active,Referral,592,,
SUB-2137,CUST-12137,Unlimited Data Max,Prepaid,2020-08-15,Active,Online,1380,,
SUB-2138,CUST-12138,Unlimited Data Max,Prepaid,2026-03-17,Active,Retail,610,,
SUB-2139,CUST-12139,Prepaid Saver 30D,Prepaid,2024-06-25,Active,Retail,671,,
SUB-2140,CUST-12140,Student Special 4G,Prepaid,2020-09-14,Active,Online,777,,
SUB-2141,CUST-12141,Unlimited Data Max,Prepaid,2024-01-27,Active,Online,923,,
SUB-2142,CUST-12142,Student Special 4G,Prepaid,2022-10-04,Active,Retail,1301,,
SUB-2143,CUST-12143,Prepaid Saver 30D,Prepaid,2023-06-01,Active,Online,632,,
SUB-2144,CUST-12144,Family Bundle,Postpaid,2022-10-04,Active,Referral,1293,,
SUB-2145,CUST-12145,Prepaid Saver 30D,Prepaid,2021-04-12,Active,Retail,930,,
SUB-2146,CUST-12146,Family Bundle,Postpaid,2024-03-27,Active,Retail,645,,
SUB-2147,CUST-12147,Prepaid Saver 30D,Prepaid,2021-10-09,Active,Retail,1260,,
SUB-2148,CUST-12148,Family Bundle,Postpaid,2023-09-29,Active,Referral,515,,
SUB-2149,CUST-12149,Postpaid Corporate,Postpaid,2025-03-22,Churned,Agent,341,2026-02-19,Voluntary
SUB-2150,CUST-12150,Prepaid Saver 30D,Prepaid,2025-12-17,Active,Referral,976,,
SUB-2151,CUST-12151,Student Special 4G,Prepaid,2022-04-07,Active,Retail,896,,
SUB-2152,CUST-12152,Prepaid Saver 30D,Prepaid,2022-12-03,Active,Agent,1145,,
SUB-2153,CUST-12153,Prepaid Saver 30D,Prepaid,2021-04-12,Active,Retail,368,,
SUB-2154,CUST-12154,Prepaid Saver 30D,Prepaid,2025-01-21,Active,Agent,858,,
SUB-2155,CUST-12155,Student Special 4G,Prepaid,2022-04-07,Active,Online,698,,
SUB-2156,CUST-12156,Postpaid Corporate,Postpaid,2026-04-16,Active,Retail,1214,,
SUB-2157,CUST-12157,Unlimited Data Max,Prepaid,2025-08-19,Active,Referral,408,,
SUB-2158,CUST-12158,Student Special 4G,Prepaid,2022-12-03,Active,Agent,1143,,
SUB-2159,CUST-12159,Prepaid Saver 30D,Prepaid,2023-04-02,Active,Agent,882,,
SUB-2160,CUST-12160,Unlimited Data Max,Prepaid,2022-12-03,Churned,Agent,304,2026-04-06,Voluntary
SUB-2161,CUST-12161,Unlimited Data Max,Prepaid,2021-07-11,Active,Retail,447,,
SUB-2162,CUST-12162,Unlimited Data Max,Prepaid,2021-07-11,Active,Agent,563,,
SUB-2163,CUST-12163,Postpaid Corporate,Postpaid,2025-04-21,Active,Agent,1470,,
SUB-2164,CUST-12164,Prepaid Saver 30D,Prepaid,2025-03-22,Active,Agent,1227,,
SUB-2165,CUST-12165,Unlimited Data Max,Prepaid,2023-04-02,Active,Retail,878,,
SUB-2166,CUST-12166,Prepaid Saver 30D,Prepaid,2020-11-13,Active,Retail,523,,
SUB-2167,CUST-12167,Student Special 4G,Prepaid,2022-07-06,Churned,Agent,445,2025-02-19,Voluntary
SUB-2168,CUST-12168,Postpaid Corporate,Postpaid,2025-07-20,Active,Referral,1305,,
SUB-2169,CUST-12169,Prepaid Saver 30D,Prepaid,2022-09-04,Active,Referral,1229,,
SUB-2170,CUST-12170,Postpaid Corporate,Postpaid,2024-05-26,Active,Online,1202,,
SUB-2171,CUST-12171,Unlimited Data Max,Prepaid,2025-10-18,Active,Retail,704,,
SUB-2172,CUST-12172,Student Special 4G,Prepaid,2022-04-07,Active,Retail,815,,
SUB-2173,CUST-12173,Unlimited Data Max,Prepaid,2024-10-23,Active,Online,552,,
SUB-2174,CUST-12174,Unlimited Data Max,Prepaid,2021-11-08,Active,Retail,1057,,
SUB-2175,CUST-12175,Prepaid Saver 30D,Prepaid,2023-03-03,Active,Online,967,,
SUB-2176,CUST-12176,Unlimited Data Max,Prepaid,2023-10-29,Active,Referral,379,,
SUB-2177,CUST-12177,Unlimited Data Max,Prepaid,2025-03-22,Active,Retail,331,,
SUB-2178,CUST-12178,Postpaid Corporate,Postpaid,2024-09-23,Active,Agent,1030,,
SUB-2179,CUST-12179,Prepaid Saver 30D,Prepaid,2024-06-25,Active,Retail,428,,
SUB-2180,CUST-12180,Unlimited Data Max,Prepaid,2022-05-07,Active,Agent,484,,
SUB-2181,CUST-12181,Postpaid Corporate,Postpaid,2023-12-28,Churned,Referral,883,2025-07-05,Voluntary
SUB-2182,CUST-12182,Postpaid Corporate,Postpaid,2026-03-17,Active,Online,381,,
SUB-2183,CUST-12183,Family Bundle,Postpaid,2026-05-16,Active,Retail,1481,,
SUB-2184,CUST-12184,Unlimited Data Max,Prepaid,2024-10-23,Churned,Retail,796,2025-01-12,Voluntary
SUB-2185,CUST-12185,Student Special 4G,Prepaid,2023-06-01,Active,Online,676,,
SUB-2186,CUST-12186,Postpaid Corporate,Postpaid,2024-06-25,Active,Retail,799,,
SUB-2187,CUST-12187,Prepaid Saver 30D,Prepaid,2020-08-15,Active,Online,365,,
SUB-2188,CUST-12188,Prepaid Saver 30D,Prepaid,2025-01-21,Active,Online,873,,
SUB-2189,CUST-12189,Prepaid Saver 30D,Prepaid,2024-01-27,Active,Retail,1436,,
SUB-2190,CUST-12190,Unlimited Data Max,Prepaid,2024-01-27,Active,Referral,407,,
SUB-2191,CUST-12191,Postpaid Corporate,Postpaid,2024-10-23,Active,Online,1268,,
SUB-2192,CUST-12192,Postpaid Corporate,Postpaid,2021-04-12,Active,Online,538,,
SUB-2193,CUST-12193,Unlimited Data Max,Prepaid,2024-12-22,Active,Agent,1017,,
SUB-2194,CUST-12194,Prepaid Saver 30D,Prepaid,2026-05-16,Active,Agent,449,,
SUB-2195,CUST-12195,Family Bundle,Postpaid,2023-06-01,Active,Referral,542,,
SUB-2196,CUST-12196,Prepaid Saver 30D,Prepaid,2022-09-04,Churned,Referral,492,2025-01-05,Voluntary
SUB-2197,CUST-12197,Prepaid Saver 30D,Prepaid,2023-09-29,Churned,Agent,436,2025-11-17,Voluntary
SUB-2198,CUST-12198,Family Bundle,Postpaid,2023-12-28,Active,Referral,674,,
SUB-2199,CUST-12199,Unlimited Data Max,Prepaid,2021-05-12,Active,Referral,692,,
SUB-2200,CUST-12200,Postpaid Corporate,Postpaid,2024-03-27,Active,Retail,1131,,
SUB-2201,CUST-12201,Student Special 4G,Prepaid,2022-09-04,Churned,Retail,709,2025-09-09,Involuntary
SUB-2202,CUST-12202,Prepaid Saver 30D,Prepaid,2021-07-11,Active,Referral,1015,,
SUB-2203,CUST-12203,Prepaid Saver 30D,Prepaid,2024-01-27,Active,Referral,763,,
SUB-2204,CUST-12204,Student Special 4G,Prepaid,2023-04-02,Active,Referral,902,,
SUB-2205,CUST-12205,Unlimited Data Max,Prepaid,2024-02-26,Active,Retail,334,,
SUB-2206,CUST-12206,Unlimited Data Max,Prepaid,2022-11-03,Active,Retail,880,,
SUB-2207,CUST-12207,Prepaid Saver 30D,Prepaid,2023-04-02,Active,Referral,853,,
SUB-2208,CUST-12208,Student Special 4G,Prepaid,2021-06-11,Active,Agent,669,,
SUB-2209,CUST-12209,Prepaid Saver 30D,Prepaid,2024-12-22,Active,Retail,1103,,
SUB-2210,CUST-12210,Prepaid Saver 30D,Prepaid,2025-06-20,Active,Referral,522,,
SUB-2211,CUST-12211,Prepaid Saver 30D,Prepaid,2023-11-28,Active,Referral,1495,,
SUB-2212,CUST-12212,Prepaid Saver 30D,Prepaid,2022-11-03,Churned,Retail,952,2025-10-18,Voluntary
SUB-2213,CUST-12213,Postpaid Corporate,Postpaid,2024-09-23,Active,Agent,1032,,
SUB-2214,CUST-12214,Student Special 4G,Prepaid,2020-08-15,Active,Agent,1459,,
SUB-2215,CUST-12215,Prepaid Saver 30D,Prepaid,2023-06-01,Churned,Referral,1076,2025-06-24,Voluntary
SUB-2216,CUST-12216,Postpaid Corporate,Postpaid,2021-09-09,Active,Agent,381,,
SUB-2217,CUST-12217,Postpaid Corporate,Postpaid,2023-04-02,Active,Referral,1017,,
SUB-2218,CUST-12218,Student Special 4G,Prepaid,2024-02-26,Active,Agent,674,,
SUB-2219,CUST-12219,Prepaid Saver 30D,Prepaid,2021-06-11,Churned,Agent,337,2025-07-03,Involuntary
SUB-2220,CUST-12220,Unlimited Data Max,Prepaid,2025-06-20,Active,Referral,1101,,
SUB-2221,CUST-12221,Postpaid Corporate,Postpaid,2024-12-22,Active,Referral,330,,
SUB-2222,CUST-12222,Postpaid Corporate,Postpaid,2021-12-08,Active,Retail,373,,
SUB-2223,CUST-12223,Postpaid Corporate,Postpaid,2021-02-11,Active,Retail,593,,
SUB-2224,CUST-12224,Prepaid Saver 30D,Prepaid,2024-09-23,Active,Retail,312,,
SUB-2225,CUST-12225,Unlimited Data Max,Prepaid,2023-04-02,Churned,Agent,745,2025-08-12,Voluntary
SUB-2226,CUST-12226,Unlimited Data Max,Prepaid,2023-07-31,Active,Agent,1309,,
SUB-2227,CUST-12227,Unlimited Data Max,Prepaid,2022-03-08,Active,Retail,1266,,
SUB-2228,CUST-12228,Unlimited Data Max,Prepaid,2023-07-01,Active,Retail,1432,,
SUB-2229,CUST-12229,Unlimited Data Max,Prepaid,2022-11-03,Active,Retail,763,,
SUB-2230,CUST-12230,Unlimited Data Max,Prepaid,2022-07-06,Active,Retail,1453,,
SUB-2231,CUST-12231,Prepaid Saver 30D,Prepaid,2021-08-10,Active,Retail,1457,,
SUB-2232,CUST-12232,Family Bundle,Postpaid,2025-08-19,Active,Retail,362,,
SUB-2233,CUST-12233,Prepaid Saver 30D,Prepaid,2022-07-06,Churned,Online,768,2025-03-13,Voluntary
SUB-2234,CUST-12234,Prepaid Saver 30D,Prepaid,2025-05-21,Active,Retail,646,,
SUB-2235,CUST-12235,Postpaid Corporate,Postpaid,2026-05-16,Active,Online,851,,
SUB-2236,CUST-12236,Prepaid Saver 30D,Prepaid,2022-04-07,Churned,Agent,758,2026-01-08,Involuntary
SUB-2237,CUST-12237,Unlimited Data Max,Prepaid,2024-02-26,Active,Retail,797,,
SUB-2238,CUST-12238,Prepaid Saver 30D,Prepaid,2022-04-07,Active,Retail,888,,
SUB-2239,CUST-12239,Prepaid Saver 30D,Prepaid,2020-12-13,Active,Referral,528,,
SUB-2240,CUST-12240,Prepaid Saver 30D,Prepaid,2025-08-19,Churned,Agent,1132,2026-06-14,Voluntary
SUB-2241,CUST-12241,Unlimited Data Max,Prepaid,2023-09-29,Active,Agent,892,,
SUB-2242,CUST-12242,Prepaid Saver 30D,Prepaid,2025-10-18,Active,Referral,927,,
SUB-2243,CUST-12243,Unlimited Data Max,Prepaid,2021-08-10,Churned,Online,794,2025-12-28,Voluntary
SUB-2244,CUST-12244,Prepaid Saver 30D,Prepaid,2020-08-15,Churned,Agent,1164,2025-05-18,Involuntary
SUB-2245,CUST-12245,Postpaid Corporate,Postpaid,2021-05-12,Active,Online,1218,,
SUB-2246,CUST-12246,Unlimited Data Max,Prepaid,2020-08-15,Active,Agent,494,,
SUB-2247,CUST-12247,Prepaid Saver 30D,Prepaid,2024-06-25,Active,Agent,1313,,
SUB-2248,CUST-12248,Unlimited Data Max,Prepaid,2024-10-23,Churned,Retail,880,2026-05-01,Voluntary
SUB-2249,CUST-12249,Postpaid Corporate,Postpaid,2021-06-11,Churned,Retail,354,2025-10-20,Voluntary
SUB-2250,CUST-12250,Prepaid Saver 30D,Prepaid,2022-08-05,Active,Referral,1124,,
SUB-2251,CUST-12251,Student Special 4G,Prepaid,2024-03-27,Active,Agent,671,,
SUB-2252,CUST-12252,Prepaid Saver 30D,Prepaid,2025-03-22,Active,Referral,586,,
SUB-2253,CUST-12253,Family Bundle,Postpaid,2026-04-16,Active,Referral,1245,,
SUB-2254,CUST-12254,Unlimited Data Max,Prepaid,2026-03-17,Active,Agent,766,,
SUB-2255,CUST-12255,Postpaid Corporate,Postpaid,2022-05-07,Churned,Retail,1034,2026-02-22,Voluntary
SUB-2256,CUST-12256,Prepaid Saver 30D,Prepaid,2024-11-22,Active,Agent,1308,,
SUB-2257,CUST-12257,Prepaid Saver 30D,Prepaid,2021-08-10,Active,Online,1474,,
SUB-2258,CUST-12258,Postpaid Corporate,Postpaid,2021-06-11,Active,Online,1381,,
SUB-2259,CUST-12259,Family Bundle,Postpaid,2023-09-29,Active,Referral,938,,
SUB-2260,CUST-12260,Student Special 4G,Prepaid,2024-08-24,Active,Online,713,,
SUB-2261,CUST-12261,Prepaid Saver 30D,Prepaid,2025-05-21,Churned,Retail,850,2026-03-31,Voluntary
SUB-2262,CUST-12262,Prepaid Saver 30D,Prepaid,2024-11-22,Active,Online,596,,
SUB-2263,CUST-12263,Unlimited Data Max,Prepaid,2022-11-03,Active,Agent,844,,
SUB-2264,CUST-12264,Postpaid Corporate,Postpaid,2022-01-07,Active,Referral,1417,,
SUB-2265,CUST-12265,Prepaid Saver 30D,Prepaid,2022-02-06,Active,Online,663,,
SUB-2266,CUST-12266,Unlimited Data Max,Prepaid,2020-10-14,Churned,Referral,1213,2026-02-17,Voluntary
SUB-2267,CUST-12267,Unlimited Data Max,Prepaid,2022-08-05,Active,Retail,1451,,
SUB-2268,CUST-12268,Family Bundle,Postpaid,2023-06-01,Active,Online,1238,,
SUB-2269,CUST-12269,Unlimited Data Max,Prepaid,2024-04-26,Active,Referral,658,,
SUB-2270,CUST-12270,Prepaid Saver 30D,Prepaid,2024-06-25,Active,Agent,330,,
SUB-2271,CUST-12271,Unlimited Data Max,Prepaid,2024-03-27,Active,Agent,935,,
SUB-2272,CUST-12272,Prepaid Saver 30D,Prepaid,2021-04-12,Churned,Referral,490,2026-05-27,Involuntary
SUB-2273,CUST-12273,Unlimited Data Max,Prepaid,2023-04-02,Active,Agent,490,,
SUB-2274,CUST-12274,Postpaid Corporate,Postpaid,2025-02-20,Active,Retail,1229,,
SUB-2275,CUST-12275,Unlimited Data Max,Prepaid,2025-04-21,Active,Referral,1168,,
SUB-2276,CUST-12276,Unlimited Data Max,Prepaid,2026-03-17,Active,Agent,337,,
SUB-2277,CUST-12277,Unlimited Data Max,Prepaid,2021-06-11,Churned,Referral,917,2025-08-04,Voluntary
SUB-2278,CUST-12278,Prepaid Saver 30D,Prepaid,2025-02-20,Active,Agent,452,,
SUB-2279,CUST-12279,Postpaid Corporate,Postpaid,2025-10-18,Active,Referral,348,,
SUB-2280,CUST-12280,Unlimited Data Max,Prepaid,2024-09-23,Churned,Retail,680,2025-10-13,Voluntary
SUB-2281,CUST-12281,Postpaid Corporate,Postpaid,2023-07-31,Active,Retail,753,,
SUB-2282,CUST-12282,Prepaid Saver 30D,Prepaid,2020-10-14,Active,Agent,447,,
SUB-2283,CUST-12283,Unlimited Data Max,Prepaid,2021-05-12,Churned,Referral,1122,2025-08-14,Voluntary
SUB-2284,CUST-12284,Unlimited Data Max,Prepaid,2025-05-21,Active,Online,1413,,
SUB-2285,CUST-12285,Prepaid Saver 30D,Prepaid,2023-05-02,Churned,Referral,1465,2026-02-05,Involuntary
SUB-2286,CUST-12286,Prepaid Saver 30D,Prepaid,2021-08-10,Active,Retail,970,,
SUB-2287,CUST-12287,Prepaid Saver 30D,Prepaid,2021-12-08,Active,Online,889,,
SUB-2288,CUST-12288,Student Special 4G,Prepaid,2023-08-30,Active,Agent,1035,,
SUB-2289,CUST-12289,Unlimited Data Max,Prepaid,2024-12-22,Active,Referral,831,,
SUB-2290,CUST-12290,Prepaid Saver 30D,Prepaid,2021-11-08,Active,Agent,1166,,
SUB-2291,CUST-12291,Prepaid Saver 30D,Prepaid,2023-10-29,Active,Agent,1176,,
SUB-2292,CUST-12292,Prepaid Saver 30D,Prepaid,2025-01-21,Active,Referral,1410,,
SUB-2293,CUST-12293,Prepaid Saver 30D,Prepaid,2022-04-07,Active,Retail,369,,
SUB-2294,CUST-12294,Prepaid Saver 30D,Prepaid,2021-04-12,Active,Referral,1224,,
SUB-2295,CUST-12295,Prepaid Saver 30D,Prepaid,2021-03-13,Active,Online,860,,
SUB-2296,CUST-12296,Postpaid Corporate,Postpaid,2020-12-13,Active,Retail,1251,,
SUB-2297,CUST-12297,Unlimited Data Max,Prepaid,2022-09-04,Active,Retail,1339,,
SUB-2298,CUST-12298,Prepaid Saver 30D,Prepaid,2021-12-08,Active,Online,1187,,
SUB-2299,CUST-12299,Student Special 4G,Prepaid,2024-12-22,Churned,Agent,970,2026-06-03,Voluntary
SUB-2300,CUST-12300,Prepaid Saver 30D,Prepaid,2024-07-25,Active,Referral,314,,
SUB-2301,CUST-12301,Postpaid Corporate,Postpaid,2025-07-20,Active,Retail,1320,,
SUB-2302,CUST-12302,Prepaid Saver 30D,Prepaid,2025-12-17,Churned,Retail,843,2026-03-24,Involuntary
SUB-2303,CUST-12303,Prepaid Saver 30D,Prepaid,2021-07-11,Active,Referral,1028,,
SUB-2304,CUST-12304,Unlimited Data Max,Prepaid,2023-09-29,Churned,Retail,1180,2026-01-30,Voluntary
SUB-2305,CUST-12305,Postpaid Corporate,Postpaid,2023-03-03,Active,Retail,923,,
SUB-2306,CUST-12306,Prepaid Saver 30D,Prepaid,2025-11-17,Active,Online,1363,,
SUB-2307,CUST-12307,Unlimited Data Max,Prepaid,2025-04-21,Active,Agent,413,,
SUB-2308,CUST-12308,Unlimited Data Max,Prepaid,2025-12-17,Churned,Agent,1428,2026-01-11,Voluntary
SUB-2309,CUST-12309,Unlimited Data Max,Prepaid,2023-07-31,Active,Online,694,,
SUB-2310,CUST-12310,Prepaid Saver 30D,Prepaid,2023-01-02,Active,Retail,333,,
SUB-2311,CUST-12311,Unlimited Data Max,Prepaid,2025-09-18,Churned,Retail,1220,2025-10-17,Voluntary
SUB-2312,CUST-12312,Student Special 4G,Prepaid,2022-04-07,Active,Agent,1287,,
SUB-2313,CUST-12313,Family Bundle,Postpaid,2025-10-18,Active,Online,1478,,
SUB-2314,CUST-12314,Family Bundle,Postpaid,2021-07-11,Active,Referral,1087,,
SUB-2315,CUST-12315,Unlimited Data Max,Prepaid,2021-01-12,Active,Retail,871,,
SUB-2316,CUST-12316,Prepaid Saver 30D,Prepaid,2022-09-04,Active,Retail,1475,,
SUB-2317,CUST-12317,Student Special 4G,Prepaid,2023-04-02,Active,Online,1037,,
SUB-2318,CUST-12318,Postpaid Corporate,Postpaid,2022-03-08,Active,Retail,1001,,
SUB-2319,CUST-12319,Prepaid Saver 30D,Prepaid,2024-12-22,Active,Agent,988,,
SUB-2320,CUST-12320,Student Special 4G,Prepaid,2021-01-12,Active,Agent,1100,,
SUB-2321,CUST-12321,Prepaid Saver 30D,Prepaid,2021-04-12,Active,Online,455,,
SUB-2322,CUST-12322,Postpaid Corporate,Postpaid,2022-05-07,Active,Online,1400,,
SUB-2323,CUST-12323,Family Bundle,Postpaid,2020-08-15,Active,Referral,999,,
SUB-2324,CUST-12324,Family Bundle,Postpaid,2024-08-24,Churned,Online,448,2025-12-29,Voluntary
SUB-2325,CUST-12325,Prepaid Saver 30D,Prepaid,2021-04-12,Active,Agent,1272,,
SUB-2326,CUST-12326,Unlimited Data Max,Prepaid,2026-03-17,Active,Retail,1062,,
SUB-2327,CUST-12327,Postpaid Corporate,Postpaid,2022-01-07,Active,Referral,361,,
SUB-2328,CUST-12328,Postpaid Corporate,Postpaid,2024-09-23,Churned,Online,318,2025-04-23,Voluntary
SUB-2329,CUST-12329,Prepaid Saver 30D,Prepaid,2020-10-14,Active,Agent,1172,,
SUB-2330,CUST-12330,Prepaid Saver 30D,Prepaid,2023-02-01,Active,Referral,1439,,
SUB-2331,CUST-12331,Prepaid Saver 30D,Prepaid,2025-03-22,Active,Retail,692,,
SUB-2332,CUST-12332,Prepaid Saver 30D,Prepaid,2024-07-25,Active,Referral,518,,
SUB-2333,CUST-12333,Family Bundle,Postpaid,2021-04-12,Active,Retail,1464,,
SUB-2334,CUST-12334,Student Special 4G,Prepaid,2021-09-09,Active,Referral,686,,
SUB-2335,CUST-12335,Prepaid Saver 30D,Prepaid,2024-04-26,Active,Online,533,,
SUB-2336,CUST-12336,Prepaid Saver 30D,Prepaid,2024-11-22,Active,Agent,1257,,
SUB-2337,CUST-12337,Prepaid Saver 30D,Prepaid,2026-03-17,Active,Retail,866,,
SUB-2338,CUST-12338,Prepaid Saver 30D,Prepaid,2025-09-18,Active,Retail,879,,
SUB-2339,CUST-12339,Unlimited Data Max,Prepaid,2026-03-17,Churned,Retail,1008,2026-04-30,Involuntary
SUB-2340,CUST-12340,Postpaid Corporate,Postpaid,2024-06-25,Active,Referral,1254,,
SUB-2341,CUST-12341,Postpaid Corporate,Postpaid,2025-04-21,Active,Agent,880,,
SUB-2342,CUST-12342,Prepaid Saver 30D,Prepaid,2026-04-16,Active,Referral,731,,
SUB-2343,CUST-12343,Family Bundle,Postpaid,2021-11-08,Active,Agent,1410,,
SUB-2344,CUST-12344,Family Bundle,Postpaid,2021-04-12,Active,Retail,1087,,
SUB-2345,CUST-12345,Student Special 4G,Prepaid,2021-03-13,Active,Referral,962,,
SUB-2346,CUST-12346,Family Bundle,Postpaid,2021-07-11,Active,Agent,385,,
SUB-2347,CUST-12347,Prepaid Saver 30D,Prepaid,2025-08-19,Active,Online,1351,,
SUB-2348,CUST-12348,Family Bundle,Postpaid,2025-06-20,Active,Referral,556,,
SUB-2349,CUST-12349,Family Bundle,Postpaid,2021-06-11,Churned,Agent,874,2025-08-02,Involuntary
SUB-2350,CUST-12350,Postpaid Corporate,Postpaid,2026-04-16,Churned,Agent,313,2026-04-27,Voluntary
SUB-2351,CUST-12351,Unlimited Data Max,Prepaid,2022-01-07,Active,Referral,784,,
SUB-2352,CUST-12352,Unlimited Data Max,Prepaid,2025-09-18,Active,Online,830,,
SUB-2353,CUST-12353,Prepaid Saver 30D,Prepaid,2026-02-15,Active,Online,1281,,
SUB-2354,CUST-12354,Postpaid Corporate,Postpaid,2021-11-08,Active,Retail,324,,
SUB-2355,CUST-12355,Prepaid Saver 30D,Prepaid,2022-03-08,Active,Referral,311,,
SUB-2356,CUST-12356,Student Special 4G,Prepaid,2025-11-17,Active,Referral,885,,
SUB-2357,CUST-12357,Student Special 4G,Prepaid,2026-03-17,Active,Online,738,,
SUB-2358,CUST-12358,Unlimited Data Max,Prepaid,2021-04-12,Active,Agent,1185,,
SUB-2359,CUST-12359,Unlimited Data Max,Prepaid,2024-11-22,Active,Retail,379,,
SUB-2360,CUST-12360,Postpaid Corporate,Postpaid,2020-10-14,Active,Referral,577,,
SUB-2361,CUST-12361,Prepaid Saver 30D,Prepaid,2023-05-02,Churned,Online,1493,2025-11-08,Involuntary
SUB-2362,CUST-12362,Family Bundle,Postpaid,2020-09-14,Active,Referral,1188,,
SUB-2363,CUST-12363,Student Special 4G,Prepaid,2021-02-11,Active,Referral,848,,
SUB-2364,CUST-12364,Prepaid Saver 30D,Prepaid,2022-11-03,Active,Referral,1481,,
SUB-2365,CUST-12365,Prepaid Saver 30D,Prepaid,2025-10-18,Active,Online,1268,,
SUB-2366,CUST-12366,Student Special 4G,Prepaid,2021-03-13,Active,Agent,595,,
SUB-2367,CUST-12367,Student Special 4G,Prepaid,2024-05-26,Active,Referral,1075,,
SUB-2368,CUST-12368,Prepaid Saver 30D,Prepaid,2024-12-22,Active,Agent,905,,
SUB-2369,CUST-12369,Family Bundle,Postpaid,2023-02-01,Active,Retail,1418,,
SUB-2370,CUST-12370,Prepaid Saver 30D,Prepaid,2024-04-26,Active,Referral,606,,
SUB-2371,CUST-12371,Unlimited Data Max,Prepaid,2022-02-06,Churned,Referral,508,2026-04-23,Involuntary
SUB-2372,CUST-12372,Prepaid Saver 30D,Prepaid,2024-11-22,Active,Referral,977,,
SUB-2373,CUST-12373,Student Special 4G,Prepaid,2021-02-11,Active,Online,1063,,
SUB-2374,CUST-12374,Family Bundle,Postpaid,2025-10-18,Active,Online,1404,,
SUB-2375,CUST-12375,Unlimited Data Max,Prepaid,2023-08-30,Active,Online,403,,
SUB-2376,CUST-12376,Prepaid Saver 30D,Prepaid,2020-10-14,Churned,Agent,937,2025-05-09,Voluntary
SUB-2377,CUST-12377,Prepaid Saver 30D,Prepaid,2021-07-11,Active,Agent,1326,,
SUB-2378,CUST-12378,Student Special 4G,Prepaid,2021-08-10,Active,Online,1268,,
SUB-2379,CUST-12379,Postpaid Corporate,Postpaid,2022-11-03,Active,Referral,655,,
SUB-2380,CUST-12380,Unlimited Data Max,Prepaid,2023-02-01,Active,Referral,653,,
SUB-2381,CUST-12381,Student Special 4G,Prepaid,2025-03-22,Active,Online,1350,,
SUB-2382,CUST-12382,Postpaid Corporate,Postpaid,2024-08-24,Churned,Retail,893,2025-05-02,Involuntary
SUB-2383,CUST-12383,Student Special 4G,Prepaid,2023-01-02,Churned,Agent,1006,2026-01-08,Involuntary
SUB-2384,CUST-12384,Student Special 4G,Prepaid,2024-08-24,Churned,Referral,313,2025-02-22,Voluntary
SUB-2385,CUST-12385,Unlimited Data Max,Prepaid,2024-07-25,Active,Referral,1046,,
SUB-2386,CUST-12386,Family Bundle,Postpaid,2022-06-06,Active,Online,339,,
SUB-2387,CUST-12387,Prepaid Saver 30D,Prepaid,2022-05-07,Active,Retail,569,,
SUB-2388,CUST-12388,Family Bundle,Postpaid,2023-07-01,Active,Online,1161,,
SUB-2389,CUST-12389,Unlimited Data Max,Prepaid,2024-09-23,Active,Retail,965,,
SUB-2390,CUST-12390,Student Special 4G,Prepaid,2025-05-21,Active,Online,1084,,
SUB-2391,CUST-12391,Prepaid Saver 30D,Prepaid,2024-11-22,Active,Agent,911,,
SUB-2392,CUST-12392,Unlimited Data Max,Prepaid,2024-06-25,Active,Retail,331,,
SUB-2393,CUST-12393,Family Bundle,Postpaid,2020-11-13,Churned,Referral,1023,2025-11-20,Voluntary
SUB-2394,CUST-12394,Prepaid Saver 30D,Prepaid,2024-07-25,Active,Retail,933,,
SUB-2395,CUST-12395,Unlimited Data Max,Prepaid,2021-02-11,Churned,Agent,1456,2026-05-21,Voluntary
SUB-2396,CUST-12396,Student Special 4G,Prepaid,2023-04-02,Active,Online,1356,,
SUB-2397,CUST-12397,Prepaid Saver 30D,Prepaid,2023-09-29,Active,Retail,985,,
SUB-2398,CUST-12398,Prepaid Saver 30D,Prepaid,2024-10-23,Active,Agent,325,,
SUB-2399,CUST-12399,Family Bundle,Postpaid,2021-12-08,Churned,Retail,959,2025-10-22,Voluntary
SUB-2400,CUST-12400,Prepaid Saver 30D,Prepaid,2021-07-11,Active,Referral,984,,
SUB-2401,CUST-12401,Unlimited Data Max,Prepaid,2020-09-14,Active,Referral,1436,,
SUB-2402,CUST-12402,Postpaid Corporate,Postpaid,2021-08-10,Active,Referral,1124,,
SUB-2403,CUST-12403,Postpaid Corporate,Postpaid,2025-11-17,Active,Agent,568,,
SUB-2404,CUST-12404,Unlimited Data Max,Prepaid,2021-04-12,Active,Agent,437,,
SUB-2405,CUST-12405,Prepaid Saver 30D,Prepaid,2022-11-03,Active,Retail,526,,
SUB-2406,CUST-12406,Prepaid Saver 30D,Prepaid,2023-06-01,Active,Online,1379,,
SUB-2407,CUST-12407,Unlimited Data Max,Prepaid,2024-12-22,Active,Retail,630,,
SUB-2408,CUST-12408,Prepaid Saver 30D,Prepaid,2023-07-01,Active,Agent,809,,
SUB-2409,CUST-12409,Family Bundle,Postpaid,2021-10-09,Active,Retail,1293,,
SUB-2410,CUST-12410,Prepaid Saver 30D,Prepaid,2023-01-02,Active,Online,1472,,
SUB-2411,CUST-12411,Unlimited Data Max,Prepaid,2025-10-18,Churned,Online,1347,2026-04-11,Voluntary
SUB-2412,CUST-12412,Family Bundle,Postpaid,2022-01-07,Active,Online,1286,,
SUB-2413,CUST-12413,Prepaid Saver 30D,Prepaid,2021-10-09,Active,Agent,794,,
SUB-2414,CUST-12414,Family Bundle,Postpaid,2022-07-06,Active,Retail,413,,
SUB-2415,CUST-12415,Student Special 4G,Prepaid,2025-03-22,Active,Online,1034,,
SUB-2416,CUST-12416,Prepaid Saver 30D,Prepaid,2024-09-23,Active,Online,1220,,
SUB-2417,CUST-12417,Prepaid Saver 30D,Prepaid,2023-09-29,Active,Online,1292,,
SUB-2418,CUST-12418,Unlimited Data Max,Prepaid,2021-05-12,Active,Online,739,,
SUB-2419,CUST-12419,Unlimited Data Max,Prepaid,2021-09-09,Active,Referral,728,,
SUB-2420,CUST-12420,Unlimited Data Max,Prepaid,2025-11-17,Active,Retail,548,,
SUB-2421,CUST-12421,Prepaid Saver 30D,Prepaid,2026-01-16,Active,Online,308,,
SUB-2422,CUST-12422,Prepaid Saver 30D,Prepaid,2026-02-15,Active,Referral,1345,,
SUB-2423,CUST-12423,Student Special 4G,Prepaid,2021-01-12,Active,Agent,879,,
SUB-2424,CUST-12424,Prepaid Saver 30D,Prepaid,2021-05-12,Active,Online,481,,
SUB-2425,CUST-12425,Prepaid Saver 30D,Prepaid,2025-02-20,Active,Online,383,,
SUB-2426,CUST-12426,Unlimited Data Max,Prepaid,2021-01-12,Active,Retail,985,,
SUB-2427,CUST-12427,Prepaid Saver 30D,Prepaid,2023-07-01,Churned,Retail,370,2025-04-15,Voluntary
SUB-2428,CUST-12428,Student Special 4G,Prepaid,2024-07-25,Active,Agent,629,,
SUB-2429,CUST-12429,Postpaid Corporate,Postpaid,2022-02-06,Active,Online,527,,
SUB-2430,CUST-12430,Prepaid Saver 30D,Prepaid,2026-01-16,Active,Agent,1318,,
SUB-2431,CUST-12431,Prepaid Saver 30D,Prepaid,2025-09-18,Active,Referral,629,,
SUB-2432,CUST-12432,Prepaid Saver 30D,Prepaid,2024-11-22,Active,Retail,1322,,
SUB-2433,CUST-12433,Student Special 4G,Prepaid,2022-11-03,Active,Agent,1290,,
SUB-2434,CUST-12434,Prepaid Saver 30D,Prepaid,2021-07-11,Active,Referral,395,,
SUB-2435,CUST-12435,Postpaid Corporate,Postpaid,2023-06-01,Active,Retail,926,,
SUB-2436,CUST-12436,Unlimited Data Max,Prepaid,2023-10-29,Active,Online,580,,
SUB-2437,CUST-12437,Prepaid Saver 30D,Prepaid,2023-01-02,Active,Agent,1014,,
SUB-2438,CUST-12438,Prepaid Saver 30D,Prepaid,2026-05-16,Churned,Online,948,2026-05-23,Involuntary
SUB-2439,CUST-12439,Unlimited Data Max,Prepaid,2022-07-06,Active,Agent,652,,
SUB-2440,CUST-12440,Prepaid Saver 30D,Prepaid,2021-09-09,Churned,Retail,1422,2026-03-21,Voluntary
SUB-2441,CUST-12441,Prepaid Saver 30D,Prepaid,2023-12-28,Active,Referral,561,,
SUB-2442,CUST-12442,Unlimited Data Max,Prepaid,2022-09-04,Churned,Online,646,2025-12-03,Involuntary
SUB-2443,CUST-12443,Family Bundle,Postpaid,2024-08-24,Active,Retail,635,,
SUB-2444,CUST-12444,Unlimited Data Max,Prepaid,2020-12-13,Active,Referral,1025,,
SUB-2445,CUST-12445,Student Special 4G,Prepaid,2025-04-21,Active,Referral,1396,,
SUB-2446,CUST-12446,Prepaid Saver 30D,Prepaid,2025-08-19,Active,Agent,770,,
SUB-2447,CUST-12447,Unlimited Data Max,Prepaid,2020-12-13,Active,Retail,446,,
SUB-2448,CUST-12448,Unlimited Data Max,Prepaid,2023-06-01,Active,Online,713,,
SUB-2449,CUST-12449,Postpaid Corporate,Postpaid,2024-01-27,Churned,Referral,856,2025-09-07,Voluntary
SUB-2450,CUST-12450,Student Special 4G,Prepaid,2021-09-09,Churned,Referral,1402,2025-03-14,Involuntary
SUB-2451,CUST-12451,Postpaid Corporate,Postpaid,2024-09-23,Active,Referral,1215,,
SUB-2452,CUST-12452,Prepaid Saver 30D,Prepaid,2024-09-23,Active,Online,1175,,
SUB-2453,CUST-12453,Unlimited Data Max,Prepaid,2026-02-15,Active,Agent,507,,
SUB-2454,CUST-12454,Student Special 4G,Prepaid,2023-06-01,Churned,Online,1138,2025-02-23,Involuntary
SUB-2455,CUST-12455,Student Special 4G,Prepaid,2022-01-07,Active,Agent,1434,,
SUB-2456,CUST-12456,Prepaid Saver 30D,Prepaid,2020-08-15,Active,Retail,1014,,
SUB-2457,CUST-12457,Student Special 4G,Prepaid,2023-05-02,Active,Referral,385,,
SUB-2458,CUST-12458,Postpaid Corporate,Postpaid,2025-12-17,Active,Retail,1421,,
SUB-2459,CUST-12459,Prepaid Saver 30D,Prepaid,2025-04-21,Active,Referral,1088,,
SUB-2460,CUST-12460,Postpaid Corporate,Postpaid,2024-10-23,Active,Retail,477,,
SUB-2461,CUST-12461,Unlimited Data Max,Prepaid,2021-03-13,Active,Retail,1282,,
SUB-2462,CUST-12462,Unlimited Data Max,Prepaid,2023-01-02,Churned,Retail,699,2026-01-17,Involuntary
SUB-2463,CUST-12463,Postpaid Corporate,Postpaid,2020-12-13,Active,Agent,1463,,
SUB-2464,CUST-12464,Family Bundle,Postpaid,2021-07-11,Churned,Retail,1138,2025-04-22,Involuntary
SUB-2465,CUST-12465,Prepaid Saver 30D,Prepaid,2021-04-12,Active,Online,825,,
SUB-2466,CUST-12466,Unlimited Data Max,Prepaid,2024-10-23,Active,Agent,1172,,
SUB-2467,CUST-12467,Unlimited Data Max,Prepaid,2023-03-03,Active,Agent,471,,
SUB-2468,CUST-12468,Prepaid Saver 30D,Prepaid,2026-01-16,Active,Online,360,,
SUB-2469,CUST-12469,Postpaid Corporate,Postpaid,2024-03-27,Active,Referral,906,,
SUB-2470,CUST-12470,Unlimited Data Max,Prepaid,2024-07-25,Active,Retail,421,,
SUB-2471,CUST-12471,Unlimited Data Max,Prepaid,2025-06-20,Active,Agent,1351,,
SUB-2472,CUST-12472,Postpaid Corporate,Postpaid,2026-01-16,Active,Online,1174,,
SUB-2473,CUST-12473,Unlimited Data Max,Prepaid,2024-03-27,Churned,Referral,950,2026-04-24,Involuntary
SUB-2474,CUST-12474,Prepaid Saver 30D,Prepaid,2026-01-16,Active,Retail,455,,
SUB-2475,CUST-12475,Postpaid Corporate,Postpaid,2022-11-03,Active,Online,405,,
SUB-2476,CUST-12476,Unlimited Data Max,Prepaid,2024-10-23,Active,Retail,766,,
SUB-2477,CUST-12477,Prepaid Saver 30D,Prepaid,2025-01-21,Active,Online,826,,
SUB-2478,CUST-12478,Unlimited Data Max,Prepaid,2025-10-18,Active,Referral,777,,
SUB-2479,CUST-12479,Prepaid Saver 30D,Prepaid,2023-09-29,Churned,Online,336,2025-02-10,Involuntary
SUB-2480,CUST-12480,Family Bundle,Postpaid,2025-06-20,Active,Retail,793,,
SUB-2481,CUST-12481,Postpaid Corporate,Postpaid,2023-02-01,Churned,Referral,717,2025-04-09,Voluntary
SUB-2482,CUST-12482,Unlimited Data Max,Prepaid,2020-08-15,Active,Agent,931,,
SUB-2483,CUST-12483,Unlimited Data Max,Prepaid,2022-03-08,Active,Agent,351,,
SUB-2484,CUST-12484,Prepaid Saver 30D,Prepaid,2025-09-18,Active,Referral,1139,,
SUB-2485,CUST-12485,Student Special 4G,Prepaid,2025-11-17,Active,Online,1335,,
SUB-2486,CUST-12486,Postpaid Corporate,Postpaid,2021-04-12,Active,Referral,453,,
SUB-2487,CUST-12487,Postpaid Corporate,Postpaid,2021-05-12,Active,Referral,869,,
SUB-2488,CUST-12488,Unlimited Data Max,Prepaid,2024-04-26,Active,Agent,774,,
SUB-2489,CUST-12489,Family Bundle,Postpaid,2023-09-29,Active,Agent,979,,
SUB-2490,CUST-12490,Student Special 4G,Prepaid,2024-03-27,Active,Agent,709,,
SUB-2491,CUST-12491,Unlimited Data Max,Prepaid,2023-01-02,Active,Online,1074,,
SUB-2492,CUST-12492,Prepaid Saver 30D,Prepaid,2025-03-22,Active,Online,1489,,
SUB-2493,CUST-12493,Prepaid Saver 30D,Prepaid,2020-12-13,Active,Referral,776,,
SUB-2494,CUST-12494,Prepaid Saver 30D,Prepaid,2024-01-27,Active,Retail,1055,,
SUB-2495,CUST-12495,Prepaid Saver 30D,Prepaid,2025-06-20,Active,Referral,477,,
SUB-2496,CUST-12496,Unlimited Data Max,Prepaid,2024-08-24,Churned,Retail,1128,2025-02-07,Voluntary
SUB-2497,CUST-12497,Postpaid Corporate,Postpaid,2021-04-12,Active,Online,1133,,
SUB-2498,CUST-12498,Postpaid Corporate,Postpaid,2024-09-23,Active,Retail,1026,,
SUB-2499,CUST-12499,Prepaid Saver 30D,Prepaid,2021-09-09,Active,Agent,1183,,
SUB-2500,CUST-12500,Prepaid Saver 30D,Prepaid,2021-12-08,Active,Agent,447,,
SUB-2501,CUST-12501,Unlimited Data Max,Prepaid,2020-08-15,Active,Referral,484,,
SUB-2502,CUST-12502,Prepaid Saver 30D,Prepaid,2025-07-20,Churned,Retail,549,2025-11-24,Involuntary
SUB-2503,CUST-12503,Student Special 4G,Prepaid,2024-02-26,Active,Online,580,,
SUB-2504,CUST-12504,Prepaid Saver 30D,Prepaid,2021-07-11,Active,Referral,486,,
SUB-2505,CUST-12505,Family Bundle,Postpaid,2025-08-19,Active,Agent,1487,,
SUB-2506,CUST-12506,Postpaid Corporate,Postpaid,2026-03-17,Active,Online,328,,
SUB-2507,CUST-12507,Student Special 4G,Prepaid,2026-04-16,Churned,Agent,572,2026-05-23,Involuntary
SUB-2508,CUST-12508,Prepaid Saver 30D,Prepaid,2025-12-17,Active,Retail,466,,
SUB-2509,CUST-12509,Unlimited Data Max,Prepaid,2021-10-09,Active,Online,489,,
SUB-2510,CUST-12510,Family Bundle,Postpaid,2024-05-26,Active,Retail,547,,
SUB-2511,CUST-12511,Postpaid Corporate,Postpaid,2025-08-19,Active,Referral,1082,,
SUB-2512,CUST-12512,Family Bundle,Postpaid,2022-05-07,Active,Agent,758,,
SUB-2513,CUST-12513,Postpaid Corporate,Postpaid,2024-08-24,Churned,Online,314,2025-05-18,Voluntary
SUB-2514,CUST-12514,Prepaid Saver 30D,Prepaid,2025-08-19,Active,Retail,1476,,
SUB-2515,CUST-12515,Unlimited Data Max,Prepaid,2020-08-15,Active,Referral,616,,
SUB-2516,CUST-12516,Prepaid Saver 30D,Prepaid,2023-01-02,Active,Retail,790,,
SUB-2517,CUST-12517,Prepaid Saver 30D,Prepaid,2023-10-29,Active,Referral,784,,
SUB-2518,CUST-12518,Family Bundle,Postpaid,2021-01-12,Active,Retail,678,,
SUB-2519,CUST-12519,Student Special 4G,Prepaid,2025-01-21,Active,Online,625,,
SUB-2520,CUST-12520,Prepaid Saver 30D,Prepaid,2023-01-02,Active,Online,1117,,
SUB-2521,CUST-12521,Prepaid Saver 30D,Prepaid,2022-01-07,Active,Referral,699,,
SUB-2522,CUST-12522,Unlimited Data Max,Prepaid,2026-05-16,Active,Retail,756,,
SUB-2523,CUST-12523,Prepaid Saver 30D,Prepaid,2024-10-23,Active,Referral,727,,
SUB-2524,CUST-12524,Family Bundle,Postpaid,2025-11-17,Active,Agent,845,,
SUB-2525,CUST-12525,Postpaid Corporate,Postpaid,2023-05-02,Active,Referral,582,,
SUB-2526,CUST-12526,Prepaid Saver 30D,Prepaid,2022-06-06,Active,Agent,1333,,
SUB-2527,CUST-12527,Student Special 4G,Prepaid,2025-06-20,Churned,Referral,666,2025-10-30,Voluntary
SUB-2528,CUST-12528,Unlimited Data Max,Prepaid,2025-07-20,Active,Agent,1145,,
SUB-2529,CUST-12529,Family Bundle,Postpaid,2023-09-29,Active,Referral,425,,
SUB-2530,CUST-12530,Postpaid Corporate,Postpaid,2024-01-27,Churned,Agent,336,2026-02-25,Involuntary
SUB-2531,CUST-12531,Unlimited Data Max,Prepaid,2025-10-18,Active,Referral,1430,,
SUB-2532,CUST-12532,Postpaid Corporate,Postpaid,2022-06-06,Churned,Retail,1119,2025-06-30,Involuntary
SUB-2533,CUST-12533,Unlimited Data Max,Prepaid,2021-12-08,Active,Referral,1334,,
SUB-2534,CUST-12534,Postpaid Corporate,Postpaid,2023-11-28,Active,Retail,732,,
SUB-2535,CUST-12535,Prepaid Saver 30D,Prepaid,2024-04-26,Active,Referral,524,,
SUB-2536,CUST-12536,Unlimited Data Max,Prepaid,2025-06-20,Active,Retail,1389,,
SUB-2537,CUST-12537,Postpaid Corporate,Postpaid,2024-07-25,Active,Referral,694,,
SUB-2538,CUST-12538,Prepaid Saver 30D,Prepaid,2023-06-01,Active,Agent,347,,
SUB-2539,CUST-12539,Unlimited Data Max,Prepaid,2020-08-15,Active,Online,1347,,
SUB-2540,CUST-12540,Student Special 4G,Prepaid,2025-04-21,Active,Retail,1303,,
SUB-2541,CUST-12541,Prepaid Saver 30D,Prepaid,2021-08-10,Active,Agent,1173,,
SUB-2542,CUST-12542,Postpaid Corporate,Postpaid,2023-07-01,Active,Referral,1343,,
SUB-2543,CUST-12543,Postpaid Corporate,Postpaid,2023-03-03,Churned,Referral,1238,2025-05-24,Involuntary
SUB-2544,CUST-12544,Unlimited Data Max,Prepaid,2024-08-24,Active,Referral,1300,,
SUB-2545,CUST-12545,Family Bundle,Postpaid,2020-11-13,Active,Retail,1162,,
SUB-2546,CUST-12546,Prepaid Saver 30D,Prepaid,2026-01-16,Active,Retail,1259,,
SUB-2547,CUST-12547,Unlimited Data Max,Prepaid,2025-02-20,Active,Online,428,,
SUB-2548,CUST-12548,Prepaid Saver 30D,Prepaid,2024-07-25,Active,Online,424,,
SUB-2549,CUST-12549,Postpaid Corporate,Postpaid,2023-02-01,Active,Referral,522,,
SUB-2550,CUST-12550,Unlimited Data Max,Prepaid,2023-11-28,Churned,Referral,308,2025-01-20,Voluntary
SUB-2551,CUST-12551,Prepaid Saver 30D,Prepaid,2021-01-12,Active,Referral,930,,
SUB-2552,CUST-12552,Prepaid Saver 30D,Prepaid,2025-04-21,Active,Online,424,,
SUB-2553,CUST-12553,Postpaid Corporate,Postpaid,2023-02-01,Active,Online,561,,
SUB-2554,CUST-12554,Prepaid Saver 30D,Prepaid,2023-07-31,Active,Online,875,,
SUB-2555,CUST-12555,Prepaid Saver 30D,Prepaid,2024-08-24,Active,Retail,1462,,
SUB-2556,CUST-12556,Unlimited Data Max,Prepaid,2026-04-16,Active,Agent,610,,
SUB-2557,CUST-12557,Prepaid Saver 30D,Prepaid,2021-09-09,Active,Online,1332,,
SUB-2558,CUST-12558,Postpaid Corporate,Postpaid,2025-03-22,Active,Online,301,,
SUB-2559,CUST-12559,Prepaid Saver 30D,Prepaid,2025-08-19,Active,Agent,1160,,
SUB-2560,CUST-12560,Prepaid Saver 30D,Prepaid,2023-02-01,Active,Agent,751,,
SUB-2561,CUST-12561,Prepaid Saver 30D,Prepaid,2025-07-20,Active,Agent,1169,,
SUB-2562,CUST-12562,Postpaid Corporate,Postpaid,2022-09-04,Churned,Online,1179,2025-09-27,Voluntary
SUB-2563,CUST-12563,Prepaid Saver 30D,Prepaid,2022-03-08,Active,Referral,1062,,
SUB-2564,CUST-12564,Prepaid Saver 30D,Prepaid,2025-01-21,Active,Retail,951,,
SUB-2565,CUST-12565,Postpaid Corporate,Postpaid,2026-01-16,Active,Retail,410,,
SUB-2566,CUST-12566,Postpaid Corporate,Postpaid,2025-11-17,Active,Online,1442,,
SUB-2567,CUST-12567,Unlimited Data Max,Prepaid,2026-02-15,Active,Retail,1312,,
SUB-2568,CUST-12568,Prepaid Saver 30D,Prepaid,2023-07-31,Active,Agent,1131,,
SUB-2569,CUST-12569,Unlimited Data Max,Prepaid,2024-03-27,Active,Agent,1248,,
SUB-2570,CUST-12570,Student Special 4G,Prepaid,2021-11-08,Active,Referral,763,,
SUB-2571,CUST-12571,Prepaid Saver 30D,Prepaid,2024-01-27,Active,Retail,1258,,
SUB-2572,CUST-12572,Prepaid Saver 30D,Prepaid,2022-08-05,Active,Referral,589,,
SUB-2573,CUST-12573,Prepaid Saver 30D,Prepaid,2023-08-30,Active,Online,1026,,
SUB-2574,CUST-12574,Prepaid Saver 30D,Prepaid,2023-11-28,Active,Retail,1021,,
SUB-2575,CUST-12575,Student Special 4G,Prepaid,2022-02-06,Churned,Retail,927,2025-06-04,Voluntary
SUB-2576,CUST-12576,Prepaid Saver 30D,Prepaid,2023-06-01,Active,Retail,403,,
SUB-2577,CUST-12577,Prepaid Saver 30D,Prepaid,2023-02-01,Active,Retail,1003,,
SUB-2578,CUST-12578,Postpaid Corporate,Postpaid,2023-10-29,Active,Online,669,,
SUB-2579,CUST-12579,Postpaid Corporate,Postpaid,2022-04-07,Active,Retail,875,,
SUB-2580,CUST-12580,Family Bundle,Postpaid,2024-08-24,Active,Referral,869,,
SUB-2581,CUST-12581,Postpaid Corporate,Postpaid,2026-02-15,Active,Referral,1297,,
SUB-2582,CUST-12582,Prepaid Saver 30D,Prepaid,2023-11-28,Active,Agent,308,,
SUB-2583,CUST-12583,Unlimited Data Max,Prepaid,2024-07-25,Active,Retail,1427,,
SUB-2584,CUST-12584,Family Bundle,Postpaid,2021-03-13,Churned,Agent,1335,2026-02-28,Voluntary
SUB-2585,CUST-12585,Postpaid Corporate,Postpaid,2020-10-14,Active,Online,883,,
SUB-2586,CUST-12586,Unlimited Data Max,Prepaid,2025-02-20,Active,Online,1118,,
SUB-2587,CUST-12587,Prepaid Saver 30D,Prepaid,2023-11-28,Active,Referral,430,,
SUB-2588,CUST-12588,Prepaid Saver 30D,Prepaid,2023-11-28,Active,Online,817,,
SUB-2589,CUST-12589,Unlimited Data Max,Prepaid,2025-02-20,Active,Online,875,,
SUB-2590,CUST-12590,Postpaid Corporate,Postpaid,2026-05-16,Active,Online,1257,,
SUB-2591,CUST-12591,Postpaid Corporate,Postpaid,2020-08-15,Active,Online,615,,
SUB-2592,CUST-12592,Unlimited Data Max,Prepaid,2022-08-05,Active,Online,941,,
SUB-2593,CUST-12593,Family Bundle,Postpaid,2023-12-28,Active,Referral,530,,
SUB-2594,CUST-12594,Family Bundle,Postpaid,2025-04-21,Active,Online,856,,
SUB-2595,CUST-12595,Prepaid Saver 30D,Prepaid,2023-08-30,Churned,Referral,1104,2026-04-18,Voluntary
SUB-2596,CUST-12596,Prepaid Saver 30D,Prepaid,2024-10-23,Churned,Agent,1223,2025-11-17,Voluntary
SUB-2597,CUST-12597,Student Special 4G,Prepaid,2025-02-20,Churned,Referral,1344,2025-06-26,Involuntary
SUB-2598,CUST-12598,Prepaid Saver 30D,Prepaid,2020-11-13,Active,Referral,1499,,
SUB-2599,CUST-12599,Family Bundle,Postpaid,2022-08-05,Active,Online,1366,,
SUB-2600,CUST-12600,Unlimited Data Max,Prepaid,2024-08-24,Active,Referral,716,,
SUB-2601,CUST-12601,Postpaid Corporate,Postpaid,2025-03-22,Active,Retail,386,,
SUB-2602,CUST-12602,Prepaid Saver 30D,Prepaid,2021-12-08,Active,Retail,690,,
SUB-2603,CUST-12603,Prepaid Saver 30D,Prepaid,2022-11-03,Active,Agent,521,,
SUB-2604,CUST-12604,Postpaid Corporate,Postpaid,2021-06-11,Active,Online,792,,
SUB-2605,CUST-12605,Unlimited Data Max,Prepaid,2022-01-07,Active,Referral,820,,
SUB-2606,CUST-12606,Unlimited Data Max,Prepaid,2024-01-27,Active,Referral,474,,
SUB-2607,CUST-12607,Prepaid Saver 30D,Prepaid,2022-08-05,Active,Retail,1236,,
SUB-2608,CUST-12608,Unlimited Data Max,Prepaid,2024-02-26,Active,Referral,1371,,
SUB-2609,CUST-12609,Unlimited Data Max,Prepaid,2025-11-17,Active,Referral,1260,,
SUB-2610,CUST-12610,Prepaid Saver 30D,Prepaid,2026-03-17,Active,Agent,1041,,
SUB-2611,CUST-12611,Unlimited Data Max,Prepaid,2025-12-17,Active,Retail,1325,,
SUB-2612,CUST-12612,Unlimited Data Max,Prepaid,2021-01-12,Churned,Agent,363,2025-03-08,Voluntary
SUB-2613,CUST-12613,Unlimited Data Max,Prepaid,2021-07-11,Churned,Agent,507,2025-01-10,Involuntary
SUB-2614,CUST-12614,Student Special 4G,Prepaid,2024-02-26,Active,Agent,647,,
SUB-2615,CUST-12615,Unlimited Data Max,Prepaid,2021-02-11,Active,Retail,527,,
SUB-2616,CUST-12616,Postpaid Corporate,Postpaid,2022-02-06,Active,Online,931,,
SUB-2617,CUST-12617,Unlimited Data Max,Prepaid,2025-08-19,Active,Online,743,,
SUB-2618,CUST-12618,Unlimited Data Max,Prepaid,2025-01-21,Churned,Online,719,2025-02-07,Voluntary
SUB-2619,CUST-12619,Prepaid Saver 30D,Prepaid,2024-03-27,Active,Referral,367,,
SUB-2620,CUST-12620,Prepaid Saver 30D,Prepaid,2021-09-09,Active,Referral,450,,
SUB-2621,CUST-12621,Prepaid Saver 30D,Prepaid,2022-08-05,Active,Online,1450,,
SUB-2622,CUST-12622,Postpaid Corporate,Postpaid,2024-02-26,Active,Agent,436,,
SUB-2623,CUST-12623,Prepaid Saver 30D,Prepaid,2021-07-11,Churned,Referral,992,2026-02-20,Involuntary
SUB-2624,CUST-12624,Unlimited Data Max,Prepaid,2024-06-25,Active,Retail,1479,,
SUB-2625,CUST-12625,Student Special 4G,Prepaid,2021-02-11,Active,Agent,786,,
SUB-2626,CUST-12626,Unlimited Data Max,Prepaid,2022-03-08,Active,Online,967,,
SUB-2627,CUST-12627,Student Special 4G,Prepaid,2022-05-07,Churned,Online,779,2026-02-26,Voluntary
SUB-2628,CUST-12628,Prepaid Saver 30D,Prepaid,2025-11-17,Active,Retail,989,,
SUB-2629,CUST-12629,Prepaid Saver 30D,Prepaid,2025-07-20,Active,Agent,1494,,
SUB-2630,CUST-12630,Prepaid Saver 30D,Prepaid,2020-09-14,Active,Referral,572,,
SUB-2631,CUST-12631,Prepaid Saver 30D,Prepaid,2021-12-08,Active,Referral,903,,
SUB-2632,CUST-12632,Prepaid Saver 30D,Prepaid,2024-11-22,Active,Referral,1067,,
SUB-2633,CUST-12633,Family Bundle,Postpaid,2021-06-11,Active,Online,1322,,
SUB-2634,CUST-12634,Prepaid Saver 30D,Prepaid,2024-08-24,Active,Online,1022,,
SUB-2635,CUST-12635,Family Bundle,Postpaid,2024-05-26,Active,Agent,1423,,
SUB-2636,CUST-12636,Unlimited Data Max,Prepaid,2024-08-24,Churned,Retail,858,2025-07-01,Voluntary
SUB-2637,CUST-12637,Unlimited Data Max,Prepaid,2023-07-01,Active,Online,693,,
SUB-2638,CUST-12638,Prepaid Saver 30D,Prepaid,2021-12-08,Active,Agent,1490,,
SUB-2639,CUST-12639,Family Bundle,Postpaid,2025-06-20,Active,Online,1476,,
SUB-2640,CUST-12640,Prepaid Saver 30D,Prepaid,2020-10-14,Active,Agent,778,,
SUB-2641,CUST-12641,Student Special 4G,Prepaid,2024-08-24,Active,Retail,1297,,
SUB-2642,CUST-12642,Prepaid Saver 30D,Prepaid,2020-10-14,Active,Retail,892,,
SUB-2643,CUST-12643,Student Special 4G,Prepaid,2021-05-12,Active,Retail,540,,
SUB-2644,CUST-12644,Student Special 4G,Prepaid,2023-04-02,Active,Agent,368,,
SUB-2645,CUST-12645,Postpaid Corporate,Postpaid,2025-11-17,Active,Referral,830,,
SUB-2646,CUST-12646,Postpaid Corporate,Postpaid,2023-02-01,Active,Retail,446,,
SUB-2647,CUST-12647,Prepaid Saver 30D,Prepaid,2021-12-08,Active,Online,694,,
SUB-2648,CUST-12648,Family Bundle,Postpaid,2020-09-14,Active,Retail,394,,
SUB-2649,CUST-12649,Prepaid Saver 30D,Prepaid,2025-11-17,Active,Online,1097,,
SUB-2650,CUST-12650,Prepaid Saver 30D,Prepaid,2022-02-06,Active,Agent,952,,
SUB-2651,CUST-12651,Student Special 4G,Prepaid,2024-09-23,Churned,Referral,1306,2025-07-20,Involuntary
SUB-2652,CUST-12652,Postpaid Corporate,Postpaid,2022-01-07,Churned,Agent,1065,2025-10-29,Voluntary
SUB-2653,CUST-12653,Prepaid Saver 30D,Prepaid,2023-01-02,Active,Referral,568,,
SUB-2654,CUST-12654,Postpaid Corporate,Postpaid,2021-05-12,Active,Referral,579,,
SUB-2655,CUST-12655,Prepaid Saver 30D,Prepaid,2026-05-16,Churned,Referral,452,2026-06-11,Voluntary
SUB-2656,CUST-12656,Prepaid Saver 30D,Prepaid,2023-07-01,Active,Agent,652,,
SUB-2657,CUST-12657,Unlimited Data Max,Prepaid,2022-07-06,Active,Agent,1352,,
SUB-2658,CUST-12658,Student Special 4G,Prepaid,2024-03-27,Active,Retail,470,,
SUB-2659,CUST-12659,Postpaid Corporate,Postpaid,2024-07-25,Active,Referral,790,,
SUB-2660,CUST-12660,Student Special 4G,Prepaid,2024-06-25,Active,Agent,466,,
SUB-2661,CUST-12661,Prepaid Saver 30D,Prepaid,2022-01-07,Active,Retail,734,,
SUB-2662,CUST-12662,Family Bundle,Postpaid,2025-03-22,Churned,Agent,577,2026-05-11,Voluntary
SUB-2663,CUST-12663,Prepaid Saver 30D,Prepaid,2020-09-14,Active,Online,1307,,
SUB-2664,CUST-12664,Prepaid Saver 30D,Prepaid,2025-03-22,Active,Referral,815,,
SUB-2665,CUST-12665,Family Bundle,Postpaid,2023-12-28,Active,Online,631,,
SUB-2666,CUST-12666,Postpaid Corporate,Postpaid,2020-08-15,Active,Referral,1245,,
SUB-2667,CUST-12667,Family Bundle,Postpaid,2026-03-17,Active,Referral,1056,,
SUB-2668,CUST-12668,Postpaid Corporate,Postpaid,2024-06-25,Churned,Retail,993,2025-10-09,Involuntary
SUB-2669,CUST-12669,Unlimited Data Max,Prepaid,2021-06-11,Active,Agent,674,,
SUB-2670,CUST-12670,Prepaid Saver 30D,Prepaid,2024-07-25,Active,Online,1210,,
SUB-2671,CUST-12671,Student Special 4G,Prepaid,2024-10-23,Active,Agent,432,,
SUB-2672,CUST-12672,Prepaid Saver 30D,Prepaid,2026-05-16,Churned,Online,1186,2026-05-20,Voluntary
SUB-2673,CUST-12673,Postpaid Corporate,Postpaid,2025-07-20,Churned,Agent,1142,2025-12-03,Involuntary
SUB-2674,CUST-12674,Unlimited Data Max,Prepaid,2025-04-21,Churned,Referral,1483,2025-11-05,Voluntary
SUB-2675,CUST-12675,Prepaid Saver 30D,Prepaid,2021-04-12,Churned,Referral,636,2026-03-08,Voluntary
SUB-2676,CUST-12676,Student Special 4G,Prepaid,2023-04-02,Churned,Online,353,2025-11-10,Voluntary
SUB-2677,CUST-12677,Family Bundle,Postpaid,2025-01-21,Churned,Agent,1470,2025-04-17,Involuntary
SUB-2678,CUST-12678,Prepaid Saver 30D,Prepaid,2021-09-09,Active,Retail,1329,,
SUB-2679,CUST-12679,Unlimited Data Max,Prepaid,2022-12-03,Active,Retail,1394,,
SUB-2680,CUST-12680,Unlimited Data Max,Prepaid,2024-07-25,Active,Retail,575,,
SUB-2681,CUST-12681,Unlimited Data Max,Prepaid,2024-11-22,Active,Online,1078,,
SUB-2682,CUST-12682,Student Special 4G,Prepaid,2025-02-20,Active,Agent,766,,
SUB-2683,CUST-12683,Prepaid Saver 30D,Prepaid,2022-04-07,Active,Referral,621,,
SUB-2684,CUST-12684,Prepaid Saver 30D,Prepaid,2022-04-07,Active,Referral,755,,
SUB-2685,CUST-12685,Student Special 4G,Prepaid,2022-08-05,Active,Agent,303,,
SUB-2686,CUST-12686,Student Special 4G,Prepaid,2023-10-29,Active,Referral,994,,
SUB-2687,CUST-12687,Prepaid Saver 30D,Prepaid,2023-06-01,Churned,Agent,312,2026-02-07,Voluntary
SUB-2688,CUST-12688,Family Bundle,Postpaid,2021-03-13,Churned,Agent,1390,2025-12-11,Voluntary
SUB-2689,CUST-12689,Prepaid Saver 30D,Prepaid,2023-03-03,Active,Referral,1372,,
SUB-2690,CUST-12690,Prepaid Saver 30D,Prepaid,2022-11-03,Active,Online,1385,,
SUB-2691,CUST-12691,Student Special 4G,Prepaid,2025-01-21,Active,Agent,1438,,
SUB-2692,CUST-12692,Unlimited Data Max,Prepaid,2023-09-29,Active,Retail,1295,,
SUB-2693,CUST-12693,Family Bundle,Postpaid,2026-04-16,Active,Referral,1046,,
SUB-2694,CUST-12694,Postpaid Corporate,Postpaid,2023-09-29,Active,Agent,1485,,
SUB-2695,CUST-12695,Family Bundle,Postpaid,2021-10-09,Active,Retail,648,,
SUB-2696,CUST-12696,Unlimited Data Max,Prepaid,2022-07-06,Active,Agent,1124,,
SUB-2697,CUST-12697,Prepaid Saver 30D,Prepaid,2021-03-13,Active,Agent,1001,,
SUB-2698,CUST-12698,Student Special 4G,Prepaid,2024-05-26,Active,Agent,1319,,
SUB-2699,CUST-12699,Student Special 4G,Prepaid,2021-11-08,Active,Retail,1270,,
SUB-2700,CUST-12700,Student Special 4G,Prepaid,2022-03-08,Active,Retail,960,,
SUB-2701,CUST-12701,Prepaid Saver 30D,Prepaid,2022-04-07,Active,Agent,998,,
SUB-2702,CUST-12702,Postpaid Corporate,Postpaid,2021-10-09,Churned,Referral,355,2025-04-06,Voluntary
SUB-2703,CUST-12703,Prepaid Saver 30D,Prepaid,2023-08-30,Active,Online,1357,,
SUB-2704,CUST-12704,Prepaid Saver 30D,Prepaid,2024-05-26,Active,Online,725,,
SUB-2705,CUST-12705,Prepaid Saver 30D,Prepaid,2023-01-02,Active,Agent,627,,
SUB-2706,CUST-12706,Postpaid Corporate,Postpaid,2024-02-26,Active,Retail,889,,
SUB-2707,CUST-12707,Prepaid Saver 30D,Prepaid,2022-05-07,Active,Referral,601,,
SUB-2708,CUST-12708,Unlimited Data Max,Prepaid,2021-05-12,Active,Agent,1011,,
SUB-2709,CUST-12709,Student Special 4G,Prepaid,2026-04-16,Active,Retail,1467,,
SUB-2710,CUST-12710,Family Bundle,Postpaid,2022-10-04,Active,Retail,940,,
SUB-2711,CUST-12711,Prepaid Saver 30D,Prepaid,2023-11-28,Active,Online,1442,,
SUB-2712,CUST-12712,Student Special 4G,Prepaid,2025-10-18,Churned,Agent,1074,2026-02-13,Involuntary
SUB-2713,CUST-12713,Student Special 4G,Prepaid,2025-02-20,Active,Referral,1467,,
SUB-2714,CUST-12714,Prepaid Saver 30D,Prepaid,2021-08-10,Active,Retail,1066,,
SUB-2715,CUST-12715,Postpaid Corporate,Postpaid,2024-04-26,Churned,Referral,679,2025-07-31,Voluntary
SUB-2716,CUST-12716,Family Bundle,Postpaid,2025-11-17,Active,Retail,314,,
SUB-2717,CUST-12717,Postpaid Corporate,Postpaid,2022-01-07,Active,Referral,685,,
SUB-2718,CUST-12718,Unlimited Data Max,Prepaid,2025-01-21,Active,Agent,1202,,
SUB-2719,CUST-12719,Postpaid Corporate,Postpaid,2024-04-26,Active,Retail,424,,
SUB-2720,CUST-12720,Student Special 4G,Prepaid,2025-04-21,Active,Online,858,,
SUB-2721,CUST-12721,Postpaid Corporate,Postpaid,2022-02-06,Active,Online,1277,,
SUB-2722,CUST-12722,Unlimited Data Max,Prepaid,2021-01-12,Active,Online,451,,
SUB-2723,CUST-12723,Unlimited Data Max,Prepaid,2020-09-14,Active,Agent,581,,
SUB-2724,CUST-12724,Student Special 4G,Prepaid,2025-12-17,Churned,Online,975,2026-02-23,Involuntary
SUB-2725,CUST-12725,Prepaid Saver 30D,Prepaid,2021-01-12,Churned,Online,361,2025-12-25,Involuntary
SUB-2726,CUST-12726,Family Bundle,Postpaid,2022-09-04,Active,Referral,908,,
SUB-2727,CUST-12727,Prepaid Saver 30D,Prepaid,2021-08-10,Active,Referral,666,,
SUB-2728,CUST-12728,Student Special 4G,Prepaid,2025-12-17,Active,Agent,905,,
SUB-2729,CUST-12729,Unlimited Data Max,Prepaid,2021-06-11,Active,Online,1355,,
SUB-2730,CUST-12730,Student Special 4G,Prepaid,2024-06-25,Active,Referral,607,,
SUB-2731,CUST-12731,Student Special 4G,Prepaid,2024-02-26,Active,Online,1382,,
SUB-2732,CUST-12732,Prepaid Saver 30D,Prepaid,2021-03-13,Active,Agent,660,,
SUB-2733,CUST-12733,Prepaid Saver 30D,Prepaid,2022-03-08,Active,Online,919,,
SUB-2734,CUST-12734,Family Bundle,Postpaid,2023-06-01,Active,Referral,1093,,
SUB-2735,CUST-12735,Student Special 4G,Prepaid,2022-07-06,Active,Agent,355,,
SUB-2736,CUST-12736,Prepaid Saver 30D,Prepaid,2024-04-26,Active,Online,560,,
SUB-2737,CUST-12737,Prepaid Saver 30D,Prepaid,2020-09-14,Active,Referral,395,,
SUB-2738,CUST-12738,Family Bundle,Postpaid,2026-01-16,Active,Agent,1330,,
SUB-2739,CUST-12739,Postpaid Corporate,Postpaid,2023-02-01,Active,Referral,1185,,
SUB-2740,CUST-12740,Prepaid Saver 30D,Prepaid,2026-02-15,Churned,Online,1386,2026-06-10,Voluntary
SUB-2741,CUST-12741,Prepaid Saver 30D,Prepaid,2023-11-28,Churned,Retail,1402,2025-11-03,Involuntary
SUB-2742,CUST-12742,Unlimited Data Max,Prepaid,2023-06-01,Active,Retail,452,,
SUB-2743,CUST-12743,Student Special 4G,Prepaid,2021-07-11,Active,Retail,427,,
SUB-2744,CUST-12744,Student Special 4G,Prepaid,2020-12-13,Active,Retail,786,,
SUB-2745,CUST-12745,Prepaid Saver 30D,Prepaid,2022-01-07,Churned,Agent,1242,2025-09-26,Involuntary
SUB-2746,CUST-12746,Prepaid Saver 30D,Prepaid,2020-10-14,Active,Referral,1115,,
SUB-2747,CUST-12747,Prepaid Saver 30D,Prepaid,2025-09-18,Churned,Referral,374,2025-11-30,Voluntary
SUB-2748,CUST-12748,Unlimited Data Max,Prepaid,2023-05-02,Active,Online,1487,,
SUB-2749,CUST-12749,Family Bundle,Postpaid,2022-12-03,Active,Online,1315,,
SUB-2750,CUST-12750,Student Special 4G,Prepaid,2025-12-17,Churned,Referral,509,2026-03-19,Voluntary
SUB-2751,CUST-12751,Prepaid Saver 30D,Prepaid,2022-12-03,Active,Referral,1257,,
SUB-2752,CUST-12752,Unlimited Data Max,Prepaid,2026-02-15,Active,Online,731,,
SUB-2753,CUST-12753,Unlimited Data Max,Prepaid,2022-10-04,Active,Agent,1083,,
SUB-2754,CUST-12754,Postpaid Corporate,Postpaid,2025-02-20,Active,Online,930,,
SUB-2755,CUST-12755,Unlimited Data Max,Prepaid,2020-12-13,Active,Retail,1177,,
SUB-2756,CUST-12756,Prepaid Saver 30D,Prepaid,2024-06-25,Active,Online,926,,
SUB-2757,CUST-12757,Family Bundle,Postpaid,2022-12-03,Active,Online,648,,
SUB-2758,CUST-12758,Prepaid Saver 30D,Prepaid,2022-11-03,Active,Referral,911,,
SUB-2759,CUST-12759,Student Special 4G,Prepaid,2021-05-12,Churned,Retail,392,2025-02-23,Voluntary
SUB-2760,CUST-12760,Unlimited Data Max,Prepaid,2024-06-25,Active,Agent,955,,
SUB-2761,CUST-12761,Prepaid Saver 30D,Prepaid,2024-04-26,Active,Retail,827,,
SUB-2762,CUST-12762,Student Special 4G,Prepaid,2022-06-06,Active,Retail,818,,
SUB-2763,CUST-12763,Student Special 4G,Prepaid,2026-01-16,Active,Referral,1438,,
SUB-2764,CUST-12764,Postpaid Corporate,Postpaid,2023-03-03,Active,Retail,673,,
SUB-2765,CUST-12765,Prepaid Saver 30D,Prepaid,2024-03-27,Active,Agent,1457,,
SUB-2766,CUST-12766,Prepaid Saver 30D,Prepaid,2020-09-14,Active,Online,417,,
SUB-2767,CUST-12767,Prepaid Saver 30D,Prepaid,2023-05-02,Active,Agent,352,,
SUB-2768,CUST-12768,Unlimited Data Max,Prepaid,2021-12-08,Churned,Agent,423,2025-08-29,Voluntary
SUB-2769,CUST-12769,Unlimited Data Max,Prepaid,2021-07-11,Active,Retail,742,,
SUB-2770,CUST-12770,Prepaid Saver 30D,Prepaid,2025-07-20,Active,Online,973,,
SUB-2771,CUST-12771,Unlimited Data Max,Prepaid,2022-10-04,Active,Referral,867,,
SUB-2772,CUST-12772,Unlimited Data Max,Prepaid,2022-06-06,Active,Agent,335,,
SUB-2773,CUST-12773,Unlimited Data Max,Prepaid,2023-10-29,Churned,Referral,969,2025-11-14,Voluntary
SUB-2774,CUST-12774,Prepaid Saver 30D,Prepaid,2025-03-22,Active,Referral,742,,
SUB-2775,CUST-12775,Student Special 4G,Prepaid,2023-09-29,Churned,Retail,473,2026-04-12,Voluntary
SUB-2776,CUST-12776,Family Bundle,Postpaid,2026-02-15,Churned,Retail,808,2026-03-01,Involuntary
SUB-2777,CUST-12777,Unlimited Data Max,Prepaid,2020-08-15,Active,Referral,889,,
SUB-2778,CUST-12778,Unlimited Data Max,Prepaid,2025-11-17,Active,Online,844,,
SUB-2779,CUST-12779,Student Special 4G,Prepaid,2025-07-20,Active,Online,1102,,
SUB-2780,CUST-12780,Unlimited Data Max,Prepaid,2025-08-19,Active,Online,517,,
SUB-2781,CUST-12781,Postpaid Corporate,Postpaid,2025-03-22,Churned,Referral,1149,2025-07-28,Voluntary
SUB-2782,CUST-12782,Unlimited Data Max,Prepaid,2025-04-21,Churned,Online,1083,2026-03-30,Voluntary
SUB-2783,CUST-12783,Postpaid Corporate,Postpaid,2022-10-04,Active,Retail,842,,
SUB-2784,CUST-12784,Prepaid Saver 30D,Prepaid,2025-10-18,Active,Retail,1028,,
SUB-2785,CUST-12785,Postpaid Corporate,Postpaid,2022-05-07,Active,Online,551,,
SUB-2786,CUST-12786,Prepaid Saver 30D,Prepaid,2024-01-27,Churned,Online,1291,2025-06-27,Involuntary
SUB-2787,CUST-12787,Unlimited Data Max,Prepaid,2024-01-27,Active,Online,614,,
SUB-2788,CUST-12788,Prepaid Saver 30D,Prepaid,2023-06-01,Active,Referral,634,,
SUB-2789,CUST-12789,Prepaid Saver 30D,Prepaid,2026-03-17,Churned,Agent,1250,2026-04-17,Involuntary
SUB-2790,CUST-12790,Family Bundle,Postpaid,2023-07-01,Active,Agent,1181,,
SUB-2791,CUST-12791,Prepaid Saver 30D,Prepaid,2023-05-02,Active,Online,1172,,
SUB-2792,CUST-12792,Unlimited Data Max,Prepaid,2022-01-07,Active,Online,1276,,
SUB-2793,CUST-12793,Prepaid Saver 30D,Prepaid,2025-07-20,Active,Referral,1301,,
SUB-2794,CUST-12794,Unlimited Data Max,Prepaid,2026-02-15,Churned,Online,444,2026-05-02,Voluntary
SUB-2795,CUST-12795,Student Special 4G,Prepaid,2026-02-15,Churned,Referral,1456,2026-05-17,Involuntary
SUB-2796,CUST-12796,Student Special 4G,Prepaid,2020-10-14,Churned,Retail,1327,2026-04-12,Involuntary
SUB-2797,CUST-12797,Unlimited Data Max,Prepaid,2024-05-26,Active,Agent,726,,
SUB-2798,CUST-12798,Prepaid Saver 30D,Prepaid,2025-01-21,Active,Online,1305,,
SUB-2799,CUST-12799,Postpaid Corporate,Postpaid,2025-08-19,Active,Referral,549,,
SUB-2800,CUST-12800,Prepaid Saver 30D,Prepaid,2024-11-22,Active,Online,1082,,
SUB-2801,CUST-12801,Postpaid Corporate,Postpaid,2023-10-29,Active,Referral,1134,,
SUB-2802,CUST-12802,Prepaid Saver 30D,Prepaid,2020-10-14,Active,Agent,485,,
SUB-2803,CUST-12803,Prepaid Saver 30D,Prepaid,2021-12-08,Active,Agent,737,,
SUB-2804,CUST-12804,Prepaid Saver 30D,Prepaid,2021-06-11,Active,Agent,316,,
SUB-2805,CUST-12805,Prepaid Saver 30D,Prepaid,2026-02-15,Churned,Online,1472,2026-03-17,Voluntary
SUB-2806,CUST-12806,Postpaid Corporate,Postpaid,2023-02-01,Churned,Retail,452,2025-01-17,Voluntary
SUB-2807,CUST-12807,Prepaid Saver 30D,Prepaid,2023-07-01,Active,Referral,1401,,
SUB-2808,CUST-12808,Postpaid Corporate,Postpaid,2025-04-21,Active,Referral,648,,
SUB-2809,CUST-12809,Prepaid Saver 30D,Prepaid,2023-07-01,Active,Retail,674,,
SUB-2810,CUST-12810,Postpaid Corporate,Postpaid,2023-01-02,Churned,Retail,1431,2026-02-14,Voluntary
SUB-2811,CUST-12811,Prepaid Saver 30D,Prepaid,2026-05-16,Active,Retail,755,,
SUB-2812,CUST-12812,Prepaid Saver 30D,Prepaid,2020-09-14,Active,Agent,596,,
SUB-2813,CUST-12813,Prepaid Saver 30D,Prepaid,2022-02-06,Active,Retail,316,,
SUB-2814,CUST-12814,Prepaid Saver 30D,Prepaid,2021-01-12,Active,Referral,393,,
SUB-2815,CUST-12815,Unlimited Data Max,Prepaid,2025-11-17,Active,Retail,958,,
SUB-2816,CUST-12816,Prepaid Saver 30D,Prepaid,2026-01-16,Active,Retail,1140,,
SUB-2817,CUST-12817,Unlimited Data Max,Prepaid,2020-12-13,Churned,Agent,803,2026-02-22,Involuntary
SUB-2818,CUST-12818,Prepaid Saver 30D,Prepaid,2020-12-13,Active,Referral,660,,
SUB-2819,CUST-12819,Prepaid Saver 30D,Prepaid,2022-09-04,Active,Online,425,,
SUB-2820,CUST-12820,Postpaid Corporate,Postpaid,2025-03-22,Active,Retail,654,,
SUB-2821,CUST-12821,Family Bundle,Postpaid,2024-09-23,Active,Online,785,,
SUB-2822,CUST-12822,Student Special 4G,Prepaid,2021-10-09,Active,Agent,403,,
SUB-2823,CUST-12823,Family Bundle,Postpaid,2021-01-12,Active,Referral,631,,
SUB-2824,CUST-12824,Family Bundle,Postpaid,2022-07-06,Active,Agent,1001,,
SUB-2825,CUST-12825,Unlimited Data Max,Prepaid,2024-01-27,Active,Referral,431,,
SUB-2826,CUST-12826,Prepaid Saver 30D,Prepaid,2021-08-10,Active,Retail,1205,,
SUB-2827,CUST-12827,Prepaid Saver 30D,Prepaid,2024-11-22,Active,Retail,953,,
SUB-2828,CUST-12828,Unlimited Data Max,Prepaid,2025-08-19,Active,Referral,1263,,
SUB-2829,CUST-12829,Student Special 4G,Prepaid,2024-02-26,Active,Online,500,,
SUB-2830,CUST-12830,Student Special 4G,Prepaid,2023-08-30,Active,Referral,677,,
SUB-2831,CUST-12831,Postpaid Corporate,Postpaid,2022-11-03,Active,Referral,1252,,
SUB-2832,CUST-12832,Student Special 4G,Prepaid,2022-06-06,Active,Retail,535,,
SUB-2833,CUST-12833,Postpaid Corporate,Postpaid,2022-03-08,Active,Retail,548,,
SUB-2834,CUST-12834,Prepaid Saver 30D,Prepaid,2025-03-22,Active,Agent,837,,
SUB-2835,CUST-12835,Unlimited Data Max,Prepaid,2022-08-05,Active,Agent,1344,,
SUB-2836,CUST-12836,Family Bundle,Postpaid,2026-02-15,Active,Retail,772,,
SUB-2837,CUST-12837,Postpaid Corporate,Postpaid,2021-01-12,Active,Referral,653,,
SUB-2838,CUST-12838,Prepaid Saver 30D,Prepaid,2023-10-29,Active,Online,1011,,
SUB-2839,CUST-12839,Unlimited Data Max,Prepaid,2020-11-13,Churned,Referral,496,2025-11-26,Involuntary
SUB-2840,CUST-12840,Student Special 4G,Prepaid,2021-05-12,Active,Referral,753,,
SUB-2841,CUST-12841,Student Special 4G,Prepaid,2025-04-21,Active,Retail,1052,,
SUB-2842,CUST-12842,Prepaid Saver 30D,Prepaid,2025-10-18,Active,Retail,614,,
SUB-2843,CUST-12843,Family Bundle,Postpaid,2021-02-11,Active,Retail,1430,,
SUB-2844,CUST-12844,Prepaid Saver 30D,Prepaid,2023-07-31,Active,Agent,908,,
SUB-2845,CUST-12845,Family Bundle,Postpaid,2025-10-18,Active,Agent,943,,
SUB-2846,CUST-12846,Postpaid Corporate,Postpaid,2022-11-03,Active,Online,1394,,
SUB-2847,CUST-12847,Postpaid Corporate,Postpaid,2020-11-13,Active,Referral,464,,
SUB-2848,CUST-12848,Family Bundle,Postpaid,2022-12-03,Active,Referral,652,,
SUB-2849,CUST-12849,Student Special 4G,Prepaid,2024-11-22,Active,Referral,581,,
SUB-2850,CUST-12850,Prepaid Saver 30D,Prepaid,2024-06-25,Active,Retail,923,,
SUB-2851,CUST-12851,Student Special 4G,Prepaid,2024-11-22,Active,Retail,356,,
SUB-2852,CUST-12852,Prepaid Saver 30D,Prepaid,2023-04-02,Active,Referral,1247,,
SUB-2853,CUST-12853,Unlimited Data Max,Prepaid,2023-12-28,Active,Online,479,,
SUB-2854,CUST-12854,Postpaid Corporate,Postpaid,2024-05-26,Active,Online,1229,,
SUB-2855,CUST-12855,Prepaid Saver 30D,Prepaid,2025-05-21,Active,Referral,1445,,
SUB-2856,CUST-12856,Prepaid Saver 30D,Prepaid,2026-03-17,Active,Referral,408,,
SUB-2857,CUST-12857,Prepaid Saver 30D,Prepaid,2021-08-10,Active,Online,676,,
SUB-2858,CUST-12858,Unlimited Data Max,Prepaid,2021-09-09,Active,Retail,488,,
SUB-2859,CUST-12859,Unlimited Data Max,Prepaid,2025-09-18,Active,Referral,1205,,
SUB-2860,CUST-12860,Student Special 4G,Prepaid,2025-01-21,Active,Referral,1381,,
SUB-2861,CUST-12861,Unlimited Data Max,Prepaid,2023-10-29,Active,Referral,748,,
SUB-2862,CUST-12862,Postpaid Corporate,Postpaid,2022-12-03,Active,Referral,889,,
SUB-2863,CUST-12863,Prepaid Saver 30D,Prepaid,2021-02-11,Churned,Online,1346,2026-01-31,Voluntary
SUB-2864,CUST-12864,Unlimited Data Max,Prepaid,2022-05-07,Churned,Retail,1440,2025-09-18,Voluntary
SUB-2865,CUST-12865,Prepaid Saver 30D,Prepaid,2022-09-04,Active,Referral,952,,
SUB-2866,CUST-12866,Prepaid Saver 30D,Prepaid,2022-02-06,Active,Retail,1173,,
SUB-2867,CUST-12867,Student Special 4G,Prepaid,2022-11-03,Active,Referral,1423,,
SUB-2868,CUST-12868,Family Bundle,Postpaid,2020-12-13,Active,Online,617,,
SUB-2869,CUST-12869,Prepaid Saver 30D,Prepaid,2020-08-15,Active,Agent,1117,,
SUB-2870,CUST-12870,Unlimited Data Max,Prepaid,2023-09-29,Active,Retail,949,,
SUB-2871,CUST-12871,Postpaid Corporate,Postpaid,2026-04-16,Active,Referral,334,,
SUB-2872,CUST-12872,Prepaid Saver 30D,Prepaid,2020-08-15,Active,Agent,611,,
SUB-2873,CUST-12873,Prepaid Saver 30D,Prepaid,2024-07-25,Active,Referral,582,,
SUB-2874,CUST-12874,Prepaid Saver 30D,Prepaid,2024-10-23,Active,Referral,1077,,
SUB-2875,CUST-12875,Postpaid Corporate,Postpaid,2025-09-18,Churned,Agent,1154,2025-10-03,Voluntary
SUB-2876,CUST-12876,Prepaid Saver 30D,Prepaid,2021-12-08,Active,Online,1101,,
SUB-2877,CUST-12877,Student Special 4G,Prepaid,2025-04-21,Churned,Online,750,2026-05-16,Voluntary
SUB-2878,CUST-12878,Prepaid Saver 30D,Prepaid,2020-10-14,Active,Retail,1255,,
SUB-2879,CUST-12879,Prepaid Saver 30D,Prepaid,2025-02-20,Active,Retail,1498,,
SUB-2880,CUST-12880,Family Bundle,Postpaid,2025-12-17,Active,Referral,909,,
SUB-2881,CUST-12881,Prepaid Saver 30D,Prepaid,2022-10-04,Active,Retail,1078,,
SUB-2882,CUST-12882,Unlimited Data Max,Prepaid,2025-03-22,Active,Referral,1408,,
SUB-2883,CUST-12883,Unlimited Data Max,Prepaid,2024-10-23,Active,Referral,1130,,
SUB-2884,CUST-12884,Postpaid Corporate,Postpaid,2025-10-18,Active,Retail,358,,
SUB-2885,CUST-12885,Prepaid Saver 30D,Prepaid,2022-07-06,Active,Agent,1251,,
SUB-2886,CUST-12886,Prepaid Saver 30D,Prepaid,2025-02-20,Active,Online,338,,
SUB-2887,CUST-12887,Unlimited Data Max,Prepaid,2022-02-06,Active,Agent,877,,
SUB-2888,CUST-12888,Unlimited Data Max,Prepaid,2024-11-22,Active,Online,1111,,
SUB-2889,CUST-12889,Prepaid Saver 30D,Prepaid,2024-01-27,Active,Agent,793,,
SUB-2890,CUST-12890,Prepaid Saver 30D,Prepaid,2023-07-31,Churned,Agent,1011,2025-09-19,Voluntary
SUB-2891,CUST-12891,Prepaid Saver 30D,Prepaid,2023-04-02,Active,Agent,345,,
SUB-2892,CUST-12892,Prepaid Saver 30D,Prepaid,2021-08-10,Active,Referral,1466,,
SUB-2893,CUST-12893,Postpaid Corporate,Postpaid,2025-08-19,Active,Agent,871,,
SUB-2894,CUST-12894,Postpaid Corporate,Postpaid,2025-01-21,Active,Agent,723,,
SUB-2895,CUST-12895,Postpaid Corporate,Postpaid,2022-01-07,Churned,Referral,709,2025-11-27,Involuntary
SUB-2896,CUST-12896,Prepaid Saver 30D,Prepaid,2021-06-11,Active,Online,1383,,
SUB-2897,CUST-12897,Unlimited Data Max,Prepaid,2023-12-28,Active,Retail,1058,,
SUB-2898,CUST-12898,Postpaid Corporate,Postpaid,2026-05-16,Active,Online,1468,,
SUB-2899,CUST-12899,Unlimited Data Max,Prepaid,2021-07-11,Active,Agent,1089,,
SUB-2900,CUST-12900,Postpaid Corporate,Postpaid,2022-11-03,Active,Agent,623,,
SUB-2901,CUST-12901,Prepaid Saver 30D,Prepaid,2023-05-02,Churned,Referral,811,2025-05-17,Involuntary
SUB-2902,CUST-12902,Prepaid Saver 30D,Prepaid,2024-02-26,Active,Referral,782,,
SUB-2903,CUST-12903,Student Special 4G,Prepaid,2022-05-07,Active,Agent,958,,
SUB-2904,CUST-12904,Prepaid Saver 30D,Prepaid,2024-09-23,Active,Online,993,,
SUB-2905,CUST-12905,Unlimited Data Max,Prepaid,2024-04-26,Active,Agent,436,,
SUB-2906,CUST-12906,Student Special 4G,Prepaid,2021-12-08,Active,Online,813,,
SUB-2907,CUST-12907,Prepaid Saver 30D,Prepaid,2024-03-27,Active,Referral,509,,
SUB-2908,CUST-12908,Prepaid Saver 30D,Prepaid,2020-11-13,Active,Online,1166,,
SUB-2909,CUST-12909,Prepaid Saver 30D,Prepaid,2023-11-28,Active,Agent,393,,
SUB-2910,CUST-12910,Prepaid Saver 30D,Prepaid,2023-03-03,Active,Referral,1280,,
SUB-2911,CUST-12911,Prepaid Saver 30D,Prepaid,2022-09-04,Active,Referral,619,,
SUB-2912,CUST-12912,Student Special 4G,Prepaid,2022-05-07,Active,Referral,909,,
SUB-2913,CUST-12913,Postpaid Corporate,Postpaid,2023-07-01,Active,Online,894,,
SUB-2914,CUST-12914,Prepaid Saver 30D,Prepaid,2024-04-26,Active,Online,1266,,
SUB-2915,CUST-12915,Student Special 4G,Prepaid,2021-09-09,Active,Referral,720,,
SUB-2916,CUST-12916,Student Special 4G,Prepaid,2022-04-07,Active,Referral,542,,
SUB-2917,CUST-12917,Unlimited Data Max,Prepaid,2026-02-15,Active,Agent,1198,,
SUB-2918,CUST-12918,Prepaid Saver 30D,Prepaid,2022-10-04,Active,Referral,961,,
SUB-2919,CUST-12919,Unlimited Data Max,Prepaid,2021-03-13,Active,Online,467,,
SUB-2920,CUST-12920,Prepaid Saver 30D,Prepaid,2023-03-03,Active,Agent,383,,
SUB-2921,CUST-12921,Student Special 4G,Prepaid,2021-01-12,Active,Agent,1359,,
SUB-2922,CUST-12922,Student Special 4G,Prepaid,2024-02-26,Churned,Referral,571,2025-10-05,Voluntary
SUB-2923,CUST-12923,Student Special 4G,Prepaid,2024-12-22,Active,Online,645,,
SUB-2924,CUST-12924,Prepaid Saver 30D,Prepaid,2023-07-01,Active,Retail,474,,
SUB-2925,CUST-12925,Unlimited Data Max,Prepaid,2025-10-18,Active,Referral,1191,,
SUB-2926,CUST-12926,Unlimited Data Max,Prepaid,2026-01-16,Active,Retail,1363,,
SUB-2927,CUST-12927,Unlimited Data Max,Prepaid,2023-02-01,Active,Retail,1101,,
SUB-2928,CUST-12928,Prepaid Saver 30D,Prepaid,2026-03-17,Active,Agent,953,,
SUB-2929,CUST-12929,Prepaid Saver 30D,Prepaid,2026-01-16,Active,Referral,837,,
SUB-2930,CUST-12930,Postpaid Corporate,Postpaid,2023-09-29,Active,Retail,442,,
SUB-2931,CUST-12931,Unlimited Data Max,Prepaid,2025-01-21,Active,Agent,808,,
SUB-2932,CUST-12932,Unlimited Data Max,Prepaid,2025-05-21,Active,Agent,957,,
SUB-2933,CUST-12933,Unlimited Data Max,Prepaid,2023-06-01,Active,Agent,755,,
SUB-2934,CUST-12934,Student Special 4G,Prepaid,2024-06-25,Active,Agent,1293,,
SUB-2935,CUST-12935,Prepaid Saver 30D,Prepaid,2022-11-03,Active,Referral,361,,
SUB-2936,CUST-12936,Unlimited Data Max,Prepaid,2023-11-28,Active,Online,1088,,
SUB-2937,CUST-12937,Prepaid Saver 30D,Prepaid,2025-04-21,Active,Retail,685,,
SUB-2938,CUST-12938,Unlimited Data Max,Prepaid,2022-04-07,Active,Agent,685,,
SUB-2939,CUST-12939,Prepaid Saver 30D,Prepaid,2020-12-13,Active,Online,1299,,
SUB-2940,CUST-12940,Student Special 4G,Prepaid,2022-03-08,Active,Referral,1428,,
SUB-2941,CUST-12941,Prepaid Saver 30D,Prepaid,2025-05-21,Active,Retail,671,,
SUB-2942,CUST-12942,Unlimited Data Max,Prepaid,2023-03-03,Active,Agent,1331,,
SUB-2943,CUST-12943,Unlimited Data Max,Prepaid,2025-07-20,Active,Agent,1470,,
SUB-2944,CUST-12944,Unlimited Data Max,Prepaid,2026-04-16,Churned,Retail,315,2026-05-07,Voluntary
SUB-2945,CUST-12945,Family Bundle,Postpaid,2025-06-20,Active,Retail,463,,
SUB-2946,CUST-12946,Postpaid Corporate,Postpaid,2021-09-09,Active,Agent,988,,
SUB-2947,CUST-12947,Prepaid Saver 30D,Prepaid,2021-01-12,Active,Referral,953,,
SUB-2948,CUST-12948,Prepaid Saver 30D,Prepaid,2022-12-03,Active,Retail,699,,
SUB-2949,CUST-12949,Prepaid Saver 30D,Prepaid,2021-04-12,Active,Agent,1190,,
SUB-2950,CUST-12950,Prepaid Saver 30D,Prepaid,2023-12-28,Active,Retail,705,,
SUB-2951,CUST-12951,Prepaid Saver 30D,Prepaid,2026-03-17,Active,Retail,896,,
SUB-2952,CUST-12952,Student Special 4G,Prepaid,2021-02-11,Active,Retail,617,,
SUB-2953,CUST-12953,Postpaid Corporate,Postpaid,2022-03-08,Active,Online,907,,
SUB-2954,CUST-12954,Prepaid Saver 30D,Prepaid,2022-08-05,Active,Agent,856,,
SUB-2955,CUST-12955,Student Special 4G,Prepaid,2025-12-17,Active,Agent,1066,,
SUB-2956,CUST-12956,Unlimited Data Max,Prepaid,2020-10-14,Active,Retail,716,,
SUB-2957,CUST-12957,Unlimited Data Max,Prepaid,2025-12-17,Active,Agent,408,,
SUB-2958,CUST-12958,Unlimited Data Max,Prepaid,2026-04-16,Churned,Agent,1431,2026-05-20,Involuntary
SUB-2959,CUST-12959,Unlimited Data Max,Prepaid,2025-12-17,Active,Agent,444,,
SUB-2960,CUST-12960,Unlimited Data Max,Prepaid,2020-12-13,Active,Agent,1102,,
SUB-2961,CUST-12961,Family Bundle,Postpaid,2021-08-10,Active,Online,399,,
SUB-2962,CUST-12962,Prepaid Saver 30D,Prepaid,2025-09-18,Active,Retail,757,,
SUB-2963,CUST-12963,Prepaid Saver 30D,Prepaid,2023-11-28,Active,Online,341,,
SUB-2964,CUST-12964,Unlimited Data Max,Prepaid,2023-05-02,Active,Online,1044,,
SUB-2965,CUST-12965,Unlimited Data Max,Prepaid,2023-03-03,Active,Retail,1326,,
SUB-2966,CUST-12966,Unlimited Data Max,Prepaid,2025-03-22,Churned,Agent,712,2025-04-02,Voluntary
SUB-2967,CUST-12967,Unlimited Data Max,Prepaid,2026-03-17,Active,Online,1489,,
SUB-2968,CUST-12968,Prepaid Saver 30D,Prepaid,2026-03-17,Active,Agent,432,,
SUB-2969,CUST-12969,Unlimited Data Max,Prepaid,2021-03-13,Active,Retail,1499,,
SUB-2970,CUST-12970,Unlimited Data Max,Prepaid,2022-10-04,Active,Agent,751,,
SUB-2971,CUST-12971,Postpaid Corporate,Postpaid,2020-09-14,Active,Retail,652,,
SUB-2972,CUST-12972,Family Bundle,Postpaid,2021-05-12,Active,Agent,1165,,
SUB-2973,CUST-12973,Unlimited Data Max,Prepaid,2025-01-21,Active,Referral,1257,,
SUB-2974,CUST-12974,Postpaid Corporate,Postpaid,2025-11-17,Active,Referral,957,,
SUB-2975,CUST-12975,Postpaid Corporate,Postpaid,2022-08-05,Active,Retail,954,,
SUB-2976,CUST-12976,Prepaid Saver 30D,Prepaid,2025-02-20,Active,Online,738,,
SUB-2977,CUST-12977,Postpaid Corporate,Postpaid,2022-06-06,Churned,Agent,1131,2025-09-26,Voluntary
SUB-2978,CUST-12978,Prepaid Saver 30D,Prepaid,2020-10-14,Active,Online,818,,
SUB-2979,CUST-12979,Family Bundle,Postpaid,2020-10-14,Churned,Online,367,2025-02-28,Voluntary
SUB-2980,CUST-12980,Unlimited Data Max,Prepaid,2024-12-22,Active,Online,1185,,
SUB-2981,CUST-12981,Prepaid Saver 30D,Prepaid,2023-07-31,Active,Referral,959,,
SUB-2982,CUST-12982,Postpaid Corporate,Postpaid,2022-04-07,Churned,Retail,694,2025-06-14,Involuntary
SUB-2983,CUST-12983,Family Bundle,Postpaid,2025-01-21,Active,Referral,453,,
SUB-2984,CUST-12984,Prepaid Saver 30D,Prepaid,2023-03-03,Active,Retail,489,,
SUB-2985,CUST-12985,Family Bundle,Postpaid,2024-04-26,Active,Retail,963,,
SUB-2986,CUST-12986,Postpaid Corporate,Postpaid,2023-02-01,Active,Referral,1188,,
SUB-2987,CUST-12987,Postpaid Corporate,Postpaid,2022-09-04,Active,Agent,1313,,
SUB-2988,CUST-12988,Student Special 4G,Prepaid,2021-04-12,Active,Agent,1198,,
SUB-2989,CUST-12989,Postpaid Corporate,Postpaid,2023-08-30,Churned,Agent,685,2025-05-16,Voluntary
SUB-2990,CUST-12990,Prepaid Saver 30D,Prepaid,2024-09-23,Active,Online,1054,,
SUB-2991,CUST-12991,Student Special 4G,Prepaid,2025-12-17,Active,Agent,587,,
SUB-2992,CUST-12992,Unlimited Data Max,Prepaid,2022-05-07,Active,Agent,987,,
SUB-2993,CUST-12993,Family Bundle,Postpaid,2021-09-09,Churned,Agent,683,2025-02-20,Involuntary
SUB-2994,CUST-12994,Student Special 4G,Prepaid,2023-12-28,Churned,Agent,1226,2025-09-20,Involuntary
SUB-2995,CUST-12995,Postpaid Corporate,Postpaid,2021-05-12,Active,Online,1386,,
SUB-2996,CUST-12996,Unlimited Data Max,Prepaid,2023-08-30,Active,Agent,592,,
SUB-2997,CUST-12997,Prepaid Saver 30D,Prepaid,2023-08-30,Active,Agent,786,,
SUB-2998,CUST-12998,Prepaid Saver 30D,Prepaid,2026-02-15,Active,Agent,1236,,
SUB-2999,CUST-12999,Prepaid Saver 30D,Prepaid,2023-05-02,Active,Online,303,,
SUB-3000,CUST-13000,Postpaid Corporate,Postpaid,2022-12-03,Active,Agent,1166,,
SUB-3001,CUST-13001,Student Special 4G,Prepaid,2023-07-31,Active,Retail,1102,,
SUB-3002,CUST-13002,Postpaid Corporate,Postpaid,2023-04-02,Active,Online,353,,
SUB-3003,CUST-13003,Prepaid Saver 30D,Prepaid,2023-05-02,Active,Online,1384,,
SUB-3004,CUST-13004,Family Bundle,Postpaid,2022-05-07,Active,Retail,328,,
SUB-3005,CUST-13005,Student Special 4G,Prepaid,2025-10-18,Active,Agent,415,,
SUB-3006,CUST-13006,Postpaid Corporate,Postpaid,2023-05-02,Churned,Online,916,2025-03-28,Involuntary
SUB-3007,CUST-13007,Prepaid Saver 30D,Prepaid,2023-11-28,Active,Agent,1441,,
SUB-3008,CUST-13008,Postpaid Corporate,Postpaid,2024-05-26,Active,Referral,1462,,
SUB-3009,CUST-13009,Prepaid Saver 30D,Prepaid,2023-10-29,Active,Retail,1128,,
SUB-3010,CUST-13010,Unlimited Data Max,Prepaid,2022-06-06,Active,Retail,1404,,
SUB-3011,CUST-13011,Postpaid Corporate,Postpaid,2020-08-15,Churned,Agent,799,2025-12-04,Voluntary
SUB-3012,CUST-13012,Postpaid Corporate,Postpaid,2025-02-20,Churned,Agent,314,2026-05-07,Voluntary
SUB-3013,CUST-13013,Prepaid Saver 30D,Prepaid,2026-02-15,Active,Agent,862,,
SUB-3014,CUST-13014,Family Bundle,Postpaid,2024-05-26,Churned,Agent,1403,2025-07-15,Voluntary
SUB-3015,CUST-13015,Student Special 4G,Prepaid,2024-07-25,Active,Referral,766,,
SUB-3016,CUST-13016,Prepaid Saver 30D,Prepaid,2026-01-16,Active,Online,1069,,
SUB-3017,CUST-13017,Unlimited Data Max,Prepaid,2023-07-01,Active,Retail,1309,,
SUB-3018,CUST-13018,Unlimited Data Max,Prepaid,2023-06-01,Active,Referral,1084,,
SUB-3019,CUST-13019,Postpaid Corporate,Postpaid,2021-06-11,Active,Online,528,,
SUB-3020,CUST-13020,Student Special 4G,Prepaid,2022-05-07,Active,Agent,459,,
SUB-3021,CUST-13021,Prepaid Saver 30D,Prepaid,2023-09-29,Active,Agent,785,,
SUB-3022,CUST-13022,Unlimited Data Max,Prepaid,2022-08-05,Active,Retail,520,,
SUB-3023,CUST-13023,Unlimited Data Max,Prepaid,2024-09-23,Active,Online,575,,
SUB-3024,CUST-13024,Unlimited Data Max,Prepaid,2025-06-20,Active,Online,1008,,
SUB-3025,CUST-13025,Postpaid Corporate,Postpaid,2023-04-02,Active,Agent,544,,
SUB-3026,CUST-13026,Prepaid Saver 30D,Prepaid,2023-07-01,Active,Referral,1327,,
SUB-3027,CUST-13027,Unlimited Data Max,Prepaid,2024-08-24,Active,Online,1471,,
SUB-3028,CUST-13028,Prepaid Saver 30D,Prepaid,2021-03-13,Active,Referral,987,,
SUB-3029,CUST-13029,Student Special 4G,Prepaid,2023-04-02,Active,Online,759,,
SUB-3030,CUST-13030,Prepaid Saver 30D,Prepaid,2023-02-01,Active,Retail,1429,,
SUB-3031,CUST-13031,Unlimited Data Max,Prepaid,2022-06-06,Active,Referral,1292,,
SUB-3032,CUST-13032,Prepaid Saver 30D,Prepaid,2024-09-23,Active,Referral,761,,
SUB-3033,CUST-13033,Family Bundle,Postpaid,2023-05-02,Active,Referral,1205,,
SUB-3034,CUST-13034,Unlimited Data Max,Prepaid,2021-03-13,Active,Agent,885,,
SUB-3035,CUST-13035,Unlimited Data Max,Prepaid,2022-11-03,Active,Agent,1484,,
SUB-3036,CUST-13036,Prepaid Saver 30D,Prepaid,2021-06-11,Active,Agent,1302,,
SUB-3037,CUST-13037,Prepaid Saver 30D,Prepaid,2026-03-17,Active,Agent,697,,
SUB-3038,CUST-13038,Student Special 4G,Prepaid,2022-03-08,Active,Online,1370,,
SUB-3039,CUST-13039,Postpaid Corporate,Postpaid,2022-08-05,Churned,Online,1236,2025-05-30,Involuntary
SUB-3040,CUST-13040,Unlimited Data Max,Prepaid,2021-03-13,Active,Referral,556,,
SUB-3041,CUST-13041,Student Special 4G,Prepaid,2020-10-14,Churned,Agent,913,2025-01-10,Voluntary
SUB-3042,CUST-13042,Postpaid Corporate,Postpaid,2025-08-19,Churned,Referral,895,2025-12-10,Involuntary
SUB-3043,CUST-13043,Prepaid Saver 30D,Prepaid,2023-07-31,Active,Referral,834,,
SUB-3044,CUST-13044,Prepaid Saver 30D,Prepaid,2020-12-13,Active,Retail,1343,,
SUB-3045,CUST-13045,Postpaid Corporate,Postpaid,2021-10-09,Active,Retail,1363,,
SUB-3046,CUST-13046,Student Special 4G,Prepaid,2025-10-18,Active,Referral,1462,,
SUB-3047,CUST-13047,Unlimited Data Max,Prepaid,2023-04-02,Active,Retail,748,,
SUB-3048,CUST-13048,Prepaid Saver 30D,Prepaid,2024-05-26,Active,Agent,1405,,
SUB-3049,CUST-13049,Family Bundle,Postpaid,2022-05-07,Active,Online,626,,
SUB-3050,CUST-13050,Prepaid Saver 30D,Prepaid,2023-06-01,Active,Online,550,,
SUB-3051,CUST-13051,Unlimited Data Max,Prepaid,2024-07-25,Active,Agent,1294,,
SUB-3052,CUST-13052,Unlimited Data Max,Prepaid,2023-12-28,Active,Retail,566,,
SUB-3053,CUST-13053,Postpaid Corporate,Postpaid,2020-10-14,Active,Retail,761,,
SUB-3054,CUST-13054,Postpaid Corporate,Postpaid,2024-04-26,Active,Agent,767,,
SUB-3055,CUST-13055,Unlimited Data Max,Prepaid,2025-02-20,Active,Online,678,,
SUB-3056,CUST-13056,Unlimited Data Max,Prepaid,2025-10-18,Active,Retail,1166,,
SUB-3057,CUST-13057,Prepaid Saver 30D,Prepaid,2025-06-20,Active,Retail,817,,
SUB-3058,CUST-13058,Postpaid Corporate,Postpaid,2026-02-15,Active,Retail,1095,,
SUB-3059,CUST-13059,Unlimited Data Max,Prepaid,2026-02-15,Churned,Referral,476,2026-05-29,Voluntary
SUB-3060,CUST-13060,Prepaid Saver 30D,Prepaid,2023-05-02,Active,Retail,512,,
SUB-3061,CUST-13061,Prepaid Saver 30D,Prepaid,2023-04-02,Active,Agent,1154,,
SUB-3062,CUST-13062,Unlimited Data Max,Prepaid,2021-10-09,Active,Online,1034,,
SUB-3063,CUST-13063,Unlimited Data Max,Prepaid,2022-11-03,Active,Online,570,,
SUB-3064,CUST-13064,Family Bundle,Postpaid,2025-04-21,Active,Retail,656,,
SUB-3065,CUST-13065,Student Special 4G,Prepaid,2022-08-05,Active,Referral,1093,,
SUB-3066,CUST-13066,Prepaid Saver 30D,Prepaid,2023-10-29,Active,Online,1272,,
SUB-3067,CUST-13067,Student Special 4G,Prepaid,2025-05-21,Active,Online,1129,,
SUB-3068,CUST-13068,Postpaid Corporate,Postpaid,2022-08-05,Active,Agent,1381,,
SUB-3069,CUST-13069,Family Bundle,Postpaid,2022-08-05,Active,Agent,1094,,
SUB-3070,CUST-13070,Family Bundle,Postpaid,2023-11-28,Active,Referral,699,,
SUB-3071,CUST-13071,Postpaid Corporate,Postpaid,2025-06-20,Active,Online,1205,,
SUB-3072,CUST-13072,Prepaid Saver 30D,Prepaid,2026-03-17,Active,Online,1450,,
SUB-3073,CUST-13073,Unlimited Data Max,Prepaid,2022-01-07,Active,Retail,780,,
SUB-3074,CUST-13074,Prepaid Saver 30D,Prepaid,2025-06-20,Active,Online,1182,,
SUB-3075,CUST-13075,Prepaid Saver 30D,Prepaid,2024-10-23,Churned,Online,583,2025-08-14,Involuntary
SUB-3076,CUST-13076,Postpaid Corporate,Postpaid,2022-07-06,Churned,Retail,840,2026-02-19,Voluntary
SUB-3077,CUST-13077,Unlimited Data Max,Prepaid,2023-12-28,Active,Online,348,,
SUB-3078,CUST-13078,Student Special 4G,Prepaid,2021-08-10,Active,Referral,751,,
SUB-3079,CUST-13079,Family Bundle,Postpaid,2024-03-27,Active,Retail,1236,,
SUB-3080,CUST-13080,Unlimited Data Max,Prepaid,2021-03-13,Active,Agent,620,,
SUB-3081,CUST-13081,Postpaid Corporate,Postpaid,2024-03-27,Active,Online,1340,,
SUB-3082,CUST-13082,Student Special 4G,Prepaid,2025-12-17,Active,Online,1335,,
SUB-3083,CUST-13083,Prepaid Saver 30D,Prepaid,2022-03-08,Active,Agent,377,,
SUB-3084,CUST-13084,Family Bundle,Postpaid,2022-08-05,Active,Referral,1335,,
SUB-3085,CUST-13085,Prepaid Saver 30D,Prepaid,2020-08-15,Churned,Retail,587,2025-04-08,Voluntary
SUB-3086,CUST-13086,Prepaid Saver 30D,Prepaid,2025-10-18,Active,Online,823,,
SUB-3087,CUST-13087,Prepaid Saver 30D,Prepaid,2023-05-02,Active,Referral,883,,
SUB-3088,CUST-13088,Prepaid Saver 30D,Prepaid,2022-04-07,Active,Agent,1088,,
SUB-3089,CUST-13089,Prepaid Saver 30D,Prepaid,2024-01-27,Churned,Referral,1410,2025-09-14,Voluntary
SUB-3090,CUST-13090,Student Special 4G,Prepaid,2024-11-22,Active,Retail,805,,
SUB-3091,CUST-13091,Postpaid Corporate,Postpaid,2024-09-23,Active,Online,1222,,
SUB-3092,CUST-13092,Prepaid Saver 30D,Prepaid,2026-05-16,Active,Online,890,,
SUB-3093,CUST-13093,Prepaid Saver 30D,Prepaid,2022-10-04,Active,Online,827,,
SUB-3094,CUST-13094,Prepaid Saver 30D,Prepaid,2021-11-08,Active,Online,866,,
SUB-3095,CUST-13095,Prepaid Saver 30D,Prepaid,2023-09-29,Active,Referral,692,,
SUB-3096,CUST-13096,Prepaid Saver 30D,Prepaid,2026-03-17,Active,Online,407,,
SUB-3097,CUST-13097,Prepaid Saver 30D,Prepaid,2021-12-08,Active,Referral,1072,,
SUB-3098,CUST-13098,Student Special 4G,Prepaid,2021-02-11,Active,Agent,405,,
SUB-3099,CUST-13099,Family Bundle,Postpaid,2022-11-03,Active,Retail,615,,
SUB-3100,CUST-13100,Prepaid Saver 30D,Prepaid,2025-11-17,Churned,Retail,356,2026-04-25,Voluntary
SUB-3101,CUST-13101,Postpaid Corporate,Postpaid,2023-12-28,Active,Online,1400,,
SUB-3102,CUST-13102,Family Bundle,Postpaid,2023-02-01,Churned,Retail,1095,2025-11-16,Involuntary
SUB-3103,CUST-13103,Unlimited Data Max,Prepaid,2020-11-13,Active,Agent,615,,
SUB-3104,CUST-13104,Unlimited Data Max,Prepaid,2023-07-01,Active,Online,477,,
SUB-3105,CUST-13105,Unlimited Data Max,Prepaid,2026-05-16,Active,Referral,547,,
SUB-3106,CUST-13106,Prepaid Saver 30D,Prepaid,2022-04-07,Active,Online,641,,
SUB-3107,CUST-13107,Prepaid Saver 30D,Prepaid,2022-06-06,Active,Retail,776,,
SUB-3108,CUST-13108,Prepaid Saver 30D,Prepaid,2025-01-21,Active,Online,674,,
SUB-3109,CUST-13109,Prepaid Saver 30D,Prepaid,2023-12-28,Active,Retail,1039,,
SUB-3110,CUST-13110,Unlimited Data Max,Prepaid,2026-02-15,Churned,Agent,601,2026-02-28,Involuntary
SUB-3111,CUST-13111,Prepaid Saver 30D,Prepaid,2025-09-18,Active,Referral,505,,
SUB-3112,CUST-13112,Unlimited Data Max,Prepaid,2024-07-25,Churned,Retail,1384,2026-04-15,Involuntary
SUB-3113,CUST-13113,Prepaid Saver 30D,Prepaid,2025-11-17,Active,Retail,869,,
SUB-3114,CUST-13114,Prepaid Saver 30D,Prepaid,2024-10-23,Active,Retail,638,,
SUB-3115,CUST-13115,Unlimited Data Max,Prepaid,2022-08-05,Active,Retail,759,,
SUB-3116,CUST-13116,Unlimited Data Max,Prepaid,2024-02-26,Active,Agent,1260,,
SUB-3117,CUST-13117,Postpaid Corporate,Postpaid,2025-07-20,Active,Agent,1146,,
SUB-3118,CUST-13118,Unlimited Data Max,Prepaid,2022-10-04,Active,Agent,489,,
SUB-3119,CUST-13119,Postpaid Corporate,Postpaid,2021-06-11,Active,Retail,1267,,
SUB-3120,CUST-13120,Student Special 4G,Prepaid,2023-01-02,Active,Retail,1158,,
SUB-3121,CUST-13121,Prepaid Saver 30D,Prepaid,2024-07-25,Active,Retail,1051,,
SUB-3122,CUST-13122,Unlimited Data Max,Prepaid,2021-09-09,Active,Retail,601,,
SUB-3123,CUST-13123,Postpaid Corporate,Postpaid,2024-05-26,Active,Online,533,,
SUB-3124,CUST-13124,Unlimited Data Max,Prepaid,2026-04-16,Active,Retail,1186,,
SUB-3125,CUST-13125,Student Special 4G,Prepaid,2022-08-05,Churned,Online,1122,2025-09-26,Voluntary
SUB-3126,CUST-13126,Student Special 4G,Prepaid,2022-03-08,Active,Referral,553,,
SUB-3127,CUST-13127,Prepaid Saver 30D,Prepaid,2025-02-20,Active,Agent,890,,
SUB-3128,CUST-13128,Prepaid Saver 30D,Prepaid,2024-03-27,Active,Agent,911,,
SUB-3129,CUST-13129,Postpaid Corporate,Postpaid,2026-05-16,Active,Retail,1469,,
SUB-3130,CUST-13130,Prepaid Saver 30D,Prepaid,2023-08-30,Churned,Online,524,2025-06-03,Voluntary
SUB-3131,CUST-13131,Unlimited Data Max,Prepaid,2023-10-29,Active,Online,808,,
SUB-3132,CUST-13132,Student Special 4G,Prepaid,2024-11-22,Active,Online,793,,
SUB-3133,CUST-13133,Prepaid Saver 30D,Prepaid,2023-05-02,Active,Agent,412,,
SUB-3134,CUST-13134,Student Special 4G,Prepaid,2022-06-06,Active,Online,758,,
SUB-3135,CUST-13135,Student Special 4G,Prepaid,2023-10-29,Active,Online,661,,
SUB-3136,CUST-13136,Prepaid Saver 30D,Prepaid,2021-10-09,Active,Referral,909,,
SUB-3137,CUST-13137,Prepaid Saver 30D,Prepaid,2023-09-29,Active,Referral,1161,,
SUB-3138,CUST-13138,Prepaid Saver 30D,Prepaid,2023-12-28,Churned,Agent,950,2025-12-14,Voluntary
SUB-3139,CUST-13139,Student Special 4G,Prepaid,2022-07-06,Active,Online,690,,
SUB-3140,CUST-13140,Unlimited Data Max,Prepaid,2025-05-21,Active,Agent,1120,,
SUB-3141,CUST-13141,Prepaid Saver 30D,Prepaid,2021-06-11,Active,Referral,556,,
SUB-3142,CUST-13142,Postpaid Corporate,Postpaid,2022-12-03,Active,Retail,626,,
SUB-3143,CUST-13143,Unlimited Data Max,Prepaid,2024-04-26,Active,Online,1153,,
SUB-3144,CUST-13144,Unlimited Data Max,Prepaid,2025-01-21,Churned,Online,390,2025-06-03,Voluntary
SUB-3145,CUST-13145,Student Special 4G,Prepaid,2021-10-09,Active,Agent,665,,
SUB-3146,CUST-13146,Prepaid Saver 30D,Prepaid,2026-05-16,Active,Retail,312,,
SUB-3147,CUST-13147,Prepaid Saver 30D,Prepaid,2026-01-16,Active,Agent,563,,
SUB-3148,CUST-13148,Unlimited Data Max,Prepaid,2022-11-03,Active,Referral,1352,,
SUB-3149,CUST-13149,Prepaid Saver 30D,Prepaid,2023-07-31,Active,Online,936,,
SUB-3150,CUST-13150,Prepaid Saver 30D,Prepaid,2025-05-21,Active,Retail,357,,
SUB-3151,CUST-13151,Prepaid Saver 30D,Prepaid,2024-03-27,Active,Referral,361,,
SUB-3152,CUST-13152,Family Bundle,Postpaid,2021-11-08,Active,Retail,1090,,
SUB-3153,CUST-13153,Unlimited Data Max,Prepaid,2023-08-30,Active,Agent,310,,
SUB-3154,CUST-13154,Prepaid Saver 30D,Prepaid,2023-05-02,Churned,Agent,379,2025-10-28,Voluntary
SUB-3155,CUST-13155,Student Special 4G,Prepaid,2025-11-17,Active,Retail,1358,,
SUB-3156,CUST-13156,Unlimited Data Max,Prepaid,2022-03-08,Active,Retail,741,,
SUB-3157,CUST-13157,Family Bundle,Postpaid,2025-08-19,Active,Referral,1435,,
SUB-3158,CUST-13158,Prepaid Saver 30D,Prepaid,2025-01-21,Active,Referral,1098,,
SUB-3159,CUST-13159,Unlimited Data Max,Prepaid,2024-09-23,Active,Referral,754,,
SUB-3160,CUST-13160,Unlimited Data Max,Prepaid,2023-11-28,Active,Agent,1297,,
SUB-3161,CUST-13161,Prepaid Saver 30D,Prepaid,2024-10-23,Active,Referral,560,,
SUB-3162,CUST-13162,Family Bundle,Postpaid,2021-09-09,Active,Online,678,,
SUB-3163,CUST-13163,Family Bundle,Postpaid,2024-02-26,Active,Retail,508,,
SUB-3164,CUST-13164,Prepaid Saver 30D,Prepaid,2026-03-17,Active,Agent,484,,
SUB-3165,CUST-13165,Unlimited Data Max,Prepaid,2023-09-29,Active,Online,1468,,
SUB-3166,CUST-13166,Prepaid Saver 30D,Prepaid,2025-09-18,Churned,Retail,427,2025-12-27,Voluntary
SUB-3167,CUST-13167,Prepaid Saver 30D,Prepaid,2025-02-20,Active,Online,1172,,
SUB-3168,CUST-13168,Unlimited Data Max,Prepaid,2023-01-02,Active,Online,706,,
SUB-3169,CUST-13169,Unlimited Data Max,Prepaid,2022-11-03,Active,Online,1169,,
SUB-3170,CUST-13170,Prepaid Saver 30D,Prepaid,2022-07-06,Active,Online,1403,,
SUB-3171,CUST-13171,Prepaid Saver 30D,Prepaid,2024-03-27,Active,Retail,436,,
SUB-3172,CUST-13172,Postpaid Corporate,Postpaid,2021-07-11,Active,Online,1400,,
SUB-3173,CUST-13173,Prepaid Saver 30D,Prepaid,2026-01-16,Active,Referral,1491,,
SUB-3174,CUST-13174,Unlimited Data Max,Prepaid,2024-03-27,Active,Referral,1309,,
SUB-3175,CUST-13175,Unlimited Data Max,Prepaid,2024-12-22,Active,Agent,1132,,
SUB-3176,CUST-13176,Postpaid Corporate,Postpaid,2026-03-17,Active,Referral,1112,,
SUB-3177,CUST-13177,Postpaid Corporate,Postpaid,2023-03-03,Active,Online,1419,,
SUB-3178,CUST-13178,Unlimited Data Max,Prepaid,2026-01-16,Active,Agent,1444,,
SUB-3179,CUST-13179,Student Special 4G,Prepaid,2022-11-03,Active,Agent,1077,,
SUB-3180,CUST-13180,Postpaid Corporate,Postpaid,2021-06-11,Active,Agent,383,,
SUB-3181,CUST-13181,Unlimited Data Max,Prepaid,2021-10-09,Active,Agent,759,,
SUB-3182,CUST-13182,Prepaid Saver 30D,Prepaid,2022-06-06,Active,Retail,1018,,
SUB-3183,CUST-13183,Family Bundle,Postpaid,2024-12-22,Active,Referral,653,,
SUB-3184,CUST-13184,Prepaid Saver 30D,Prepaid,2022-08-05,Churned,Online,1354,2025-09-08,Involuntary
SUB-3185,CUST-13185,Unlimited Data Max,Prepaid,2023-03-03,Churned,Retail,904,2026-01-09,Involuntary
SUB-3186,CUST-13186,Prepaid Saver 30D,Prepaid,2023-07-01,Active,Agent,921,,
SUB-3187,CUST-13187,Unlimited Data Max,Prepaid,2023-08-30,Active,Agent,1362,,
SUB-3188,CUST-13188,Student Special 4G,Prepaid,2025-07-20,Active,Agent,599,,
SUB-3189,CUST-13189,Student Special 4G,Prepaid,2021-06-11,Active,Online,422,,
SUB-3190,CUST-13190,Student Special 4G,Prepaid,2021-07-11,Active,Referral,840,,
SUB-3191,CUST-13191,Postpaid Corporate,Postpaid,2022-03-08,Active,Referral,460,,
SUB-3192,CUST-13192,Postpaid Corporate,Postpaid,2023-04-02,Active,Online,824,,
SUB-3193,CUST-13193,Prepaid Saver 30D,Prepaid,2025-08-19,Active,Online,864,,
SUB-3194,CUST-13194,Student Special 4G,Prepaid,2022-09-04,Active,Agent,1481,,
SUB-3195,CUST-13195,Unlimited Data Max,Prepaid,2020-10-14,Active,Agent,1304,,
SUB-3196,CUST-13196,Prepaid Saver 30D,Prepaid,2025-08-19,Active,Agent,530,,
SUB-3197,CUST-13197,Family Bundle,Postpaid,2024-04-26,Active,Agent,719,,
SUB-3198,CUST-13198,Family Bundle,Postpaid,2021-02-11,Active,Retail,1061,,
SUB-3199,CUST-13199,Prepaid Saver 30D,Prepaid,2020-11-13,Churned,Agent,456,2025-10-29,Involuntary
SUB-3200,CUST-13200,Prepaid Saver 30D,Prepaid,2023-10-29,Active,Online,1134,,
SUB-3201,CUST-13201,Unlimited Data Max,Prepaid,2024-09-23,Active,Agent,835,,
SUB-3202,CUST-13202,Postpaid Corporate,Postpaid,2024-09-23,Active,Retail,1054,,
SUB-3203,CUST-13203,Unlimited Data Max,Prepaid,2023-08-30,Active,Retail,625,,
SUB-3204,CUST-13204,Prepaid Saver 30D,Prepaid,2024-07-25,Active,Referral,1092,,
SUB-3205,CUST-13205,Prepaid Saver 30D,Prepaid,2023-03-03,Active,Retail,967,,
SUB-3206,CUST-13206,Student Special 4G,Prepaid,2025-12-17,Active,Agent,490,,
SUB-3207,CUST-13207,Family Bundle,Postpaid,2026-01-16,Active,Retail,357,,
SUB-3208,CUST-13208,Family Bundle,Postpaid,2026-05-16,Active,Retail,655,,
SUB-3209,CUST-13209,Student Special 4G,Prepaid,2022-04-07,Active,Retail,906,,
SUB-3210,CUST-13210,Prepaid Saver 30D,Prepaid,2021-01-12,Active,Agent,882,,
SUB-3211,CUST-13211,Unlimited Data Max,Prepaid,2025-10-18,Active,Agent,1296,,
SUB-3212,CUST-13212,Prepaid Saver 30D,Prepaid,2021-02-11,Active,Retail,1064,,
SUB-3213,CUST-13213,Prepaid Saver 30D,Prepaid,2025-06-20,Active,Agent,685,,
SUB-3214,CUST-13214,Postpaid Corporate,Postpaid,2026-02-15,Churned,Agent,1457,2026-03-22,Voluntary
SUB-3215,CUST-13215,Prepaid Saver 30D,Prepaid,2024-09-23,Active,Referral,1359,,
SUB-3216,CUST-13216,Student Special 4G,Prepaid,2024-09-23,Active,Referral,1243,,
SUB-3217,CUST-13217,Prepaid Saver 30D,Prepaid,2020-10-14,Active,Referral,815,,
SUB-3218,CUST-13218,Prepaid Saver 30D,Prepaid,2025-10-18,Active,Referral,1284,,
SUB-3219,CUST-13219,Student Special 4G,Prepaid,2020-09-14,Active,Online,328,,
SUB-3220,CUST-13220,Prepaid Saver 30D,Prepaid,2021-05-12,Active,Referral,486,,
SUB-3221,CUST-13221,Prepaid Saver 30D,Prepaid,2023-07-31,Active,Online,746,,
SUB-3222,CUST-13222,Postpaid Corporate,Postpaid,2022-07-06,Active,Referral,350,,
SUB-3223,CUST-13223,Prepaid Saver 30D,Prepaid,2023-05-02,Active,Online,993,,
SUB-3224,CUST-13224,Unlimited Data Max,Prepaid,2021-02-11,Churned,Referral,1127,2026-01-31,Voluntary
SUB-3225,CUST-13225,Prepaid Saver 30D,Prepaid,2025-02-20,Active,Referral,1194,,
SUB-3226,CUST-13226,Family Bundle,Postpaid,2020-11-13,Active,Agent,363,,
SUB-3227,CUST-13227,Unlimited Data Max,Prepaid,2023-12-28,Active,Retail,406,,
SUB-3228,CUST-13228,Prepaid Saver 30D,Prepaid,2020-12-13,Active,Referral,675,,
SUB-3229,CUST-13229,Prepaid Saver 30D,Prepaid,2020-09-14,Active,Agent,1159,,
SUB-3230,CUST-13230,Prepaid Saver 30D,Prepaid,2021-06-11,Active,Online,563,,
SUB-3231,CUST-13231,Family Bundle,Postpaid,2021-10-09,Active,Referral,421,,
SUB-3232,CUST-13232,Prepaid Saver 30D,Prepaid,2023-11-28,Active,Retail,661,,
SUB-3233,CUST-13233,Student Special 4G,Prepaid,2022-05-07,Active,Referral,485,,
SUB-3234,CUST-13234,Student Special 4G,Prepaid,2024-12-22,Active,Retail,771,,
SUB-3235,CUST-13235,Prepaid Saver 30D,Prepaid,2024-10-23,Active,Retail,498,,
SUB-3236,CUST-13236,Student Special 4G,Prepaid,2022-02-06,Active,Agent,936,,
SUB-3237,CUST-13237,Family Bundle,Postpaid,2021-12-08,Active,Online,1038,,
SUB-3238,CUST-13238,Family Bundle,Postpaid,2024-11-22,Active,Referral,1127,,
SUB-3239,CUST-13239,Postpaid Corporate,Postpaid,2020-10-14,Active,Online,1425,,
SUB-3240,CUST-13240,Unlimited Data Max,Prepaid,2022-06-06,Active,Retail,723,,
SUB-3241,CUST-13241,Unlimited Data Max,Prepaid,2020-08-15,Active,Agent,890,,
SUB-3242,CUST-13242,Prepaid Saver 30D,Prepaid,2023-08-30,Active,Referral,883,,
SUB-3243,CUST-13243,Postpaid Corporate,Postpaid,2022-12-03,Churned,Referral,472,2025-04-02,Voluntary
SUB-3244,CUST-13244,Prepaid Saver 30D,Prepaid,2022-08-05,Active,Retail,615,,
SUB-3245,CUST-13245,Postpaid Corporate,Postpaid,2025-06-20,Churned,Agent,383,2025-07-24,Involuntary
SUB-3246,CUST-13246,Student Special 4G,Prepaid,2024-10-23,Active,Agent,1395,,
SUB-3247,CUST-13247,Unlimited Data Max,Prepaid,2020-10-14,Active,Agent,1394,,
SUB-3248,CUST-13248,Family Bundle,Postpaid,2022-07-06,Active,Referral,1133,,
SUB-3249,CUST-13249,Unlimited Data Max,Prepaid,2023-04-02,Active,Online,569,,
SUB-3250,CUST-13250,Prepaid Saver 30D,Prepaid,2026-05-16,Active,Retail,1398,,
SUB-3251,CUST-13251,Student Special 4G,Prepaid,2026-03-17,Active,Agent,442,,
SUB-3252,CUST-13252,Unlimited Data Max,Prepaid,2023-03-03,Active,Agent,1188,,
SUB-3253,CUST-13253,Unlimited Data Max,Prepaid,2025-12-17,Active,Online,1259,,
SUB-3254,CUST-13254,Family Bundle,Postpaid,2025-07-20,Active,Referral,1090,,
SUB-3255,CUST-13255,Family Bundle,Postpaid,2023-02-01,Active,Retail,1139,,
SUB-3256,CUST-13256,Student Special 4G,Prepaid,2020-10-14,Churned,Agent,815,2025-05-09,Voluntary
SUB-3257,CUST-13257,Unlimited Data Max,Prepaid,2021-07-11,Active,Retail,1458,,
SUB-3258,CUST-13258,Prepaid Saver 30D,Prepaid,2023-08-30,Churned,Retail,1061,2025-05-25,Involuntary
SUB-3259,CUST-13259,Unlimited Data Max,Prepaid,2020-12-13,Active,Retail,1189,,
SUB-3260,CUST-13260,Unlimited Data Max,Prepaid,2022-11-03,Churned,Online,1412,2026-03-07,Voluntary
SUB-3261,CUST-13261,Family Bundle,Postpaid,2020-11-13,Active,Online,1394,,
SUB-3262,CUST-13262,Unlimited Data Max,Prepaid,2025-01-21,Active,Retail,1094,,
SUB-3263,CUST-13263,Postpaid Corporate,Postpaid,2023-01-02,Active,Agent,1346,,
SUB-3264,CUST-13264,Unlimited Data Max,Prepaid,2021-01-12,Active,Online,482,,
SUB-3265,CUST-13265,Prepaid Saver 30D,Prepaid,2020-09-14,Active,Online,1164,,
SUB-3266,CUST-13266,Unlimited Data Max,Prepaid,2021-05-12,Active,Retail,320,,
SUB-3267,CUST-13267,Unlimited Data Max,Prepaid,2025-07-20,Active,Agent,1050,,
SUB-3268,CUST-13268,Unlimited Data Max,Prepaid,2022-11-03,Active,Agent,1186,,
SUB-3269,CUST-13269,Family Bundle,Postpaid,2025-11-17,Churned,Agent,815,2026-05-07,Voluntary
SUB-3270,CUST-13270,Postpaid Corporate,Postpaid,2024-02-26,Active,Agent,394,,
SUB-3271,CUST-13271,Postpaid Corporate,Postpaid,2026-03-17,Churned,Referral,777,2026-05-23,Voluntary
SUB-3272,CUST-13272,Prepaid Saver 30D,Prepaid,2022-01-07,Churned,Online,820,2025-06-13,Involuntary
SUB-3273,CUST-13273,Postpaid Corporate,Postpaid,2021-12-08,Churned,Online,1275,2025-01-28,Voluntary
SUB-3274,CUST-13274,Postpaid Corporate,Postpaid,2025-11-17,Active,Retail,398,,
SUB-3275,CUST-13275,Prepaid Saver 30D,Prepaid,2021-01-12,Active,Agent,617,,
SUB-3276,CUST-13276,Postpaid Corporate,Postpaid,2021-07-11,Active,Retail,426,,
SUB-3277,CUST-13277,Student Special 4G,Prepaid,2021-07-11,Churned,Retail,1299,2025-09-07,Voluntary
SUB-3278,CUST-13278,Family Bundle,Postpaid,2023-10-29,Active,Agent,1266,,
SUB-3279,CUST-13279,Family Bundle,Postpaid,2020-12-13,Active,Referral,988,,
SUB-3280,CUST-13280,Prepaid Saver 30D,Prepaid,2020-09-14,Active,Retail,430,,
SUB-3281,CUST-13281,Unlimited Data Max,Prepaid,2023-04-02,Active,Referral,1165,,
SUB-3282,CUST-13282,Unlimited Data Max,Prepaid,2024-03-27,Active,Agent,652,,
SUB-3283,CUST-13283,Unlimited Data Max,Prepaid,2021-12-08,Active,Agent,531,,
SUB-3284,CUST-13284,Prepaid Saver 30D,Prepaid,2026-02-15,Active,Online,1475,,
SUB-3285,CUST-13285,Prepaid Saver 30D,Prepaid,2024-06-25,Active,Referral,431,,
SUB-3286,CUST-13286,Postpaid Corporate,Postpaid,2026-05-16,Active,Retail,564,,
SUB-3287,CUST-13287,Prepaid Saver 30D,Prepaid,2021-12-08,Active,Referral,555,,
SUB-3288,CUST-13288,Postpaid Corporate,Postpaid,2026-02-15,Active,Referral,752,,
SUB-3289,CUST-13289,Family Bundle,Postpaid,2022-01-07,Active,Retail,717,,
SUB-3290,CUST-13290,Unlimited Data Max,Prepaid,2023-02-01,Active,Retail,1326,,
SUB-3291,CUST-13291,Unlimited Data Max,Prepaid,2023-11-28,Active,Retail,1494,,
SUB-3292,CUST-13292,Postpaid Corporate,Postpaid,2022-10-04,Churned,Retail,441,2025-01-18,Voluntary
SUB-3293,CUST-13293,Prepaid Saver 30D,Prepaid,2026-02-15,Active,Retail,837,,
SUB-3294,CUST-13294,Prepaid Saver 30D,Prepaid,2021-09-09,Active,Online,516,,
SUB-3295,CUST-13295,Student Special 4G,Prepaid,2024-11-22,Active,Retail,373,,
SUB-3296,CUST-13296,Unlimited Data Max,Prepaid,2021-07-11,Active,Referral,1499,,
SUB-3297,CUST-13297,Prepaid Saver 30D,Prepaid,2021-04-12,Churned,Retail,1457,2026-02-10,Voluntary
SUB-3298,CUST-13298,Family Bundle,Postpaid,2023-03-03,Active,Retail,1410,,
SUB-3299,CUST-13299,Prepaid Saver 30D,Prepaid,2023-01-02,Active,Referral,977,,
SUB-3300,CUST-13300,Prepaid Saver 30D,Prepaid,2021-01-12,Active,Referral,392,,
SUB-3301,CUST-13301,Unlimited Data Max,Prepaid,2024-01-27,Active,Agent,1184,,
SUB-3302,CUST-13302,Prepaid Saver 30D,Prepaid,2024-01-27,Active,Agent,1494,,
SUB-3303,CUST-13303,Unlimited Data Max,Prepaid,2020-11-13,Active,Referral,1407,,
SUB-3304,CUST-13304,Prepaid Saver 30D,Prepaid,2024-01-27,Active,Retail,1279,,
SUB-3305,CUST-13305,Prepaid Saver 30D,Prepaid,2024-03-27,Active,Online,1143,,
SUB-3306,CUST-13306,Family Bundle,Postpaid,2026-05-16,Churned,Retail,465,2026-05-21,Voluntary
SUB-3307,CUST-13307,Postpaid Corporate,Postpaid,2024-06-25,Active,Retail,1318,,
SUB-3308,CUST-13308,Unlimited Data Max,Prepaid,2024-12-22,Active,Online,903,,
SUB-3309,CUST-13309,Student Special 4G,Prepaid,2021-12-08,Active,Referral,917,,
SUB-3310,CUST-13310,Prepaid Saver 30D,Prepaid,2023-07-01,Active,Referral,547,,
SUB-3311,CUST-13311,Postpaid Corporate,Postpaid,2024-04-26,Active,Retail,322,,
SUB-3312,CUST-13312,Prepaid Saver 30D,Prepaid,2020-12-13,Active,Online,1400,,
SUB-3313,CUST-13313,Student Special 4G,Prepaid,2023-10-29,Active,Retail,1303,,
SUB-3314,CUST-13314,Family Bundle,Postpaid,2023-12-28,Churned,Online,1400,2025-10-09,Voluntary
SUB-3315,CUST-13315,Unlimited Data Max,Prepaid,2022-03-08,Active,Online,575,,
SUB-3316,CUST-13316,Prepaid Saver 30D,Prepaid,2024-11-22,Active,Referral,1016,,
SUB-3317,CUST-13317,Prepaid Saver 30D,Prepaid,2023-11-28,Active,Agent,992,,
SUB-3318,CUST-13318,Prepaid Saver 30D,Prepaid,2022-04-07,Churned,Retail,927,2025-01-27,Voluntary
SUB-3319,CUST-13319,Prepaid Saver 30D,Prepaid,2024-07-25,Active,Referral,478,,
SUB-3320,CUST-13320,Postpaid Corporate,Postpaid,2023-11-28,Active,Referral,1001,,
SUB-3321,CUST-13321,Prepaid Saver 30D,Prepaid,2026-04-16,Active,Retail,491,,
SUB-3322,CUST-13322,Unlimited Data Max,Prepaid,2021-10-09,Active,Retail,1001,,
SUB-3323,CUST-13323,Student Special 4G,Prepaid,2021-05-12,Active,Online,1157,,
SUB-3324,CUST-13324,Postpaid Corporate,Postpaid,2022-07-06,Active,Online,1186,,
SUB-3325,CUST-13325,Prepaid Saver 30D,Prepaid,2023-05-02,Active,Agent,864,,
SUB-3326,CUST-13326,Family Bundle,Postpaid,2021-03-13,Active,Retail,1468,,
SUB-3327,CUST-13327,Student Special 4G,Prepaid,2021-06-11,Churned,Retail,504,2025-10-02,Voluntary
SUB-3328,CUST-13328,Family Bundle,Postpaid,2023-08-30,Churned,Online,1441,2025-09-18,Voluntary
SUB-3329,CUST-13329,Prepaid Saver 30D,Prepaid,2022-11-03,Active,Retail,320,,
SUB-3330,CUST-13330,Unlimited Data Max,Prepaid,2020-12-13,Active,Online,555,,
SUB-3331,CUST-13331,Unlimited Data Max,Prepaid,2025-03-22,Active,Agent,1200,,
SUB-3332,CUST-13332,Family Bundle,Postpaid,2021-11-08,Active,Agent,446,,
SUB-3333,CUST-13333,Student Special 4G,Prepaid,2024-04-26,Active,Agent,1240,,
SUB-3334,CUST-13334,Postpaid Corporate,Postpaid,2025-11-17,Active,Referral,603,,
SUB-3335,CUST-13335,Prepaid Saver 30D,Prepaid,2023-12-28,Active,Agent,777,,
SUB-3336,CUST-13336,Prepaid Saver 30D,Prepaid,2023-06-01,Active,Referral,1316,,
SUB-3337,CUST-13337,Postpaid Corporate,Postpaid,2022-02-06,Active,Agent,312,,
SUB-3338,CUST-13338,Unlimited Data Max,Prepaid,2025-07-20,Churned,Online,600,2025-09-27,Voluntary
SUB-3339,CUST-13339,Prepaid Saver 30D,Prepaid,2023-04-02,Active,Referral,651,,
SUB-3340,CUST-13340,Postpaid Corporate,Postpaid,2022-08-05,Active,Referral,822,,
SUB-3341,CUST-13341,Student Special 4G,Prepaid,2022-09-04,Active,Online,1074,,
SUB-3342,CUST-13342,Prepaid Saver 30D,Prepaid,2021-07-11,Active,Retail,1192,,
SUB-3343,CUST-13343,Postpaid Corporate,Postpaid,2022-01-07,Active,Agent,597,,
SUB-3344,CUST-13344,Unlimited Data Max,Prepaid,2023-08-30,Churned,Retail,361,2026-05-13,Involuntary
SUB-3345,CUST-13345,Unlimited Data Max,Prepaid,2024-10-23,Active,Referral,1108,,
SUB-3346,CUST-13346,Unlimited Data Max,Prepaid,2021-04-12,Active,Online,882,,
SUB-3347,CUST-13347,Prepaid Saver 30D,Prepaid,2021-04-12,Active,Retail,514,,
SUB-3348,CUST-13348,Prepaid Saver 30D,Prepaid,2025-08-19,Churned,Retail,1475,2026-06-08,Voluntary
SUB-3349,CUST-13349,Prepaid Saver 30D,Prepaid,2023-09-29,Churned,Agent,724,2025-03-15,Voluntary
SUB-3350,CUST-13350,Prepaid Saver 30D,Prepaid,2022-01-07,Active,Retail,1228,,
SUB-3351,CUST-13351,Prepaid Saver 30D,Prepaid,2022-08-05,Active,Online,903,,
SUB-3352,CUST-13352,Prepaid Saver 30D,Prepaid,2021-04-12,Active,Online,523,,
SUB-3353,CUST-13353,Student Special 4G,Prepaid,2025-02-20,Active,Online,991,,
SUB-3354,CUST-13354,Unlimited Data Max,Prepaid,2020-12-13,Active,Referral,929,,
SUB-3355,CUST-13355,Prepaid Saver 30D,Prepaid,2025-01-21,Active,Retail,437,,
SUB-3356,CUST-13356,Unlimited Data Max,Prepaid,2025-11-17,Active,Online,1154,,
SUB-3357,CUST-13357,Unlimited Data Max,Prepaid,2022-02-06,Churned,Referral,698,2025-06-27,Voluntary
SUB-3358,CUST-13358,Postpaid Corporate,Postpaid,2021-01-12,Active,Online,305,,
SUB-3359,CUST-13359,Student Special 4G,Prepaid,2024-05-26,Active,Online,501,,
SUB-3360,CUST-13360,Prepaid Saver 30D,Prepaid,2025-06-20,Active,Retail,1269,,
SUB-3361,CUST-13361,Prepaid Saver 30D,Prepaid,2021-04-12,Active,Referral,535,,
SUB-3362,CUST-13362,Unlimited Data Max,Prepaid,2025-11-17,Active,Agent,549,,
SUB-3363,CUST-13363,Unlimited Data Max,Prepaid,2022-07-06,Churned,Referral,1428,2025-04-14,Voluntary
SUB-3364,CUST-13364,Student Special 4G,Prepaid,2025-09-18,Active,Online,1492,,
SUB-3365,CUST-13365,Prepaid Saver 30D,Prepaid,2022-07-06,Active,Referral,510,,
SUB-3366,CUST-13366,Postpaid Corporate,Postpaid,2025-09-18,Active,Online,1206,,
SUB-3367,CUST-13367,Student Special 4G,Prepaid,2024-03-27,Active,Referral,451,,
SUB-3368,CUST-13368,Prepaid Saver 30D,Prepaid,2023-08-30,Active,Online,1302,,
SUB-3369,CUST-13369,Unlimited Data Max,Prepaid,2021-02-11,Active,Retail,1312,,
SUB-3370,CUST-13370,Postpaid Corporate,Postpaid,2022-04-07,Active,Referral,691,,
SUB-3371,CUST-13371,Postpaid Corporate,Postpaid,2020-11-13,Churned,Retail,1414,2025-12-30,Voluntary
SUB-3372,CUST-13372,Prepaid Saver 30D,Prepaid,2023-04-02,Active,Agent,332,,
SUB-3373,CUST-13373,Postpaid Corporate,Postpaid,2024-11-22,Active,Referral,448,,
SUB-3374,CUST-13374,Prepaid Saver 30D,Prepaid,2023-11-28,Active,Referral,687,,
SUB-3375,CUST-13375,Prepaid Saver 30D,Prepaid,2023-06-01,Active,Referral,341,,
SUB-3376,CUST-13376,Postpaid Corporate,Postpaid,2023-02-01,Active,Retail,399,,
SUB-3377,CUST-13377,Unlimited Data Max,Prepaid,2021-02-11,Churned,Retail,1010,2025-03-02,Voluntary
SUB-3378,CUST-13378,Prepaid Saver 30D,Prepaid,2021-03-13,Active,Retail,1002,,
SUB-3379,CUST-13379,Prepaid Saver 30D,Prepaid,2025-10-18,Active,Agent,343,,
SUB-3380,CUST-13380,Postpaid Corporate,Postpaid,2021-10-09,Active,Agent,1012,,
SUB-3381,CUST-13381,Student Special 4G,Prepaid,2024-08-24,Active,Referral,914,,
SUB-3382,CUST-13382,Postpaid Corporate,Postpaid,2023-01-02,Active,Retail,931,,
SUB-3383,CUST-13383,Postpaid Corporate,Postpaid,2020-11-13,Active,Retail,884,,
SUB-3384,CUST-13384,Prepaid Saver 30D,Prepaid,2021-04-12,Active,Agent,1045,,
SUB-3385,CUST-13385,Prepaid Saver 30D,Prepaid,2023-07-31,Active,Referral,383,,
SUB-3386,CUST-13386,Unlimited Data Max,Prepaid,2026-02-15,Churned,Retail,1026,2026-05-14,Voluntary
SUB-3387,CUST-13387,Prepaid Saver 30D,Prepaid,2020-11-13,Active,Referral,632,,
SUB-3388,CUST-13388,Postpaid Corporate,Postpaid,2021-02-11,Churned,Referral,1139,2026-02-06,Voluntary
SUB-3389,CUST-13389,Unlimited Data Max,Prepaid,2024-03-27,Active,Referral,1067,,
SUB-3390,CUST-13390,Family Bundle,Postpaid,2025-08-19,Churned,Agent,556,2026-03-24,Involuntary
SUB-3391,CUST-13391,Prepaid Saver 30D,Prepaid,2023-05-02,Active,Online,339,,
SUB-3392,CUST-13392,Postpaid Corporate,Postpaid,2021-10-09,Active,Retail,358,,
SUB-3393,CUST-13393,Prepaid Saver 30D,Prepaid,2023-09-29,Active,Retail,813,,
SUB-3394,CUST-13394,Postpaid Corporate,Postpaid,2026-04-16,Active,Referral,1340,,
SUB-3395,CUST-13395,Prepaid Saver 30D,Prepaid,2023-09-29,Active,Referral,877,,
SUB-3396,CUST-13396,Unlimited Data Max,Prepaid,2023-06-01,Active,Agent,1147,,
SUB-3397,CUST-13397,Family Bundle,Postpaid,2021-01-12,Active,Referral,710,,
SUB-3398,CUST-13398,Postpaid Corporate,Postpaid,2021-09-09,Active,Retail,637,,
SUB-3399,CUST-13399,Prepaid Saver 30D,Prepaid,2022-05-07,Active,Retail,1046,,
SUB-3400,CUST-13400,Postpaid Corporate,Postpaid,2024-01-27,Active,Agent,466,,
SUB-3401,CUST-13401,Prepaid Saver 30D,Prepaid,2020-11-13,Active,Retail,1058,,
SUB-3402,CUST-13402,Student Special 4G,Prepaid,2025-01-21,Active,Retail,327,,
SUB-3403,CUST-13403,Prepaid Saver 30D,Prepaid,2024-06-25,Active,Online,1331,,
SUB-3404,CUST-13404,Student Special 4G,Prepaid,2021-06-11,Active,Agent,765,,
SUB-3405,CUST-13405,Prepaid Saver 30D,Prepaid,2020-08-15,Active,Retail,596,,
SUB-3406,CUST-13406,Student Special 4G,Prepaid,2021-09-09,Active,Referral,955,,
SUB-3407,CUST-13407,Family Bundle,Postpaid,2022-04-07,Active,Referral,1391,,
SUB-3408,CUST-13408,Family Bundle,Postpaid,2020-12-13,Churned,Agent,1117,2026-03-18,Voluntary
SUB-3409,CUST-13409,Student Special 4G,Prepaid,2025-08-19,Active,Agent,745,,
SUB-3410,CUST-13410,Postpaid Corporate,Postpaid,2022-07-06,Active,Retail,536,,
SUB-3411,CUST-13411,Prepaid Saver 30D,Prepaid,2023-12-28,Active,Referral,906,,
SUB-3412,CUST-13412,Unlimited Data Max,Prepaid,2022-12-03,Active,Referral,458,,
SUB-3413,CUST-13413,Prepaid Saver 30D,Prepaid,2024-12-22,Active,Online,1173,,
SUB-3414,CUST-13414,Prepaid Saver 30D,Prepaid,2023-07-31,Active,Online,976,,
SUB-3415,CUST-13415,Unlimited Data Max,Prepaid,2025-01-21,Active,Agent,728,,
SUB-3416,CUST-13416,Postpaid Corporate,Postpaid,2022-09-04,Active,Agent,1299,,
SUB-3417,CUST-13417,Unlimited Data Max,Prepaid,2021-01-12,Active,Retail,1088,,
SUB-3418,CUST-13418,Prepaid Saver 30D,Prepaid,2026-01-16,Churned,Agent,1490,2026-01-20,Voluntary
SUB-3419,CUST-13419,Prepaid Saver 30D,Prepaid,2020-10-14,Active,Agent,669,,
SUB-3420,CUST-13420,Student Special 4G,Prepaid,2022-08-05,Active,Agent,1451,,
SUB-3421,CUST-13421,Unlimited Data Max,Prepaid,2026-04-16,Churned,Online,783,2026-05-10,Voluntary
SUB-3422,CUST-13422,Unlimited Data Max,Prepaid,2023-01-02,Active,Retail,908,,
SUB-3423,CUST-13423,Prepaid Saver 30D,Prepaid,2025-08-19,Active,Retail,1333,,
SUB-3424,CUST-13424,Prepaid Saver 30D,Prepaid,2021-10-09,Churned,Agent,722,2025-05-07,Voluntary
SUB-3425,CUST-13425,Unlimited Data Max,Prepaid,2024-10-23,Active,Online,1448,,
SUB-3426,CUST-13426,Postpaid Corporate,Postpaid,2026-01-16,Active,Agent,461,,
SUB-3427,CUST-13427,Family Bundle,Postpaid,2021-06-11,Active,Online,1182,,
SUB-3428,CUST-13428,Postpaid Corporate,Postpaid,2023-04-02,Active,Online,1092,,
SUB-3429,CUST-13429,Unlimited Data Max,Prepaid,2022-11-03,Active,Online,337,,
SUB-3430,CUST-13430,Unlimited Data Max,Prepaid,2021-07-11,Active,Retail,336,,
SUB-3431,CUST-13431,Prepaid Saver 30D,Prepaid,2023-02-01,Active,Agent,1295,,
SUB-3432,CUST-13432,Postpaid Corporate,Postpaid,2021-10-09,Active,Retail,659,,
SUB-3433,CUST-13433,Family Bundle,Postpaid,2022-12-03,Active,Online,808,,
SUB-3434,CUST-13434,Unlimited Data Max,Prepaid,2026-04-16,Active,Online,1196,,
SUB-3435,CUST-13435,Prepaid Saver 30D,Prepaid,2020-11-13,Active,Agent,571,,
SUB-3436,CUST-13436,Family Bundle,Postpaid,2020-10-14,Active,Agent,1300,,
SUB-3437,CUST-13437,Unlimited Data Max,Prepaid,2024-10-23,Active,Online,741,,
SUB-3438,CUST-13438,Family Bundle,Postpaid,2022-08-05,Active,Referral,578,,
SUB-3439,CUST-13439,Prepaid Saver 30D,Prepaid,2025-09-18,Active,Online,491,,
SUB-3440,CUST-13440,Postpaid Corporate,Postpaid,2024-09-23,Active,Referral,585,,
SUB-3441,CUST-13441,Prepaid Saver 30D,Prepaid,2022-11-03,Active,Agent,1347,,
SUB-3442,CUST-13442,Student Special 4G,Prepaid,2024-05-26,Active,Agent,438,,
SUB-3443,CUST-13443,Family Bundle,Postpaid,2020-10-14,Active,Retail,715,,
SUB-3444,CUST-13444,Unlimited Data Max,Prepaid,2025-12-17,Active,Online,1102,,
SUB-3445,CUST-13445,Postpaid Corporate,Postpaid,2022-04-07,Active,Online,1041,,
SUB-3446,CUST-13446,Unlimited Data Max,Prepaid,2022-11-03,Active,Agent,917,,
SUB-3447,CUST-13447,Prepaid Saver 30D,Prepaid,2021-03-13,Active,Retail,782,,
SUB-3448,CUST-13448,Prepaid Saver 30D,Prepaid,2021-09-09,Active,Online,655,,
SUB-3449,CUST-13449,Postpaid Corporate,Postpaid,2021-03-13,Churned,Online,1486,2025-04-24,Voluntary
SUB-3450,CUST-13450,Prepaid Saver 30D,Prepaid,2021-10-09,Active,Referral,1011,,
SUB-3451,CUST-13451,Prepaid Saver 30D,Prepaid,2025-02-20,Active,Retail,363,,
SUB-3452,CUST-13452,Unlimited Data Max,Prepaid,2023-11-28,Active,Online,395,,
SUB-3453,CUST-13453,Unlimited Data Max,Prepaid,2022-06-06,Active,Online,1000,,
SUB-3454,CUST-13454,Unlimited Data Max,Prepaid,2020-08-15,Active,Retail,374,,
SUB-3455,CUST-13455,Prepaid Saver 30D,Prepaid,2021-05-12,Active,Agent,1266,,
SUB-3456,CUST-13456,Student Special 4G,Prepaid,2022-08-05,Active,Online,1020,,
SUB-3457,CUST-13457,Prepaid Saver 30D,Prepaid,2025-10-18,Active,Referral,988,,
SUB-3458,CUST-13458,Family Bundle,Postpaid,2023-12-28,Active,Referral,498,,
SUB-3459,CUST-13459,Unlimited Data Max,Prepaid,2022-08-05,Active,Agent,484,,
SUB-3460,CUST-13460,Prepaid Saver 30D,Prepaid,2021-12-08,Active,Referral,380,,
SUB-3461,CUST-13461,Unlimited Data Max,Prepaid,2024-10-23,Active,Agent,815,,
SUB-3462,CUST-13462,Unlimited Data Max,Prepaid,2023-08-30,Active,Retail,789,,
SUB-3463,CUST-13463,Postpaid Corporate,Postpaid,2021-08-10,Active,Referral,1060,,
SUB-3464,CUST-13464,Prepaid Saver 30D,Prepaid,2021-07-11,Active,Retail,672,,
SUB-3465,CUST-13465,Prepaid Saver 30D,Prepaid,2025-02-20,Active,Online,321,,
SUB-3466,CUST-13466,Prepaid Saver 30D,Prepaid,2024-11-22,Active,Online,1068,,
SUB-3467,CUST-13467,Student Special 4G,Prepaid,2024-03-27,Active,Online,1147,,
SUB-3468,CUST-13468,Prepaid Saver 30D,Prepaid,2022-09-04,Active,Retail,966,,
SUB-3469,CUST-13469,Unlimited Data Max,Prepaid,2022-06-06,Active,Referral,918,,
SUB-3470,CUST-13470,Prepaid Saver 30D,Prepaid,2022-01-07,Active,Retail,990,,
SUB-3471,CUST-13471,Prepaid Saver 30D,Prepaid,2023-03-03,Active,Online,487,,
SUB-3472,CUST-13472,Family Bundle,Postpaid,2021-01-12,Active,Retail,1319,,
SUB-3473,CUST-13473,Unlimited Data Max,Prepaid,2025-09-18,Active,Agent,1472,,
SUB-3474,CUST-13474,Prepaid Saver 30D,Prepaid,2023-05-02,Active,Online,376,,
SUB-3475,CUST-13475,Prepaid Saver 30D,Prepaid,2025-02-20,Active,Online,976,,
SUB-3476,CUST-13476,Family Bundle,Postpaid,2023-04-02,Active,Online,355,,
SUB-3477,CUST-13477,Unlimited Data Max,Prepaid,2021-04-12,Active,Referral,1486,,
SUB-3478,CUST-13478,Student Special 4G,Prepaid,2021-04-12,Active,Referral,458,,
SUB-3479,CUST-13479,Postpaid Corporate,Postpaid,2020-08-15,Active,Referral,566,,
SUB-3480,CUST-13480,Prepaid Saver 30D,Prepaid,2023-07-31,Active,Agent,344,,
SUB-3481,CUST-13481,Student Special 4G,Prepaid,2022-05-07,Active,Referral,588,,
SUB-3482,CUST-13482,Prepaid Saver 30D,Prepaid,2023-08-30,Active,Agent,839,,
SUB-3483,CUST-13483,Unlimited Data Max,Prepaid,2026-05-16,Active,Retail,1470,,
SUB-3484,CUST-13484,Prepaid Saver 30D,Prepaid,2024-09-23,Active,Agent,688,,
SUB-3485,CUST-13485,Prepaid Saver 30D,Prepaid,2022-02-06,Active,Referral,671,,
SUB-3486,CUST-13486,Prepaid Saver 30D,Prepaid,2026-02-15,Churned,Referral,343,2026-04-06,Voluntary
SUB-3487,CUST-13487,Postpaid Corporate,Postpaid,2022-09-04,Active,Agent,1163,,
SUB-3488,CUST-13488,Postpaid Corporate,Postpaid,2023-09-29,Churned,Retail,1261,2025-06-30,Voluntary
SUB-3489,CUST-13489,Student Special 4G,Prepaid,2023-12-28,Active,Retail,1238,,
SUB-3490,CUST-13490,Prepaid Saver 30D,Prepaid,2022-02-06,Active,Retail,417,,
SUB-3491,CUST-13491,Prepaid Saver 30D,Prepaid,2025-01-21,Active,Referral,619,,
SUB-3492,CUST-13492,Unlimited Data Max,Prepaid,2024-11-22,Active,Online,1482,,
SUB-3493,CUST-13493,Student Special 4G,Prepaid,2025-06-20,Active,Retail,1120,,
SUB-3494,CUST-13494,Unlimited Data Max,Prepaid,2025-10-18,Churned,Referral,334,2026-05-12,Voluntary
SUB-3495,CUST-13495,Prepaid Saver 30D,Prepaid,2025-12-17,Active,Agent,328,,
SUB-3496,CUST-13496,Postpaid Corporate,Postpaid,2025-10-18,Churned,Referral,880,2026-05-06,Voluntary
SUB-3497,CUST-13497,Student Special 4G,Prepaid,2022-09-04,Active,Referral,1175,,
SUB-3498,CUST-13498,Unlimited Data Max,Prepaid,2024-08-24,Churned,Retail,1056,2025-08-16,Involuntary
SUB-3499,CUST-13499,Postpaid Corporate,Postpaid,2024-06-25,Churned,Online,465,2025-12-23,Voluntary
SUB-3500,CUST-13500,Unlimited Data Max,Prepaid,2022-01-07,Active,Referral,1029,,
SUB-3501,CUST-13501,Student Special 4G,Prepaid,2023-06-01,Churned,Retail,1360,2025-09-22,Voluntary
SUB-3502,CUST-13502,Postpaid Corporate,Postpaid,2025-12-17,Active,Retail,1413,,
SUB-3503,CUST-13503,Postpaid Corporate,Postpaid,2023-05-02,Active,Referral,339,,
SUB-3504,CUST-13504,Unlimited Data Max,Prepaid,2022-08-05,Active,Online,1240,,
SUB-3505,CUST-13505,Prepaid Saver 30D,Prepaid,2022-11-03,Active,Agent,741,,
SUB-3506,CUST-13506,Unlimited Data Max,Prepaid,2021-05-12,Active,Referral,1126,,
SUB-3507,CUST-13507,Prepaid Saver 30D,Prepaid,2022-12-03,Active,Online,353,,
SUB-3508,CUST-13508,Family Bundle,Postpaid,2021-09-09,Active,Online,414,,
SUB-3509,CUST-13509,Unlimited Data Max,Prepaid,2023-06-01,Churned,Retail,338,2025-09-08,Voluntary
SUB-3510,CUST-13510,Prepaid Saver 30D,Prepaid,2022-09-04,Churned,Online,1041,2025-08-29,Voluntary
SUB-3511,CUST-13511,Unlimited Data Max,Prepaid,2025-06-20,Active,Online,1414,,
SUB-3512,CUST-13512,Prepaid Saver 30D,Prepaid,2020-08-15,Active,Referral,1197,,
SUB-3513,CUST-13513,Prepaid Saver 30D,Prepaid,2026-04-16,Active,Online,1088,,
SUB-3514,CUST-13514,Prepaid Saver 30D,Prepaid,2020-10-14,Active,Agent,410,,
SUB-3515,CUST-13515,Postpaid Corporate,Postpaid,2023-02-01,Active,Online,420,,
SUB-3516,CUST-13516,Family Bundle,Postpaid,2024-06-25,Active,Retail,1153,,
SUB-3517,CUST-13517,Student Special 4G,Prepaid,2023-11-28,Active,Retail,1422,,
SUB-3518,CUST-13518,Family Bundle,Postpaid,2025-12-17,Active,Agent,365,,
SUB-3519,CUST-13519,Unlimited Data Max,Prepaid,2023-12-28,Active,Retail,405,,
SUB-3520,CUST-13520,Family Bundle,Postpaid,2025-12-17,Active,Retail,640,,
SUB-3521,CUST-13521,Prepaid Saver 30D,Prepaid,2023-11-28,Active,Agent,951,,
SUB-3522,CUST-13522,Unlimited Data Max,Prepaid,2025-08-19,Active,Online,785,,
SUB-3523,CUST-13523,Prepaid Saver 30D,Prepaid,2025-09-18,Active,Referral,1386,,
SUB-3524,CUST-13524,Unlimited Data Max,Prepaid,2022-04-07,Active,Agent,679,,
SUB-3525,CUST-13525,Student Special 4G,Prepaid,2025-05-21,Active,Retail,692,,
SUB-3526,CUST-13526,Unlimited Data Max,Prepaid,2024-06-25,Active,Referral,541,,
SUB-3527,CUST-13527,Prepaid Saver 30D,Prepaid,2022-07-06,Churned,Online,746,2025-12-06,Involuntary
SUB-3528,CUST-13528,Prepaid Saver 30D,Prepaid,2023-07-01,Active,Online,445,,
SUB-3529,CUST-13529,Unlimited Data Max,Prepaid,2023-06-01,Active,Retail,774,,
SUB-3530,CUST-13530,Student Special 4G,Prepaid,2023-10-29,Active,Referral,1115,,
SUB-3531,CUST-13531,Prepaid Saver 30D,Prepaid,2022-11-03,Active,Agent,863,,
SUB-3532,CUST-13532,Prepaid Saver 30D,Prepaid,2022-08-05,Churned,Agent,491,2026-01-31,Voluntary
SUB-3533,CUST-13533,Postpaid Corporate,Postpaid,2025-08-19,Active,Online,924,,
SUB-3534,CUST-13534,Student Special 4G,Prepaid,2020-10-14,Active,Online,572,,
SUB-3535,CUST-13535,Prepaid Saver 30D,Prepaid,2021-09-09,Churned,Agent,1467,2026-01-17,Voluntary
SUB-3536,CUST-13536,Unlimited Data Max,Prepaid,2023-11-28,Active,Retail,978,,
SUB-3537,CUST-13537,Family Bundle,Postpaid,2024-03-27,Active,Online,1015,,
SUB-3538,CUST-13538,Prepaid Saver 30D,Prepaid,2022-03-08,Active,Retail,1314,,
SUB-3539,CUST-13539,Unlimited Data Max,Prepaid,2022-11-03,Active,Agent,598,,
SUB-3540,CUST-13540,Unlimited Data Max,Prepaid,2021-09-09,Churned,Referral,1290,2026-04-01,Involuntary
SUB-3541,CUST-13541,Unlimited Data Max,Prepaid,2023-08-30,Active,Retail,391,,
SUB-3542,CUST-13542,Family Bundle,Postpaid,2023-10-29,Active,Retail,368,,
SUB-3543,CUST-13543,Family Bundle,Postpaid,2023-08-30,Active,Agent,656,,
SUB-3544,CUST-13544,Prepaid Saver 30D,Prepaid,2024-09-23,Active,Online,340,,
SUB-3545,CUST-13545,Postpaid Corporate,Postpaid,2021-11-08,Active,Online,1136,,
SUB-3546,CUST-13546,Student Special 4G,Prepaid,2021-10-09,Active,Referral,638,,
SUB-3547,CUST-13547,Prepaid Saver 30D,Prepaid,2025-10-18,Active,Online,1486,,
SUB-3548,CUST-13548,Postpaid Corporate,Postpaid,2025-11-17,Active,Retail,1467,,
SUB-3549,CUST-13549,Family Bundle,Postpaid,2025-12-17,Active,Online,934,,
SUB-3550,CUST-13550,Unlimited Data Max,Prepaid,2024-06-25,Active,Online,1187,,
SUB-3551,CUST-13551,Unlimited Data Max,Prepaid,2025-10-18,Active,Agent,1351,,
SUB-3552,CUST-13552,Student Special 4G,Prepaid,2023-02-01,Active,Retail,861,,
SUB-3553,CUST-13553,Postpaid Corporate,Postpaid,2020-08-15,Active,Retail,1130,,
SUB-3554,CUST-13554,Unlimited Data Max,Prepaid,2022-04-07,Active,Agent,793,,
SUB-3555,CUST-13555,Prepaid Saver 30D,Prepaid,2021-01-12,Active,Referral,758,,
SUB-3556,CUST-13556,Postpaid Corporate,Postpaid,2025-07-20,Active,Online,1057,,
SUB-3557,CUST-13557,Prepaid Saver 30D,Prepaid,2022-05-07,Active,Referral,1280,,
SUB-3558,CUST-13558,Student Special 4G,Prepaid,2022-03-08,Active,Agent,1313,,
SUB-3559,CUST-13559,Student Special 4G,Prepaid,2023-10-29,Churned,Online,523,2026-01-29,Voluntary
SUB-3560,CUST-13560,Prepaid Saver 30D,Prepaid,2022-02-06,Active,Agent,1428,,
SUB-3561,CUST-13561,Postpaid Corporate,Postpaid,2025-11-17,Churned,Retail,322,2026-04-17,Involuntary
SUB-3562,CUST-13562,Postpaid Corporate,Postpaid,2022-11-03,Active,Agent,940,,
SUB-3563,CUST-13563,Unlimited Data Max,Prepaid,2021-08-10,Active,Agent,862,,
SUB-3564,CUST-13564,Prepaid Saver 30D,Prepaid,2024-02-26,Churned,Online,1464,2025-04-06,Voluntary
SUB-3565,CUST-13565,Prepaid Saver 30D,Prepaid,2025-04-21,Active,Retail,340,,
SUB-3566,CUST-13566,Student Special 4G,Prepaid,2026-05-16,Active,Retail,489,,
SUB-3567,CUST-13567,Student Special 4G,Prepaid,2024-10-23,Active,Agent,881,,
SUB-3568,CUST-13568,Unlimited Data Max,Prepaid,2021-08-10,Active,Retail,1408,,
SUB-3569,CUST-13569,Student Special 4G,Prepaid,2021-07-11,Active,Online,747,,
SUB-3570,CUST-13570,Postpaid Corporate,Postpaid,2022-11-03,Active,Agent,506,,
SUB-3571,CUST-13571,Unlimited Data Max,Prepaid,2024-11-22,Active,Agent,476,,
SUB-3572,CUST-13572,Prepaid Saver 30D,Prepaid,2024-11-22,Churned,Online,956,2025-09-12,Voluntary
SUB-3573,CUST-13573,Student Special 4G,Prepaid,2021-07-11,Active,Referral,399,,
SUB-3574,CUST-13574,Prepaid Saver 30D,Prepaid,2023-01-02,Active,Retail,1388,,
SUB-3575,CUST-13575,Postpaid Corporate,Postpaid,2021-11-08,Active,Referral,1364,,
SUB-3576,CUST-13576,Prepaid Saver 30D,Prepaid,2024-03-27,Active,Online,892,,
SUB-3577,CUST-13577,Prepaid Saver 30D,Prepaid,2021-07-11,Churned,Referral,752,2025-07-17,Voluntary
SUB-3578,CUST-13578,Prepaid Saver 30D,Prepaid,2023-08-30,Active,Agent,775,,
SUB-3579,CUST-13579,Prepaid Saver 30D,Prepaid,2022-07-06,Active,Online,583,,
SUB-3580,CUST-13580,Family Bundle,Postpaid,2021-06-11,Active,Agent,559,,
SUB-3581,CUST-13581,Prepaid Saver 30D,Prepaid,2024-04-26,Active,Agent,1418,,
SUB-3582,CUST-13582,Unlimited Data Max,Prepaid,2021-11-08,Active,Online,1460,,
SUB-3583,CUST-13583,Prepaid Saver 30D,Prepaid,2022-08-05,Churned,Retail,1312,2025-08-25,Voluntary
SUB-3584,CUST-13584,Postpaid Corporate,Postpaid,2023-07-01,Active,Agent,1426,,
SUB-3585,CUST-13585,Prepaid Saver 30D,Prepaid,2021-08-10,Active,Referral,910,,
SUB-3586,CUST-13586,Postpaid Corporate,Postpaid,2023-10-29,Active,Referral,818,,
SUB-3587,CUST-13587,Unlimited Data Max,Prepaid,2022-01-07,Active,Retail,1142,,
SUB-3588,CUST-13588,Prepaid Saver 30D,Prepaid,2025-12-17,Active,Agent,444,,
SUB-3589,CUST-13589,Student Special 4G,Prepaid,2021-05-12,Active,Referral,412,,
SUB-3590,CUST-13590,Prepaid Saver 30D,Prepaid,2020-10-14,Active,Retail,1080,,
SUB-3591,CUST-13591,Postpaid Corporate,Postpaid,2020-09-14,Active,Online,440,,
SUB-3592,CUST-13592,Postpaid Corporate,Postpaid,2021-07-11,Active,Referral,903,,
SUB-3593,CUST-13593,Postpaid Corporate,Postpaid,2022-05-07,Active,Agent,611,,
SUB-3594,CUST-13594,Prepaid Saver 30D,Prepaid,2022-02-06,Active,Agent,803,,
SUB-3595,CUST-13595,Postpaid Corporate,Postpaid,2021-01-12,Active,Online,1431,,
SUB-3596,CUST-13596,Prepaid Saver 30D,Prepaid,2022-03-08,Active,Retail,366,,
SUB-3597,CUST-13597,Prepaid Saver 30D,Prepaid,2024-10-23,Active,Online,341,,
SUB-3598,CUST-13598,Prepaid Saver 30D,Prepaid,2025-06-20,Active,Agent,1300,,
SUB-3599,CUST-13599,Prepaid Saver 30D,Prepaid,2020-09-14,Active,Referral,542,,
SUB-3600,CUST-13600,Unlimited Data Max,Prepaid,2025-08-19,Active,Online,1063,,
SUB-3601,CUST-13601,Postpaid Corporate,Postpaid,2021-02-11,Active,Retail,1058,,
SUB-3602,CUST-13602,Prepaid Saver 30D,Prepaid,2020-12-13,Active,Agent,1293,,
SUB-3603,CUST-13603,Unlimited Data Max,Prepaid,2026-03-17,Active,Retail,615,,
SUB-3604,CUST-13604,Prepaid Saver 30D,Prepaid,2021-09-09,Active,Agent,389,,
SUB-3605,CUST-13605,Postpaid Corporate,Postpaid,2023-01-02,Active,Referral,1331,,
SUB-3606,CUST-13606,Prepaid Saver 30D,Prepaid,2024-02-26,Active,Referral,353,,
SUB-3607,CUST-13607,Postpaid Corporate,Postpaid,2023-07-01,Active,Retail,434,,
SUB-3608,CUST-13608,Prepaid Saver 30D,Prepaid,2023-11-28,Churned,Agent,823,2025-07-26,Voluntary
SUB-3609,CUST-13609,Student Special 4G,Prepaid,2021-09-09,Active,Online,1364,,
SUB-3610,CUST-13610,Unlimited Data Max,Prepaid,2023-12-28,Churned,Referral,1347,2025-04-16,Involuntary
SUB-3611,CUST-13611,Postpaid Corporate,Postpaid,2025-09-18,Churned,Referral,682,2025-10-29,Voluntary
SUB-3612,CUST-13612,Prepaid Saver 30D,Prepaid,2024-01-27,Churned,Referral,1288,2026-05-27,Voluntary
SUB-3613,CUST-13613,Prepaid Saver 30D,Prepaid,2023-05-02,Active,Referral,374,,
SUB-3614,CUST-13614,Family Bundle,Postpaid,2023-10-29,Active,Retail,1176,,
SUB-3615,CUST-13615,Student Special 4G,Prepaid,2023-07-01,Active,Online,514,,
SUB-3616,CUST-13616,Unlimited Data Max,Prepaid,2020-08-15,Active,Online,307,,
SUB-3617,CUST-13617,Unlimited Data Max,Prepaid,2024-01-27,Active,Agent,902,,
SUB-3618,CUST-13618,Student Special 4G,Prepaid,2021-08-10,Churned,Online,1493,2026-04-11,Voluntary
SUB-3619,CUST-13619,Unlimited Data Max,Prepaid,2020-08-15,Active,Agent,321,,
SUB-3620,CUST-13620,Family Bundle,Postpaid,2021-08-10,Active,Retail,449,,
SUB-3621,CUST-13621,Prepaid Saver 30D,Prepaid,2023-04-02,Active,Agent,300,,
SUB-3622,CUST-13622,Prepaid Saver 30D,Prepaid,2020-08-15,Active,Retail,1456,,
SUB-3623,CUST-13623,Unlimited Data Max,Prepaid,2023-12-28,Churned,Online,1240,2025-12-11,Involuntary
SUB-3624,CUST-13624,Prepaid Saver 30D,Prepaid,2024-10-23,Active,Online,1243,,
SUB-3625,CUST-13625,Unlimited Data Max,Prepaid,2021-06-11,Active,Online,981,,
SUB-3626,CUST-13626,Prepaid Saver 30D,Prepaid,2021-01-12,Active,Online,733,,
SUB-3627,CUST-13627,Family Bundle,Postpaid,2025-08-19,Active,Retail,684,,
SUB-3628,CUST-13628,Prepaid Saver 30D,Prepaid,2024-07-25,Active,Retail,614,,
SUB-3629,CUST-13629,Postpaid Corporate,Postpaid,2024-09-23,Active,Agent,1470,,
SUB-3630,CUST-13630,Unlimited Data Max,Prepaid,2021-08-10,Active,Online,1343,,
SUB-3631,CUST-13631,Postpaid Corporate,Postpaid,2024-10-23,Active,Agent,555,,
SUB-3632,CUST-13632,Prepaid Saver 30D,Prepaid,2022-07-06,Active,Agent,373,,
SUB-3633,CUST-13633,Postpaid Corporate,Postpaid,2020-12-13,Active,Referral,649,,
SUB-3634,CUST-13634,Student Special 4G,Prepaid,2021-02-11,Active,Retail,527,,
SUB-3635,CUST-13635,Student Special 4G,Prepaid,2021-04-12,Active,Online,562,,
SUB-3636,CUST-13636,Family Bundle,Postpaid,2023-05-02,Active,Referral,1125,,
SUB-3637,CUST-13637,Unlimited Data Max,Prepaid,2022-11-03,Active,Online,1247,,
SUB-3638,CUST-13638,Unlimited Data Max,Prepaid,2022-03-08,Active,Online,976,,
SUB-3639,CUST-13639,Unlimited Data Max,Prepaid,2024-07-25,Active,Referral,577,,
SUB-3640,CUST-13640,Postpaid Corporate,Postpaid,2023-07-01,Active,Agent,468,,
SUB-3641,CUST-13641,Unlimited Data Max,Prepaid,2023-08-30,Active,Retail,1117,,
SUB-3642,CUST-13642,Student Special 4G,Prepaid,2021-10-09,Active,Retail,804,,
SUB-3643,CUST-13643,Family Bundle,Postpaid,2023-02-01,Active,Retail,1161,,
SUB-3644,CUST-13644,Unlimited Data Max,Prepaid,2023-10-29,Churned,Referral,1422,2025-01-05,Involuntary
SUB-3645,CUST-13645,Prepaid Saver 30D,Prepaid,2023-04-02,Active,Referral,1354,,
SUB-3646,CUST-13646,Prepaid Saver 30D,Prepaid,2025-05-21,Churned,Online,1485,2025-07-22,Involuntary
SUB-3647,CUST-13647,Prepaid Saver 30D,Prepaid,2024-11-22,Active,Retail,745,,
SUB-3648,CUST-13648,Prepaid Saver 30D,Prepaid,2021-10-09,Active,Retail,1278,,
SUB-3649,CUST-13649,Unlimited Data Max,Prepaid,2025-08-19,Active,Agent,1066,,
SUB-3650,CUST-13650,Student Special 4G,Prepaid,2022-06-06,Active,Agent,754,,
SUB-3651,CUST-13651,Postpaid Corporate,Postpaid,2021-02-11,Churned,Agent,1282,2025-09-25,Voluntary
SUB-3652,CUST-13652,Unlimited Data Max,Prepaid,2022-06-06,Active,Online,1207,,
SUB-3653,CUST-13653,Unlimited Data Max,Prepaid,2022-09-04,Active,Retail,536,,
SUB-3654,CUST-13654,Student Special 4G,Prepaid,2022-04-07,Active,Agent,705,,
SUB-3655,CUST-13655,Unlimited Data Max,Prepaid,2025-07-20,Active,Online,374,,
SUB-3656,CUST-13656,Student Special 4G,Prepaid,2025-08-19,Active,Referral,587,,
SUB-3657,CUST-13657,Prepaid Saver 30D,Prepaid,2020-08-15,Churned,Agent,1052,2025-03-17,Voluntary
SUB-3658,CUST-13658,Family Bundle,Postpaid,2023-11-28,Active,Online,1255,,
SUB-3659,CUST-13659,Student Special 4G,Prepaid,2023-12-28,Active,Referral,1466,,
SUB-3660,CUST-13660,Student Special 4G,Prepaid,2025-06-20,Active,Referral,922,,
SUB-3661,CUST-13661,Postpaid Corporate,Postpaid,2022-02-06,Active,Agent,374,,
SUB-3662,CUST-13662,Prepaid Saver 30D,Prepaid,2026-03-17,Active,Retail,1169,,
SUB-3663,CUST-13663,Unlimited Data Max,Prepaid,2025-05-21,Active,Referral,1231,,
SUB-3664,CUST-13664,Postpaid Corporate,Postpaid,2025-02-20,Active,Online,418,,
SUB-3665,CUST-13665,Prepaid Saver 30D,Prepaid,2020-12-13,Active,Referral,365,,
SUB-3666,CUST-13666,Prepaid Saver 30D,Prepaid,2020-11-13,Churned,Retail,756,2025-12-29,Involuntary
SUB-3667,CUST-13667,Prepaid Saver 30D,Prepaid,2025-12-17,Active,Agent,1001,,
SUB-3668,CUST-13668,Unlimited Data Max,Prepaid,2025-08-19,Active,Agent,437,,
SUB-3669,CUST-13669,Prepaid Saver 30D,Prepaid,2020-11-13,Active,Agent,376,,
SUB-3670,CUST-13670,Unlimited Data Max,Prepaid,2022-09-04,Active,Agent,1177,,
SUB-3671,CUST-13671,Prepaid Saver 30D,Prepaid,2022-03-08,Active,Referral,1334,,
SUB-3672,CUST-13672,Prepaid Saver 30D,Prepaid,2023-02-01,Active,Agent,1152,,
SUB-3673,CUST-13673,Student Special 4G,Prepaid,2025-01-21,Active,Agent,1091,,
SUB-3674,CUST-13674,Prepaid Saver 30D,Prepaid,2022-03-08,Active,Agent,404,,
SUB-3675,CUST-13675,Family Bundle,Postpaid,2025-05-21,Active,Referral,471,,
SUB-3676,CUST-13676,Family Bundle,Postpaid,2026-03-17,Active,Agent,361,,
SUB-3677,CUST-13677,Unlimited Data Max,Prepaid,2021-07-11,Active,Agent,772,,
SUB-3678,CUST-13678,Prepaid Saver 30D,Prepaid,2024-03-27,Active,Retail,564,,
SUB-3679,CUST-13679,Prepaid Saver 30D,Prepaid,2026-03-17,Churned,Online,661,2026-03-31,Voluntary
SUB-3680,CUST-13680,Student Special 4G,Prepaid,2023-11-28,Active,Referral,889,,
SUB-3681,CUST-13681,Prepaid Saver 30D,Prepaid,2025-09-18,Active,Agent,514,,
SUB-3682,CUST-13682,Unlimited Data Max,Prepaid,2023-08-30,Active,Referral,332,,
SUB-3683,CUST-13683,Unlimited Data Max,Prepaid,2022-07-06,Active,Referral,585,,
SUB-3684,CUST-13684,Postpaid Corporate,Postpaid,2024-05-26,Active,Referral,756,,
SUB-3685,CUST-13685,Unlimited Data Max,Prepaid,2025-12-17,Active,Online,553,,
SUB-3686,CUST-13686,Prepaid Saver 30D,Prepaid,2021-03-13,Active,Agent,897,,
SUB-3687,CUST-13687,Student Special 4G,Prepaid,2023-04-02,Active,Referral,863,,
SUB-3688,CUST-13688,Unlimited Data Max,Prepaid,2026-04-16,Churned,Retail,707,2026-05-16,Voluntary
SUB-3689,CUST-13689,Postpaid Corporate,Postpaid,2023-02-01,Churned,Referral,1187,2025-06-05,Voluntary
SUB-3690,CUST-13690,Postpaid Corporate,Postpaid,2021-01-12,Active,Agent,683,,
SUB-3691,CUST-13691,Prepaid Saver 30D,Prepaid,2026-04-16,Active,Online,1486,,
SUB-3692,CUST-13692,Unlimited Data Max,Prepaid,2021-11-08,Active,Agent,928,,
SUB-3693,CUST-13693,Unlimited Data Max,Prepaid,2024-03-27,Active,Online,1220,,
SUB-3694,CUST-13694,Family Bundle,Postpaid,2022-04-07,Active,Referral,748,,
SUB-3695,CUST-13695,Postpaid Corporate,Postpaid,2026-03-17,Churned,Retail,354,2026-04-15,Voluntary
SUB-3696,CUST-13696,Prepaid Saver 30D,Prepaid,2021-02-11,Active,Agent,620,,
SUB-3697,CUST-13697,Student Special 4G,Prepaid,2020-10-14,Active,Retail,1344,,
SUB-3698,CUST-13698,Unlimited Data Max,Prepaid,2023-03-03,Active,Referral,1370,,
SUB-3699,CUST-13699,Unlimited Data Max,Prepaid,2025-02-20,Churned,Retail,536,2025-07-02,Involuntary
SUB-3700,CUST-13700,Unlimited Data Max,Prepaid,2025-07-20,Active,Agent,868,,
SUB-3701,CUST-13701,Student Special 4G,Prepaid,2022-06-06,Active,Referral,1061,,
SUB-3702,CUST-13702,Prepaid Saver 30D,Prepaid,2021-10-09,Churned,Referral,1264,2025-03-22,Voluntary
SUB-3703,CUST-13703,Postpaid Corporate,Postpaid,2022-07-06,Active,Online,803,,
SUB-3704,CUST-13704,Unlimited Data Max,Prepaid,2023-07-01,Active,Online,852,,
SUB-3705,CUST-13705,Student Special 4G,Prepaid,2021-12-08,Churned,Online,1333,2026-05-07,Voluntary
SUB-3706,CUST-13706,Student Special 4G,Prepaid,2022-02-06,Active,Referral,1258,,
SUB-3707,CUST-13707,Prepaid Saver 30D,Prepaid,2024-06-25,Active,Agent,635,,
SUB-3708,CUST-13708,Unlimited Data Max,Prepaid,2021-11-08,Active,Referral,594,,
SUB-3709,CUST-13709,Postpaid Corporate,Postpaid,2025-04-21,Active,Referral,819,,
SUB-3710,CUST-13710,Prepaid Saver 30D,Prepaid,2021-08-10,Active,Retail,550,,
SUB-3711,CUST-13711,Unlimited Data Max,Prepaid,2023-05-02,Active,Referral,545,,
SUB-3712,CUST-13712,Postpaid Corporate,Postpaid,2022-01-07,Active,Online,877,,
SUB-3713,CUST-13713,Prepaid Saver 30D,Prepaid,2022-05-07,Active,Retail,716,,
SUB-3714,CUST-13714,Student Special 4G,Prepaid,2025-11-17,Active,Referral,1038,,
SUB-3715,CUST-13715,Prepaid Saver 30D,Prepaid,2022-01-07,Active,Agent,1241,,
SUB-3716,CUST-13716,Unlimited Data Max,Prepaid,2021-11-08,Active,Online,478,,
SUB-3717,CUST-13717,Postpaid Corporate,Postpaid,2026-02-15,Active,Online,1142,,
SUB-3718,CUST-13718,Postpaid Corporate,Postpaid,2025-01-21,Active,Agent,1048,,
SUB-3719,CUST-13719,Prepaid Saver 30D,Prepaid,2022-01-07,Active,Referral,627,,
SUB-3720,CUST-13720,Prepaid Saver 30D,Prepaid,2024-04-26,Active,Agent,636,,
SUB-3721,CUST-13721,Unlimited Data Max,Prepaid,2025-10-18,Active,Online,707,,
SUB-3722,CUST-13722,Prepaid Saver 30D,Prepaid,2021-06-11,Active,Agent,568,,
SUB-3723,CUST-13723,Family Bundle,Postpaid,2023-05-02,Churned,Referral,394,2025-08-13,Voluntary
SUB-3724,CUST-13724,Unlimited Data Max,Prepaid,2024-02-26,Churned,Online,571,2026-03-22,Involuntary
SUB-3725,CUST-13725,Prepaid Saver 30D,Prepaid,2023-03-03,Active,Agent,979,,
SUB-3726,CUST-13726,Unlimited Data Max,Prepaid,2024-01-27,Active,Retail,446,,
SUB-3727,CUST-13727,Prepaid Saver 30D,Prepaid,2025-08-19,Active,Retail,1010,,
SUB-3728,CUST-13728,Student Special 4G,Prepaid,2023-03-03,Active,Online,1484,,
SUB-3729,CUST-13729,Prepaid Saver 30D,Prepaid,2020-10-14,Churned,Online,1372,2025-03-23,Voluntary
SUB-3730,CUST-13730,Unlimited Data Max,Prepaid,2020-11-13,Active,Referral,583,,
SUB-3731,CUST-13731,Prepaid Saver 30D,Prepaid,2022-09-04,Active,Retail,808,,
SUB-3732,CUST-13732,Unlimited Data Max,Prepaid,2025-06-20,Active,Agent,860,,
SUB-3733,CUST-13733,Prepaid Saver 30D,Prepaid,2025-02-20,Active,Retail,1284,,
SUB-3734,CUST-13734,Student Special 4G,Prepaid,2024-07-25,Active,Online,344,,
SUB-3735,CUST-13735,Prepaid Saver 30D,Prepaid,2026-02-15,Active,Referral,381,,
SUB-3736,CUST-13736,Prepaid Saver 30D,Prepaid,2025-08-19,Active,Referral,1410,,
SUB-3737,CUST-13737,Prepaid Saver 30D,Prepaid,2021-11-08,Active,Referral,354,,
SUB-3738,CUST-13738,Student Special 4G,Prepaid,2023-11-28,Active,Agent,1137,,
SUB-3739,CUST-13739,Unlimited Data Max,Prepaid,2021-07-11,Active,Agent,934,,
SUB-3740,CUST-13740,Prepaid Saver 30D,Prepaid,2026-01-16,Active,Online,946,,
SUB-3741,CUST-13741,Unlimited Data Max,Prepaid,2025-11-17,Active,Referral,1405,,
SUB-3742,CUST-13742,Unlimited Data Max,Prepaid,2022-06-06,Churned,Online,456,2025-02-25,Voluntary
SUB-3743,CUST-13743,Unlimited Data Max,Prepaid,2024-11-22,Active,Online,1280,,
SUB-3744,CUST-13744,Postpaid Corporate,Postpaid,2025-01-21,Churned,Online,1059,2026-01-08,Voluntary
SUB-3745,CUST-13745,Unlimited Data Max,Prepaid,2022-09-04,Churned,Retail,690,2025-03-07,Involuntary
SUB-3746,CUST-13746,Family Bundle,Postpaid,2021-02-11,Churned,Referral,1232,2026-01-17,Voluntary
SUB-3747,CUST-13747,Prepaid Saver 30D,Prepaid,2023-12-28,Active,Online,955,,
SUB-3748,CUST-13748,Student Special 4G,Prepaid,2021-12-08,Active,Retail,1240,,
SUB-3749,CUST-13749,Unlimited Data Max,Prepaid,2024-05-26,Active,Online,756,,
SUB-3750,CUST-13750,Prepaid Saver 30D,Prepaid,2021-07-11,Active,Referral,652,,
SUB-3751,CUST-13751,Postpaid Corporate,Postpaid,2023-11-28,Active,Retail,1309,,
SUB-3752,CUST-13752,Prepaid Saver 30D,Prepaid,2025-07-20,Active,Online,840,,
SUB-3753,CUST-13753,Prepaid Saver 30D,Prepaid,2023-07-01,Active,Agent,331,,
SUB-3754,CUST-13754,Student Special 4G,Prepaid,2024-09-23,Active,Online,407,,
SUB-3755,CUST-13755,Postpaid Corporate,Postpaid,2025-04-21,Active,Agent,351,,
SUB-3756,CUST-13756,Student Special 4G,Prepaid,2025-04-21,Active,Online,425,,
SUB-3757,CUST-13757,Unlimited Data Max,Prepaid,2024-02-26,Active,Agent,719,,
SUB-3758,CUST-13758,Postpaid Corporate,Postpaid,2026-05-16,Active,Agent,331,,
SUB-3759,CUST-13759,Postpaid Corporate,Postpaid,2026-01-16,Active,Retail,405,,
SUB-3760,CUST-13760,Postpaid Corporate,Postpaid,2023-01-02,Active,Agent,397,,
SUB-3761,CUST-13761,Prepaid Saver 30D,Prepaid,2026-05-16,Active,Agent,1484,,
SUB-3762,CUST-13762,Postpaid Corporate,Postpaid,2021-12-08,Active,Agent,1407,,
SUB-3763,CUST-13763,Student Special 4G,Prepaid,2020-09-14,Active,Retail,637,,
SUB-3764,CUST-13764,Unlimited Data Max,Prepaid,2025-04-21,Active,Referral,1045,,
SUB-3765,CUST-13765,Unlimited Data Max,Prepaid,2026-02-15,Active,Online,433,,
SUB-3766,CUST-13766,Unlimited Data Max,Prepaid,2025-03-22,Active,Retail,901,,
SUB-3767,CUST-13767,Unlimited Data Max,Prepaid,2026-02-15,Active,Agent,466,,
SUB-3768,CUST-13768,Postpaid Corporate,Postpaid,2024-10-23,Active,Online,1231,,
SUB-3769,CUST-13769,Prepaid Saver 30D,Prepaid,2021-03-13,Active,Retail,460,,
SUB-3770,CUST-13770,Prepaid Saver 30D,Prepaid,2021-08-10,Active,Agent,1115,,
SUB-3771,CUST-13771,Family Bundle,Postpaid,2020-09-14,Active,Agent,675,,
SUB-3772,CUST-13772,Family Bundle,Postpaid,2021-09-09,Active,Agent,1460,,
SUB-3773,CUST-13773,Prepaid Saver 30D,Prepaid,2021-07-11,Active,Referral,334,,
SUB-3774,CUST-13774,Prepaid Saver 30D,Prepaid,2022-12-03,Churned,Retail,517,2025-12-14,Voluntary
SUB-3775,CUST-13775,Prepaid Saver 30D,Prepaid,2025-08-19,Active,Retail,474,,
SUB-3776,CUST-13776,Prepaid Saver 30D,Prepaid,2021-12-08,Active,Retail,1280,,
SUB-3777,CUST-13777,Prepaid Saver 30D,Prepaid,2022-09-04,Active,Referral,871,,
SUB-3778,CUST-13778,Unlimited Data Max,Prepaid,2020-10-14,Active,Retail,532,,
SUB-3779,CUST-13779,Student Special 4G,Prepaid,2022-05-07,Active,Referral,1168,,
SUB-3780,CUST-13780,Prepaid Saver 30D,Prepaid,2023-04-02,Active,Agent,395,,
SUB-3781,CUST-13781,Unlimited Data Max,Prepaid,2021-12-08,Active,Retail,1240,,
SUB-3782,CUST-13782,Postpaid Corporate,Postpaid,2022-08-05,Churned,Agent,1312,2025-04-13,Involuntary
SUB-3783,CUST-13783,Prepaid Saver 30D,Prepaid,2025-09-18,Active,Referral,643,,
SUB-3784,CUST-13784,Prepaid Saver 30D,Prepaid,2022-11-03,Active,Agent,662,,
SUB-3785,CUST-13785,Unlimited Data Max,Prepaid,2024-02-26,Active,Online,943,,
SUB-3786,CUST-13786,Unlimited Data Max,Prepaid,2025-06-20,Active,Agent,1431,,
SUB-3787,CUST-13787,Prepaid Saver 30D,Prepaid,2024-10-23,Churned,Referral,1431,2025-12-14,Involuntary
SUB-3788,CUST-13788,Prepaid Saver 30D,Prepaid,2021-07-11,Active,Referral,452,,
SUB-3789,CUST-13789,Unlimited Data Max,Prepaid,2022-08-05,Active,Retail,528,,
SUB-3790,CUST-13790,Student Special 4G,Prepaid,2026-01-16,Active,Referral,893,,
SUB-3791,CUST-13791,Student Special 4G,Prepaid,2024-05-26,Active,Online,793,,
SUB-3792,CUST-13792,Prepaid Saver 30D,Prepaid,2022-06-06,Active,Online,866,,
SUB-3793,CUST-13793,Student Special 4G,Prepaid,2023-06-01,Active,Retail,488,,
SUB-3794,CUST-13794,Prepaid Saver 30D,Prepaid,2021-11-08,Active,Agent,356,,
SUB-3795,CUST-13795,Unlimited Data Max,Prepaid,2022-10-04,Active,Retail,1072,,
SUB-3796,CUST-13796,Prepaid Saver 30D,Prepaid,2026-03-17,Active,Agent,1330,,
SUB-3797,CUST-13797,Prepaid Saver 30D,Prepaid,2021-05-12,Active,Online,1303,,
SUB-3798,CUST-13798,Prepaid Saver 30D,Prepaid,2023-02-01,Active,Agent,679,,
SUB-3799,CUST-13799,Family Bundle,Postpaid,2021-01-12,Active,Retail,961,,
SUB-3800,CUST-13800,Prepaid Saver 30D,Prepaid,2025-02-20,Active,Retail,800,,
SUB-3801,CUST-13801,Unlimited Data Max,Prepaid,2022-05-07,Active,Retail,933,,
SUB-3802,CUST-13802,Unlimited Data Max,Prepaid,2026-03-17,Active,Agent,922,,
SUB-3803,CUST-13803,Student Special 4G,Prepaid,2025-06-20,Active,Retail,1466,,
SUB-3804,CUST-13804,Unlimited Data Max,Prepaid,2021-04-12,Active,Referral,1419,,
SUB-3805,CUST-13805,Family Bundle,Postpaid,2021-03-13,Active,Retail,1378,,
SUB-3806,CUST-13806,Unlimited Data Max,Prepaid,2020-11-13,Active,Agent,732,,
SUB-3807,CUST-13807,Student Special 4G,Prepaid,2025-03-22,Active,Referral,592,,
SUB-3808,CUST-13808,Prepaid Saver 30D,Prepaid,2021-03-13,Active,Referral,301,,
SUB-3809,CUST-13809,Unlimited Data Max,Prepaid,2026-02-15,Active,Referral,1006,,
SUB-3810,CUST-13810,Unlimited Data Max,Prepaid,2024-01-27,Active,Online,951,,
SUB-3811,CUST-13811,Unlimited Data Max,Prepaid,2023-10-29,Active,Referral,303,,
SUB-3812,CUST-13812,Unlimited Data Max,Prepaid,2021-10-09,Active,Online,334,,
SUB-3813,CUST-13813,Unlimited Data Max,Prepaid,2022-06-06,Active,Retail,535,,
SUB-3814,CUST-13814,Prepaid Saver 30D,Prepaid,2024-04-26,Active,Online,979,,
SUB-3815,CUST-13815,Prepaid Saver 30D,Prepaid,2025-07-20,Active,Agent,1485,,
SUB-3816,CUST-13816,Prepaid Saver 30D,Prepaid,2024-04-26,Churned,Referral,310,2026-04-11,Voluntary
SUB-3817,CUST-13817,Postpaid Corporate,Postpaid,2024-08-24,Active,Online,309,,
SUB-3818,CUST-13818,Student Special 4G,Prepaid,2022-07-06,Churned,Referral,501,2025-04-07,Voluntary
SUB-3819,CUST-13819,Family Bundle,Postpaid,2025-12-17,Active,Online,1406,,
SUB-3820,CUST-13820,Prepaid Saver 30D,Prepaid,2023-12-28,Active,Agent,733,,
SUB-3821,CUST-13821,Prepaid Saver 30D,Prepaid,2022-11-03,Active,Online,909,,
SUB-3822,CUST-13822,Family Bundle,Postpaid,2022-09-04,Active,Referral,1300,,
SUB-3823,CUST-13823,Family Bundle,Postpaid,2022-04-07,Active,Online,1268,,
SUB-3824,CUST-13824,Family Bundle,Postpaid,2024-09-23,Active,Agent,1177,,
SUB-3825,CUST-13825,Postpaid Corporate,Postpaid,2023-06-01,Active,Retail,1087,,
SUB-3826,CUST-13826,Postpaid Corporate,Postpaid,2025-11-17,Active,Retail,1283,,
SUB-3827,CUST-13827,Family Bundle,Postpaid,2023-10-29,Active,Agent,1238,,
SUB-3828,CUST-13828,Prepaid Saver 30D,Prepaid,2020-09-14,Churned,Referral,564,2025-04-20,Voluntary
SUB-3829,CUST-13829,Unlimited Data Max,Prepaid,2021-06-11,Active,Referral,1415,,
SUB-3830,CUST-13830,Family Bundle,Postpaid,2022-10-04,Active,Agent,682,,
SUB-3831,CUST-13831,Student Special 4G,Prepaid,2023-12-28,Churned,Retail,816,2025-12-28,Voluntary
SUB-3832,CUST-13832,Unlimited Data Max,Prepaid,2021-03-13,Active,Retail,1128,,
SUB-3833,CUST-13833,Unlimited Data Max,Prepaid,2023-10-29,Active,Online,1393,,
SUB-3834,CUST-13834,Student Special 4G,Prepaid,2021-12-08,Active,Agent,1237,,
SUB-3835,CUST-13835,Prepaid Saver 30D,Prepaid,2023-02-01,Active,Agent,648,,
SUB-3836,CUST-13836,Postpaid Corporate,Postpaid,2026-04-16,Active,Online,1476,,
SUB-3837,CUST-13837,Unlimited Data Max,Prepaid,2022-05-07,Churned,Retail,630,2025-04-25,Voluntary
SUB-3838,CUST-13838,Unlimited Data Max,Prepaid,2021-03-13,Active,Referral,583,,
SUB-3839,CUST-13839,Postpaid Corporate,Postpaid,2021-11-08,Churned,Referral,618,2026-01-19,Involuntary
SUB-3840,CUST-13840,Family Bundle,Postpaid,2022-11-03,Active,Agent,1049,,
SUB-3841,CUST-13841,Prepaid Saver 30D,Prepaid,2026-03-17,Active,Referral,926,,
SUB-3842,CUST-13842,Unlimited Data Max,Prepaid,2026-04-16,Churned,Retail,1231,2026-05-20,Involuntary
SUB-3843,CUST-13843,Unlimited Data Max,Prepaid,2021-06-11,Active,Referral,1073,,
SUB-3844,CUST-13844,Unlimited Data Max,Prepaid,2023-08-30,Active,Retail,1133,,
SUB-3845,CUST-13845,Family Bundle,Postpaid,2023-09-29,Active,Online,352,,
SUB-3846,CUST-13846,Prepaid Saver 30D,Prepaid,2022-09-04,Active,Online,519,,
SUB-3847,CUST-13847,Family Bundle,Postpaid,2021-02-11,Churned,Retail,812,2025-07-07,Involuntary
SUB-3848,CUST-13848,Student Special 4G,Prepaid,2023-10-29,Active,Referral,1204,,
SUB-3849,CUST-13849,Prepaid Saver 30D,Prepaid,2023-04-02,Active,Agent,1124,,
SUB-3850,CUST-13850,Unlimited Data Max,Prepaid,2023-03-03,Active,Retail,1393,,
SUB-3851,CUST-13851,Family Bundle,Postpaid,2023-08-30,Active,Online,995,,
SUB-3852,CUST-13852,Unlimited Data Max,Prepaid,2022-08-05,Churned,Referral,1299,2025-10-20,Voluntary
SUB-3853,CUST-13853,Student Special 4G,Prepaid,2025-04-21,Active,Retail,1228,,
SUB-3854,CUST-13854,Prepaid Saver 30D,Prepaid,2024-03-27,Active,Referral,1201,,
SUB-3855,CUST-13855,Prepaid Saver 30D,Prepaid,2023-08-30,Active,Agent,1328,,
SUB-3856,CUST-13856,Prepaid Saver 30D,Prepaid,2023-06-01,Active,Online,1493,,
SUB-3857,CUST-13857,Prepaid Saver 30D,Prepaid,2023-07-31,Active,Referral,1288,,
SUB-3858,CUST-13858,Postpaid Corporate,Postpaid,2023-12-28,Active,Referral,865,,
SUB-3859,CUST-13859,Prepaid Saver 30D,Prepaid,2021-03-13,Active,Agent,636,,
SUB-3860,CUST-13860,Prepaid Saver 30D,Prepaid,2021-10-09,Churned,Retail,1419,2025-05-30,Voluntary
SUB-3861,CUST-13861,Prepaid Saver 30D,Prepaid,2021-04-12,Active,Agent,347,,
SUB-3862,CUST-13862,Prepaid Saver 30D,Prepaid,2022-12-03,Active,Retail,679,,
SUB-3863,CUST-13863,Family Bundle,Postpaid,2023-07-31,Active,Referral,451,,
SUB-3864,CUST-13864,Student Special 4G,Prepaid,2023-11-28,Active,Referral,1078,,
SUB-3865,CUST-13865,Postpaid Corporate,Postpaid,2021-05-12,Active,Agent,626,,
SUB-3866,CUST-13866,Family Bundle,Postpaid,2022-07-06,Active,Agent,693,,
SUB-3867,CUST-13867,Prepaid Saver 30D,Prepaid,2021-06-11,Active,Retail,973,,
SUB-3868,CUST-13868,Unlimited Data Max,Prepaid,2021-06-11,Active,Online,702,,
SUB-3869,CUST-13869,Unlimited Data Max,Prepaid,2020-11-13,Churned,Agent,717,2025-05-20,Voluntary
SUB-3870,CUST-13870,Student Special 4G,Prepaid,2023-04-02,Active,Online,782,,
SUB-3871,CUST-13871,Prepaid Saver 30D,Prepaid,2024-04-26,Active,Agent,1316,,
SUB-3872,CUST-13872,Student Special 4G,Prepaid,2021-02-11,Active,Retail,1208,,
SUB-3873,CUST-13873,Prepaid Saver 30D,Prepaid,2025-02-20,Active,Referral,458,,
SUB-3874,CUST-13874,Unlimited Data Max,Prepaid,2024-07-25,Active,Online,1494,,
SUB-3875,CUST-13875,Prepaid Saver 30D,Prepaid,2020-11-13,Active,Agent,1444,,
SUB-3876,CUST-13876,Prepaid Saver 30D,Prepaid,2022-04-07,Active,Agent,408,,
SUB-3877,CUST-13877,Prepaid Saver 30D,Prepaid,2023-01-02,Active,Retail,1389,,
SUB-3878,CUST-13878,Student Special 4G,Prepaid,2023-05-02,Churned,Agent,1080,2026-05-03,Voluntary
SUB-3879,CUST-13879,Postpaid Corporate,Postpaid,2023-08-30,Churned,Agent,718,2026-02-16,Involuntary
SUB-3880,CUST-13880,Prepaid Saver 30D,Prepaid,2021-03-13,Active,Retail,1259,,
SUB-3881,CUST-13881,Postpaid Corporate,Postpaid,2023-12-28,Active,Agent,310,,
SUB-3882,CUST-13882,Prepaid Saver 30D,Prepaid,2023-07-31,Active,Retail,837,,
SUB-3883,CUST-13883,Student Special 4G,Prepaid,2025-11-17,Active,Online,1297,,
SUB-3884,CUST-13884,Prepaid Saver 30D,Prepaid,2025-09-18,Active,Referral,734,,
SUB-3885,CUST-13885,Postpaid Corporate,Postpaid,2025-03-22,Active,Online,1495,,
SUB-3886,CUST-13886,Prepaid Saver 30D,Prepaid,2024-08-24,Active,Agent,470,,
SUB-3887,CUST-13887,Unlimited Data Max,Prepaid,2024-09-23,Churned,Retail,326,2026-04-14,Voluntary
SUB-3888,CUST-13888,Postpaid Corporate,Postpaid,2022-07-06,Active,Online,548,,
SUB-3889,CUST-13889,Prepaid Saver 30D,Prepaid,2023-03-03,Churned,Retail,454,2025-07-22,Involuntary
SUB-3890,CUST-13890,Postpaid Corporate,Postpaid,2026-05-16,Churned,Online,1126,2026-05-19,Voluntary
SUB-3891,CUST-13891,Prepaid Saver 30D,Prepaid,2023-06-01,Active,Agent,1341,,
SUB-3892,CUST-13892,Unlimited Data Max,Prepaid,2025-12-17,Churned,Online,1356,2026-02-02,Involuntary
SUB-3893,CUST-13893,Unlimited Data Max,Prepaid,2023-04-02,Active,Online,1424,,
SUB-3894,CUST-13894,Postpaid Corporate,Postpaid,2026-02-15,Active,Online,566,,
SUB-3895,CUST-13895,Prepaid Saver 30D,Prepaid,2025-12-17,Active,Retail,305,,
SUB-3896,CUST-13896,Prepaid Saver 30D,Prepaid,2021-08-10,Active,Referral,995,,
SUB-3897,CUST-13897,Unlimited Data Max,Prepaid,2026-05-16,Active,Online,1283,,
SUB-3898,CUST-13898,Prepaid Saver 30D,Prepaid,2020-09-14,Active,Retail,1449,,
SUB-3899,CUST-13899,Postpaid Corporate,Postpaid,2023-09-29,Active,Referral,596,,
SUB-3900,CUST-13900,Student Special 4G,Prepaid,2021-08-10,Churned,Agent,1391,2025-01-14,Voluntary
SUB-3901,CUST-13901,Prepaid Saver 30D,Prepaid,2025-04-21,Active,Agent,1138,,
SUB-3902,CUST-13902,Prepaid Saver 30D,Prepaid,2023-08-30,Active,Online,1252,,
SUB-3903,CUST-13903,Prepaid Saver 30D,Prepaid,2021-03-13,Active,Agent,512,,
SUB-3904,CUST-13904,Postpaid Corporate,Postpaid,2025-12-17,Active,Online,512,,
SUB-3905,CUST-13905,Student Special 4G,Prepaid,2023-11-28,Active,Agent,964,,
SUB-3906,CUST-13906,Unlimited Data Max,Prepaid,2025-09-18,Active,Agent,759,,
SUB-3907,CUST-13907,Postpaid Corporate,Postpaid,2024-05-26,Churned,Referral,312,2026-01-28,Voluntary
SUB-3908,CUST-13908,Unlimited Data Max,Prepaid,2020-10-14,Active,Retail,1488,,
SUB-3909,CUST-13909,Unlimited Data Max,Prepaid,2023-04-02,Active,Agent,1092,,
SUB-3910,CUST-13910,Unlimited Data Max,Prepaid,2024-06-25,Active,Retail,1010,,
SUB-3911,CUST-13911,Unlimited Data Max,Prepaid,2022-10-04,Active,Online,478,,
SUB-3912,CUST-13912,Prepaid Saver 30D,Prepaid,2024-10-23,Active,Online,964,,
SUB-3913,CUST-13913,Unlimited Data Max,Prepaid,2025-12-17,Active,Agent,1113,,
SUB-3914,CUST-13914,Unlimited Data Max,Prepaid,2023-02-01,Churned,Retail,578,2025-01-02,Voluntary
SUB-3915,CUST-13915,Unlimited Data Max,Prepaid,2022-02-06,Churned,Online,700,2026-05-13,Voluntary
SUB-3916,CUST-13916,Unlimited Data Max,Prepaid,2025-05-21,Churned,Online,669,2026-02-14,Voluntary
SUB-3917,CUST-13917,Prepaid Saver 30D,Prepaid,2025-08-19,Active,Online,712,,
SUB-3918,CUST-13918,Student Special 4G,Prepaid,2022-12-03,Active,Retail,545,,
SUB-3919,CUST-13919,Prepaid Saver 30D,Prepaid,2024-02-26,Churned,Online,1116,2026-05-06,Voluntary
SUB-3920,CUST-13920,Unlimited Data Max,Prepaid,2020-12-13,Active,Agent,736,,
SUB-3921,CUST-13921,Prepaid Saver 30D,Prepaid,2024-04-26,Active,Retail,1124,,
SUB-3922,CUST-13922,Prepaid Saver 30D,Prepaid,2024-02-26,Churned,Retail,1480,2025-10-06,Involuntary
SUB-3923,CUST-13923,Unlimited Data Max,Prepaid,2023-02-01,Active,Referral,454,,
SUB-3924,CUST-13924,Prepaid Saver 30D,Prepaid,2020-09-14,Churned,Referral,488,2025-04-07,Voluntary
SUB-3925,CUST-13925,Prepaid Saver 30D,Prepaid,2022-06-06,Active,Online,312,,
SUB-3926,CUST-13926,Prepaid Saver 30D,Prepaid,2022-07-06,Active,Agent,832,,
SUB-3927,CUST-13927,Postpaid Corporate,Postpaid,2021-10-09,Active,Retail,1241,,
SUB-3928,CUST-13928,Prepaid Saver 30D,Prepaid,2021-09-09,Active,Online,339,,
SUB-3929,CUST-13929,Unlimited Data Max,Prepaid,2023-05-02,Active,Retail,801,,
SUB-3930,CUST-13930,Unlimited Data Max,Prepaid,2024-09-23,Active,Agent,1075,,
SUB-3931,CUST-13931,Student Special 4G,Prepaid,2025-06-20,Active,Agent,1000,,
SUB-3932,CUST-13932,Postpaid Corporate,Postpaid,2023-02-01,Active,Referral,1325,,
SUB-3933,CUST-13933,Postpaid Corporate,Postpaid,2022-05-07,Active,Agent,858,,
SUB-3934,CUST-13934,Family Bundle,Postpaid,2024-03-27,Churned,Online,816,2025-02-27,Voluntary
SUB-3935,CUST-13935,Prepaid Saver 30D,Prepaid,2023-08-30,Active,Agent,708,,
SUB-3936,CUST-13936,Unlimited Data Max,Prepaid,2023-10-29,Active,Referral,1211,,
SUB-3937,CUST-13937,Postpaid Corporate,Postpaid,2023-01-02,Active,Online,1200,,
SUB-3938,CUST-13938,Unlimited Data Max,Prepaid,2021-08-10,Churned,Referral,1351,2025-03-01,Voluntary
SUB-3939,CUST-13939,Postpaid Corporate,Postpaid,2023-10-29,Churned,Retail,1043,2025-07-13,Involuntary
SUB-3940,CUST-13940,Prepaid Saver 30D,Prepaid,2023-06-01,Active,Retail,464,,
SUB-3941,CUST-13941,Unlimited Data Max,Prepaid,2023-12-28,Active,Online,310,,
SUB-3942,CUST-13942,Unlimited Data Max,Prepaid,2024-08-24,Active,Online,484,,
SUB-3943,CUST-13943,Prepaid Saver 30D,Prepaid,2022-05-07,Active,Online,747,,
SUB-3944,CUST-13944,Prepaid Saver 30D,Prepaid,2022-11-03,Churned,Retail,517,2025-04-09,Voluntary
SUB-3945,CUST-13945,Unlimited Data Max,Prepaid,2023-05-02,Active,Agent,438,,
SUB-3946,CUST-13946,Unlimited Data Max,Prepaid,2024-09-23,Active,Online,1164,,
SUB-3947,CUST-13947,Prepaid Saver 30D,Prepaid,2021-05-12,Active,Agent,692,,
SUB-3948,CUST-13948,Student Special 4G,Prepaid,2021-09-09,Active,Referral,1101,,
SUB-3949,CUST-13949,Student Special 4G,Prepaid,2022-02-06,Active,Agent,1490,,
SUB-3950,CUST-13950,Postpaid Corporate,Postpaid,2021-09-09,Active,Online,597,,
SUB-3951,CUST-13951,Prepaid Saver 30D,Prepaid,2023-08-30,Churned,Agent,1281,2025-02-17,Voluntary
SUB-3952,CUST-13952,Prepaid Saver 30D,Prepaid,2022-10-04,Active,Retail,907,,
SUB-3953,CUST-13953,Unlimited Data Max,Prepaid,2025-02-20,Active,Referral,428,,
SUB-3954,CUST-13954,Unlimited Data Max,Prepaid,2021-11-08,Active,Online,489,,
SUB-3955,CUST-13955,Unlimited Data Max,Prepaid,2026-04-16,Active,Agent,1318,,
SUB-3956,CUST-13956,Student Special 4G,Prepaid,2023-06-01,Churned,Agent,1066,2025-09-06,Involuntary
SUB-3957,CUST-13957,Prepaid Saver 30D,Prepaid,2025-03-22,Active,Referral,1140,,
SUB-3958,CUST-13958,Unlimited Data Max,Prepaid,2022-12-03,Active,Retail,1014,,
SUB-3959,CUST-13959,Prepaid Saver 30D,Prepaid,2024-10-23,Churned,Agent,458,2026-05-10,Voluntary
SUB-3960,CUST-13960,Prepaid Saver 30D,Prepaid,2020-10-14,Active,Retail,1350,,
SUB-3961,CUST-13961,Prepaid Saver 30D,Prepaid,2025-09-18,Active,Agent,808,,
SUB-3962,CUST-13962,Postpaid Corporate,Postpaid,2021-08-10,Active,Retail,852,,
SUB-3963,CUST-13963,Student Special 4G,Prepaid,2022-07-06,Active,Referral,1321,,
SUB-3964,CUST-13964,Postpaid Corporate,Postpaid,2020-08-15,Active,Online,753,,
SUB-3965,CUST-13965,Student Special 4G,Prepaid,2024-06-25,Active,Referral,532,,
SUB-3966,CUST-13966,Unlimited Data Max,Prepaid,2022-04-07,Active,Agent,756,,
SUB-3967,CUST-13967,Postpaid Corporate,Postpaid,2026-03-17,Active,Retail,1337,,
SUB-3968,CUST-13968,Student Special 4G,Prepaid,2022-06-06,Active,Referral,1060,,
SUB-3969,CUST-13969,Prepaid Saver 30D,Prepaid,2023-10-29,Active,Retail,596,,
SUB-3970,CUST-13970,Student Special 4G,Prepaid,2022-03-08,Active,Retail,1162,,
SUB-3971,CUST-13971,Family Bundle,Postpaid,2021-11-08,Active,Referral,1427,,
SUB-3972,CUST-13972,Postpaid Corporate,Postpaid,2023-07-31,Active,Agent,1287,,
SUB-3973,CUST-13973,Unlimited Data Max,Prepaid,2024-05-26,Active,Retail,526,,
SUB-3974,CUST-13974,Prepaid Saver 30D,Prepaid,2022-04-07,Active,Referral,1400,,
SUB-3975,CUST-13975,Postpaid Corporate,Postpaid,2021-02-11,Active,Online,1288,,
SUB-3976,CUST-13976,Student Special 4G,Prepaid,2024-04-26,Churned,Agent,1456,2025-02-20,Voluntary
SUB-3977,CUST-13977,Unlimited Data Max,Prepaid,2021-06-11,Active,Agent,1370,,
SUB-3978,CUST-13978,Prepaid Saver 30D,Prepaid,2023-10-29,Active,Referral,1031,,
SUB-3979,CUST-13979,Unlimited Data Max,Prepaid,2021-03-13,Active,Retail,1362,,
SUB-3980,CUST-13980,Prepaid Saver 30D,Prepaid,2022-08-05,Active,Retail,383,,
SUB-3981,CUST-13981,Student Special 4G,Prepaid,2022-07-06,Active,Referral,1058,,
SUB-3982,CUST-13982,Prepaid Saver 30D,Prepaid,2022-06-06,Active,Retail,1114,,
SUB-3983,CUST-13983,Prepaid Saver 30D,Prepaid,2021-09-09,Active,Agent,458,,
SUB-3984,CUST-13984,Postpaid Corporate,Postpaid,2021-05-12,Active,Referral,384,,
SUB-3985,CUST-13985,Prepaid Saver 30D,Prepaid,2024-02-26,Active,Online,1066,,
SUB-3986,CUST-13986,Postpaid Corporate,Postpaid,2022-02-06,Active,Agent,753,,
SUB-3987,CUST-13987,Unlimited Data Max,Prepaid,2022-05-07,Active,Retail,901,,
SUB-3988,CUST-13988,Unlimited Data Max,Prepaid,2022-12-03,Active,Online,1178,,
SUB-3989,CUST-13989,Student Special 4G,Prepaid,2025-02-20,Active,Agent,800,,
SUB-3990,CUST-13990,Prepaid Saver 30D,Prepaid,2023-08-30,Active,Agent,742,,
SUB-3991,CUST-13991,Prepaid Saver 30D,Prepaid,2025-03-22,Active,Agent,1306,,
SUB-3992,CUST-13992,Prepaid Saver 30D,Prepaid,2025-08-19,Churned,Agent,1254,2026-05-27,Involuntary
SUB-3993,CUST-13993,Postpaid Corporate,Postpaid,2020-12-13,Active,Referral,751,,
SUB-3994,CUST-13994,Unlimited Data Max,Prepaid,2022-03-08,Active,Referral,859,,
SUB-3995,CUST-13995,Prepaid Saver 30D,Prepaid,2023-04-02,Active,Referral,989,,
SUB-3996,CUST-13996,Unlimited Data Max,Prepaid,2023-10-29,Churned,Retail,1381,2025-09-03,Voluntary
SUB-3997,CUST-13997,Student Special 4G,Prepaid,2025-12-17,Active,Retail,1232,,
SUB-3998,CUST-13998,Prepaid Saver 30D,Prepaid,2024-05-26,Active,Online,891,,
SUB-3999,CUST-13999,Student Special 4G,Prepaid,2025-03-22,Active,Agent,503,,
SUB-4000,CUST-14000,Postpaid Corporate,Postpaid,2023-04-02,Active,Retail,837,,
SUB-4001,CUST-14001,Student Special 4G,Prepaid,2023-09-29,Active,Retail,1232,,
SUB-4002,CUST-14002,Prepaid Saver 30D,Prepaid,2020-10-14,Active,Referral,1120,,
SUB-4003,CUST-14003,Unlimited Data Max,Prepaid,2021-06-11,Active,Retail,466,,
SUB-4004,CUST-14004,Student Special 4G,Prepaid,2022-12-03,Active,Retail,1457,,
SUB-4005,CUST-14005,Student Special 4G,Prepaid,2021-03-13,Active,Retail,952,,
SUB-4006,CUST-14006,Student Special 4G,Prepaid,2024-06-25,Active,Online,1265,,
SUB-4007,CUST-14007,Family Bundle,Postpaid,2025-09-18,Active,Referral,1091,,
SUB-4008,CUST-14008,Prepaid Saver 30D,Prepaid,2023-03-03,Active,Agent,489,,
SUB-4009,CUST-14009,Prepaid Saver 30D,Prepaid,2026-01-16,Active,Referral,730,,
SUB-4010,CUST-14010,Student Special 4G,Prepaid,2020-12-13,Active,Agent,1004,,
SUB-4011,CUST-14011,Unlimited Data Max,Prepaid,2025-09-18,Active,Retail,1103,,
SUB-4012,CUST-14012,Student Special 4G,Prepaid,2021-06-11,Churned,Referral,1308,2025-12-07,Voluntary
SUB-4013,CUST-14013,Student Special 4G,Prepaid,2022-07-06,Active,Online,1368,,
SUB-4014,CUST-14014,Prepaid Saver 30D,Prepaid,2024-12-22,Active,Retail,1210,,
SUB-4015,CUST-14015,Prepaid Saver 30D,Prepaid,2023-05-02,Active,Retail,463,,
SUB-4016,CUST-14016,Postpaid Corporate,Postpaid,2023-04-02,Active,Referral,370,,
SUB-4017,CUST-14017,Family Bundle,Postpaid,2022-02-06,Active,Agent,735,,
SUB-4018,CUST-14018,Unlimited Data Max,Prepaid,2023-11-28,Active,Online,1460,,
SUB-4019,CUST-14019,Prepaid Saver 30D,Prepaid,2022-12-03,Active,Online,1349,,
SUB-4020,CUST-14020,Postpaid Corporate,Postpaid,2023-12-28,Active,Online,376,,
SUB-4021,CUST-14021,Student Special 4G,Prepaid,2025-11-17,Active,Online,1435,,
SUB-4022,CUST-14022,Postpaid Corporate,Postpaid,2022-04-07,Active,Agent,365,,
SUB-4023,CUST-14023,Prepaid Saver 30D,Prepaid,2024-11-22,Active,Agent,1327,,
SUB-4024,CUST-14024,Unlimited Data Max,Prepaid,2024-10-23,Active,Online,1026,,
SUB-4025,CUST-14025,Prepaid Saver 30D,Prepaid,2024-06-25,Active,Online,828,,
SUB-4026,CUST-14026,Student Special 4G,Prepaid,2023-02-01,Active,Retail,1280,,
SUB-4027,CUST-14027,Prepaid Saver 30D,Prepaid,2022-04-07,Active,Online,760,,
SUB-4028,CUST-14028,Prepaid Saver 30D,Prepaid,2021-09-09,Active,Agent,584,,
SUB-4029,CUST-14029,Prepaid Saver 30D,Prepaid,2022-12-03,Active,Retail,474,,
SUB-4030,CUST-14030,Prepaid Saver 30D,Prepaid,2024-01-27,Active,Referral,766,,
SUB-4031,CUST-14031,Prepaid Saver 30D,Prepaid,2020-11-13,Active,Agent,572,,
SUB-4032,CUST-14032,Student Special 4G,Prepaid,2023-08-30,Active,Online,680,,
SUB-4033,CUST-14033,Prepaid Saver 30D,Prepaid,2025-07-20,Active,Agent,979,,
SUB-4034,CUST-14034,Postpaid Corporate,Postpaid,2021-10-09,Active,Referral,1280,,
SUB-4035,CUST-14035,Prepaid Saver 30D,Prepaid,2020-12-13,Active,Online,1008,,
SUB-4036,CUST-14036,Student Special 4G,Prepaid,2024-09-23,Active,Referral,514,,
SUB-4037,CUST-14037,Unlimited Data Max,Prepaid,2025-02-20,Active,Online,545,,
SUB-4038,CUST-14038,Unlimited Data Max,Prepaid,2024-05-26,Active,Retail,915,,
SUB-4039,CUST-14039,Prepaid Saver 30D,Prepaid,2024-05-26,Active,Referral,1036,,
SUB-4040,CUST-14040,Family Bundle,Postpaid,2025-04-21,Active,Referral,364,,
SUB-4041,CUST-14041,Postpaid Corporate,Postpaid,2026-03-17,Active,Agent,1303,,
SUB-4042,CUST-14042,Postpaid Corporate,Postpaid,2025-04-21,Churned,Retail,512,2026-05-18,Involuntary
SUB-4043,CUST-14043,Prepaid Saver 30D,Prepaid,2024-08-24,Active,Referral,1084,,
SUB-4044,CUST-14044,Prepaid Saver 30D,Prepaid,2025-04-21,Active,Retail,655,,
SUB-4045,CUST-14045,Family Bundle,Postpaid,2025-03-22,Active,Retail,590,,
SUB-4046,CUST-14046,Prepaid Saver 30D,Prepaid,2020-12-13,Churned,Agent,1462,2025-05-13,Voluntary
SUB-4047,CUST-14047,Postpaid Corporate,Postpaid,2025-02-20,Active,Retail,1401,,
SUB-4048,CUST-14048,Student Special 4G,Prepaid,2021-08-10,Churned,Agent,852,2025-05-02,Involuntary
SUB-4049,CUST-14049,Postpaid Corporate,Postpaid,2023-02-01,Active,Retail,641,,
SUB-4050,CUST-14050,Unlimited Data Max,Prepaid,2023-11-28,Active,Referral,1403,,
SUB-4051,CUST-14051,Prepaid Saver 30D,Prepaid,2021-11-08,Active,Retail,738,,
SUB-4052,CUST-14052,Unlimited Data Max,Prepaid,2026-04-16,Churned,Agent,1090,2026-06-02,Voluntary
SUB-4053,CUST-14053,Family Bundle,Postpaid,2022-02-06,Active,Retail,842,,
SUB-4054,CUST-14054,Student Special 4G,Prepaid,2023-12-28,Active,Retail,948,,
SUB-4055,CUST-14055,Prepaid Saver 30D,Prepaid,2021-08-10,Churned,Referral,1084,2026-01-15,Voluntary
SUB-4056,CUST-14056,Student Special 4G,Prepaid,2020-10-14,Active,Referral,568,,
SUB-4057,CUST-14057,Unlimited Data Max,Prepaid,2022-03-08,Active,Referral,1012,,
SUB-4058,CUST-14058,Unlimited Data Max,Prepaid,2025-09-18,Active,Agent,395,,
SUB-4059,CUST-14059,Unlimited Data Max,Prepaid,2020-09-14,Active,Online,1327,,
SUB-4060,CUST-14060,Student Special 4G,Prepaid,2022-01-07,Churned,Retail,1083,2025-12-13,Voluntary
SUB-4061,CUST-14061,Unlimited Data Max,Prepaid,2026-04-16,Churned,Online,766,2026-06-09,Involuntary
SUB-4062,CUST-14062,Unlimited Data Max,Prepaid,2025-04-21,Churned,Retail,784,2025-09-08,Voluntary
SUB-4063,CUST-14063,Unlimited Data Max,Prepaid,2020-08-15,Active,Agent,996,,
SUB-4064,CUST-14064,Prepaid Saver 30D,Prepaid,2021-07-11,Active,Retail,994,,
SUB-4065,CUST-14065,Prepaid Saver 30D,Prepaid,2023-12-28,Active,Online,376,,
SUB-4066,CUST-14066,Unlimited Data Max,Prepaid,2020-11-13,Active,Retail,353,,
SUB-4067,CUST-14067,Student Special 4G,Prepaid,2023-08-30,Active,Referral,523,,
SUB-4068,CUST-14068,Family Bundle,Postpaid,2021-05-12,Active,Online,1383,,
SUB-4069,CUST-14069,Prepaid Saver 30D,Prepaid,2023-02-01,Active,Agent,312,,
SUB-4070,CUST-14070,Family Bundle,Postpaid,2022-08-05,Active,Retail,1322,,
SUB-4071,CUST-14071,Student Special 4G,Prepaid,2026-05-16,Active,Retail,450,,
SUB-4072,CUST-14072,Student Special 4G,Prepaid,2020-10-14,Active,Online,719,,
SUB-4073,CUST-14073,Unlimited Data Max,Prepaid,2025-05-21,Active,Retail,917,,
SUB-4074,CUST-14074,Student Special 4G,Prepaid,2025-02-20,Active,Agent,748,,
SUB-4075,CUST-14075,Prepaid Saver 30D,Prepaid,2023-10-29,Active,Agent,726,,
SUB-4076,CUST-14076,Unlimited Data Max,Prepaid,2022-01-07,Active,Retail,1139,,
SUB-4077,CUST-14077,Student Special 4G,Prepaid,2021-12-08,Churned,Online,1473,2025-09-29,Voluntary
SUB-4078,CUST-14078,Unlimited Data Max,Prepaid,2022-10-04,Active,Online,513,,
SUB-4079,CUST-14079,Student Special 4G,Prepaid,2021-05-12,Active,Referral,424,,
SUB-4080,CUST-14080,Postpaid Corporate,Postpaid,2022-05-07,Active,Agent,511,,
SUB-4081,CUST-14081,Prepaid Saver 30D,Prepaid,2025-07-20,Active,Retail,1209,,
SUB-4082,CUST-14082,Unlimited Data Max,Prepaid,2021-11-08,Active,Online,518,,
SUB-4083,CUST-14083,Student Special 4G,Prepaid,2024-11-22,Active,Online,643,,
SUB-4084,CUST-14084,Unlimited Data Max,Prepaid,2023-06-01,Active,Online,542,,
SUB-4085,CUST-14085,Student Special 4G,Prepaid,2022-11-03,Active,Referral,1401,,
SUB-4086,CUST-14086,Postpaid Corporate,Postpaid,2024-02-26,Active,Agent,902,,
SUB-4087,CUST-14087,Unlimited Data Max,Prepaid,2024-04-26,Active,Referral,467,,
SUB-4088,CUST-14088,Prepaid Saver 30D,Prepaid,2024-10-23,Active,Retail,603,,
SUB-4089,CUST-14089,Family Bundle,Postpaid,2024-08-24,Active,Agent,692,,
SUB-4090,CUST-14090,Family Bundle,Postpaid,2020-08-15,Active,Referral,1075,,
SUB-4091,CUST-14091,Unlimited Data Max,Prepaid,2024-02-26,Active,Online,1190,,
SUB-4092,CUST-14092,Unlimited Data Max,Prepaid,2023-08-30,Active,Agent,882,,
SUB-4093,CUST-14093,Unlimited Data Max,Prepaid,2022-05-07,Active,Referral,344,,
SUB-4094,CUST-14094,Student Special 4G,Prepaid,2024-12-22,Active,Retail,1205,,
SUB-4095,CUST-14095,Unlimited Data Max,Prepaid,2025-03-22,Active,Retail,1066,,
SUB-4096,CUST-14096,Unlimited Data Max,Prepaid,2025-03-22,Active,Online,827,,
SUB-4097,CUST-14097,Prepaid Saver 30D,Prepaid,2026-01-16,Active,Retail,1220,,
SUB-4098,CUST-14098,Family Bundle,Postpaid,2023-09-29,Active,Referral,733,,
SUB-4099,CUST-14099,Prepaid Saver 30D,Prepaid,2026-05-16,Active,Retail,804,,
SUB-4100,CUST-14100,Postpaid Corporate,Postpaid,2024-03-27,Active,Referral,396,,
SUB-4101,CUST-14101,Unlimited Data Max,Prepaid,2023-05-02,Active,Agent,1184,,
SUB-4102,CUST-14102,Postpaid Corporate,Postpaid,2024-11-22,Active,Online,1246,,
SUB-4103,CUST-14103,Prepaid Saver 30D,Prepaid,2024-12-22,Active,Agent,1012,,
SUB-4104,CUST-14104,Family Bundle,Postpaid,2022-12-03,Active,Retail,793,,
SUB-4105,CUST-14105,Postpaid Corporate,Postpaid,2023-03-03,Active,Online,1092,,
SUB-4106,CUST-14106,Unlimited Data Max,Prepaid,2021-10-09,Active,Retail,1022,,
SUB-4107,CUST-14107,Prepaid Saver 30D,Prepaid,2021-04-12,Active,Referral,868,,
SUB-4108,CUST-14108,Unlimited Data Max,Prepaid,2024-12-22,Active,Agent,855,,
SUB-4109,CUST-14109,Unlimited Data Max,Prepaid,2024-09-23,Active,Referral,324,,
SUB-4110,CUST-14110,Family Bundle,Postpaid,2023-05-02,Active,Online,849,,
SUB-4111,CUST-14111,Prepaid Saver 30D,Prepaid,2025-04-21,Active,Retail,426,,
SUB-4112,CUST-14112,Student Special 4G,Prepaid,2022-03-08,Active,Retail,591,,
SUB-4113,CUST-14113,Unlimited Data Max,Prepaid,2026-05-16,Active,Retail,688,,
SUB-4114,CUST-14114,Student Special 4G,Prepaid,2024-03-27,Active,Retail,382,,
SUB-4115,CUST-14115,Student Special 4G,Prepaid,2020-09-14,Churned,Online,694,2026-03-18,Voluntary
SUB-4116,CUST-14116,Postpaid Corporate,Postpaid,2022-02-06,Churned,Agent,1110,2026-04-02,Involuntary
SUB-4117,CUST-14117,Unlimited Data Max,Prepaid,2023-06-01,Churned,Agent,1399,2026-03-21,Voluntary
SUB-4118,CUST-14118,Student Special 4G,Prepaid,2026-05-16,Active,Online,1072,,
SUB-4119,CUST-14119,Student Special 4G,Prepaid,2021-10-09,Churned,Referral,1490,2025-04-20,Voluntary
SUB-4120,CUST-14120,Unlimited Data Max,Prepaid,2023-10-29,Active,Retail,902,,
SUB-4121,CUST-14121,Family Bundle,Postpaid,2021-06-11,Active,Agent,1426,,
SUB-4122,CUST-14122,Student Special 4G,Prepaid,2021-11-08,Churned,Referral,679,2026-05-29,Voluntary
SUB-4123,CUST-14123,Unlimited Data Max,Prepaid,2020-08-15,Active,Online,1007,,
SUB-4124,CUST-14124,Prepaid Saver 30D,Prepaid,2025-09-18,Active,Agent,1426,,
SUB-4125,CUST-14125,Prepaid Saver 30D,Prepaid,2021-05-12,Active,Referral,768,,
SUB-4126,CUST-14126,Prepaid Saver 30D,Prepaid,2022-04-07,Active,Agent,601,,
SUB-4127,CUST-14127,Student Special 4G,Prepaid,2024-09-23,Active,Referral,1190,,
SUB-4128,CUST-14128,Student Special 4G,Prepaid,2021-07-11,Active,Referral,1286,,
SUB-4129,CUST-14129,Unlimited Data Max,Prepaid,2023-02-01,Active,Agent,803,,
SUB-4130,CUST-14130,Prepaid Saver 30D,Prepaid,2022-08-05,Active,Agent,311,,
SUB-4131,CUST-14131,Prepaid Saver 30D,Prepaid,2020-10-14,Active,Retail,874,,
SUB-4132,CUST-14132,Prepaid Saver 30D,Prepaid,2023-02-01,Active,Retail,1233,,
SUB-4133,CUST-14133,Postpaid Corporate,Postpaid,2022-10-04,Active,Online,1093,,
SUB-4134,CUST-14134,Postpaid Corporate,Postpaid,2021-05-12,Churned,Online,921,2025-01-03,Voluntary
SUB-4135,CUST-14135,Prepaid Saver 30D,Prepaid,2021-12-08,Active,Referral,864,,
SUB-4136,CUST-14136,Prepaid Saver 30D,Prepaid,2022-09-04,Churned,Referral,1127,2025-11-28,Involuntary
SUB-4137,CUST-14137,Student Special 4G,Prepaid,2021-02-11,Active,Agent,886,,
SUB-4138,CUST-14138,Prepaid Saver 30D,Prepaid,2021-02-11,Active,Referral,1482,,
SUB-4139,CUST-14139,Prepaid Saver 30D,Prepaid,2022-11-03,Active,Referral,413,,
SUB-4140,CUST-14140,Family Bundle,Postpaid,2025-11-17,Active,Agent,1392,,
SUB-4141,CUST-14141,Student Special 4G,Prepaid,2022-05-07,Active,Retail,1232,,
SUB-4142,CUST-14142,Postpaid Corporate,Postpaid,2024-06-25,Churned,Online,1302,2025-04-19,Voluntary
SUB-4143,CUST-14143,Prepaid Saver 30D,Prepaid,2023-01-02,Active,Retail,1073,,
SUB-4144,CUST-14144,Postpaid Corporate,Postpaid,2024-03-27,Active,Online,1418,,
SUB-4145,CUST-14145,Postpaid Corporate,Postpaid,2024-05-26,Active,Retail,829,,
SUB-4146,CUST-14146,Prepaid Saver 30D,Prepaid,2020-09-14,Churned,Referral,454,2025-11-26,Voluntary
SUB-4147,CUST-14147,Unlimited Data Max,Prepaid,2024-12-22,Active,Referral,785,,
SUB-4148,CUST-14148,Prepaid Saver 30D,Prepaid,2025-06-20,Active,Referral,1440,,
SUB-4149,CUST-14149,Prepaid Saver 30D,Prepaid,2022-10-04,Active,Retail,1466,,
SUB-4150,CUST-14150,Family Bundle,Postpaid,2022-09-04,Active,Referral,394,,
SUB-4151,CUST-14151,Postpaid Corporate,Postpaid,2020-09-14,Active,Retail,1433,,
SUB-4152,CUST-14152,Unlimited Data Max,Prepaid,2026-01-16,Churned,Retail,1034,2026-04-30,Voluntary
SUB-4153,CUST-14153,Prepaid Saver 30D,Prepaid,2021-01-12,Churned,Retail,585,2025-05-13,Involuntary
SUB-4154,CUST-14154,Prepaid Saver 30D,Prepaid,2021-07-11,Active,Referral,1340,,
SUB-4155,CUST-14155,Prepaid Saver 30D,Prepaid,2025-03-22,Active,Referral,961,,
SUB-4156,CUST-14156,Unlimited Data Max,Prepaid,2021-08-10,Active,Online,935,,
SUB-4157,CUST-14157,Family Bundle,Postpaid,2021-07-11,Active,Retail,809,,
SUB-4158,CUST-14158,Family Bundle,Postpaid,2025-09-18,Active,Referral,400,,
SUB-4159,CUST-14159,Family Bundle,Postpaid,2026-04-16,Active,Online,1360,,
SUB-4160,CUST-14160,Prepaid Saver 30D,Prepaid,2022-08-05,Active,Online,1214,,
SUB-4161,CUST-14161,Student Special 4G,Prepaid,2023-01-02,Active,Referral,1428,,
SUB-4162,CUST-14162,Postpaid Corporate,Postpaid,2021-05-12,Active,Retail,652,,
SUB-4163,CUST-14163,Prepaid Saver 30D,Prepaid,2020-12-13,Churned,Online,1461,2026-05-26,Voluntary
SUB-4164,CUST-14164,Unlimited Data Max,Prepaid,2025-10-18,Active,Retail,315,,
SUB-4165,CUST-14165,Unlimited Data Max,Prepaid,2020-10-14,Active,Retail,625,,
SUB-4166,CUST-14166,Unlimited Data Max,Prepaid,2021-06-11,Active,Referral,1361,,
SUB-4167,CUST-14167,Student Special 4G,Prepaid,2022-12-03,Active,Retail,1398,,
SUB-4168,CUST-14168,Postpaid Corporate,Postpaid,2024-04-26,Active,Referral,901,,
SUB-4169,CUST-14169,Family Bundle,Postpaid,2022-10-04,Active,Agent,1379,,
SUB-4170,CUST-14170,Prepaid Saver 30D,Prepaid,2023-02-01,Churned,Referral,899,2025-07-14,Involuntary
SUB-4171,CUST-14171,Unlimited Data Max,Prepaid,2024-02-26,Active,Retail,842,,
SUB-4172,CUST-14172,Prepaid Saver 30D,Prepaid,2025-12-17,Churned,Retail,1106,2026-03-13,Voluntary
SUB-4173,CUST-14173,Unlimited Data Max,Prepaid,2022-03-08,Active,Online,790,,
SUB-4174,CUST-14174,Family Bundle,Postpaid,2024-08-24,Churned,Online,1030,2025-05-05,Voluntary
SUB-4175,CUST-14175,Prepaid Saver 30D,Prepaid,2024-12-22,Active,Referral,869,,
SUB-4176,CUST-14176,Unlimited Data Max,Prepaid,2024-03-27,Active,Agent,1405,,
SUB-4177,CUST-14177,Prepaid Saver 30D,Prepaid,2026-03-17,Active,Referral,512,,
SUB-4178,CUST-14178,Student Special 4G,Prepaid,2024-02-26,Active,Referral,1076,,
SUB-4179,CUST-14179,Prepaid Saver 30D,Prepaid,2021-07-11,Active,Retail,863,,
SUB-4180,CUST-14180,Unlimited Data Max,Prepaid,2022-03-08,Churned,Retail,1446,2025-02-07,Voluntary
SUB-4181,CUST-14181,Postpaid Corporate,Postpaid,2026-01-16,Active,Retail,500,,
SUB-4182,CUST-14182,Unlimited Data Max,Prepaid,2024-06-25,Active,Agent,1231,,
SUB-4183,CUST-14183,Postpaid Corporate,Postpaid,2022-07-06,Active,Agent,1029,,
SUB-4184,CUST-14184,Postpaid Corporate,Postpaid,2020-12-13,Active,Agent,1458,,
SUB-4185,CUST-14185,Unlimited Data Max,Prepaid,2023-10-29,Active,Referral,766,,
SUB-4186,CUST-14186,Prepaid Saver 30D,Prepaid,2020-08-15,Active,Agent,1091,,
SUB-4187,CUST-14187,Unlimited Data Max,Prepaid,2026-02-15,Active,Retail,763,,
SUB-4188,CUST-14188,Prepaid Saver 30D,Prepaid,2021-02-11,Churned,Referral,686,2025-09-06,Voluntary
SUB-4189,CUST-14189,Postpaid Corporate,Postpaid,2025-06-20,Active,Online,528,,
SUB-4190,CUST-14190,Prepaid Saver 30D,Prepaid,2022-03-08,Churned,Retail,429,2025-11-09,Voluntary
SUB-4191,CUST-14191,Unlimited Data Max,Prepaid,2025-10-18,Active,Agent,894,,
SUB-4192,CUST-14192,Postpaid Corporate,Postpaid,2020-08-15,Active,Online,1389,,
SUB-4193,CUST-14193,Postpaid Corporate,Postpaid,2025-02-20,Active,Retail,1230,,
SUB-4194,CUST-14194,Student Special 4G,Prepaid,2024-03-27,Active,Online,954,,
SUB-4195,CUST-14195,Student Special 4G,Prepaid,2022-09-04,Churned,Referral,428,2025-06-14,Voluntary
SUB-4196,CUST-14196,Prepaid Saver 30D,Prepaid,2026-02-15,Active,Agent,410,,
SUB-4197,CUST-14197,Prepaid Saver 30D,Prepaid,2023-02-01,Active,Online,1363,,
SUB-4198,CUST-14198,Prepaid Saver 30D,Prepaid,2024-09-23,Active,Referral,720,,
SUB-4199,CUST-14199,Student Special 4G,Prepaid,2023-11-28,Active,Retail,1254,,
SUB-4200,CUST-14200,Prepaid Saver 30D,Prepaid,2024-06-25,Active,Retail,991,,
SUB-4201,CUST-14201,Family Bundle,Postpaid,2021-07-11,Active,Retail,1112,,
SUB-4202,CUST-14202,Postpaid Corporate,Postpaid,2023-09-29,Active,Online,1355,,
SUB-4203,CUST-14203,Prepaid Saver 30D,Prepaid,2022-01-07,Active,Agent,494,,
SUB-4204,CUST-14204,Student Special 4G,Prepaid,2026-03-17,Active,Referral,803,,
SUB-4205,CUST-14205,Unlimited Data Max,Prepaid,2022-06-06,Active,Referral,699,,
SUB-4206,CUST-14206,Family Bundle,Postpaid,2024-02-26,Churned,Agent,656,2026-01-31,Voluntary
SUB-4207,CUST-14207,Prepaid Saver 30D,Prepaid,2022-12-03,Churned,Agent,692,2026-04-16,Voluntary
SUB-4208,CUST-14208,Postpaid Corporate,Postpaid,2021-06-11,Active,Agent,729,,
SUB-4209,CUST-14209,Postpaid Corporate,Postpaid,2022-05-07,Active,Online,851,,
SUB-4210,CUST-14210,Unlimited Data Max,Prepaid,2024-04-26,Active,Retail,650,,
SUB-4211,CUST-14211,Postpaid Corporate,Postpaid,2025-01-21,Active,Retail,434,,
SUB-4212,CUST-14212,Prepaid Saver 30D,Prepaid,2021-03-13,Active,Agent,864,,
SUB-4213,CUST-14213,Prepaid Saver 30D,Prepaid,2024-11-22,Active,Retail,1180,,
SUB-4214,CUST-14214,Unlimited Data Max,Prepaid,2026-03-17,Active,Referral,668,,
SUB-4215,CUST-14215,Student Special 4G,Prepaid,2024-08-24,Active,Agent,1210,,
SUB-4216,CUST-14216,Student Special 4G,Prepaid,2026-05-16,Churned,Agent,973,2026-05-19,Voluntary
SUB-4217,CUST-14217,Unlimited Data Max,Prepaid,2022-02-06,Active,Agent,748,,
SUB-4218,CUST-14218,Student Special 4G,Prepaid,2021-03-13,Active,Referral,437,,
SUB-4219,CUST-14219,Student Special 4G,Prepaid,2023-11-28,Active,Retail,758,,
SUB-4220,CUST-14220,Unlimited Data Max,Prepaid,2022-11-03,Active,Retail,1363,,
SUB-4221,CUST-14221,Family Bundle,Postpaid,2020-10-14,Active,Retail,782,,
SUB-4222,CUST-14222,Unlimited Data Max,Prepaid,2021-01-12,Active,Retail,1144,,
SUB-4223,CUST-14223,Student Special 4G,Prepaid,2026-03-17,Churned,Referral,1336,2026-05-14,Voluntary
SUB-4224,CUST-14224,Prepaid Saver 30D,Prepaid,2026-01-16,Active,Online,793,,
SUB-4225,CUST-14225,Family Bundle,Postpaid,2024-02-26,Active,Online,942,,
SUB-4226,CUST-14226,Prepaid Saver 30D,Prepaid,2024-10-23,Active,Agent,1130,,
SUB-4227,CUST-14227,Prepaid Saver 30D,Prepaid,2025-07-20,Active,Agent,1372,,
SUB-4228,CUST-14228,Student Special 4G,Prepaid,2025-07-20,Active,Retail,458,,
SUB-4229,CUST-14229,Postpaid Corporate,Postpaid,2021-09-09,Active,Agent,846,,
SUB-4230,CUST-14230,Postpaid Corporate,Postpaid,2025-04-21,Churned,Referral,843,2025-08-14,Voluntary
SUB-4231,CUST-14231,Postpaid Corporate,Postpaid,2023-07-31,Active,Agent,1016,,
SUB-4232,CUST-14232,Postpaid Corporate,Postpaid,2026-02-15,Churned,Online,364,2026-05-08,Involuntary
SUB-4233,CUST-14233,Unlimited Data Max,Prepaid,2022-10-04,Churned,Retail,396,2026-05-06,Voluntary
SUB-4234,CUST-14234,Unlimited Data Max,Prepaid,2022-02-06,Active,Online,1455,,
SUB-4235,CUST-14235,Unlimited Data Max,Prepaid,2022-12-03,Active,Referral,575,,
SUB-4236,CUST-14236,Unlimited Data Max,Prepaid,2024-09-23,Active,Referral,440,,
SUB-4237,CUST-14237,Student Special 4G,Prepaid,2025-12-17,Active,Online,741,,
SUB-4238,CUST-14238,Prepaid Saver 30D,Prepaid,2024-01-27,Churned,Referral,1130,2026-01-19,Voluntary
SUB-4239,CUST-14239,Prepaid Saver 30D,Prepaid,2021-11-08,Active,Referral,1004,,
SUB-4240,CUST-14240,Unlimited Data Max,Prepaid,2025-09-18,Active,Online,892,,
SUB-4241,CUST-14241,Student Special 4G,Prepaid,2021-08-10,Churned,Online,539,2026-06-13,Voluntary
SUB-4242,CUST-14242,Unlimited Data Max,Prepaid,2021-02-11,Active,Retail,858,,
SUB-4243,CUST-14243,Unlimited Data Max,Prepaid,2022-11-03,Active,Retail,787,,
SUB-4244,CUST-14244,Student Special 4G,Prepaid,2021-07-11,Active,Online,686,,
SUB-4245,CUST-14245,Unlimited Data Max,Prepaid,2024-10-23,Active,Online,1193,,
SUB-4246,CUST-14246,Student Special 4G,Prepaid,2022-10-04,Active,Online,524,,
SUB-4247,CUST-14247,Prepaid Saver 30D,Prepaid,2022-03-08,Active,Retail,1051,,
SUB-4248,CUST-14248,Student Special 4G,Prepaid,2022-04-07,Active,Online,1462,,
SUB-4249,CUST-14249,Unlimited Data Max,Prepaid,2022-05-07,Active,Agent,957,,
SUB-4250,CUST-14250,Prepaid Saver 30D,Prepaid,2025-04-21,Active,Referral,904,,
SUB-4251,CUST-14251,Prepaid Saver 30D,Prepaid,2021-02-11,Active,Retail,1272,,
SUB-4252,CUST-14252,Postpaid Corporate,Postpaid,2022-06-06,Active,Referral,1072,,
SUB-4253,CUST-14253,Student Special 4G,Prepaid,2025-09-18,Active,Agent,1042,,
SUB-4254,CUST-14254,Unlimited Data Max,Prepaid,2022-09-04,Active,Referral,559,,
SUB-4255,CUST-14255,Postpaid Corporate,Postpaid,2021-02-11,Active,Retail,647,,
SUB-4256,CUST-14256,Unlimited Data Max,Prepaid,2026-04-16,Active,Referral,744,,
SUB-4257,CUST-14257,Student Special 4G,Prepaid,2021-04-12,Active,Retail,1301,,
SUB-4258,CUST-14258,Family Bundle,Postpaid,2024-06-25,Active,Agent,1324,,
SUB-4259,CUST-14259,Unlimited Data Max,Prepaid,2024-08-24,Active,Agent,645,,
SUB-4260,CUST-14260,Unlimited Data Max,Prepaid,2023-07-31,Active,Online,448,,
SUB-4261,CUST-14261,Student Special 4G,Prepaid,2022-04-07,Churned,Agent,509,2025-04-20,Involuntary
SUB-4262,CUST-14262,Student Special 4G,Prepaid,2025-10-18,Active,Retail,880,,
SUB-4263,CUST-14263,Postpaid Corporate,Postpaid,2024-11-22,Active,Referral,462,,
SUB-4264,CUST-14264,Prepaid Saver 30D,Prepaid,2021-09-09,Active,Referral,1106,,
SUB-4265,CUST-14265,Student Special 4G,Prepaid,2025-01-21,Active,Online,563,,
SUB-4266,CUST-14266,Prepaid Saver 30D,Prepaid,2024-05-26,Active,Agent,649,,
SUB-4267,CUST-14267,Family Bundle,Postpaid,2022-09-04,Active,Agent,1353,,
SUB-4268,CUST-14268,Student Special 4G,Prepaid,2024-12-22,Active,Retail,404,,
SUB-4269,CUST-14269,Student Special 4G,Prepaid,2026-02-15,Churned,Agent,1369,2026-05-10,Voluntary
SUB-4270,CUST-14270,Student Special 4G,Prepaid,2023-05-02,Active,Agent,1413,,
SUB-4271,CUST-14271,Family Bundle,Postpaid,2025-11-17,Churned,Retail,1200,2026-02-22,Voluntary
SUB-4272,CUST-14272,Unlimited Data Max,Prepaid,2024-02-26,Active,Agent,1024,,
SUB-4273,CUST-14273,Family Bundle,Postpaid,2022-08-05,Churned,Retail,1151,2025-06-13,Involuntary
SUB-4274,CUST-14274,Unlimited Data Max,Prepaid,2022-02-06,Active,Agent,1316,,
SUB-4275,CUST-14275,Prepaid Saver 30D,Prepaid,2020-11-13,Active,Online,429,,
SUB-4276,CUST-14276,Prepaid Saver 30D,Prepaid,2021-05-12,Active,Online,1181,,
SUB-4277,CUST-14277,Unlimited Data Max,Prepaid,2026-03-17,Active,Online,902,,
SUB-4278,CUST-14278,Prepaid Saver 30D,Prepaid,2023-07-31,Active,Retail,1448,,
SUB-4279,CUST-14279,Prepaid Saver 30D,Prepaid,2026-04-16,Active,Referral,1074,,
SUB-4280,CUST-14280,Unlimited Data Max,Prepaid,2021-10-09,Active,Agent,1313,,
SUB-4281,CUST-14281,Prepaid Saver 30D,Prepaid,2025-12-17,Active,Referral,1344,,
SUB-4282,CUST-14282,Prepaid Saver 30D,Prepaid,2021-11-08,Active,Referral,1269,,
SUB-4283,CUST-14283,Postpaid Corporate,Postpaid,2026-05-16,Churned,Retail,940,2026-06-08,Involuntary
SUB-4284,CUST-14284,Prepaid Saver 30D,Prepaid,2025-10-18,Active,Referral,953,,
SUB-4285,CUST-14285,Postpaid Corporate,Postpaid,2021-01-12,Churned,Retail,589,2025-01-09,Involuntary
SUB-4286,CUST-14286,Student Special 4G,Prepaid,2025-04-21,Active,Online,534,,
SUB-4287,CUST-14287,Postpaid Corporate,Postpaid,2023-08-30,Active,Online,1352,,
SUB-4288,CUST-14288,Unlimited Data Max,Prepaid,2023-06-01,Active,Agent,1374,,
SUB-4289,CUST-14289,Prepaid Saver 30D,Prepaid,2022-05-07,Churned,Agent,1459,2025-11-04,Voluntary
SUB-4290,CUST-14290,Prepaid Saver 30D,Prepaid,2020-12-13,Active,Agent,935,,
SUB-4291,CUST-14291,Unlimited Data Max,Prepaid,2023-12-28,Active,Referral,1162,,
SUB-4292,CUST-14292,Student Special 4G,Prepaid,2022-12-03,Active,Agent,624,,
SUB-4293,CUST-14293,Unlimited Data Max,Prepaid,2020-08-15,Active,Agent,898,,
SUB-4294,CUST-14294,Family Bundle,Postpaid,2025-10-18,Active,Online,890,,
SUB-4295,CUST-14295,Unlimited Data Max,Prepaid,2023-07-31,Active,Retail,1063,,
SUB-4296,CUST-14296,Postpaid Corporate,Postpaid,2024-08-24,Active,Retail,371,,
SUB-4297,CUST-14297,Prepaid Saver 30D,Prepaid,2020-12-13,Active,Referral,1405,,
SUB-4298,CUST-14298,Family Bundle,Postpaid,2022-11-03,Churned,Referral,1457,2026-04-03,Involuntary
SUB-4299,CUST-14299,Student Special 4G,Prepaid,2022-08-05,Active,Agent,1043,,
SUB-4300,CUST-14300,Unlimited Data Max,Prepaid,2025-04-21,Active,Agent,1433,,
SUB-4301,CUST-14301,Unlimited Data Max,Prepaid,2020-11-13,Active,Referral,858,,
SUB-4302,CUST-14302,Postpaid Corporate,Postpaid,2026-01-16,Active,Online,1395,,
SUB-4303,CUST-14303,Unlimited Data Max,Prepaid,2023-07-01,Active,Retail,560,,
SUB-4304,CUST-14304,Unlimited Data Max,Prepaid,2022-05-07,Active,Online,1393,,
SUB-4305,CUST-14305,Family Bundle,Postpaid,2021-04-12,Active,Retail,331,,
SUB-4306,CUST-14306,Postpaid Corporate,Postpaid,2024-10-23,Active,Agent,439,,
SUB-4307,CUST-14307,Unlimited Data Max,Prepaid,2024-06-25,Active,Agent,1029,,
SUB-4308,CUST-14308,Prepaid Saver 30D,Prepaid,2026-03-17,Active,Retail,1050,,
SUB-4309,CUST-14309,Unlimited Data Max,Prepaid,2022-08-05,Churned,Agent,627,2025-03-01,Voluntary
SUB-4310,CUST-14310,Student Special 4G,Prepaid,2025-04-21,Churned,Referral,410,2025-11-23,Involuntary
SUB-4311,CUST-14311,Unlimited Data Max,Prepaid,2022-11-03,Active,Online,950,,
SUB-4312,CUST-14312,Prepaid Saver 30D,Prepaid,2025-11-17,Active,Referral,1435,,
SUB-4313,CUST-14313,Unlimited Data Max,Prepaid,2023-07-31,Active,Online,1053,,
SUB-4314,CUST-14314,Family Bundle,Postpaid,2023-08-30,Active,Retail,758,,
SUB-4315,CUST-14315,Unlimited Data Max,Prepaid,2023-07-01,Churned,Referral,316,2026-01-27,Involuntary
SUB-4316,CUST-14316,Postpaid Corporate,Postpaid,2024-08-24,Active,Online,345,,
SUB-4317,CUST-14317,Prepaid Saver 30D,Prepaid,2025-05-21,Active,Referral,686,,
SUB-4318,CUST-14318,Student Special 4G,Prepaid,2021-11-08,Churned,Retail,592,2025-07-02,Voluntary
SUB-4319,CUST-14319,Unlimited Data Max,Prepaid,2021-02-11,Churned,Agent,1306,2025-08-12,Voluntary
SUB-4320,CUST-14320,Student Special 4G,Prepaid,2024-10-23,Churned,Retail,1328,2025-08-18,Involuntary
SUB-4321,CUST-14321,Family Bundle,Postpaid,2023-09-29,Active,Referral,1437,,
SUB-4322,CUST-14322,Unlimited Data Max,Prepaid,2025-10-18,Churned,Referral,428,2026-03-31,Voluntary
SUB-4323,CUST-14323,Unlimited Data Max,Prepaid,2025-07-20,Active,Retail,1381,,
SUB-4324,CUST-14324,Family Bundle,Postpaid,2024-04-26,Churned,Referral,910,2025-06-28,Voluntary
SUB-4325,CUST-14325,Prepaid Saver 30D,Prepaid,2022-04-07,Active,Retail,445,,
SUB-4326,CUST-14326,Student Special 4G,Prepaid,2022-07-06,Active,Retail,1134,,
SUB-4327,CUST-14327,Student Special 4G,Prepaid,2022-03-08,Churned,Retail,704,2025-11-13,Voluntary
SUB-4328,CUST-14328,Prepaid Saver 30D,Prepaid,2025-11-17,Active,Online,390,,
SUB-4329,CUST-14329,Unlimited Data Max,Prepaid,2026-02-15,Active,Referral,1060,,
SUB-4330,CUST-14330,Prepaid Saver 30D,Prepaid,2024-10-23,Active,Agent,793,,
SUB-4331,CUST-14331,Prepaid Saver 30D,Prepaid,2024-06-25,Active,Online,689,,
SUB-4332,CUST-14332,Prepaid Saver 30D,Prepaid,2023-06-01,Active,Retail,859,,
SUB-4333,CUST-14333,Postpaid Corporate,Postpaid,2023-01-02,Churned,Referral,1251,2025-02-25,Voluntary
SUB-4334,CUST-14334,Prepaid Saver 30D,Prepaid,2025-04-21,Active,Agent,496,,
SUB-4335,CUST-14335,Student Special 4G,Prepaid,2021-08-10,Churned,Agent,1403,2026-04-08,Voluntary
SUB-4336,CUST-14336,Unlimited Data Max,Prepaid,2022-01-07,Active,Retail,959,,
SUB-4337,CUST-14337,Prepaid Saver 30D,Prepaid,2024-07-25,Active,Referral,532,,
SUB-4338,CUST-14338,Unlimited Data Max,Prepaid,2022-09-04,Active,Online,1229,,
SUB-4339,CUST-14339,Unlimited Data Max,Prepaid,2024-08-24,Active,Online,1025,,
SUB-4340,CUST-14340,Prepaid Saver 30D,Prepaid,2026-01-16,Active,Online,927,,
SUB-4341,CUST-14341,Family Bundle,Postpaid,2022-02-06,Active,Retail,1246,,
SUB-4342,CUST-14342,Prepaid Saver 30D,Prepaid,2025-11-17,Churned,Retail,442,2026-02-24,Involuntary
SUB-4343,CUST-14343,Prepaid Saver 30D,Prepaid,2025-02-20,Active,Referral,821,,
SUB-4344,CUST-14344,Postpaid Corporate,Postpaid,2024-08-24,Active,Referral,1330,,
SUB-4345,CUST-14345,Postpaid Corporate,Postpaid,2021-03-13,Active,Referral,319,,
SUB-4346,CUST-14346,Prepaid Saver 30D,Prepaid,2023-01-02,Active,Referral,967,,
SUB-4347,CUST-14347,Prepaid Saver 30D,Prepaid,2021-10-09,Active,Agent,640,,
SUB-4348,CUST-14348,Prepaid Saver 30D,Prepaid,2021-02-11,Churned,Agent,487,2025-09-01,Voluntary
SUB-4349,CUST-14349,Unlimited Data Max,Prepaid,2021-03-13,Active,Agent,941,,
SUB-4350,CUST-14350,Prepaid Saver 30D,Prepaid,2022-11-03,Active,Retail,578,,
SUB-4351,CUST-14351,Unlimited Data Max,Prepaid,2024-04-26,Churned,Online,309,2025-10-31,Voluntary
SUB-4352,CUST-14352,Postpaid Corporate,Postpaid,2024-01-27,Active,Retail,1258,,
SUB-4353,CUST-14353,Student Special 4G,Prepaid,2025-06-20,Active,Online,972,,
SUB-4354,CUST-14354,Prepaid Saver 30D,Prepaid,2023-01-02,Active,Online,310,,
SUB-4355,CUST-14355,Unlimited Data Max,Prepaid,2023-01-02,Active,Agent,604,,
SUB-4356,CUST-14356,Student Special 4G,Prepaid,2020-09-14,Active,Referral,731,,
SUB-4357,CUST-14357,Prepaid Saver 30D,Prepaid,2025-04-21,Active,Online,1084,,
SUB-4358,CUST-14358,Postpaid Corporate,Postpaid,2022-01-07,Churned,Retail,502,2025-04-05,Involuntary
SUB-4359,CUST-14359,Student Special 4G,Prepaid,2024-11-22,Active,Agent,329,,
SUB-4360,CUST-14360,Postpaid Corporate,Postpaid,2025-12-17,Active,Agent,1313,,
SUB-4361,CUST-14361,Postpaid Corporate,Postpaid,2024-01-27,Active,Referral,1179,,
SUB-4362,CUST-14362,Prepaid Saver 30D,Prepaid,2020-10-14,Active,Agent,782,,
SUB-4363,CUST-14363,Family Bundle,Postpaid,2023-09-29,Active,Referral,1043,,
SUB-4364,CUST-14364,Postpaid Corporate,Postpaid,2025-04-21,Active,Retail,1398,,
SUB-4365,CUST-14365,Unlimited Data Max,Prepaid,2024-07-25,Active,Online,367,,
SUB-4366,CUST-14366,Prepaid Saver 30D,Prepaid,2022-05-07,Active,Referral,473,,
SUB-4367,CUST-14367,Unlimited Data Max,Prepaid,2024-09-23,Active,Online,1466,,
SUB-4368,CUST-14368,Prepaid Saver 30D,Prepaid,2025-01-21,Active,Referral,1272,,
SUB-4369,CUST-14369,Unlimited Data Max,Prepaid,2024-12-22,Active,Retail,340,,
SUB-4370,CUST-14370,Postpaid Corporate,Postpaid,2025-12-17,Active,Agent,1273,,
SUB-4371,CUST-14371,Prepaid Saver 30D,Prepaid,2022-06-06,Active,Online,658,,
SUB-4372,CUST-14372,Prepaid Saver 30D,Prepaid,2024-07-25,Churned,Referral,442,2026-02-01,Voluntary
SUB-4373,CUST-14373,Postpaid Corporate,Postpaid,2024-08-24,Churned,Agent,404,2026-03-27,Voluntary
SUB-4374,CUST-14374,Prepaid Saver 30D,Prepaid,2024-06-25,Churned,Online,787,2025-09-06,Involuntary
SUB-4375,CUST-14375,Prepaid Saver 30D,Prepaid,2022-05-07,Active,Retail,982,,
SUB-4376,CUST-14376,Prepaid Saver 30D,Prepaid,2021-04-12,Active,Retail,1396,,
SUB-4377,CUST-14377,Prepaid Saver 30D,Prepaid,2022-02-06,Active,Referral,785,,
SUB-4378,CUST-14378,Family Bundle,Postpaid,2023-02-01,Churned,Referral,1404,2025-10-08,Voluntary
SUB-4379,CUST-14379,Prepaid Saver 30D,Prepaid,2022-04-07,Active,Retail,302,,
SUB-4380,CUST-14380,Prepaid Saver 30D,Prepaid,2025-01-21,Active,Online,967,,
SUB-4381,CUST-14381,Family Bundle,Postpaid,2021-02-11,Churned,Online,1009,2025-10-09,Involuntary
SUB-4382,CUST-14382,Postpaid Corporate,Postpaid,2022-11-03,Active,Retail,1229,,
SUB-4383,CUST-14383,Prepaid Saver 30D,Prepaid,2020-11-13,Active,Online,1419,,
SUB-4384,CUST-14384,Prepaid Saver 30D,Prepaid,2024-10-23,Active,Referral,1381,,
SUB-4385,CUST-14385,Student Special 4G,Prepaid,2025-07-20,Active,Referral,1105,,
SUB-4386,CUST-14386,Prepaid Saver 30D,Prepaid,2022-04-07,Active,Referral,355,,
SUB-4387,CUST-14387,Prepaid Saver 30D,Prepaid,2024-07-25,Active,Agent,1261,,
SUB-4388,CUST-14388,Prepaid Saver 30D,Prepaid,2025-03-22,Active,Retail,923,,
SUB-4389,CUST-14389,Unlimited Data Max,Prepaid,2021-11-08,Active,Retail,485,,
SUB-4390,CUST-14390,Prepaid Saver 30D,Prepaid,2023-05-02,Active,Online,936,,
SUB-4391,CUST-14391,Family Bundle,Postpaid,2021-11-08,Active,Referral,344,,
SUB-4392,CUST-14392,Family Bundle,Postpaid,2024-12-22,Churned,Online,325,2026-03-24,Voluntary
SUB-4393,CUST-14393,Postpaid Corporate,Postpaid,2025-12-17,Active,Referral,572,,
SUB-4394,CUST-14394,Student Special 4G,Prepaid,2023-12-28,Active,Retail,1242,,
SUB-4395,CUST-14395,Student Special 4G,Prepaid,2020-10-14,Active,Online,305,,
SUB-4396,CUST-14396,Family Bundle,Postpaid,2023-01-02,Active,Referral,1205,,
SUB-4397,CUST-14397,Student Special 4G,Prepaid,2021-06-11,Active,Referral,1314,,
SUB-4398,CUST-14398,Student Special 4G,Prepaid,2021-07-11,Active,Agent,1258,,
SUB-4399,CUST-14399,Unlimited Data Max,Prepaid,2021-03-13,Active,Referral,760,,
SUB-4400,CUST-14400,Unlimited Data Max,Prepaid,2023-09-29,Churned,Agent,443,2025-05-03,Voluntary
SUB-4401,CUST-14401,Unlimited Data Max,Prepaid,2025-03-22,Active,Retail,1382,,
SUB-4402,CUST-14402,Postpaid Corporate,Postpaid,2021-03-13,Active,Referral,564,,
SUB-4403,CUST-14403,Family Bundle,Postpaid,2023-07-01,Active,Referral,1439,,
SUB-4404,CUST-14404,Family Bundle,Postpaid,2024-07-25,Churned,Retail,1453,2025-08-05,Involuntary
SUB-4405,CUST-14405,Student Special 4G,Prepaid,2023-10-29,Active,Referral,1001,,
SUB-4406,CUST-14406,Student Special 4G,Prepaid,2021-11-08,Active,Online,1028,,
SUB-4407,CUST-14407,Prepaid Saver 30D,Prepaid,2024-04-26,Active,Online,1142,,
SUB-4408,CUST-14408,Prepaid Saver 30D,Prepaid,2021-07-11,Churned,Retail,315,2025-05-17,Voluntary
SUB-4409,CUST-14409,Postpaid Corporate,Postpaid,2025-01-21,Active,Retail,1385,,
SUB-4410,CUST-14410,Unlimited Data Max,Prepaid,2024-07-25,Active,Agent,764,,
SUB-4411,CUST-14411,Student Special 4G,Prepaid,2025-08-19,Churned,Online,680,2025-09-13,Voluntary
SUB-4412,CUST-14412,Postpaid Corporate,Postpaid,2021-05-12,Active,Referral,546,,
SUB-4413,CUST-14413,Unlimited Data Max,Prepaid,2021-05-12,Active,Retail,1057,,
SUB-4414,CUST-14414,Postpaid Corporate,Postpaid,2025-03-22,Active,Retail,1080,,
SUB-4415,CUST-14415,Prepaid Saver 30D,Prepaid,2023-05-02,Active,Retail,332,,
SUB-4416,CUST-14416,Student Special 4G,Prepaid,2021-10-09,Active,Referral,945,,
SUB-4417,CUST-14417,Student Special 4G,Prepaid,2022-12-03,Active,Retail,393,,
SUB-4418,CUST-14418,Prepaid Saver 30D,Prepaid,2022-09-04,Active,Agent,1458,,
SUB-4419,CUST-14419,Student Special 4G,Prepaid,2024-11-22,Active,Retail,423,,
SUB-4420,CUST-14420,Unlimited Data Max,Prepaid,2026-03-17,Active,Referral,1162,,
SUB-4421,CUST-14421,Prepaid Saver 30D,Prepaid,2020-12-13,Active,Retail,376,,
SUB-4422,CUST-14422,Prepaid Saver 30D,Prepaid,2021-02-11,Active,Online,1378,,
SUB-4423,CUST-14423,Student Special 4G,Prepaid,2020-12-13,Active,Referral,1186,,
SUB-4424,CUST-14424,Family Bundle,Postpaid,2026-02-15,Active,Retail,1057,,
SUB-4425,CUST-14425,Unlimited Data Max,Prepaid,2022-07-06,Active,Online,1268,,
SUB-4426,CUST-14426,Postpaid Corporate,Postpaid,2024-12-22,Active,Referral,820,,
SUB-4427,CUST-14427,Student Special 4G,Prepaid,2024-07-25,Active,Online,347,,
SUB-4428,CUST-14428,Family Bundle,Postpaid,2023-12-28,Active,Retail,1083,,
SUB-4429,CUST-14429,Prepaid Saver 30D,Prepaid,2025-01-21,Active,Online,1310,,
SUB-4430,CUST-14430,Unlimited Data Max,Prepaid,2022-12-03,Active,Agent,1148,,
SUB-4431,CUST-14431,Prepaid Saver 30D,Prepaid,2022-12-03,Active,Retail,441,,
SUB-4432,CUST-14432,Family Bundle,Postpaid,2021-01-12,Churned,Agent,1146,2025-08-14,Voluntary
SUB-4433,CUST-14433,Prepaid Saver 30D,Prepaid,2021-07-11,Active,Agent,1335,,
SUB-4434,CUST-14434,Prepaid Saver 30D,Prepaid,2022-05-07,Active,Online,349,,
SUB-4435,CUST-14435,Family Bundle,Postpaid,2020-10-14,Active,Agent,326,,
SUB-4436,CUST-14436,Prepaid Saver 30D,Prepaid,2023-11-28,Churned,Referral,1470,2025-10-24,Voluntary
SUB-4437,CUST-14437,Postpaid Corporate,Postpaid,2026-01-16,Churned,Retail,340,2026-02-20,Voluntary
SUB-4438,CUST-14438,Family Bundle,Postpaid,2021-04-12,Active,Agent,375,,
SUB-4439,CUST-14439,Prepaid Saver 30D,Prepaid,2024-06-25,Active,Referral,1419,,
SUB-4440,CUST-14440,Prepaid Saver 30D,Prepaid,2023-10-29,Active,Online,1328,,
SUB-4441,CUST-14441,Prepaid Saver 30D,Prepaid,2024-02-26,Active,Agent,804,,
SUB-4442,CUST-14442,Postpaid Corporate,Postpaid,2021-02-11,Active,Agent,794,,
SUB-4443,CUST-14443,Unlimited Data Max,Prepaid,2024-03-27,Active,Agent,991,,
SUB-4444,CUST-14444,Unlimited Data Max,Prepaid,2022-06-06,Active,Online,859,,
SUB-4445,CUST-14445,Prepaid Saver 30D,Prepaid,2022-07-06,Active,Agent,1301,,
SUB-4446,CUST-14446,Prepaid Saver 30D,Prepaid,2023-03-03,Active,Referral,1038,,
SUB-4447,CUST-14447,Student Special 4G,Prepaid,2023-04-02,Active,Referral,767,,
SUB-4448,CUST-14448,Prepaid Saver 30D,Prepaid,2025-12-17,Active,Agent,1299,,
SUB-4449,CUST-14449,Student Special 4G,Prepaid,2021-03-13,Active,Retail,1355,,
SUB-4450,CUST-14450,Family Bundle,Postpaid,2024-06-25,Active,Agent,444,,
SUB-4451,CUST-14451,Postpaid Corporate,Postpaid,2025-02-20,Churned,Online,1453,2025-07-08,Voluntary
SUB-4452,CUST-14452,Postpaid Corporate,Postpaid,2025-02-20,Active,Referral,1254,,
SUB-4453,CUST-14453,Unlimited Data Max,Prepaid,2024-01-27,Active,Retail,1109,,
SUB-4454,CUST-14454,Prepaid Saver 30D,Prepaid,2022-10-04,Active,Referral,1246,,
SUB-4455,CUST-14455,Prepaid Saver 30D,Prepaid,2023-04-02,Churned,Retail,801,2025-09-02,Involuntary
SUB-4456,CUST-14456,Prepaid Saver 30D,Prepaid,2021-07-11,Active,Agent,698,,
SUB-4457,CUST-14457,Family Bundle,Postpaid,2021-09-09,Active,Online,1086,,
SUB-4458,CUST-14458,Prepaid Saver 30D,Prepaid,2024-06-25,Active,Agent,1077,,
SUB-4459,CUST-14459,Unlimited Data Max,Prepaid,2021-08-10,Active,Agent,827,,
SUB-4460,CUST-14460,Student Special 4G,Prepaid,2022-06-06,Active,Agent,1203,,
SUB-4461,CUST-14461,Family Bundle,Postpaid,2021-05-12,Active,Online,651,,
SUB-4462,CUST-14462,Student Special 4G,Prepaid,2026-05-16,Active,Online,1411,,
SUB-4463,CUST-14463,Unlimited Data Max,Prepaid,2023-06-01,Churned,Agent,869,2025-05-23,Voluntary
SUB-4464,CUST-14464,Prepaid Saver 30D,Prepaid,2022-10-04,Active,Referral,1348,,
SUB-4465,CUST-14465,Prepaid Saver 30D,Prepaid,2024-12-22,Churned,Online,1106,2025-08-11,Voluntary
SUB-4466,CUST-14466,Postpaid Corporate,Postpaid,2022-08-05,Active,Retail,975,,
SUB-4467,CUST-14467,Postpaid Corporate,Postpaid,2022-03-08,Active,Referral,1138,,
SUB-4468,CUST-14468,Student Special 4G,Prepaid,2025-08-19,Active,Referral,1465,,
SUB-4469,CUST-14469,Unlimited Data Max,Prepaid,2020-11-13,Active,Retail,568,,
SUB-4470,CUST-14470,Family Bundle,Postpaid,2020-11-13,Active,Retail,608,,
SUB-4471,CUST-14471,Unlimited Data Max,Prepaid,2024-09-23,Active,Online,425,,
SUB-4472,CUST-14472,Unlimited Data Max,Prepaid,2025-03-22,Churned,Online,974,2026-04-22,Voluntary
SUB-4473,CUST-14473,Student Special 4G,Prepaid,2025-03-22,Active,Online,402,,
SUB-4474,CUST-14474,Prepaid Saver 30D,Prepaid,2026-03-17,Active,Agent,870,,
SUB-4475,CUST-14475,Prepaid Saver 30D,Prepaid,2026-04-16,Active,Referral,706,,
SUB-4476,CUST-14476,Prepaid Saver 30D,Prepaid,2024-07-25,Active,Referral,1052,,
SUB-4477,CUST-14477,Unlimited Data Max,Prepaid,2022-07-06,Active,Retail,1389,,
SUB-4478,CUST-14478,Unlimited Data Max,Prepaid,2022-06-06,Active,Referral,1132,,
SUB-4479,CUST-14479,Student Special 4G,Prepaid,2023-04-02,Active,Retail,919,,
SUB-4480,CUST-14480,Unlimited Data Max,Prepaid,2022-08-05,Active,Online,1323,,
SUB-4481,CUST-14481,Family Bundle,Postpaid,2025-08-19,Churned,Retail,411,2026-01-20,Involuntary
SUB-4482,CUST-14482,Student Special 4G,Prepaid,2020-08-15,Active,Online,1201,,
SUB-4483,CUST-14483,Student Special 4G,Prepaid,2025-03-22,Active,Agent,565,,
SUB-4484,CUST-14484,Student Special 4G,Prepaid,2024-03-27,Active,Agent,794,,
SUB-4485,CUST-14485,Postpaid Corporate,Postpaid,2022-07-06,Active,Online,1268,,
SUB-4486,CUST-14486,Prepaid Saver 30D,Prepaid,2025-08-19,Active,Online,815,,
SUB-4487,CUST-14487,Family Bundle,Postpaid,2023-11-28,Active,Agent,1447,,
SUB-4488,CUST-14488,Prepaid Saver 30D,Prepaid,2020-12-13,Active,Online,1314,,
SUB-4489,CUST-14489,Unlimited Data Max,Prepaid,2025-01-21,Active,Retail,857,,
SUB-4490,CUST-14490,Prepaid Saver 30D,Prepaid,2022-11-03,Active,Referral,627,,
SUB-4491,CUST-14491,Unlimited Data Max,Prepaid,2022-11-03,Churned,Agent,1360,2025-05-17,Voluntary
SUB-4492,CUST-14492,Postpaid Corporate,Postpaid,2025-12-17,Active,Online,568,,
SUB-4493,CUST-14493,Family Bundle,Postpaid,2026-02-15,Active,Agent,734,,
SUB-4494,CUST-14494,Postpaid Corporate,Postpaid,2025-07-20,Churned,Agent,953,2026-03-02,Voluntary
SUB-4495,CUST-14495,Unlimited Data Max,Prepaid,2026-04-16,Churned,Referral,1332,2026-04-21,Voluntary
SUB-4496,CUST-14496,Unlimited Data Max,Prepaid,2023-05-02,Churned,Referral,640,2025-12-06,Voluntary
SUB-4497,CUST-14497,Prepaid Saver 30D,Prepaid,2024-11-22,Active,Retail,1326,,
SUB-4498,CUST-14498,Unlimited Data Max,Prepaid,2022-12-03,Churned,Online,610,2025-03-29,Voluntary
SUB-4499,CUST-14499,Prepaid Saver 30D,Prepaid,2024-09-23,Churned,Agent,1223,2025-03-15,Voluntary
SUB-4500,CUST-14500,Student Special 4G,Prepaid,2024-05-26,Active,Referral,362,,
SUB-4501,CUST-14501,Postpaid Corporate,Postpaid,2025-10-18,Active,Retail,998,,
SUB-4502,CUST-14502,Postpaid Corporate,Postpaid,2021-10-09,Active,Online,1377,,
SUB-4503,CUST-14503,Prepaid Saver 30D,Prepaid,2025-09-18,Active,Online,1390,,
SUB-4504,CUST-14504,Unlimited Data Max,Prepaid,2021-02-11,Active,Agent,1043,,
SUB-4505,CUST-14505,Postpaid Corporate,Postpaid,2025-06-20,Active,Online,1284,,
SUB-4506,CUST-14506,Prepaid Saver 30D,Prepaid,2020-08-15,Active,Online,340,,
SUB-4507,CUST-14507,Prepaid Saver 30D,Prepaid,2022-03-08,Active,Agent,1209,,
SUB-4508,CUST-14508,Postpaid Corporate,Postpaid,2021-08-10,Active,Referral,359,,
SUB-4509,CUST-14509,Prepaid Saver 30D,Prepaid,2021-09-09,Active,Agent,446,,
SUB-4510,CUST-14510,Unlimited Data Max,Prepaid,2023-10-29,Active,Agent,1421,,
SUB-4511,CUST-14511,Prepaid Saver 30D,Prepaid,2025-05-21,Active,Online,596,,
SUB-4512,CUST-14512,Prepaid Saver 30D,Prepaid,2022-06-06,Active,Agent,891,,
SUB-4513,CUST-14513,Postpaid Corporate,Postpaid,2022-08-05,Active,Agent,1469,,
SUB-4514,CUST-14514,Unlimited Data Max,Prepaid,2021-09-09,Active,Retail,1129,,
SUB-4515,CUST-14515,Student Special 4G,Prepaid,2025-01-21,Active,Agent,518,,
SUB-4516,CUST-14516,Prepaid Saver 30D,Prepaid,2021-08-10,Active,Referral,880,,
SUB-4517,CUST-14517,Unlimited Data Max,Prepaid,2021-04-12,Active,Referral,861,,
SUB-4518,CUST-14518,Unlimited Data Max,Prepaid,2022-03-08,Churned,Agent,1221,2025-03-08,Voluntary
SUB-4519,CUST-14519,Family Bundle,Postpaid,2024-10-23,Churned,Agent,814,2025-06-05,Voluntary
SUB-4520,CUST-14520,Prepaid Saver 30D,Prepaid,2024-12-22,Churned,Retail,1030,2025-08-24,Voluntary
SUB-4521,CUST-14521,Student Special 4G,Prepaid,2025-08-19,Active,Online,1406,,
SUB-4522,CUST-14522,Student Special 4G,Prepaid,2021-08-10,Active,Online,1018,,
SUB-4523,CUST-14523,Prepaid Saver 30D,Prepaid,2023-10-29,Active,Online,1124,,
SUB-4524,CUST-14524,Prepaid Saver 30D,Prepaid,2024-08-24,Active,Retail,1276,,
SUB-4525,CUST-14525,Postpaid Corporate,Postpaid,2025-07-20,Active,Agent,1076,,
SUB-4526,CUST-14526,Student Special 4G,Prepaid,2023-07-01,Active,Retail,433,,
SUB-4527,CUST-14527,Prepaid Saver 30D,Prepaid,2025-03-22,Churned,Referral,1094,2025-09-06,Involuntary
SUB-4528,CUST-14528,Family Bundle,Postpaid,2021-07-11,Active,Retail,511,,
SUB-4529,CUST-14529,Postpaid Corporate,Postpaid,2024-05-26,Active,Agent,991,,
SUB-4530,CUST-14530,Student Special 4G,Prepaid,2023-10-29,Active,Online,847,,
SUB-4531,CUST-14531,Unlimited Data Max,Prepaid,2022-08-05,Active,Referral,863,,
SUB-4532,CUST-14532,Prepaid Saver 30D,Prepaid,2022-05-07,Active,Retail,1114,,
SUB-4533,CUST-14533,Unlimited Data Max,Prepaid,2025-09-18,Active,Referral,371,,
SUB-4534,CUST-14534,Family Bundle,Postpaid,2025-12-17,Active,Agent,1393,,
SUB-4535,CUST-14535,Unlimited Data Max,Prepaid,2024-09-23,Active,Retail,1044,,
SUB-4536,CUST-14536,Postpaid Corporate,Postpaid,2022-01-07,Active,Agent,1236,,
SUB-4537,CUST-14537,Unlimited Data Max,Prepaid,2021-06-11,Active,Agent,543,,
SUB-4538,CUST-14538,Unlimited Data Max,Prepaid,2020-09-14,Active,Retail,1273,,
SUB-4539,CUST-14539,Prepaid Saver 30D,Prepaid,2024-10-23,Active,Agent,535,,
SUB-4540,CUST-14540,Student Special 4G,Prepaid,2021-12-08,Active,Agent,1099,,
SUB-4541,CUST-14541,Prepaid Saver 30D,Prepaid,2025-06-20,Active,Online,813,,
SUB-4542,CUST-14542,Student Special 4G,Prepaid,2025-04-21,Active,Agent,1318,,
SUB-4543,CUST-14543,Student Special 4G,Prepaid,2023-05-02,Active,Agent,1378,,
SUB-4544,CUST-14544,Family Bundle,Postpaid,2025-11-17,Active,Online,1359,,
SUB-4545,CUST-14545,Postpaid Corporate,Postpaid,2026-03-17,Active,Agent,1027,,
SUB-4546,CUST-14546,Postpaid Corporate,Postpaid,2020-08-15,Active,Retail,811,,
SUB-4547,CUST-14547,Postpaid Corporate,Postpaid,2021-09-09,Churned,Online,729,2025-09-26,Voluntary
SUB-4548,CUST-14548,Unlimited Data Max,Prepaid,2022-07-06,Active,Referral,1258,,
SUB-4549,CUST-14549,Prepaid Saver 30D,Prepaid,2025-02-20,Active,Agent,394,,
SUB-4550,CUST-14550,Student Special 4G,Prepaid,2025-12-17,Churned,Retail,1196,2026-06-04,Voluntary
SUB-4551,CUST-14551,Unlimited Data Max,Prepaid,2025-08-19,Active,Online,594,,
SUB-4552,CUST-14552,Unlimited Data Max,Prepaid,2023-12-28,Active,Referral,659,,
SUB-4553,CUST-14553,Postpaid Corporate,Postpaid,2021-09-09,Active,Retail,1324,,
SUB-4554,CUST-14554,Student Special 4G,Prepaid,2022-12-03,Active,Retail,504,,
SUB-4555,CUST-14555,Prepaid Saver 30D,Prepaid,2021-07-11,Active,Agent,929,,
SUB-4556,CUST-14556,Student Special 4G,Prepaid,2021-02-11,Churned,Referral,1130,2025-07-05,Voluntary
SUB-4557,CUST-14557,Prepaid Saver 30D,Prepaid,2022-02-06,Active,Agent,1179,,
SUB-4558,CUST-14558,Prepaid Saver 30D,Prepaid,2025-10-18,Active,Online,313,,
SUB-4559,CUST-14559,Family Bundle,Postpaid,2025-01-21,Active,Agent,917,,
SUB-4560,CUST-14560,Prepaid Saver 30D,Prepaid,2024-06-25,Churned,Online,1047,2025-09-14,Involuntary
SUB-4561,CUST-14561,Prepaid Saver 30D,Prepaid,2023-05-02,Active,Agent,1072,,
SUB-4562,CUST-14562,Family Bundle,Postpaid,2021-10-09,Churned,Retail,511,2026-01-10,Voluntary
SUB-4563,CUST-14563,Prepaid Saver 30D,Prepaid,2020-10-14,Active,Agent,1493,,
SUB-4564,CUST-14564,Unlimited Data Max,Prepaid,2020-09-14,Active,Retail,1186,,
SUB-4565,CUST-14565,Family Bundle,Postpaid,2023-08-30,Active,Online,1160,,
SUB-4566,CUST-14566,Prepaid Saver 30D,Prepaid,2020-08-15,Churned,Agent,1103,2025-11-14,Involuntary
SUB-4567,CUST-14567,Family Bundle,Postpaid,2020-11-13,Active,Agent,1444,,
SUB-4568,CUST-14568,Student Special 4G,Prepaid,2025-06-20,Active,Retail,413,,
SUB-4569,CUST-14569,Prepaid Saver 30D,Prepaid,2022-06-06,Active,Referral,989,,
SUB-4570,CUST-14570,Prepaid Saver 30D,Prepaid,2023-10-29,Active,Online,952,,
SUB-4571,CUST-14571,Prepaid Saver 30D,Prepaid,2021-07-11,Active,Online,1498,,
SUB-4572,CUST-14572,Unlimited Data Max,Prepaid,2021-05-12,Active,Online,1444,,
SUB-4573,CUST-14573,Prepaid Saver 30D,Prepaid,2025-04-21,Active,Online,1125,,
SUB-4574,CUST-14574,Student Special 4G,Prepaid,2022-12-03,Churned,Agent,1163,2026-05-13,Voluntary
SUB-4575,CUST-14575,Family Bundle,Postpaid,2021-01-12,Active,Retail,412,,
SUB-4576,CUST-14576,Family Bundle,Postpaid,2022-07-06,Active,Online,1197,,
SUB-4577,CUST-14577,Family Bundle,Postpaid,2021-06-11,Active,Retail,653,,
SUB-4578,CUST-14578,Unlimited Data Max,Prepaid,2022-03-08,Active,Retail,708,,
SUB-4579,CUST-14579,Prepaid Saver 30D,Prepaid,2021-11-08,Active,Retail,317,,
SUB-4580,CUST-14580,Unlimited Data Max,Prepaid,2021-06-11,Active,Retail,807,,
SUB-4581,CUST-14581,Postpaid Corporate,Postpaid,2020-12-13,Active,Online,1298,,
SUB-4582,CUST-14582,Family Bundle,Postpaid,2025-03-22,Active,Referral,368,,
SUB-4583,CUST-14583,Student Special 4G,Prepaid,2021-10-09,Churned,Agent,302,2025-06-01,Voluntary
SUB-4584,CUST-14584,Student Special 4G,Prepaid,2024-02-26,Active,Retail,321,,
SUB-4585,CUST-14585,Prepaid Saver 30D,Prepaid,2023-02-01,Active,Online,767,,
SUB-4586,CUST-14586,Prepaid Saver 30D,Prepaid,2022-08-05,Churned,Retail,301,2025-11-25,Involuntary
SUB-4587,CUST-14587,Prepaid Saver 30D,Prepaid,2022-08-05,Active,Agent,385,,
SUB-4588,CUST-14588,Prepaid Saver 30D,Prepaid,2025-04-21,Active,Referral,1324,,
SUB-4589,CUST-14589,Prepaid Saver 30D,Prepaid,2021-08-10,Active,Online,1055,,
SUB-4590,CUST-14590,Student Special 4G,Prepaid,2022-04-07,Churned,Agent,748,2026-01-27,Voluntary
SUB-4591,CUST-14591,Prepaid Saver 30D,Prepaid,2022-01-07,Active,Agent,618,,
SUB-4592,CUST-14592,Postpaid Corporate,Postpaid,2022-11-03,Active,Referral,1402,,
SUB-4593,CUST-14593,Student Special 4G,Prepaid,2022-12-03,Churned,Online,1132,2025-06-02,Involuntary
SUB-4594,CUST-14594,Prepaid Saver 30D,Prepaid,2024-10-23,Active,Retail,1350,,
SUB-4595,CUST-14595,Postpaid Corporate,Postpaid,2022-12-03,Active,Retail,1303,,
SUB-4596,CUST-14596,Student Special 4G,Prepaid,2024-10-23,Active,Agent,541,,
SUB-4597,CUST-14597,Family Bundle,Postpaid,2021-04-12,Active,Referral,1396,,
SUB-4598,CUST-14598,Unlimited Data Max,Prepaid,2026-02-15,Churned,Agent,944,2026-05-19,Voluntary
SUB-4599,CUST-14599,Postpaid Corporate,Postpaid,2026-05-16,Active,Online,660,,
SUB-4600,CUST-14600,Prepaid Saver 30D,Prepaid,2022-03-08,Active,Online,937,,
SUB-4601,CUST-14601,Prepaid Saver 30D,Prepaid,2022-04-07,Active,Online,427,,
SUB-4602,CUST-14602,Unlimited Data Max,Prepaid,2023-03-03,Active,Referral,1398,,
SUB-4603,CUST-14603,Prepaid Saver 30D,Prepaid,2023-02-01,Active,Online,382,,
SUB-4604,CUST-14604,Prepaid Saver 30D,Prepaid,2026-03-17,Active,Online,1480,,
SUB-4605,CUST-14605,Postpaid Corporate,Postpaid,2021-07-11,Active,Retail,913,,
SUB-4606,CUST-14606,Prepaid Saver 30D,Prepaid,2021-06-11,Active,Online,456,,
SUB-4607,CUST-14607,Unlimited Data Max,Prepaid,2025-03-22,Active,Referral,325,,
SUB-4608,CUST-14608,Student Special 4G,Prepaid,2026-04-16,Churned,Referral,1400,2026-06-05,Voluntary
SUB-4609,CUST-14609,Unlimited Data Max,Prepaid,2023-05-02,Active,Agent,1227,,
SUB-4610,CUST-14610,Prepaid Saver 30D,Prepaid,2024-12-22,Active,Referral,323,,
SUB-4611,CUST-14611,Unlimited Data Max,Prepaid,2025-08-19,Active,Referral,490,,
SUB-4612,CUST-14612,Prepaid Saver 30D,Prepaid,2025-09-18,Churned,Referral,533,2025-12-05,Voluntary
SUB-4613,CUST-14613,Prepaid Saver 30D,Prepaid,2022-08-05,Active,Agent,839,,
SUB-4614,CUST-14614,Student Special 4G,Prepaid,2024-04-26,Active,Referral,421,,
SUB-4615,CUST-14615,Postpaid Corporate,Postpaid,2021-12-08,Active,Agent,1477,,
SUB-4616,CUST-14616,Unlimited Data Max,Prepaid,2024-07-25,Active,Referral,654,,
SUB-4617,CUST-14617,Unlimited Data Max,Prepaid,2022-10-04,Active,Agent,906,,
SUB-4618,CUST-14618,Student Special 4G,Prepaid,2024-10-23,Active,Agent,1145,,
SUB-4619,CUST-14619,Unlimited Data Max,Prepaid,2023-03-03,Active,Referral,1416,,
SUB-4620,CUST-14620,Unlimited Data Max,Prepaid,2022-05-07,Active,Referral,407,,
SUB-4621,CUST-14621,Unlimited Data Max,Prepaid,2024-05-26,Churned,Referral,856,2025-01-11,Voluntary
SUB-4622,CUST-14622,Student Special 4G,Prepaid,2021-03-13,Active,Referral,765,,
SUB-4623,CUST-14623,Postpaid Corporate,Postpaid,2022-09-04,Active,Agent,778,,
SUB-4624,CUST-14624,Prepaid Saver 30D,Prepaid,2025-03-22,Active,Referral,1272,,
SUB-4625,CUST-14625,Unlimited Data Max,Prepaid,2021-03-13,Active,Referral,1278,,
SUB-4626,CUST-14626,Student Special 4G,Prepaid,2023-07-01,Active,Online,508,,
SUB-4627,CUST-14627,Unlimited Data Max,Prepaid,2022-03-08,Active,Agent,1413,,
SUB-4628,CUST-14628,Prepaid Saver 30D,Prepaid,2024-05-26,Active,Referral,1377,,
SUB-4629,CUST-14629,Student Special 4G,Prepaid,2026-04-16,Churned,Online,791,2026-06-06,Involuntary
SUB-4630,CUST-14630,Unlimited Data Max,Prepaid,2023-03-03,Active,Online,917,,
SUB-4631,CUST-14631,Prepaid Saver 30D,Prepaid,2023-06-01,Active,Agent,614,,
SUB-4632,CUST-14632,Postpaid Corporate,Postpaid,2022-03-08,Active,Retail,904,,
SUB-4633,CUST-14633,Postpaid Corporate,Postpaid,2022-02-06,Churned,Referral,1084,2025-11-21,Voluntary
SUB-4634,CUST-14634,Prepaid Saver 30D,Prepaid,2022-06-06,Churned,Retail,656,2025-01-29,Voluntary
SUB-4635,CUST-14635,Prepaid Saver 30D,Prepaid,2023-07-01,Active,Agent,971,,
SUB-4636,CUST-14636,Prepaid Saver 30D,Prepaid,2026-05-16,Churned,Online,647,2026-06-04,Voluntary
SUB-4637,CUST-14637,Prepaid Saver 30D,Prepaid,2023-01-02,Active,Referral,921,,
SUB-4638,CUST-14638,Prepaid Saver 30D,Prepaid,2020-11-13,Active,Online,1043,,
SUB-4639,CUST-14639,Prepaid Saver 30D,Prepaid,2021-02-11,Active,Retail,751,,
SUB-4640,CUST-14640,Prepaid Saver 30D,Prepaid,2025-12-17,Active,Agent,600,,
SUB-4641,CUST-14641,Prepaid Saver 30D,Prepaid,2021-04-12,Churned,Online,1437,2025-03-22,Voluntary
SUB-4642,CUST-14642,Prepaid Saver 30D,Prepaid,2025-07-20,Churned,Agent,392,2026-05-22,Voluntary
SUB-4643,CUST-14643,Prepaid Saver 30D,Prepaid,2025-12-17,Active,Online,954,,
SUB-4644,CUST-14644,Postpaid Corporate,Postpaid,2026-04-16,Active,Referral,612,,
SUB-4645,CUST-14645,Family Bundle,Postpaid,2023-06-01,Active,Retail,1148,,
SUB-4646,CUST-14646,Postpaid Corporate,Postpaid,2025-05-21,Active,Online,396,,
SUB-4647,CUST-14647,Postpaid Corporate,Postpaid,2022-10-04,Active,Online,980,,
SUB-4648,CUST-14648,Unlimited Data Max,Prepaid,2023-08-30,Churned,Referral,830,2025-12-19,Voluntary
SUB-4649,CUST-14649,Student Special 4G,Prepaid,2021-06-11,Churned,Agent,343,2025-03-13,Voluntary
SUB-4650,CUST-14650,Prepaid Saver 30D,Prepaid,2025-03-22,Active,Agent,1443,,
SUB-4651,CUST-14651,Student Special 4G,Prepaid,2024-11-22,Active,Referral,358,,
SUB-4652,CUST-14652,Family Bundle,Postpaid,2023-06-01,Churned,Online,1042,2025-09-25,Voluntary
SUB-4653,CUST-14653,Unlimited Data Max,Prepaid,2025-08-19,Active,Online,1332,,
SUB-4654,CUST-14654,Family Bundle,Postpaid,2023-09-29,Active,Retail,1029,,
SUB-4655,CUST-14655,Postpaid Corporate,Postpaid,2022-12-03,Active,Agent,541,,
SUB-4656,CUST-14656,Postpaid Corporate,Postpaid,2022-11-03,Active,Retail,1014,,
SUB-4657,CUST-14657,Prepaid Saver 30D,Prepaid,2023-08-30,Active,Referral,1173,,
SUB-4658,CUST-14658,Prepaid Saver 30D,Prepaid,2025-10-18,Active,Agent,1290,,
SUB-4659,CUST-14659,Student Special 4G,Prepaid,2024-11-22,Active,Agent,472,,
SUB-4660,CUST-14660,Unlimited Data Max,Prepaid,2025-12-17,Active,Agent,1450,,
SUB-4661,CUST-14661,Prepaid Saver 30D,Prepaid,2020-12-13,Churned,Referral,752,2026-04-30,Voluntary
SUB-4662,CUST-14662,Unlimited Data Max,Prepaid,2023-01-02,Churned,Retail,355,2025-06-25,Voluntary
SUB-4663,CUST-14663,Prepaid Saver 30D,Prepaid,2024-07-25,Active,Agent,422,,
SUB-4664,CUST-14664,Postpaid Corporate,Postpaid,2024-08-24,Active,Online,1426,,
SUB-4665,CUST-14665,Student Special 4G,Prepaid,2026-02-15,Active,Agent,943,,
SUB-4666,CUST-14666,Student Special 4G,Prepaid,2023-08-30,Active,Agent,641,,
SUB-4667,CUST-14667,Postpaid Corporate,Postpaid,2026-01-16,Active,Agent,526,,
SUB-4668,CUST-14668,Postpaid Corporate,Postpaid,2022-05-07,Active,Online,480,,
SUB-4669,CUST-14669,Family Bundle,Postpaid,2025-03-22,Active,Agent,1352,,
SUB-4670,CUST-14670,Prepaid Saver 30D,Prepaid,2025-10-18,Active,Referral,1216,,
SUB-4671,CUST-14671,Postpaid Corporate,Postpaid,2025-09-18,Active,Agent,968,,
SUB-4672,CUST-14672,Student Special 4G,Prepaid,2026-03-17,Churned,Agent,1019,2026-05-02,Voluntary
SUB-4673,CUST-14673,Student Special 4G,Prepaid,2024-01-27,Churned,Online,718,2025-02-05,Involuntary
SUB-4674,CUST-14674,Student Special 4G,Prepaid,2026-01-16,Churned,Agent,401,2026-02-01,Voluntary
SUB-4675,CUST-14675,Prepaid Saver 30D,Prepaid,2025-12-17,Active,Online,760,,
SUB-4676,CUST-14676,Prepaid Saver 30D,Prepaid,2025-02-20,Active,Online,1085,,
SUB-4677,CUST-14677,Postpaid Corporate,Postpaid,2023-03-03,Active,Referral,806,,
SUB-4678,CUST-14678,Postpaid Corporate,Postpaid,2025-02-20,Active,Referral,716,,
SUB-4679,CUST-14679,Prepaid Saver 30D,Prepaid,2024-01-27,Active,Referral,931,,
SUB-4680,CUST-14680,Unlimited Data Max,Prepaid,2023-11-28,Active,Online,342,,
SUB-4681,CUST-14681,Unlimited Data Max,Prepaid,2022-12-03,Active,Referral,342,,
SUB-4682,CUST-14682,Prepaid Saver 30D,Prepaid,2026-02-15,Active,Online,504,,
SUB-4683,CUST-14683,Unlimited Data Max,Prepaid,2020-08-15,Churned,Agent,358,2026-03-15,Voluntary
SUB-4684,CUST-14684,Prepaid Saver 30D,Prepaid,2025-11-17,Active,Agent,369,,
SUB-4685,CUST-14685,Unlimited Data Max,Prepaid,2020-08-15,Active,Online,333,,
SUB-4686,CUST-14686,Unlimited Data Max,Prepaid,2024-09-23,Churned,Retail,1027,2026-04-27,Voluntary
SUB-4687,CUST-14687,Student Special 4G,Prepaid,2023-12-28,Active,Agent,527,,
SUB-4688,CUST-14688,Prepaid Saver 30D,Prepaid,2026-01-16,Churned,Online,325,2026-04-30,Voluntary
SUB-4689,CUST-14689,Student Special 4G,Prepaid,2024-03-27,Churned,Referral,534,2026-01-18,Involuntary
SUB-4690,CUST-14690,Unlimited Data Max,Prepaid,2021-03-13,Active,Referral,399,,
SUB-4691,CUST-14691,Prepaid Saver 30D,Prepaid,2022-06-06,Active,Agent,924,,
SUB-4692,CUST-14692,Unlimited Data Max,Prepaid,2022-10-04,Churned,Agent,961,2026-04-03,Voluntary
SUB-4693,CUST-14693,Unlimited Data Max,Prepaid,2024-03-27,Active,Agent,789,,
SUB-4694,CUST-14694,Unlimited Data Max,Prepaid,2021-01-12,Active,Online,1324,,
SUB-4695,CUST-14695,Prepaid Saver 30D,Prepaid,2021-11-08,Churned,Online,1022,2025-09-04,Involuntary
SUB-4696,CUST-14696,Unlimited Data Max,Prepaid,2024-12-22,Active,Online,1430,,
SUB-4697,CUST-14697,Student Special 4G,Prepaid,2022-12-03,Active,Agent,823,,
SUB-4698,CUST-14698,Prepaid Saver 30D,Prepaid,2024-01-27,Active,Retail,1435,,
SUB-4699,CUST-14699,Unlimited Data Max,Prepaid,2025-03-22,Churned,Agent,931,2026-05-18,Voluntary
SUB-4700,CUST-14700,Student Special 4G,Prepaid,2022-08-05,Active,Agent,465,,
SUB-4701,CUST-14701,Prepaid Saver 30D,Prepaid,2023-12-28,Active,Retail,317,,
SUB-4702,CUST-14702,Prepaid Saver 30D,Prepaid,2025-11-17,Active,Online,1064,,
SUB-4703,CUST-14703,Prepaid Saver 30D,Prepaid,2021-05-12,Active,Online,1375,,
SUB-4704,CUST-14704,Postpaid Corporate,Postpaid,2022-11-03,Active,Online,581,,
SUB-4705,CUST-14705,Prepaid Saver 30D,Prepaid,2023-03-03,Active,Retail,1025,,
SUB-4706,CUST-14706,Family Bundle,Postpaid,2020-08-15,Active,Retail,1237,,
SUB-4707,CUST-14707,Prepaid Saver 30D,Prepaid,2022-04-07,Active,Retail,428,,
SUB-4708,CUST-14708,Prepaid Saver 30D,Prepaid,2020-09-14,Churned,Agent,473,2025-10-19,Voluntary
SUB-4709,CUST-14709,Student Special 4G,Prepaid,2022-04-07,Churned,Referral,492,2025-05-29,Voluntary
SUB-4710,CUST-14710,Postpaid Corporate,Postpaid,2025-05-21,Churned,Online,860,2025-07-26,Voluntary
SUB-4711,CUST-14711,Family Bundle,Postpaid,2023-07-31,Churned,Agent,1379,2025-07-21,Voluntary
SUB-4712,CUST-14712,Student Special 4G,Prepaid,2023-06-01,Churned,Retail,1057,2025-06-11,Voluntary
SUB-4713,CUST-14713,Prepaid Saver 30D,Prepaid,2024-09-23,Active,Referral,959,,
SUB-4714,CUST-14714,Postpaid Corporate,Postpaid,2024-08-24,Active,Online,1216,,
SUB-4715,CUST-14715,Prepaid Saver 30D,Prepaid,2022-12-03,Active,Referral,1105,,
SUB-4716,CUST-14716,Unlimited Data Max,Prepaid,2023-12-28,Active,Referral,526,,
SUB-4717,CUST-14717,Prepaid Saver 30D,Prepaid,2025-09-18,Active,Retail,751,,
SUB-4718,CUST-14718,Prepaid Saver 30D,Prepaid,2023-01-02,Active,Retail,552,,
SUB-4719,CUST-14719,Postpaid Corporate,Postpaid,2022-12-03,Churned,Referral,356,2026-03-27,Voluntary
SUB-4720,CUST-14720,Postpaid Corporate,Postpaid,2021-09-09,Active,Retail,853,,
SUB-4721,CUST-14721,Family Bundle,Postpaid,2025-10-18,Active,Online,418,,
SUB-4722,CUST-14722,Unlimited Data Max,Prepaid,2023-09-29,Active,Retail,1467,,
SUB-4723,CUST-14723,Prepaid Saver 30D,Prepaid,2021-02-11,Active,Referral,990,,
SUB-4724,CUST-14724,Prepaid Saver 30D,Prepaid,2024-11-22,Active,Retail,1444,,
SUB-4725,CUST-14725,Prepaid Saver 30D,Prepaid,2022-02-06,Active,Retail,412,,
SUB-4726,CUST-14726,Unlimited Data Max,Prepaid,2024-05-26,Churned,Online,1122,2025-12-30,Voluntary
SUB-4727,CUST-14727,Prepaid Saver 30D,Prepaid,2025-05-21,Active,Retail,1334,,
SUB-4728,CUST-14728,Postpaid Corporate,Postpaid,2022-04-07,Active,Online,1362,,
SUB-4729,CUST-14729,Prepaid Saver 30D,Prepaid,2021-11-08,Active,Referral,1257,,
SUB-4730,CUST-14730,Postpaid Corporate,Postpaid,2021-02-11,Churned,Agent,666,2025-05-24,Voluntary
SUB-4731,CUST-14731,Prepaid Saver 30D,Prepaid,2022-03-08,Active,Agent,1070,,
SUB-4732,CUST-14732,Prepaid Saver 30D,Prepaid,2024-08-24,Churned,Online,835,2025-09-21,Voluntary
SUB-4733,CUST-14733,Family Bundle,Postpaid,2022-03-08,Active,Online,818,,
SUB-4734,CUST-14734,Unlimited Data Max,Prepaid,2026-03-17,Active,Online,1348,,
SUB-4735,CUST-14735,Prepaid Saver 30D,Prepaid,2024-06-25,Churned,Referral,1271,2025-08-03,Voluntary
SUB-4736,CUST-14736,Family Bundle,Postpaid,2025-02-20,Active,Agent,366,,
SUB-4737,CUST-14737,Unlimited Data Max,Prepaid,2023-05-02,Active,Referral,872,,
SUB-4738,CUST-14738,Prepaid Saver 30D,Prepaid,2022-05-07,Active,Retail,959,,
SUB-4739,CUST-14739,Prepaid Saver 30D,Prepaid,2023-01-02,Churned,Online,1404,2025-10-07,Voluntary
SUB-4740,CUST-14740,Postpaid Corporate,Postpaid,2025-05-21,Active,Online,884,,
SUB-4741,CUST-14741,Postpaid Corporate,Postpaid,2024-03-27,Churned,Online,934,2025-01-18,Voluntary
SUB-4742,CUST-14742,Postpaid Corporate,Postpaid,2025-11-17,Active,Agent,1146,,
SUB-4743,CUST-14743,Family Bundle,Postpaid,2023-03-03,Active,Agent,961,,
SUB-4744,CUST-14744,Prepaid Saver 30D,Prepaid,2022-02-06,Active,Online,871,,
SUB-4745,CUST-14745,Prepaid Saver 30D,Prepaid,2024-12-22,Active,Referral,723,,
SUB-4746,CUST-14746,Family Bundle,Postpaid,2023-05-02,Active,Retail,1276,,
SUB-4747,CUST-14747,Unlimited Data Max,Prepaid,2021-04-12,Churned,Online,1323,2025-09-30,Voluntary
SUB-4748,CUST-14748,Family Bundle,Postpaid,2025-09-18,Churned,Agent,854,2026-02-20,Involuntary
SUB-4749,CUST-14749,Family Bundle,Postpaid,2020-10-14,Active,Agent,1247,,
SUB-4750,CUST-14750,Family Bundle,Postpaid,2024-06-25,Active,Online,1080,,
SUB-4751,CUST-14751,Unlimited Data Max,Prepaid,2024-06-25,Active,Referral,1257,,
SUB-4752,CUST-14752,Prepaid Saver 30D,Prepaid,2022-04-07,Active,Online,783,,
SUB-4753,CUST-14753,Student Special 4G,Prepaid,2024-05-26,Active,Referral,727,,
SUB-4754,CUST-14754,Prepaid Saver 30D,Prepaid,2024-01-27,Active,Agent,570,,
SUB-4755,CUST-14755,Prepaid Saver 30D,Prepaid,2025-02-20,Active,Online,1366,,
SUB-4756,CUST-14756,Prepaid Saver 30D,Prepaid,2025-08-19,Active,Referral,1096,,
SUB-4757,CUST-14757,Unlimited Data Max,Prepaid,2021-05-12,Active,Online,878,,
SUB-4758,CUST-14758,Student Special 4G,Prepaid,2025-11-17,Active,Online,1172,,
SUB-4759,CUST-14759,Family Bundle,Postpaid,2025-06-20,Active,Retail,1342,,
SUB-4760,CUST-14760,Unlimited Data Max,Prepaid,2021-08-10,Churned,Retail,871,2026-02-26,Voluntary
SUB-4761,CUST-14761,Unlimited Data Max,Prepaid,2021-10-09,Active,Referral,1053,,
SUB-4762,CUST-14762,Prepaid Saver 30D,Prepaid,2025-02-20,Active,Agent,701,,
SUB-4763,CUST-14763,Unlimited Data Max,Prepaid,2021-07-11,Active,Referral,1408,,
SUB-4764,CUST-14764,Postpaid Corporate,Postpaid,2022-03-08,Churned,Agent,313,2026-05-01,Voluntary
SUB-4765,CUST-14765,Postpaid Corporate,Postpaid,2024-07-25,Active,Referral,1063,,
SUB-4766,CUST-14766,Prepaid Saver 30D,Prepaid,2025-12-17,Active,Referral,455,,
SUB-4767,CUST-14767,Student Special 4G,Prepaid,2021-11-08,Active,Online,951,,
SUB-4768,CUST-14768,Unlimited Data Max,Prepaid,2022-06-06,Active,Retail,852,,
SUB-4769,CUST-14769,Prepaid Saver 30D,Prepaid,2023-09-29,Active,Referral,367,,
SUB-4770,CUST-14770,Student Special 4G,Prepaid,2024-10-23,Active,Online,1162,,
SUB-4771,CUST-14771,Unlimited Data Max,Prepaid,2024-05-26,Active,Online,1141,,
SUB-4772,CUST-14772,Prepaid Saver 30D,Prepaid,2024-10-23,Active,Referral,1259,,
SUB-4773,CUST-14773,Postpaid Corporate,Postpaid,2021-03-13,Active,Agent,755,,
SUB-4774,CUST-14774,Unlimited Data Max,Prepaid,2025-03-22,Active,Agent,583,,
SUB-4775,CUST-14775,Prepaid Saver 30D,Prepaid,2023-09-29,Active,Referral,940,,
SUB-4776,CUST-14776,Student Special 4G,Prepaid,2022-09-04,Churned,Retail,972,2025-05-24,Voluntary
SUB-4777,CUST-14777,Prepaid Saver 30D,Prepaid,2026-02-15,Active,Agent,737,,
SUB-4778,CUST-14778,Prepaid Saver 30D,Prepaid,2023-07-01,Active,Online,1419,,
SUB-4779,CUST-14779,Unlimited Data Max,Prepaid,2022-09-04,Churned,Online,1379,2025-04-18,Involuntary
SUB-4780,CUST-14780,Postpaid Corporate,Postpaid,2023-05-02,Active,Online,422,,
SUB-4781,CUST-14781,Prepaid Saver 30D,Prepaid,2022-08-05,Active,Retail,1152,,
SUB-4782,CUST-14782,Student Special 4G,Prepaid,2023-07-31,Churned,Agent,1117,2026-04-26,Voluntary
SUB-4783,CUST-14783,Unlimited Data Max,Prepaid,2022-09-04,Active,Agent,721,,
SUB-4784,CUST-14784,Student Special 4G,Prepaid,2020-09-14,Active,Agent,1394,,
SUB-4785,CUST-14785,Student Special 4G,Prepaid,2024-04-26,Active,Retail,828,,
SUB-4786,CUST-14786,Student Special 4G,Prepaid,2024-04-26,Active,Online,511,,
SUB-4787,CUST-14787,Postpaid Corporate,Postpaid,2022-06-06,Churned,Online,1085,2025-06-16,Involuntary
SUB-4788,CUST-14788,Unlimited Data Max,Prepaid,2025-11-17,Active,Agent,992,,
SUB-4789,CUST-14789,Prepaid Saver 30D,Prepaid,2024-09-23,Active,Agent,1134,,
SUB-4790,CUST-14790,Prepaid Saver 30D,Prepaid,2025-06-20,Churned,Agent,1332,2026-01-05,Voluntary
SUB-4791,CUST-14791,Unlimited Data Max,Prepaid,2023-09-29,Churned,Agent,1018,2026-06-13,Voluntary
SUB-4792,CUST-14792,Prepaid Saver 30D,Prepaid,2025-09-18,Active,Agent,1458,,
SUB-4793,CUST-14793,Postpaid Corporate,Postpaid,2025-02-20,Active,Agent,1295,,
SUB-4794,CUST-14794,Prepaid Saver 30D,Prepaid,2023-11-28,Active,Agent,1477,,
SUB-4795,CUST-14795,Family Bundle,Postpaid,2022-11-03,Churned,Retail,1300,2025-03-30,Voluntary
SUB-4796,CUST-14796,Postpaid Corporate,Postpaid,2023-11-28,Active,Retail,897,,
SUB-4797,CUST-14797,Prepaid Saver 30D,Prepaid,2021-09-09,Active,Referral,986,,
SUB-4798,CUST-14798,Prepaid Saver 30D,Prepaid,2021-10-09,Active,Referral,609,,
SUB-4799,CUST-14799,Prepaid Saver 30D,Prepaid,2025-11-17,Active,Agent,422,,
SUB-4800,CUST-14800,Prepaid Saver 30D,Prepaid,2022-05-07,Active,Agent,1398,,
SUB-4801,CUST-14801,Unlimited Data Max,Prepaid,2026-04-16,Active,Agent,558,,
SUB-4802,CUST-14802,Prepaid Saver 30D,Prepaid,2025-05-21,Active,Agent,493,,
SUB-4803,CUST-14803,Postpaid Corporate,Postpaid,2021-12-08,Active,Agent,671,,
SUB-4804,CUST-14804,Prepaid Saver 30D,Prepaid,2023-01-02,Active,Referral,968,,
SUB-4805,CUST-14805,Prepaid Saver 30D,Prepaid,2024-07-25,Churned,Referral,455,2025-01-30,Involuntary
SUB-4806,CUST-14806,Unlimited Data Max,Prepaid,2025-07-20,Active,Retail,1196,,
SUB-4807,CUST-14807,Prepaid Saver 30D,Prepaid,2024-07-25,Active,Referral,346,,
SUB-4808,CUST-14808,Unlimited Data Max,Prepaid,2021-11-08,Active,Agent,328,,
SUB-4809,CUST-14809,Student Special 4G,Prepaid,2023-02-01,Active,Referral,1186,,
SUB-4810,CUST-14810,Postpaid Corporate,Postpaid,2025-08-19,Active,Referral,630,,
SUB-4811,CUST-14811,Prepaid Saver 30D,Prepaid,2023-07-31,Churned,Referral,852,2025-01-20,Involuntary
SUB-4812,CUST-14812,Family Bundle,Postpaid,2025-03-22,Active,Referral,1009,,
SUB-4813,CUST-14813,Postpaid Corporate,Postpaid,2025-09-18,Active,Online,1313,,
SUB-4814,CUST-14814,Unlimited Data Max,Prepaid,2025-11-17,Active,Agent,573,,
SUB-4815,CUST-14815,Student Special 4G,Prepaid,2022-01-07,Active,Agent,1360,,
SUB-4816,CUST-14816,Student Special 4G,Prepaid,2025-06-20,Churned,Referral,1215,2025-08-16,Voluntary
SUB-4817,CUST-14817,Prepaid Saver 30D,Prepaid,2025-05-21,Active,Agent,448,,
SUB-4818,CUST-14818,Unlimited Data Max,Prepaid,2021-05-12,Active,Retail,800,,
SUB-4819,CUST-14819,Student Special 4G,Prepaid,2021-08-10,Active,Agent,681,,
SUB-4820,CUST-14820,Unlimited Data Max,Prepaid,2023-07-01,Active,Online,330,,
SUB-4821,CUST-14821,Prepaid Saver 30D,Prepaid,2021-12-08,Active,Online,820,,
SUB-4822,CUST-14822,Student Special 4G,Prepaid,2026-04-16,Active,Agent,510,,
SUB-4823,CUST-14823,Student Special 4G,Prepaid,2025-06-20,Active,Agent,1202,,
SUB-4824,CUST-14824,Postpaid Corporate,Postpaid,2024-04-26,Active,Referral,1046,,
SUB-4825,CUST-14825,Unlimited Data Max,Prepaid,2022-01-07,Active,Retail,908,,
SUB-4826,CUST-14826,Prepaid Saver 30D,Prepaid,2025-11-17,Active,Online,577,,
SUB-4827,CUST-14827,Student Special 4G,Prepaid,2022-08-05,Active,Referral,792,,
SUB-4828,CUST-14828,Postpaid Corporate,Postpaid,2026-01-16,Active,Agent,1011,,
SUB-4829,CUST-14829,Student Special 4G,Prepaid,2020-09-14,Active,Online,454,,
SUB-4830,CUST-14830,Unlimited Data Max,Prepaid,2025-03-22,Churned,Retail,1286,2025-08-17,Voluntary
SUB-4831,CUST-14831,Family Bundle,Postpaid,2022-04-07,Active,Agent,1491,,
SUB-4832,CUST-14832,Unlimited Data Max,Prepaid,2022-10-04,Active,Online,1052,,
SUB-4833,CUST-14833,Prepaid Saver 30D,Prepaid,2024-02-26,Active,Agent,999,,
SUB-4834,CUST-14834,Student Special 4G,Prepaid,2021-12-08,Churned,Retail,1081,2025-07-29,Voluntary
SUB-4835,CUST-14835,Prepaid Saver 30D,Prepaid,2022-10-04,Active,Retail,953,,
SUB-4836,CUST-14836,Postpaid Corporate,Postpaid,2023-10-29,Active,Online,1488,,
SUB-4837,CUST-14837,Prepaid Saver 30D,Prepaid,2022-08-05,Active,Retail,561,,
SUB-4838,CUST-14838,Student Special 4G,Prepaid,2024-09-23,Active,Referral,1341,,
SUB-4839,CUST-14839,Unlimited Data Max,Prepaid,2022-02-06,Active,Referral,353,,
SUB-4840,CUST-14840,Unlimited Data Max,Prepaid,2022-05-07,Active,Agent,344,,
SUB-4841,CUST-14841,Postpaid Corporate,Postpaid,2023-08-30,Active,Referral,531,,
SUB-4842,CUST-14842,Student Special 4G,Prepaid,2022-08-05,Active,Agent,572,,
SUB-4843,CUST-14843,Family Bundle,Postpaid,2021-08-10,Active,Retail,944,,
SUB-4844,CUST-14844,Prepaid Saver 30D,Prepaid,2022-09-04,Active,Agent,1055,,
SUB-4845,CUST-14845,Postpaid Corporate,Postpaid,2024-09-23,Active,Referral,793,,
SUB-4846,CUST-14846,Prepaid Saver 30D,Prepaid,2024-10-23,Churned,Referral,908,2025-09-15,Involuntary
SUB-4847,CUST-14847,Prepaid Saver 30D,Prepaid,2020-10-14,Active,Online,375,,
SUB-4848,CUST-14848,Unlimited Data Max,Prepaid,2021-09-09,Active,Retail,372,,
SUB-4849,CUST-14849,Prepaid Saver 30D,Prepaid,2024-07-25,Active,Agent,648,,
SUB-4850,CUST-14850,Unlimited Data Max,Prepaid,2022-04-07,Active,Retail,1485,,
SUB-4851,CUST-14851,Prepaid Saver 30D,Prepaid,2026-03-17,Active,Retail,1140,,
SUB-4852,CUST-14852,Prepaid Saver 30D,Prepaid,2022-05-07,Active,Referral,1242,,
SUB-4853,CUST-14853,Student Special 4G,Prepaid,2025-03-22,Active,Referral,1384,,
SUB-4854,CUST-14854,Unlimited Data Max,Prepaid,2024-07-25,Active,Agent,302,,
SUB-4855,CUST-14855,Student Special 4G,Prepaid,2021-01-12,Active,Agent,493,,
SUB-4856,CUST-14856,Student Special 4G,Prepaid,2025-08-19,Active,Referral,822,,
SUB-4857,CUST-14857,Prepaid Saver 30D,Prepaid,2021-10-09,Active,Agent,772,,
SUB-4858,CUST-14858,Postpaid Corporate,Postpaid,2024-01-27,Active,Online,766,,
SUB-4859,CUST-14859,Prepaid Saver 30D,Prepaid,2023-10-29,Churned,Online,848,2026-05-08,Involuntary
SUB-4860,CUST-14860,Unlimited Data Max,Prepaid,2023-09-29,Active,Online,769,,
SUB-4861,CUST-14861,Postpaid Corporate,Postpaid,2021-02-11,Active,Online,708,,
SUB-4862,CUST-14862,Postpaid Corporate,Postpaid,2023-07-01,Active,Referral,1034,,
SUB-4863,CUST-14863,Prepaid Saver 30D,Prepaid,2024-12-22,Active,Agent,856,,
SUB-4864,CUST-14864,Student Special 4G,Prepaid,2026-05-16,Active,Referral,357,,
SUB-4865,CUST-14865,Postpaid Corporate,Postpaid,2025-01-21,Active,Agent,869,,
SUB-4866,CUST-14866,Prepaid Saver 30D,Prepaid,2025-06-20,Churned,Referral,413,2025-10-07,Voluntary
SUB-4867,CUST-14867,Unlimited Data Max,Prepaid,2025-08-19,Active,Referral,1265,,
SUB-4868,CUST-14868,Student Special 4G,Prepaid,2020-08-15,Active,Agent,502,,
SUB-4869,CUST-14869,Family Bundle,Postpaid,2023-10-29,Active,Online,566,,
SUB-4870,CUST-14870,Postpaid Corporate,Postpaid,2020-08-15,Active,Online,1084,,
SUB-4871,CUST-14871,Student Special 4G,Prepaid,2023-06-01,Churned,Retail,1199,2025-09-26,Voluntary
SUB-4872,CUST-14872,Prepaid Saver 30D,Prepaid,2025-02-20,Active,Retail,1176,,
SUB-4873,CUST-14873,Unlimited Data Max,Prepaid,2025-07-20,Active,Online,600,,
SUB-4874,CUST-14874,Family Bundle,Postpaid,2022-01-07,Active,Agent,1208,,
SUB-4875,CUST-14875,Postpaid Corporate,Postpaid,2025-09-18,Active,Referral,761,,
SUB-4876,CUST-14876,Prepaid Saver 30D,Prepaid,2026-02-15,Active,Agent,1364,,
SUB-4877,CUST-14877,Postpaid Corporate,Postpaid,2024-02-26,Churned,Online,1475,2025-02-26,Involuntary
SUB-4878,CUST-14878,Prepaid Saver 30D,Prepaid,2024-07-25,Active,Retail,860,,
SUB-4879,CUST-14879,Unlimited Data Max,Prepaid,2025-01-21,Active,Referral,386,,
SUB-4880,CUST-14880,Postpaid Corporate,Postpaid,2023-06-01,Active,Online,1008,,
SUB-4881,CUST-14881,Unlimited Data Max,Prepaid,2023-02-01,Active,Retail,1297,,
SUB-4882,CUST-14882,Unlimited Data Max,Prepaid,2023-11-28,Active,Online,1449,,
SUB-4883,CUST-14883,Unlimited Data Max,Prepaid,2023-05-02,Active,Referral,501,,
SUB-4884,CUST-14884,Prepaid Saver 30D,Prepaid,2022-07-06,Active,Agent,707,,
SUB-4885,CUST-14885,Family Bundle,Postpaid,2025-06-20,Active,Online,1051,,
SUB-4886,CUST-14886,Unlimited Data Max,Prepaid,2024-03-27,Active,Referral,518,,
SUB-4887,CUST-14887,Prepaid Saver 30D,Prepaid,2026-05-16,Active,Online,1149,,
SUB-4888,CUST-14888,Student Special 4G,Prepaid,2020-10-14,Active,Agent,487,,
SUB-4889,CUST-14889,Student Special 4G,Prepaid,2022-09-04,Active,Retail,480,,
SUB-4890,CUST-14890,Postpaid Corporate,Postpaid,2021-09-09,Active,Retail,634,,
SUB-4891,CUST-14891,Family Bundle,Postpaid,2021-12-08,Active,Retail,820,,
SUB-4892,CUST-14892,Postpaid Corporate,Postpaid,2026-05-16,Churned,Referral,1397,2026-05-25,Involuntary
SUB-4893,CUST-14893,Postpaid Corporate,Postpaid,2023-07-31,Active,Agent,1048,,
SUB-4894,CUST-14894,Prepaid Saver 30D,Prepaid,2021-05-12,Active,Agent,1203,,
SUB-4895,CUST-14895,Prepaid Saver 30D,Prepaid,2023-02-01,Active,Retail,1094,,
SUB-4896,CUST-14896,Prepaid Saver 30D,Prepaid,2022-12-03,Active,Online,1312,,
SUB-4897,CUST-14897,Student Special 4G,Prepaid,2020-10-14,Active,Retail,1221,,
SUB-4898,CUST-14898,Postpaid Corporate,Postpaid,2022-01-07,Active,Referral,1078,,
SUB-4899,CUST-14899,Student Special 4G,Prepaid,2021-12-08,Active,Retail,985,,
SUB-4900,CUST-14900,Postpaid Corporate,Postpaid,2021-10-09,Active,Agent,1025,,
SUB-4901,CUST-14901,Postpaid Corporate,Postpaid,2024-06-25,Active,Online,394,,
SUB-4902,CUST-14902,Unlimited Data Max,Prepaid,2020-09-14,Active,Referral,541,,
SUB-4903,CUST-14903,Prepaid Saver 30D,Prepaid,2021-06-11,Active,Online,791,,
SUB-4904,CUST-14904,Prepaid Saver 30D,Prepaid,2026-03-17,Active,Agent,1128,,
SUB-4905,CUST-14905,Unlimited Data Max,Prepaid,2023-04-02,Active,Online,491,,
SUB-4906,CUST-14906,Family Bundle,Postpaid,2024-12-22,Active,Agent,1159,,
SUB-4907,CUST-14907,Unlimited Data Max,Prepaid,2023-05-02,Active,Referral,1201,,
SUB-4908,CUST-14908,Unlimited Data Max,Prepaid,2021-09-09,Active,Retail,822,,
SUB-4909,CUST-14909,Postpaid Corporate,Postpaid,2022-05-07,Active,Retail,762,,
SUB-4910,CUST-14910,Unlimited Data Max,Prepaid,2021-10-09,Active,Retail,960,,
SUB-4911,CUST-14911,Prepaid Saver 30D,Prepaid,2023-11-28,Churned,Referral,886,2026-02-07,Voluntary
SUB-4912,CUST-14912,Unlimited Data Max,Prepaid,2025-12-17,Active,Agent,1491,,
SUB-4913,CUST-14913,Unlimited Data Max,Prepaid,2021-04-12,Active,Online,843,,
SUB-4914,CUST-14914,Postpaid Corporate,Postpaid,2025-12-17,Active,Retail,546,,
SUB-4915,CUST-14915,Prepaid Saver 30D,Prepaid,2025-06-20,Active,Retail,547,,
SUB-4916,CUST-14916,Prepaid Saver 30D,Prepaid,2022-03-08,Active,Retail,1219,,
SUB-4917,CUST-14917,Unlimited Data Max,Prepaid,2023-12-28,Churned,Retail,356,2025-11-15,Voluntary
SUB-4918,CUST-14918,Prepaid Saver 30D,Prepaid,2023-08-30,Active,Retail,882,,
SUB-4919,CUST-14919,Prepaid Saver 30D,Prepaid,2026-01-16,Active,Retail,775,,
SUB-4920,CUST-14920,Unlimited Data Max,Prepaid,2025-05-21,Active,Agent,1044,,
SUB-4921,CUST-14921,Postpaid Corporate,Postpaid,2022-04-07,Churned,Referral,1382,2026-04-12,Involuntary
SUB-4922,CUST-14922,Prepaid Saver 30D,Prepaid,2023-02-01,Active,Referral,1294,,
SUB-4923,CUST-14923,Family Bundle,Postpaid,2024-10-23,Active,Referral,1307,,
SUB-4924,CUST-14924,Student Special 4G,Prepaid,2024-01-27,Active,Online,721,,
SUB-4925,CUST-14925,Prepaid Saver 30D,Prepaid,2023-11-28,Active,Agent,966,,
SUB-4926,CUST-14926,Unlimited Data Max,Prepaid,2021-01-12,Churned,Agent,841,2025-08-16,Voluntary
SUB-4927,CUST-14927,Student Special 4G,Prepaid,2021-04-12,Active,Online,1029,,
SUB-4928,CUST-14928,Prepaid Saver 30D,Prepaid,2023-07-31,Active,Online,607,,
SUB-4929,CUST-14929,Student Special 4G,Prepaid,2025-04-21,Active,Retail,1362,,
SUB-4930,CUST-14930,Prepaid Saver 30D,Prepaid,2023-02-01,Active,Retail,917,,
SUB-4931,CUST-14931,Unlimited Data Max,Prepaid,2026-05-16,Active,Retail,969,,
SUB-4932,CUST-14932,Student Special 4G,Prepaid,2022-09-04,Active,Online,1355,,
SUB-4933,CUST-14933,Student Special 4G,Prepaid,2023-01-02,Active,Online,763,,
SUB-4934,CUST-14934,Unlimited Data Max,Prepaid,2021-03-13,Active,Retail,907,,
SUB-4935,CUST-14935,Postpaid Corporate,Postpaid,2023-10-29,Active,Retail,1439,,
SUB-4936,CUST-14936,Prepaid Saver 30D,Prepaid,2023-03-03,Active,Online,1318,,
SUB-4937,CUST-14937,Prepaid Saver 30D,Prepaid,2026-02-15,Active,Agent,1102,,
SUB-4938,CUST-14938,Student Special 4G,Prepaid,2021-08-10,Active,Retail,1309,,
SUB-4939,CUST-14939,Unlimited Data Max,Prepaid,2024-08-24,Active,Online,722,,
SUB-4940,CUST-14940,Unlimited Data Max,Prepaid,2022-01-07,Active,Online,439,,
SUB-4941,CUST-14941,Unlimited Data Max,Prepaid,2025-01-21,Churned,Online,426,2026-01-25,Voluntary
SUB-4942,CUST-14942,Family Bundle,Postpaid,2024-05-26,Active,Agent,1096,,
SUB-4943,CUST-14943,Unlimited Data Max,Prepaid,2024-11-22,Active,Referral,582,,
SUB-4944,CUST-14944,Postpaid Corporate,Postpaid,2021-03-13,Active,Agent,1283,,
SUB-4945,CUST-14945,Student Special 4G,Prepaid,2021-10-09,Churned,Agent,477,2025-04-16,Involuntary
SUB-4946,CUST-14946,Student Special 4G,Prepaid,2022-05-07,Active,Agent,606,,
SUB-4947,CUST-14947,Unlimited Data Max,Prepaid,2024-08-24,Active,Agent,1176,,
SUB-4948,CUST-14948,Unlimited Data Max,Prepaid,2022-02-06,Active,Retail,881,,
SUB-4949,CUST-14949,Family Bundle,Postpaid,2023-07-31,Active,Referral,1169,,
SUB-4950,CUST-14950,Prepaid Saver 30D,Prepaid,2022-04-07,Active,Online,516,,
SUB-4951,CUST-14951,Unlimited Data Max,Prepaid,2024-11-22,Active,Online,571,,
SUB-4952,CUST-14952,Unlimited Data Max,Prepaid,2023-04-02,Active,Agent,1470,,
SUB-4953,CUST-14953,Student Special 4G,Prepaid,2020-11-13,Churned,Retail,420,2026-03-31,Voluntary
SUB-4954,CUST-14954,Family Bundle,Postpaid,2025-12-17,Active,Agent,520,,
SUB-4955,CUST-14955,Prepaid Saver 30D,Prepaid,2021-12-08,Active,Referral,753,,
SUB-4956,CUST-14956,Prepaid Saver 30D,Prepaid,2022-05-07,Active,Online,740,,
SUB-4957,CUST-14957,Postpaid Corporate,Postpaid,2023-11-28,Active,Referral,814,,
SUB-4958,CUST-14958,Unlimited Data Max,Prepaid,2021-02-11,Active,Agent,1284,,
SUB-4959,CUST-14959,Student Special 4G,Prepaid,2022-03-08,Active,Retail,890,,
SUB-4960,CUST-14960,Prepaid Saver 30D,Prepaid,2023-05-02,Active,Referral,1087,,
SUB-4961,CUST-14961,Unlimited Data Max,Prepaid,2024-07-25,Active,Referral,416,,
SUB-4962,CUST-14962,Prepaid Saver 30D,Prepaid,2022-06-06,Active,Referral,1269,,
SUB-4963,CUST-14963,Unlimited Data Max,Prepaid,2025-12-17,Churned,Referral,383,2026-04-07,Voluntary
SUB-4964,CUST-14964,Prepaid Saver 30D,Prepaid,2024-11-22,Active,Agent,1088,,
SUB-4965,CUST-14965,Postpaid Corporate,Postpaid,2023-11-28,Active,Online,1226,,
SUB-4966,CUST-14966,Prepaid Saver 30D,Prepaid,2025-02-20,Active,Retail,673,,
SUB-4967,CUST-14967,Postpaid Corporate,Postpaid,2023-02-01,Churned,Agent,309,2025-06-01,Voluntary
SUB-4968,CUST-14968,Unlimited Data Max,Prepaid,2021-05-12,Active,Referral,898,,
SUB-4969,CUST-14969,Prepaid Saver 30D,Prepaid,2024-05-26,Active,Agent,381,,
SUB-4970,CUST-14970,Prepaid Saver 30D,Prepaid,2024-01-27,Churned,Online,1053,2026-01-03,Voluntary
SUB-4971,CUST-14971,Prepaid Saver 30D,Prepaid,2024-01-27,Churned,Referral,545,2025-09-05,Involuntary
SUB-4972,CUST-14972,Unlimited Data Max,Prepaid,2022-03-08,Active,Agent,977,,
SUB-4973,CUST-14973,Student Special 4G,Prepaid,2022-04-07,Active,Retail,1091,,
SUB-4974,CUST-14974,Unlimited Data Max,Prepaid,2025-01-21,Active,Referral,1079,,
SUB-4975,CUST-14975,Unlimited Data Max,Prepaid,2021-03-13,Active,Agent,1051,,
SUB-4976,CUST-14976,Unlimited Data Max,Prepaid,2022-09-04,Active,Referral,1474,,
SUB-4977,CUST-14977,Postpaid Corporate,Postpaid,2021-03-13,Churned,Retail,1007,2026-04-14,Voluntary
SUB-4978,CUST-14978,Unlimited Data Max,Prepaid,2021-04-12,Active,Online,1307,,
SUB-4979,CUST-14979,Unlimited Data Max,Prepaid,2023-02-01,Active,Agent,1492,,
SUB-4980,CUST-14980,Prepaid Saver 30D,Prepaid,2022-05-07,Active,Retail,924,,
SUB-4981,CUST-14981,Prepaid Saver 30D,Prepaid,2022-10-04,Active,Referral,760,,
SUB-4982,CUST-14982,Unlimited Data Max,Prepaid,2022-11-03,Active,Referral,891,,
SUB-4983,CUST-14983,Postpaid Corporate,Postpaid,2023-05-02,Churned,Referral,810,2025-04-12,Voluntary
SUB-4984,CUST-14984,Postpaid Corporate,Postpaid,2025-01-21,Active,Online,1314,,
SUB-4985,CUST-14985,Unlimited Data Max,Prepaid,2024-03-27,Active,Retail,687,,
SUB-4986,CUST-14986,Unlimited Data Max,Prepaid,2022-04-07,Active,Retail,566,,
SUB-4987,CUST-14987,Prepaid Saver 30D,Prepaid,2022-02-06,Active,Referral,1131,,
SUB-4988,CUST-14988,Family Bundle,Postpaid,2023-08-30,Churned,Retail,1339,2025-03-24,Involuntary
SUB-4989,CUST-14989,Student Special 4G,Prepaid,2025-10-18,Active,Agent,820,,
SUB-4990,CUST-14990,Prepaid Saver 30D,Prepaid,2025-08-19,Active,Referral,313,,
SUB-4991,CUST-14991,Family Bundle,Postpaid,2021-03-13,Active,Retail,1394,,
SUB-4992,CUST-14992,Prepaid Saver 30D,Prepaid,2025-09-18,Active,Retail,1393,,
SUB-4993,CUST-14993,Prepaid Saver 30D,Prepaid,2024-09-23,Active,Referral,1254,,
SUB-4994,CUST-14994,Family Bundle,Postpaid,2026-01-16,Active,Agent,738,,
SUB-4995,CUST-14995,Postpaid Corporate,Postpaid,2025-02-20,Active,Referral,414,,
SUB-4996,CUST-14996,Prepaid Saver 30D,Prepaid,2021-07-11,Active,Online,373,,
SUB-4997,CUST-14997,Postpaid Corporate,Postpaid,2024-10-23,Active,Referral,1033,,
SUB-4998,CUST-14998,Family Bundle,Postpaid,2021-07-11,Active,Agent,366,,
SUB-4999,CUST-14999,Unlimited Data Max,Prepaid,2021-09-09,Active,Online,383,,
SUB-5000,CUST-15000,Prepaid Saver 30D,Prepaid,2022-05-07,Active,Referral,643,,
SUB-5001,CUST-15001,Prepaid Saver 30D,Prepaid,2024-10-23,Active,Online,1372,,
SUB-5002,CUST-15002,Family Bundle,Postpaid,2020-08-15,Active,Retail,673,,
SUB-5003,CUST-15003,Unlimited Data Max,Prepaid,2022-11-03,Active,Referral,555,,
SUB-5004,CUST-15004,Unlimited Data Max,Prepaid,2021-12-08,Churned,Retail,1150,2025-02-23,Voluntary
SUB-5005,CUST-15005,Prepaid Saver 30D,Prepaid,2024-05-26,Active,Agent,1202,,
SUB-5006,CUST-15006,Unlimited Data Max,Prepaid,2022-07-06,Active,Referral,737,,
SUB-5007,CUST-15007,Postpaid Corporate,Postpaid,2022-08-05,Active,Referral,816,,
SUB-5008,CUST-15008,Prepaid Saver 30D,Prepaid,2022-12-03,Churned,Retail,1276,2025-09-24,Voluntary
SUB-5009,CUST-15009,Student Special 4G,Prepaid,2022-12-03,Active,Agent,637,,
SUB-5010,CUST-15010,Postpaid Corporate,Postpaid,2022-05-07,Active,Referral,917,,
SUB-5011,CUST-15011,Prepaid Saver 30D,Prepaid,2020-08-15,Active,Agent,1093,,
SUB-5012,CUST-15012,Student Special 4G,Prepaid,2021-05-12,Churned,Retail,824,2026-02-16,Involuntary
SUB-5013,CUST-15013,Unlimited Data Max,Prepaid,2024-07-25,Active,Retail,677,,
SUB-5014,CUST-15014,Prepaid Saver 30D,Prepaid,2021-03-13,Active,Referral,1193,,
SUB-5015,CUST-15015,Postpaid Corporate,Postpaid,2024-05-26,Active,Referral,531,,
SUB-5016,CUST-15016,Unlimited Data Max,Prepaid,2024-12-22,Active,Referral,467,,
SUB-5017,CUST-15017,Unlimited Data Max,Prepaid,2025-03-22,Active,Retail,353,,
SUB-5018,CUST-15018,Prepaid Saver 30D,Prepaid,2022-05-07,Active,Agent,838,,
SUB-5019,CUST-15019,Prepaid Saver 30D,Prepaid,2023-09-29,Active,Referral,756,,
SUB-5020,CUST-15020,Postpaid Corporate,Postpaid,2021-08-10,Active,Agent,815,,
SUB-5021,CUST-15021,Unlimited Data Max,Prepaid,2021-07-11,Churned,Online,534,2026-05-13,Voluntary
SUB-5022,CUST-15022,Unlimited Data Max,Prepaid,2023-04-02,Active,Retail,633,,
SUB-5023,CUST-15023,Family Bundle,Postpaid,2025-03-22,Active,Online,936,,
SUB-5024,CUST-15024,Unlimited Data Max,Prepaid,2025-10-18,Active,Referral,650,,
SUB-5025,CUST-15025,Family Bundle,Postpaid,2020-10-14,Churned,Retail,562,2026-05-18,Involuntary
SUB-5026,CUST-15026,Postpaid Corporate,Postpaid,2024-08-24,Active,Referral,1445,,
SUB-5027,CUST-15027,Postpaid Corporate,Postpaid,2026-05-16,Churned,Retail,1411,2026-05-23,Voluntary
SUB-5028,CUST-15028,Prepaid Saver 30D,Prepaid,2024-01-27,Active,Online,621,,
SUB-5029,CUST-15029,Student Special 4G,Prepaid,2021-09-09,Active,Referral,338,,
SUB-5030,CUST-15030,Family Bundle,Postpaid,2025-11-17,Active,Agent,1068,,
SUB-5031,CUST-15031,Postpaid Corporate,Postpaid,2022-05-07,Active,Referral,842,,
SUB-5032,CUST-15032,Postpaid Corporate,Postpaid,2023-12-28,Churned,Online,1005,2025-12-07,Involuntary
SUB-5033,CUST-15033,Prepaid Saver 30D,Prepaid,2021-02-11,Active,Online,443,,
SUB-5034,CUST-15034,Unlimited Data Max,Prepaid,2023-10-29,Active,Referral,1340,,
SUB-5035,CUST-15035,Family Bundle,Postpaid,2023-05-02,Churned,Online,398,2025-08-31,Voluntary
SUB-5036,CUST-15036,Unlimited Data Max,Prepaid,2023-09-29,Active,Retail,834,,
SUB-5037,CUST-15037,Prepaid Saver 30D,Prepaid,2022-06-06,Active,Retail,1384,,
SUB-5038,CUST-15038,Prepaid Saver 30D,Prepaid,2025-12-17,Active,Retail,335,,
SUB-5039,CUST-15039,Student Special 4G,Prepaid,2026-02-15,Active,Online,331,,
SUB-5040,CUST-15040,Postpaid Corporate,Postpaid,2023-01-02,Active,Online,698,,
SUB-5041,CUST-15041,Postpaid Corporate,Postpaid,2024-02-26,Active,Retail,954,,
SUB-5042,CUST-15042,Unlimited Data Max,Prepaid,2025-06-20,Active,Agent,1394,,
SUB-5043,CUST-15043,Unlimited Data Max,Prepaid,2021-12-08,Active,Referral,921,,
SUB-5044,CUST-15044,Unlimited Data Max,Prepaid,2022-01-07,Churned,Referral,584,2025-04-25,Voluntary
SUB-5045,CUST-15045,Family Bundle,Postpaid,2025-10-18,Active,Agent,1288,,
SUB-5046,CUST-15046,Unlimited Data Max,Prepaid,2025-04-21,Active,Referral,696,,
SUB-5047,CUST-15047,Family Bundle,Postpaid,2021-11-08,Active,Referral,1446,,
SUB-5048,CUST-15048,Unlimited Data Max,Prepaid,2023-08-30,Active,Referral,1139,,
SUB-5049,CUST-15049,Student Special 4G,Prepaid,2024-08-24,Active,Referral,1440,,
SUB-5050,CUST-15050,Prepaid Saver 30D,Prepaid,2023-05-02,Active,Retail,685,,
SUB-5051,CUST-15051,Student Special 4G,Prepaid,2024-04-26,Active,Retail,767,,
SUB-5052,CUST-15052,Postpaid Corporate,Postpaid,2025-11-17,Active,Agent,485,,
SUB-5053,CUST-15053,Student Special 4G,Prepaid,2022-09-04,Active,Online,795,,
SUB-5054,CUST-15054,Postpaid Corporate,Postpaid,2022-05-07,Active,Referral,396,,
SUB-5055,CUST-15055,Prepaid Saver 30D,Prepaid,2025-12-17,Active,Referral,814,,
SUB-5056,CUST-15056,Family Bundle,Postpaid,2024-12-22,Active,Agent,1217,,
SUB-5057,CUST-15057,Postpaid Corporate,Postpaid,2022-10-04,Active,Referral,1428,,
SUB-5058,CUST-15058,Unlimited Data Max,Prepaid,2022-01-07,Active,Referral,345,,
SUB-5059,CUST-15059,Prepaid Saver 30D,Prepaid,2021-02-11,Active,Retail,1043,,
SUB-5060,CUST-15060,Prepaid Saver 30D,Prepaid,2022-12-03,Active,Online,1217,,
SUB-5061,CUST-15061,Student Special 4G,Prepaid,2025-11-17,Active,Online,1076,,
SUB-5062,CUST-15062,Student Special 4G,Prepaid,2024-04-26,Active,Agent,1069,,
SUB-5063,CUST-15063,Prepaid Saver 30D,Prepaid,2024-12-22,Churned,Referral,1450,2025-07-21,Voluntary
SUB-5064,CUST-15064,Postpaid Corporate,Postpaid,2020-08-15,Active,Agent,1083,,
SUB-5065,CUST-15065,Unlimited Data Max,Prepaid,2026-05-16,Active,Online,761,,
SUB-5066,CUST-15066,Prepaid Saver 30D,Prepaid,2024-03-27,Active,Online,1299,,
SUB-5067,CUST-15067,Student Special 4G,Prepaid,2023-06-01,Active,Referral,1251,,
SUB-5068,CUST-15068,Unlimited Data Max,Prepaid,2024-08-24,Active,Agent,1334,,
SUB-5069,CUST-15069,Prepaid Saver 30D,Prepaid,2022-03-08,Active,Referral,1340,,
SUB-5070,CUST-15070,Unlimited Data Max,Prepaid,2025-08-19,Active,Referral,1062,,
SUB-5071,CUST-15071,Unlimited Data Max,Prepaid,2021-01-12,Churned,Retail,567,2025-12-16,Voluntary
SUB-5072,CUST-15072,Unlimited Data Max,Prepaid,2024-01-27,Churned,Agent,321,2025-08-29,Voluntary
SUB-5073,CUST-15073,Unlimited Data Max,Prepaid,2024-03-27,Active,Referral,369,,
SUB-5074,CUST-15074,Prepaid Saver 30D,Prepaid,2021-01-12,Active,Agent,1086,,
SUB-5075,CUST-15075,Family Bundle,Postpaid,2025-07-20,Active,Retail,1196,,
SUB-5076,CUST-15076,Unlimited Data Max,Prepaid,2023-08-30,Active,Agent,415,,
SUB-5077,CUST-15077,Student Special 4G,Prepaid,2026-03-17,Active,Agent,790,,
SUB-5078,CUST-15078,Postpaid Corporate,Postpaid,2023-06-01,Active,Agent,320,,
SUB-5079,CUST-15079,Unlimited Data Max,Prepaid,2024-06-25,Active,Referral,819,,
SUB-5080,CUST-15080,Prepaid Saver 30D,Prepaid,2022-02-06,Active,Online,839,,
SUB-5081,CUST-15081,Unlimited Data Max,Prepaid,2023-06-01,Active,Retail,1205,,
SUB-5082,CUST-15082,Student Special 4G,Prepaid,2022-10-04,Active,Agent,855,,
SUB-5083,CUST-15083,Postpaid Corporate,Postpaid,2021-03-13,Active,Referral,1386,,
SUB-5084,CUST-15084,Prepaid Saver 30D,Prepaid,2020-11-13,Active,Retail,1069,,
SUB-5085,CUST-15085,Unlimited Data Max,Prepaid,2025-02-20,Active,Referral,1001,,
SUB-5086,CUST-15086,Unlimited Data Max,Prepaid,2023-07-01,Active,Agent,647,,
SUB-5087,CUST-15087,Postpaid Corporate,Postpaid,2021-11-08,Active,Agent,629,,
SUB-5088,CUST-15088,Unlimited Data Max,Prepaid,2025-08-19,Active,Retail,786,,
SUB-5089,CUST-15089,Prepaid Saver 30D,Prepaid,2023-07-31,Active,Agent,454,,
SUB-5090,CUST-15090,Postpaid Corporate,Postpaid,2023-03-03,Active,Referral,894,,
SUB-5091,CUST-15091,Postpaid Corporate,Postpaid,2021-05-12,Active,Retail,1130,,
SUB-5092,CUST-15092,Unlimited Data Max,Prepaid,2025-11-17,Active,Agent,712,,
SUB-5093,CUST-15093,Prepaid Saver 30D,Prepaid,2021-05-12,Active,Agent,631,,
SUB-5094,CUST-15094,Prepaid Saver 30D,Prepaid,2025-01-21,Churned,Referral,1383,2025-03-16,Voluntary
SUB-5095,CUST-15095,Student Special 4G,Prepaid,2021-06-11,Churned,Agent,1405,2026-03-01,Voluntary
SUB-5096,CUST-15096,Prepaid Saver 30D,Prepaid,2022-08-05,Churned,Retail,663,2025-10-05,Voluntary
SUB-5097,CUST-15097,Prepaid Saver 30D,Prepaid,2024-01-27,Churned,Retail,345,2026-01-18,Voluntary
SUB-5098,CUST-15098,Unlimited Data Max,Prepaid,2025-08-19,Active,Online,670,,
SUB-5099,CUST-15099,Postpaid Corporate,Postpaid,2024-05-26,Active,Retail,949,,
SUB-5100,CUST-15100,Postpaid Corporate,Postpaid,2022-02-06,Active,Referral,954,,
SUB-5101,CUST-15101,Postpaid Corporate,Postpaid,2025-03-22,Active,Online,430,,
SUB-5102,CUST-15102,Postpaid Corporate,Postpaid,2022-07-06,Active,Referral,1025,,
SUB-5103,CUST-15103,Student Special 4G,Prepaid,2025-01-21,Active,Retail,1320,,
SUB-5104,CUST-15104,Student Special 4G,Prepaid,2025-12-17,Churned,Retail,1360,2025-12-31,Voluntary
SUB-5105,CUST-15105,Prepaid Saver 30D,Prepaid,2022-11-03,Active,Retail,763,,
SUB-5106,CUST-15106,Unlimited Data Max,Prepaid,2021-09-09,Active,Referral,699,,
SUB-5107,CUST-15107,Family Bundle,Postpaid,2020-10-14,Active,Agent,465,,
SUB-5108,CUST-15108,Postpaid Corporate,Postpaid,2023-07-01,Active,Referral,599,,
SUB-5109,CUST-15109,Family Bundle,Postpaid,2022-11-03,Active,Agent,431,,
SUB-5110,CUST-15110,Prepaid Saver 30D,Prepaid,2022-06-06,Churned,Online,990,2026-03-27,Voluntary
SUB-5111,CUST-15111,Family Bundle,Postpaid,2023-12-28,Active,Referral,391,,
SUB-5112,CUST-15112,Unlimited Data Max,Prepaid,2026-03-17,Active,Referral,802,,
SUB-5113,CUST-15113,Prepaid Saver 30D,Prepaid,2024-12-22,Active,Online,797,,
SUB-5114,CUST-15114,Prepaid Saver 30D,Prepaid,2024-03-27,Active,Online,382,,
SUB-5115,CUST-15115,Unlimited Data Max,Prepaid,2022-08-05,Active,Online,740,,
SUB-5116,CUST-15116,Unlimited Data Max,Prepaid,2024-08-24,Active,Referral,579,,
SUB-5117,CUST-15117,Unlimited Data Max,Prepaid,2025-03-22,Churned,Retail,1207,2026-03-26,Voluntary
SUB-5118,CUST-15118,Unlimited Data Max,Prepaid,2021-02-11,Active,Retail,1021,,
SUB-5119,CUST-15119,Family Bundle,Postpaid,2025-11-17,Active,Retail,1255,,
SUB-5120,CUST-15120,Family Bundle,Postpaid,2021-11-08,Active,Retail,1317,,
SUB-5121,CUST-15121,Student Special 4G,Prepaid,2025-11-17,Active,Referral,850,,
SUB-5122,CUST-15122,Family Bundle,Postpaid,2024-07-25,Active,Online,365,,
SUB-5123,CUST-15123,Student Special 4G,Prepaid,2021-06-11,Churned,Retail,1337,2026-01-25,Voluntary
SUB-5124,CUST-15124,Family Bundle,Postpaid,2021-07-11,Active,Retail,367,,
SUB-5125,CUST-15125,Unlimited Data Max,Prepaid,2024-02-26,Active,Referral,839,,
SUB-5126,CUST-15126,Prepaid Saver 30D,Prepaid,2026-04-16,Active,Agent,378,,
SUB-5127,CUST-15127,Student Special 4G,Prepaid,2020-12-13,Churned,Retail,1112,2025-08-25,Voluntary
SUB-5128,CUST-15128,Prepaid Saver 30D,Prepaid,2021-03-13,Active,Referral,849,,
SUB-5129,CUST-15129,Postpaid Corporate,Postpaid,2023-07-01,Active,Retail,854,,
SUB-5130,CUST-15130,Prepaid Saver 30D,Prepaid,2026-03-17,Churned,Agent,496,2026-05-29,Voluntary
SUB-5131,CUST-15131,Prepaid Saver 30D,Prepaid,2022-05-07,Active,Online,767,,
SUB-5132,CUST-15132,Prepaid Saver 30D,Prepaid,2021-11-08,Active,Online,731,,
SUB-5133,CUST-15133,Postpaid Corporate,Postpaid,2021-08-10,Churned,Retail,1045,2025-05-08,Voluntary
SUB-5134,CUST-15134,Prepaid Saver 30D,Prepaid,2022-03-08,Active,Referral,606,,
SUB-5135,CUST-15135,Prepaid Saver 30D,Prepaid,2021-04-12,Active,Referral,561,,
SUB-5136,CUST-15136,Postpaid Corporate,Postpaid,2023-06-01,Active,Retail,1436,,
SUB-5137,CUST-15137,Prepaid Saver 30D,Prepaid,2025-06-20,Active,Retail,984,,
SUB-5138,CUST-15138,Prepaid Saver 30D,Prepaid,2022-06-06,Active,Agent,945,,
SUB-5139,CUST-15139,Postpaid Corporate,Postpaid,2025-02-20,Active,Retail,924,,
SUB-5140,CUST-15140,Prepaid Saver 30D,Prepaid,2022-10-04,Active,Referral,1222,,
SUB-5141,CUST-15141,Family Bundle,Postpaid,2025-07-20,Churned,Retail,932,2025-10-21,Voluntary
SUB-5142,CUST-15142,Prepaid Saver 30D,Prepaid,2026-03-17,Active,Referral,1113,,
SUB-5143,CUST-15143,Family Bundle,Postpaid,2023-10-29,Active,Referral,581,,
SUB-5144,CUST-15144,Student Special 4G,Prepaid,2022-12-03,Active,Agent,509,,
SUB-5145,CUST-15145,Student Special 4G,Prepaid,2025-06-20,Active,Referral,1247,,
SUB-5146,CUST-15146,Student Special 4G,Prepaid,2021-11-08,Churned,Referral,945,2026-04-30,Voluntary
SUB-5147,CUST-15147,Postpaid Corporate,Postpaid,2022-08-05,Active,Agent,690,,
SUB-5148,CUST-15148,Prepaid Saver 30D,Prepaid,2021-10-09,Active,Referral,1126,,
SUB-5149,CUST-15149,Prepaid Saver 30D,Prepaid,2024-04-26,Active,Referral,1414,,
SUB-5150,CUST-15150,Unlimited Data Max,Prepaid,2022-08-05,Active,Retail,754,,
SUB-5151,CUST-15151,Unlimited Data Max,Prepaid,2020-10-14,Active,Retail,798,,
SUB-5152,CUST-15152,Unlimited Data Max,Prepaid,2025-05-21,Active,Referral,414,,
SUB-5153,CUST-15153,Postpaid Corporate,Postpaid,2021-09-09,Active,Referral,410,,
SUB-5154,CUST-15154,Unlimited Data Max,Prepaid,2022-10-04,Active,Online,1490,,
SUB-5155,CUST-15155,Prepaid Saver 30D,Prepaid,2022-03-08,Active,Referral,322,,
SUB-5156,CUST-15156,Unlimited Data Max,Prepaid,2022-10-04,Active,Online,1416,,
SUB-5157,CUST-15157,Unlimited Data Max,Prepaid,2022-06-06,Active,Agent,844,,
SUB-5158,CUST-15158,Prepaid Saver 30D,Prepaid,2021-11-08,Churned,Agent,664,2025-07-02,Involuntary
SUB-5159,CUST-15159,Student Special 4G,Prepaid,2026-03-17,Active,Retail,386,,
SUB-5160,CUST-15160,Prepaid Saver 30D,Prepaid,2026-03-17,Active,Agent,754,,
SUB-5161,CUST-15161,Family Bundle,Postpaid,2025-12-17,Churned,Agent,866,2026-02-07,Voluntary
SUB-5162,CUST-15162,Unlimited Data Max,Prepaid,2021-01-12,Active,Retail,1486,,
SUB-5163,CUST-15163,Prepaid Saver 30D,Prepaid,2023-11-28,Active,Referral,884,,
SUB-5164,CUST-15164,Unlimited Data Max,Prepaid,2020-08-15,Active,Online,593,,
SUB-5165,CUST-15165,Prepaid Saver 30D,Prepaid,2021-02-11,Active,Agent,554,,
SUB-5166,CUST-15166,Unlimited Data Max,Prepaid,2024-05-26,Active,Online,647,,
SUB-5167,CUST-15167,Unlimited Data Max,Prepaid,2025-11-17,Active,Retail,515,,
SUB-5168,CUST-15168,Postpaid Corporate,Postpaid,2021-07-11,Active,Agent,908,,
SUB-5169,CUST-15169,Postpaid Corporate,Postpaid,2023-12-28,Active,Referral,841,,
SUB-5170,CUST-15170,Unlimited Data Max,Prepaid,2024-08-24,Active,Agent,1459,,
SUB-5171,CUST-15171,Family Bundle,Postpaid,2021-10-09,Active,Retail,949,,
SUB-5172,CUST-15172,Postpaid Corporate,Postpaid,2023-07-31,Active,Referral,990,,
SUB-5173,CUST-15173,Prepaid Saver 30D,Prepaid,2024-07-25,Active,Retail,1061,,
SUB-5174,CUST-15174,Prepaid Saver 30D,Prepaid,2024-01-27,Active,Online,1392,,
SUB-5175,CUST-15175,Prepaid Saver 30D,Prepaid,2021-01-12,Churned,Agent,1049,2025-03-04,Voluntary
SUB-5176,CUST-15176,Student Special 4G,Prepaid,2024-08-24,Active,Retail,333,,
SUB-5177,CUST-15177,Prepaid Saver 30D,Prepaid,2020-12-13,Active,Agent,1050,,
SUB-5178,CUST-15178,Unlimited Data Max,Prepaid,2023-01-02,Active,Agent,734,,
SUB-5179,CUST-15179,Unlimited Data Max,Prepaid,2026-01-16,Churned,Online,524,2026-02-23,Involuntary
SUB-5180,CUST-15180,Prepaid Saver 30D,Prepaid,2025-09-18,Active,Referral,966,,
SUB-5181,CUST-15181,Prepaid Saver 30D,Prepaid,2022-11-03,Active,Retail,330,,
SUB-5182,CUST-15182,Prepaid Saver 30D,Prepaid,2025-08-19,Active,Agent,338,,
SUB-5183,CUST-15183,Family Bundle,Postpaid,2025-07-20,Active,Referral,1029,,
SUB-5184,CUST-15184,Prepaid Saver 30D,Prepaid,2023-09-29,Active,Agent,1082,,
SUB-5185,CUST-15185,Prepaid Saver 30D,Prepaid,2023-10-29,Active,Retail,480,,
SUB-5186,CUST-15186,Unlimited Data Max,Prepaid,2020-12-13,Active,Online,1270,,
SUB-5187,CUST-15187,Prepaid Saver 30D,Prepaid,2021-03-13,Active,Retail,663,,
SUB-5188,CUST-15188,Postpaid Corporate,Postpaid,2020-12-13,Churned,Retail,1117,2025-01-20,Voluntary
SUB-5189,CUST-15189,Family Bundle,Postpaid,2025-12-17,Active,Agent,1094,,
SUB-5190,CUST-15190,Postpaid Corporate,Postpaid,2021-09-09,Active,Agent,1475,,
SUB-5191,CUST-15191,Unlimited Data Max,Prepaid,2020-12-13,Active,Retail,829,,
SUB-5192,CUST-15192,Student Special 4G,Prepaid,2022-11-03,Active,Referral,853,,
SUB-5193,CUST-15193,Student Special 4G,Prepaid,2020-08-15,Churned,Agent,770,2026-06-13,Voluntary
SUB-5194,CUST-15194,Unlimited Data Max,Prepaid,2021-09-09,Active,Referral,505,,
SUB-5195,CUST-15195,Family Bundle,Postpaid,2022-07-06,Active,Agent,474,,
SUB-5196,CUST-15196,Postpaid Corporate,Postpaid,2024-01-27,Active,Referral,1134,,
SUB-5197,CUST-15197,Student Special 4G,Prepaid,2024-04-26,Active,Referral,1243,,
SUB-5198,CUST-15198,Prepaid Saver 30D,Prepaid,2024-01-27,Churned,Agent,751,2026-06-05,Voluntary
SUB-5199,CUST-15199,Unlimited Data Max,Prepaid,2024-12-22,Active,Agent,829,,
SUB-5200,CUST-15200,Student Special 4G,Prepaid,2023-01-02,Active,Referral,855,,
SUB-5201,CUST-15201,Prepaid Saver 30D,Prepaid,2023-11-28,Active,Retail,427,,
SUB-5202,CUST-15202,Family Bundle,Postpaid,2024-08-24,Active,Online,387,,
SUB-5203,CUST-15203,Unlimited Data Max,Prepaid,2025-05-21,Active,Online,610,,
SUB-5204,CUST-15204,Prepaid Saver 30D,Prepaid,2023-06-01,Active,Online,724,,
SUB-5205,CUST-15205,Postpaid Corporate,Postpaid,2026-04-16,Active,Retail,1141,,
SUB-5206,CUST-15206,Prepaid Saver 30D,Prepaid,2024-03-27,Active,Retail,719,,
SUB-5207,CUST-15207,Prepaid Saver 30D,Prepaid,2026-01-16,Active,Online,1279,,
SUB-5208,CUST-15208,Postpaid Corporate,Postpaid,2024-06-25,Active,Referral,495,,
SUB-5209,CUST-15209,Postpaid Corporate,Postpaid,2022-07-06,Active,Online,1439,,
SUB-5210,CUST-15210,Prepaid Saver 30D,Prepaid,2022-09-04,Active,Referral,1301,,
SUB-5211,CUST-15211,Prepaid Saver 30D,Prepaid,2026-04-16,Active,Referral,440,,
SUB-5212,CUST-15212,Postpaid Corporate,Postpaid,2022-04-07,Active,Referral,1275,,
SUB-5213,CUST-15213,Prepaid Saver 30D,Prepaid,2024-08-24,Active,Referral,335,,
SUB-5214,CUST-15214,Student Special 4G,Prepaid,2023-08-30,Churned,Online,1253,2026-02-01,Voluntary
SUB-5215,CUST-15215,Postpaid Corporate,Postpaid,2022-06-06,Active,Referral,463,,
SUB-5216,CUST-15216,Prepaid Saver 30D,Prepaid,2026-03-17,Active,Retail,1142,,
SUB-5217,CUST-15217,Unlimited Data Max,Prepaid,2025-05-21,Active,Referral,323,,
SUB-5218,CUST-15218,Unlimited Data Max,Prepaid,2025-06-20,Active,Online,543,,
SUB-5219,CUST-15219,Prepaid Saver 30D,Prepaid,2024-06-25,Active,Online,998,,
SUB-5220,CUST-15220,Postpaid Corporate,Postpaid,2026-04-16,Active,Agent,505,,
SUB-5221,CUST-15221,Student Special 4G,Prepaid,2026-03-17,Active,Agent,583,,
SUB-5222,CUST-15222,Family Bundle,Postpaid,2023-06-01,Active,Agent,530,,
SUB-5223,CUST-15223,Prepaid Saver 30D,Prepaid,2025-10-18,Active,Online,1134,,
SUB-5224,CUST-15224,Postpaid Corporate,Postpaid,2023-11-28,Active,Referral,351,,
SUB-5225,CUST-15225,Postpaid Corporate,Postpaid,2025-01-21,Active,Retail,1197,,
SUB-5226,CUST-15226,Prepaid Saver 30D,Prepaid,2020-08-15,Churned,Agent,1325,2025-12-27,Voluntary
SUB-5227,CUST-15227,Postpaid Corporate,Postpaid,2025-09-18,Active,Referral,904,,
SUB-5228,CUST-15228,Prepaid Saver 30D,Prepaid,2023-07-31,Active,Retail,1296,,
SUB-5229,CUST-15229,Prepaid Saver 30D,Prepaid,2023-08-30,Active,Referral,1058,,
SUB-5230,CUST-15230,Family Bundle,Postpaid,2022-02-06,Active,Referral,315,,
SUB-5231,CUST-15231,Prepaid Saver 30D,Prepaid,2025-08-19,Active,Agent,635,,
SUB-5232,CUST-15232,Unlimited Data Max,Prepaid,2020-10-14,Active,Online,726,,
SUB-5233,CUST-15233,Prepaid Saver 30D,Prepaid,2024-08-24,Active,Online,506,,
SUB-5234,CUST-15234,Family Bundle,Postpaid,2026-03-17,Active,Agent,437,,
SUB-5235,CUST-15235,Unlimited Data Max,Prepaid,2022-03-08,Churned,Referral,1144,2026-06-08,Voluntary
SUB-5236,CUST-15236,Family Bundle,Postpaid,2023-04-02,Churned,Retail,954,2025-05-23,Voluntary
SUB-5237,CUST-15237,Family Bundle,Postpaid,2022-08-05,Churned,Referral,1022,2025-03-24,Involuntary
SUB-5238,CUST-15238,Prepaid Saver 30D,Prepaid,2021-02-11,Active,Agent,532,,
SUB-5239,CUST-15239,Prepaid Saver 30D,Prepaid,2024-02-26,Active,Retail,849,,
SUB-5240,CUST-15240,Unlimited Data Max,Prepaid,2021-02-11,Active,Agent,1320,,
SUB-5241,CUST-15241,Unlimited Data Max,Prepaid,2020-12-13,Churned,Agent,1160,2026-04-10,Involuntary
SUB-5242,CUST-15242,Prepaid Saver 30D,Prepaid,2023-04-02,Active,Referral,701,,
SUB-5243,CUST-15243,Student Special 4G,Prepaid,2021-11-08,Active,Retail,666,,
SUB-5244,CUST-15244,Family Bundle,Postpaid,2026-03-17,Active,Retail,754,,
SUB-5245,CUST-15245,Unlimited Data Max,Prepaid,2022-11-03,Active,Agent,351,,
SUB-5246,CUST-15246,Prepaid Saver 30D,Prepaid,2025-12-17,Active,Online,980,,
SUB-5247,CUST-15247,Prepaid Saver 30D,Prepaid,2023-10-29,Active,Online,659,,
SUB-5248,CUST-15248,Prepaid Saver 30D,Prepaid,2022-01-07,Active,Agent,1058,,
SUB-5249,CUST-15249,Prepaid Saver 30D,Prepaid,2026-01-16,Active,Online,1447,,
SUB-5250,CUST-15250,Family Bundle,Postpaid,2024-01-27,Active,Online,464,,
SUB-5251,CUST-15251,Prepaid Saver 30D,Prepaid,2023-12-28,Active,Referral,470,,
SUB-5252,CUST-15252,Unlimited Data Max,Prepaid,2025-01-21,Active,Agent,1320,,
SUB-5253,CUST-15253,Postpaid Corporate,Postpaid,2023-04-02,Active,Online,1191,,
SUB-5254,CUST-15254,Unlimited Data Max,Prepaid,2021-09-09,Churned,Online,775,2026-03-12,Voluntary
SUB-5255,CUST-15255,Family Bundle,Postpaid,2020-08-15,Active,Retail,382,,
SUB-5256,CUST-15256,Family Bundle,Postpaid,2021-02-11,Active,Referral,1362,,
SUB-5257,CUST-15257,Unlimited Data Max,Prepaid,2020-11-13,Active,Agent,813,,
SUB-5258,CUST-15258,Prepaid Saver 30D,Prepaid,2025-03-22,Active,Online,1341,,
SUB-5259,CUST-15259,Student Special 4G,Prepaid,2025-10-18,Active,Retail,583,,
SUB-5260,CUST-15260,Prepaid Saver 30D,Prepaid,2025-05-21,Active,Online,1076,,
SUB-5261,CUST-15261,Prepaid Saver 30D,Prepaid,2020-09-14,Active,Retail,685,,
SUB-5262,CUST-15262,Family Bundle,Postpaid,2025-02-20,Active,Agent,583,,
SUB-5263,CUST-15263,Unlimited Data Max,Prepaid,2022-01-07,Active,Agent,360,,
SUB-5264,CUST-15264,Prepaid Saver 30D,Prepaid,2024-01-27,Active,Retail,476,,
SUB-5265,CUST-15265,Unlimited Data Max,Prepaid,2022-06-06,Active,Online,953,,
SUB-5266,CUST-15266,Prepaid Saver 30D,Prepaid,2022-01-07,Active,Online,484,,
SUB-5267,CUST-15267,Student Special 4G,Prepaid,2021-02-11,Active,Agent,647,,
SUB-5268,CUST-15268,Postpaid Corporate,Postpaid,2025-11-17,Active,Retail,1029,,
SUB-5269,CUST-15269,Postpaid Corporate,Postpaid,2024-06-25,Active,Agent,519,,
SUB-5270,CUST-15270,Unlimited Data Max,Prepaid,2025-09-18,Active,Referral,699,,
SUB-5271,CUST-15271,Student Special 4G,Prepaid,2024-01-27,Active,Referral,1004,,
SUB-5272,CUST-15272,Prepaid Saver 30D,Prepaid,2024-04-26,Active,Online,1241,,
SUB-5273,CUST-15273,Prepaid Saver 30D,Prepaid,2021-05-12,Churned,Online,1107,2025-12-10,Involuntary
SUB-5274,CUST-15274,Unlimited Data Max,Prepaid,2022-05-07,Churned,Online,1413,2026-03-21,Voluntary
SUB-5275,CUST-15275,Prepaid Saver 30D,Prepaid,2025-10-18,Active,Retail,1474,,
SUB-5276,CUST-15276,Prepaid Saver 30D,Prepaid,2023-10-29,Active,Retail,401,,
SUB-5277,CUST-15277,Prepaid Saver 30D,Prepaid,2022-04-07,Active,Agent,892,,
SUB-5278,CUST-15278,Prepaid Saver 30D,Prepaid,2022-02-06,Active,Retail,681,,
SUB-5279,CUST-15279,Prepaid Saver 30D,Prepaid,2021-09-09,Active,Agent,1225,,
SUB-5280,CUST-15280,Postpaid Corporate,Postpaid,2025-02-20,Active,Retail,1428,,
SUB-5281,CUST-15281,Prepaid Saver 30D,Prepaid,2021-04-12,Active,Retail,631,,
SUB-5282,CUST-15282,Student Special 4G,Prepaid,2021-02-11,Churned,Retail,488,2025-05-09,Voluntary
SUB-5283,CUST-15283,Unlimited Data Max,Prepaid,2025-02-20,Active,Retail,1337,,
SUB-5284,CUST-15284,Unlimited Data Max,Prepaid,2022-08-05,Active,Agent,1250,,
SUB-5285,CUST-15285,Unlimited Data Max,Prepaid,2022-06-06,Active,Agent,759,,
SUB-5286,CUST-15286,Unlimited Data Max,Prepaid,2021-04-12,Active,Online,1421,,
SUB-5287,CUST-15287,Prepaid Saver 30D,Prepaid,2025-11-17,Active,Agent,1026,,
SUB-5288,CUST-15288,Unlimited Data Max,Prepaid,2025-01-21,Active,Referral,902,,
SUB-5289,CUST-15289,Unlimited Data Max,Prepaid,2021-05-12,Active,Agent,535,,
SUB-5290,CUST-15290,Prepaid Saver 30D,Prepaid,2026-03-17,Churned,Referral,1053,2026-05-20,Voluntary
SUB-5291,CUST-15291,Prepaid Saver 30D,Prepaid,2023-07-31,Active,Retail,874,,
SUB-5292,CUST-15292,Postpaid Corporate,Postpaid,2024-09-23,Active,Agent,1002,,
SUB-5293,CUST-15293,Prepaid Saver 30D,Prepaid,2022-10-04,Active,Referral,612,,
SUB-5294,CUST-15294,Family Bundle,Postpaid,2023-08-30,Churned,Retail,808,2025-03-20,Voluntary
SUB-5295,CUST-15295,Unlimited Data Max,Prepaid,2021-06-11,Active,Online,1077,,
SUB-5296,CUST-15296,Prepaid Saver 30D,Prepaid,2025-12-17,Active,Retail,1391,,
SUB-5297,CUST-15297,Prepaid Saver 30D,Prepaid,2023-07-01,Active,Retail,1389,,
SUB-5298,CUST-15298,Student Special 4G,Prepaid,2023-06-01,Active,Referral,1252,,
SUB-5299,CUST-15299,Unlimited Data Max,Prepaid,2023-06-01,Active,Referral,1256,,
SUB-5300,CUST-15300,Family Bundle,Postpaid,2025-12-17,Active,Agent,383,,
SUB-5301,CUST-15301,Postpaid Corporate,Postpaid,2023-09-29,Active,Agent,527,,
SUB-5302,CUST-15302,Prepaid Saver 30D,Prepaid,2021-04-12,Churned,Agent,635,2026-06-07,Voluntary
SUB-5303,CUST-15303,Prepaid Saver 30D,Prepaid,2022-12-03,Active,Referral,1299,,
SUB-5304,CUST-15304,Prepaid Saver 30D,Prepaid,2025-10-18,Active,Online,1382,,
SUB-5305,CUST-15305,Unlimited Data Max,Prepaid,2022-04-07,Active,Referral,1305,,
SUB-5306,CUST-15306,Family Bundle,Postpaid,2021-01-12,Active,Retail,364,,
SUB-5307,CUST-15307,Student Special 4G,Prepaid,2021-09-09,Churned,Referral,1280,2025-02-07,Voluntary
SUB-5308,CUST-15308,Unlimited Data Max,Prepaid,2025-11-17,Churned,Retail,863,2026-03-14,Voluntary
SUB-5309,CUST-15309,Unlimited Data Max,Prepaid,2026-03-17,Active,Online,344,,
SUB-5310,CUST-15310,Prepaid Saver 30D,Prepaid,2025-05-21,Active,Referral,612,,
SUB-5311,CUST-15311,Student Special 4G,Prepaid,2024-05-26,Active,Online,446,,
SUB-5312,CUST-15312,Prepaid Saver 30D,Prepaid,2021-01-12,Active,Agent,569,,
SUB-5313,CUST-15313,Postpaid Corporate,Postpaid,2023-11-28,Active,Retail,976,,
SUB-5314,CUST-15314,Unlimited Data Max,Prepaid,2020-10-14,Churned,Online,951,2025-09-26,Voluntary
SUB-5315,CUST-15315,Family Bundle,Postpaid,2025-10-18,Active,Referral,596,,
SUB-5316,CUST-15316,Unlimited Data Max,Prepaid,2021-12-08,Active,Retail,1285,,
SUB-5317,CUST-15317,Prepaid Saver 30D,Prepaid,2022-01-07,Active,Agent,1318,,
SUB-5318,CUST-15318,Family Bundle,Postpaid,2020-10-14,Active,Referral,1237,,
SUB-5319,CUST-15319,Postpaid Corporate,Postpaid,2023-05-02,Active,Online,1064,,
SUB-5320,CUST-15320,Prepaid Saver 30D,Prepaid,2022-12-03,Active,Retail,667,,
SUB-5321,CUST-15321,Student Special 4G,Prepaid,2026-05-16,Active,Agent,702,,
SUB-5322,CUST-15322,Unlimited Data Max,Prepaid,2021-04-12,Active,Referral,583,,
SUB-5323,CUST-15323,Unlimited Data Max,Prepaid,2022-10-04,Churned,Retail,465,2026-06-13,Involuntary
SUB-5324,CUST-15324,Unlimited Data Max,Prepaid,2022-05-07,Churned,Retail,1279,2026-01-27,Voluntary
SUB-5325,CUST-15325,Prepaid Saver 30D,Prepaid,2024-05-26,Churned,Online,771,2026-03-07,Voluntary
SUB-5326,CUST-15326,Postpaid Corporate,Postpaid,2025-12-17,Churned,Agent,1142,2026-05-14,Involuntary
SUB-5327,CUST-15327,Prepaid Saver 30D,Prepaid,2022-03-08,Active,Online,993,,
SUB-5328,CUST-15328,Prepaid Saver 30D,Prepaid,2022-02-06,Active,Agent,1077,,
SUB-5329,CUST-15329,Student Special 4G,Prepaid,2025-05-21,Active,Agent,369,,
SUB-5330,CUST-15330,Prepaid Saver 30D,Prepaid,2021-08-10,Active,Referral,610,,
SUB-5331,CUST-15331,Unlimited Data Max,Prepaid,2026-05-16,Active,Retail,311,,
SUB-5332,CUST-15332,Prepaid Saver 30D,Prepaid,2022-08-05,Active,Online,404,,
SUB-5333,CUST-15333,Student Special 4G,Prepaid,2025-11-17,Churned,Referral,696,2026-02-27,Voluntary
SUB-5334,CUST-15334,Prepaid Saver 30D,Prepaid,2022-01-07,Active,Referral,707,,
SUB-5335,CUST-15335,Family Bundle,Postpaid,2023-10-29,Active,Agent,1305,,
SUB-5336,CUST-15336,Student Special 4G,Prepaid,2024-06-25,Active,Retail,530,,
SUB-5337,CUST-15337,Student Special 4G,Prepaid,2022-01-07,Active,Online,737,,
SUB-5338,CUST-15338,Student Special 4G,Prepaid,2021-09-09,Active,Online,1161,,
SUB-5339,CUST-15339,Prepaid Saver 30D,Prepaid,2022-12-03,Active,Online,1347,,
SUB-5340,CUST-15340,Family Bundle,Postpaid,2022-02-06,Active,Retail,1182,,
SUB-5341,CUST-15341,Prepaid Saver 30D,Prepaid,2026-04-16,Active,Retail,461,,
SUB-5342,CUST-15342,Prepaid Saver 30D,Prepaid,2021-08-10,Active,Retail,967,,
SUB-5343,CUST-15343,Unlimited Data Max,Prepaid,2022-12-03,Churned,Agent,504,2025-01-07,Involuntary
SUB-5344,CUST-15344,Student Special 4G,Prepaid,2025-06-20,Active,Referral,400,,
SUB-5345,CUST-15345,Prepaid Saver 30D,Prepaid,2023-07-31,Active,Referral,605,,
SUB-5346,CUST-15346,Student Special 4G,Prepaid,2022-10-04,Churned,Online,629,2025-09-24,Involuntary
SUB-5347,CUST-15347,Family Bundle,Postpaid,2021-10-09,Active,Agent,640,,
SUB-5348,CUST-15348,Prepaid Saver 30D,Prepaid,2023-06-01,Active,Agent,880,,
SUB-5349,CUST-15349,Prepaid Saver 30D,Prepaid,2024-11-22,Active,Online,557,,
SUB-5350,CUST-15350,Unlimited Data Max,Prepaid,2024-11-22,Active,Retail,433,,
SUB-5351,CUST-15351,Prepaid Saver 30D,Prepaid,2022-03-08,Active,Online,694,,
SUB-5352,CUST-15352,Postpaid Corporate,Postpaid,2021-05-12,Active,Online,1463,,
SUB-5353,CUST-15353,Prepaid Saver 30D,Prepaid,2022-10-04,Active,Agent,1424,,
SUB-5354,CUST-15354,Prepaid Saver 30D,Prepaid,2021-10-09,Active,Online,676,,
SUB-5355,CUST-15355,Prepaid Saver 30D,Prepaid,2022-10-04,Active,Referral,1074,,
SUB-5356,CUST-15356,Prepaid Saver 30D,Prepaid,2023-07-31,Active,Online,785,,
SUB-5357,CUST-15357,Unlimited Data Max,Prepaid,2024-01-27,Active,Online,1197,,
SUB-5358,CUST-15358,Unlimited Data Max,Prepaid,2023-07-31,Active,Online,1182,,
SUB-5359,CUST-15359,Student Special 4G,Prepaid,2026-05-16,Churned,Agent,959,2026-06-02,Involuntary
SUB-5360,CUST-15360,Prepaid Saver 30D,Prepaid,2023-01-02,Active,Agent,743,,
SUB-5361,CUST-15361,Unlimited Data Max,Prepaid,2025-04-21,Active,Referral,357,,
SUB-5362,CUST-15362,Prepaid Saver 30D,Prepaid,2021-03-13,Active,Online,709,,
SUB-5363,CUST-15363,Postpaid Corporate,Postpaid,2021-07-11,Churned,Online,1326,2026-06-11,Voluntary
SUB-5364,CUST-15364,Student Special 4G,Prepaid,2023-07-01,Active,Referral,791,,
SUB-5365,CUST-15365,Prepaid Saver 30D,Prepaid,2022-11-03,Active,Referral,1127,,
SUB-5366,CUST-15366,Prepaid Saver 30D,Prepaid,2026-03-17,Active,Retail,1014,,
SUB-5367,CUST-15367,Postpaid Corporate,Postpaid,2023-01-02,Active,Retail,984,,
SUB-5368,CUST-15368,Student Special 4G,Prepaid,2021-06-11,Active,Retail,1227,,
SUB-5369,CUST-15369,Postpaid Corporate,Postpaid,2023-05-02,Active,Retail,1381,,
SUB-5370,CUST-15370,Postpaid Corporate,Postpaid,2021-05-12,Active,Online,325,,
SUB-5371,CUST-15371,Unlimited Data Max,Prepaid,2025-12-17,Churned,Agent,316,2026-05-04,Voluntary
SUB-5372,CUST-15372,Prepaid Saver 30D,Prepaid,2020-09-14,Active,Referral,982,,
SUB-5373,CUST-15373,Student Special 4G,Prepaid,2024-05-26,Active,Agent,813,,
SUB-5374,CUST-15374,Unlimited Data Max,Prepaid,2026-04-16,Active,Referral,1109,,
SUB-5375,CUST-15375,Prepaid Saver 30D,Prepaid,2022-11-03,Active,Referral,784,,
SUB-5376,CUST-15376,Postpaid Corporate,Postpaid,2022-11-03,Active,Agent,935,,
SUB-5377,CUST-15377,Family Bundle,Postpaid,2025-09-18,Churned,Online,645,2025-10-24,Voluntary
SUB-5378,CUST-15378,Unlimited Data Max,Prepaid,2024-05-26,Active,Online,690,,
SUB-5379,CUST-15379,Student Special 4G,Prepaid,2021-01-12,Active,Referral,906,,
SUB-5380,CUST-15380,Unlimited Data Max,Prepaid,2025-04-21,Active,Agent,440,,
SUB-5381,CUST-15381,Student Special 4G,Prepaid,2025-12-17,Active,Online,1499,,
SUB-5382,CUST-15382,Student Special 4G,Prepaid,2021-08-10,Churned,Online,908,2025-07-12,Voluntary
SUB-5383,CUST-15383,Student Special 4G,Prepaid,2022-06-06,Active,Agent,625,,
SUB-5384,CUST-15384,Family Bundle,Postpaid,2023-07-01,Active,Retail,1351,,
SUB-5385,CUST-15385,Family Bundle,Postpaid,2024-08-24,Churned,Agent,1152,2026-02-18,Involuntary
SUB-5386,CUST-15386,Family Bundle,Postpaid,2021-05-12,Active,Online,566,,
SUB-5387,CUST-15387,Prepaid Saver 30D,Prepaid,2021-05-12,Active,Retail,1190,,
SUB-5388,CUST-15388,Prepaid Saver 30D,Prepaid,2026-05-16,Active,Online,393,,
SUB-5389,CUST-15389,Unlimited Data Max,Prepaid,2021-08-10,Active,Online,632,,
SUB-5390,CUST-15390,Unlimited Data Max,Prepaid,2023-08-30,Active,Agent,1327,,
SUB-5391,CUST-15391,Postpaid Corporate,Postpaid,2024-06-25,Churned,Retail,615,2025-12-17,Voluntary
SUB-5392,CUST-15392,Unlimited Data Max,Prepaid,2024-05-26,Active,Referral,721,,
SUB-5393,CUST-15393,Family Bundle,Postpaid,2023-09-29,Active,Retail,346,,
SUB-5394,CUST-15394,Unlimited Data Max,Prepaid,2023-02-01,Active,Referral,679,,
SUB-5395,CUST-15395,Unlimited Data Max,Prepaid,2020-10-14,Churned,Online,761,2026-04-08,Involuntary
SUB-5396,CUST-15396,Unlimited Data Max,Prepaid,2026-04-16,Active,Referral,845,,
SUB-5397,CUST-15397,Unlimited Data Max,Prepaid,2022-11-03,Active,Retail,524,,
SUB-5398,CUST-15398,Unlimited Data Max,Prepaid,2026-01-16,Active,Agent,903,,
SUB-5399,CUST-15399,Prepaid Saver 30D,Prepaid,2026-05-16,Active,Retail,542,,
SUB-5400,CUST-15400,Prepaid Saver 30D,Prepaid,2024-08-24,Active,Online,836,,
SUB-5401,CUST-15401,Student Special 4G,Prepaid,2021-11-08,Active,Referral,444,,
SUB-5402,CUST-15402,Prepaid Saver 30D,Prepaid,2024-05-26,Active,Retail,823,,
SUB-5403,CUST-15403,Postpaid Corporate,Postpaid,2024-04-26,Active,Referral,588,,
SUB-5404,CUST-15404,Postpaid Corporate,Postpaid,2021-02-11,Churned,Agent,1437,2026-04-26,Voluntary
SUB-5405,CUST-15405,Unlimited Data Max,Prepaid,2024-10-23,Churned,Referral,1198,2025-06-22,Voluntary
SUB-5406,CUST-15406,Unlimited Data Max,Prepaid,2021-12-08,Active,Agent,693,,
SUB-5407,CUST-15407,Student Special 4G,Prepaid,2021-07-11,Active,Online,1051,,
SUB-5408,CUST-15408,Postpaid Corporate,Postpaid,2022-09-04,Active,Referral,789,,
SUB-5409,CUST-15409,Unlimited Data Max,Prepaid,2020-10-14,Active,Online,824,,
SUB-5410,CUST-15410,Postpaid Corporate,Postpaid,2020-09-14,Active,Online,923,,
SUB-5411,CUST-15411,Prepaid Saver 30D,Prepaid,2026-01-16,Active,Retail,418,,
SUB-5412,CUST-15412,Unlimited Data Max,Prepaid,2025-05-21,Churned,Online,643,2025-07-30,Voluntary
SUB-5413,CUST-15413,Unlimited Data Max,Prepaid,2024-02-26,Active,Referral,989,,
SUB-5414,CUST-15414,Student Special 4G,Prepaid,2022-07-06,Active,Online,902,,
SUB-5415,CUST-15415,Prepaid Saver 30D,Prepaid,2024-10-23,Active,Referral,1055,,
SUB-5416,CUST-15416,Prepaid Saver 30D,Prepaid,2022-09-04,Active,Referral,691,,
SUB-5417,CUST-15417,Unlimited Data Max,Prepaid,2021-03-13,Active,Online,718,,
SUB-5418,CUST-15418,Unlimited Data Max,Prepaid,2026-05-16,Active,Agent,476,,
SUB-5419,CUST-15419,Unlimited Data Max,Prepaid,2021-05-12,Active,Agent,1079,,
SUB-5420,CUST-15420,Prepaid Saver 30D,Prepaid,2023-07-31,Active,Retail,348,,
SUB-5421,CUST-15421,Student Special 4G,Prepaid,2021-03-13,Active,Agent,912,,
SUB-5422,CUST-15422,Student Special 4G,Prepaid,2022-06-06,Active,Agent,516,,
SUB-5423,CUST-15423,Unlimited Data Max,Prepaid,2026-02-15,Active,Online,1416,,
SUB-5424,CUST-15424,Unlimited Data Max,Prepaid,2021-02-11,Active,Retail,385,,
SUB-5425,CUST-15425,Unlimited Data Max,Prepaid,2026-02-15,Active,Referral,926,,
SUB-5426,CUST-15426,Student Special 4G,Prepaid,2024-12-22,Active,Agent,576,,
SUB-5427,CUST-15427,Prepaid Saver 30D,Prepaid,2023-03-03,Active,Retail,1222,,
SUB-5428,CUST-15428,Student Special 4G,Prepaid,2021-02-11,Active,Online,352,,
SUB-5429,CUST-15429,Prepaid Saver 30D,Prepaid,2025-06-20,Active,Referral,398,,
SUB-5430,CUST-15430,Prepaid Saver 30D,Prepaid,2023-04-02,Active,Referral,652,,
SUB-5431,CUST-15431,Prepaid Saver 30D,Prepaid,2025-10-18,Active,Agent,1065,,
SUB-5432,CUST-15432,Postpaid Corporate,Postpaid,2024-05-26,Active,Online,1285,,
SUB-5433,CUST-15433,Prepaid Saver 30D,Prepaid,2024-11-22,Active,Online,737,,
SUB-5434,CUST-15434,Unlimited Data Max,Prepaid,2023-11-28,Active,Referral,1154,,
SUB-5435,CUST-15435,Prepaid Saver 30D,Prepaid,2022-04-07,Active,Referral,781,,
SUB-5436,CUST-15436,Family Bundle,Postpaid,2022-03-08,Active,Agent,1390,,
SUB-5437,CUST-15437,Prepaid Saver 30D,Prepaid,2022-07-06,Active,Retail,844,,
SUB-5438,CUST-15438,Postpaid Corporate,Postpaid,2026-04-16,Active,Retail,1137,,
SUB-5439,CUST-15439,Family Bundle,Postpaid,2021-11-08,Churned,Referral,925,2026-01-26,Voluntary
SUB-5440,CUST-15440,Prepaid Saver 30D,Prepaid,2022-09-04,Active,Referral,557,,
SUB-5441,CUST-15441,Prepaid Saver 30D,Prepaid,2026-01-16,Active,Agent,492,,
SUB-5442,CUST-15442,Unlimited Data Max,Prepaid,2020-11-13,Active,Agent,1474,,
SUB-5443,CUST-15443,Student Special 4G,Prepaid,2021-12-08,Active,Online,1072,,
SUB-5444,CUST-15444,Family Bundle,Postpaid,2022-05-07,Active,Online,1182,,
SUB-5445,CUST-15445,Family Bundle,Postpaid,2023-07-31,Active,Referral,1087,,
SUB-5446,CUST-15446,Unlimited Data Max,Prepaid,2021-10-09,Active,Agent,1332,,
SUB-5447,CUST-15447,Family Bundle,Postpaid,2024-07-25,Active,Agent,1457,,
SUB-5448,CUST-15448,Prepaid Saver 30D,Prepaid,2022-03-08,Active,Retail,722,,
SUB-5449,CUST-15449,Postpaid Corporate,Postpaid,2022-11-03,Active,Referral,657,,
SUB-5450,CUST-15450,Unlimited Data Max,Prepaid,2022-11-03,Active,Agent,1136,,
SUB-5451,CUST-15451,Unlimited Data Max,Prepaid,2021-10-09,Active,Agent,881,,
SUB-5452,CUST-15452,Postpaid Corporate,Postpaid,2025-05-21,Active,Online,558,,
SUB-5453,CUST-15453,Prepaid Saver 30D,Prepaid,2025-10-18,Churned,Online,330,2026-02-16,Involuntary
SUB-5454,CUST-15454,Family Bundle,Postpaid,2023-03-03,Churned,Retail,1395,2025-01-04,Voluntary
SUB-5455,CUST-15455,Prepaid Saver 30D,Prepaid,2021-09-09,Churned,Referral,438,2025-02-08,Voluntary
SUB-5456,CUST-15456,Student Special 4G,Prepaid,2024-11-22,Churned,Online,445,2025-10-22,Involuntary
SUB-5457,CUST-15457,Prepaid Saver 30D,Prepaid,2023-02-01,Active,Retail,1055,,
SUB-5458,CUST-15458,Unlimited Data Max,Prepaid,2020-11-13,Active,Referral,1323,,
SUB-5459,CUST-15459,Unlimited Data Max,Prepaid,2022-10-04,Active,Referral,324,,
SUB-5460,CUST-15460,Student Special 4G,Prepaid,2025-12-17,Active,Online,1448,,
SUB-5461,CUST-15461,Student Special 4G,Prepaid,2021-04-12,Active,Referral,989,,
SUB-5462,CUST-15462,Unlimited Data Max,Prepaid,2020-09-14,Active,Referral,695,,
SUB-5463,CUST-15463,Prepaid Saver 30D,Prepaid,2022-04-07,Active,Referral,1039,,
SUB-5464,CUST-15464,Prepaid Saver 30D,Prepaid,2022-11-03,Active,Online,672,,
SUB-5465,CUST-15465,Postpaid Corporate,Postpaid,2023-01-02,Active,Retail,1421,,
SUB-5466,CUST-15466,Postpaid Corporate,Postpaid,2022-10-04,Active,Agent,1294,,
SUB-5467,CUST-15467,Student Special 4G,Prepaid,2024-06-25,Active,Agent,665,,
SUB-5468,CUST-15468,Prepaid Saver 30D,Prepaid,2022-09-04,Active,Referral,317,,
SUB-5469,CUST-15469,Unlimited Data Max,Prepaid,2023-06-01,Active,Referral,586,,
SUB-5470,CUST-15470,Unlimited Data Max,Prepaid,2021-10-09,Active,Referral,713,,
SUB-5471,CUST-15471,Family Bundle,Postpaid,2021-07-11,Active,Agent,1458,,
SUB-5472,CUST-15472,Prepaid Saver 30D,Prepaid,2022-04-07,Churned,Referral,768,2025-11-28,Involuntary
SUB-5473,CUST-15473,Unlimited Data Max,Prepaid,2020-08-15,Active,Referral,1107,,
SUB-5474,CUST-15474,Student Special 4G,Prepaid,2023-10-29,Active,Online,321,,
SUB-5475,CUST-15475,Prepaid Saver 30D,Prepaid,2022-01-07,Active,Online,1091,,
SUB-5476,CUST-15476,Prepaid Saver 30D,Prepaid,2024-05-26,Active,Online,1222,,
SUB-5477,CUST-15477,Unlimited Data Max,Prepaid,2021-10-09,Active,Retail,542,,
SUB-5478,CUST-15478,Student Special 4G,Prepaid,2024-11-22,Active,Online,706,,
SUB-5479,CUST-15479,Postpaid Corporate,Postpaid,2022-05-07,Active,Agent,978,,
SUB-5480,CUST-15480,Prepaid Saver 30D,Prepaid,2026-04-16,Active,Retail,1064,,
SUB-5481,CUST-15481,Prepaid Saver 30D,Prepaid,2021-12-08,Active,Online,1170,,
SUB-5482,CUST-15482,Prepaid Saver 30D,Prepaid,2024-09-23,Active,Online,417,,
SUB-5483,CUST-15483,Postpaid Corporate,Postpaid,2024-12-22,Churned,Online,646,2025-09-13,Involuntary
SUB-5484,CUST-15484,Prepaid Saver 30D,Prepaid,2024-06-25,Active,Retail,577,,
SUB-5485,CUST-15485,Prepaid Saver 30D,Prepaid,2023-11-28,Active,Agent,550,,
SUB-5486,CUST-15486,Prepaid Saver 30D,Prepaid,2025-08-19,Churned,Referral,929,2026-03-08,Voluntary
SUB-5487,CUST-15487,Family Bundle,Postpaid,2023-03-03,Churned,Online,540,2026-01-29,Voluntary
SUB-5488,CUST-15488,Prepaid Saver 30D,Prepaid,2025-09-18,Active,Retail,319,,
SUB-5489,CUST-15489,Prepaid Saver 30D,Prepaid,2023-03-03,Churned,Referral,607,2025-03-25,Voluntary
SUB-5490,CUST-15490,Prepaid Saver 30D,Prepaid,2024-03-27,Active,Online,464,,
SUB-5491,CUST-15491,Postpaid Corporate,Postpaid,2022-12-03,Churned,Retail,1073,2026-01-17,Involuntary
SUB-5492,CUST-15492,Student Special 4G,Prepaid,2025-07-20,Active,Online,877,,
SUB-5493,CUST-15493,Family Bundle,Postpaid,2020-09-14,Active,Retail,1330,,
SUB-5494,CUST-15494,Prepaid Saver 30D,Prepaid,2026-04-16,Active,Online,854,,
SUB-5495,CUST-15495,Prepaid Saver 30D,Prepaid,2021-06-11,Active,Retail,1151,,
SUB-5496,CUST-15496,Prepaid Saver 30D,Prepaid,2024-05-26,Active,Retail,512,,
SUB-5497,CUST-15497,Student Special 4G,Prepaid,2021-08-10,Active,Agent,1236,,
SUB-5498,CUST-15498,Postpaid Corporate,Postpaid,2022-12-03,Active,Online,519,,
SUB-5499,CUST-15499,Prepaid Saver 30D,Prepaid,2021-08-10,Active,Agent,703,,
SUB-5500,CUST-15500,Prepaid Saver 30D,Prepaid,2023-03-03,Active,Online,1470,,
SUB-5501,CUST-15501,Unlimited Data Max,Prepaid,2021-10-09,Active,Retail,654,,
SUB-5502,CUST-15502,Postpaid Corporate,Postpaid,2022-08-05,Active,Agent,705,,
SUB-5503,CUST-15503,Prepaid Saver 30D,Prepaid,2022-06-06,Active,Agent,709,,
SUB-5504,CUST-15504,Prepaid Saver 30D,Prepaid,2023-02-01,Active,Retail,1436,,
SUB-5505,CUST-15505,Unlimited Data Max,Prepaid,2024-11-22,Active,Online,492,,
SUB-5506,CUST-15506,Unlimited Data Max,Prepaid,2021-06-11,Active,Online,1426,,
SUB-5507,CUST-15507,Unlimited Data Max,Prepaid,2021-06-11,Active,Referral,1338,,
SUB-5508,CUST-15508,Postpaid Corporate,Postpaid,2022-03-08,Active,Agent,1426,,
SUB-5509,CUST-15509,Postpaid Corporate,Postpaid,2024-10-23,Active,Referral,1096,,
SUB-5510,CUST-15510,Prepaid Saver 30D,Prepaid,2024-01-27,Churned,Retail,1308,2025-06-25,Voluntary
SUB-5511,CUST-15511,Prepaid Saver 30D,Prepaid,2022-03-08,Churned,Online,1330,2026-01-10,Involuntary
SUB-5512,CUST-15512,Student Special 4G,Prepaid,2025-04-21,Active,Retail,565,,
SUB-5513,CUST-15513,Student Special 4G,Prepaid,2025-10-18,Active,Retail,522,,
SUB-5514,CUST-15514,Postpaid Corporate,Postpaid,2024-01-27,Churned,Online,1389,2025-05-21,Voluntary
SUB-5515,CUST-15515,Postpaid Corporate,Postpaid,2023-04-02,Churned,Online,1074,2025-12-22,Involuntary
SUB-5516,CUST-15516,Student Special 4G,Prepaid,2021-03-13,Active,Online,1268,,
SUB-5517,CUST-15517,Postpaid Corporate,Postpaid,2024-07-25,Active,Agent,569,,
SUB-5518,CUST-15518,Unlimited Data Max,Prepaid,2025-02-20,Active,Retail,1182,,
SUB-5519,CUST-15519,Prepaid Saver 30D,Prepaid,2022-04-07,Active,Retail,1330,,
SUB-5520,CUST-15520,Unlimited Data Max,Prepaid,2021-04-12,Active,Online,676,,
SUB-5521,CUST-15521,Student Special 4G,Prepaid,2021-06-11,Active,Referral,1138,,
SUB-5522,CUST-15522,Postpaid Corporate,Postpaid,2022-10-04,Active,Online,314,,
SUB-5523,CUST-15523,Family Bundle,Postpaid,2026-04-16,Active,Agent,836,,
SUB-5524,CUST-15524,Unlimited Data Max,Prepaid,2022-08-05,Churned,Retail,1143,2026-05-03,Voluntary
SUB-5525,CUST-15525,Prepaid Saver 30D,Prepaid,2025-09-18,Active,Agent,760,,
SUB-5526,CUST-15526,Postpaid Corporate,Postpaid,2021-11-08,Active,Referral,1292,,
SUB-5527,CUST-15527,Student Special 4G,Prepaid,2021-01-12,Active,Online,805,,
SUB-5528,CUST-15528,Student Special 4G,Prepaid,2022-11-03,Churned,Agent,1392,2025-07-16,Involuntary
SUB-5529,CUST-15529,Unlimited Data Max,Prepaid,2025-01-21,Active,Agent,835,,
SUB-5530,CUST-15530,Family Bundle,Postpaid,2024-08-24,Churned,Online,322,2026-01-03,Voluntary
SUB-5531,CUST-15531,Family Bundle,Postpaid,2022-03-08,Active,Referral,339,,
SUB-5532,CUST-15532,Family Bundle,Postpaid,2022-01-07,Active,Agent,379,,
SUB-5533,CUST-15533,Postpaid Corporate,Postpaid,2021-09-09,Active,Retail,670,,
SUB-5534,CUST-15534,Student Special 4G,Prepaid,2025-10-18,Active,Retail,1201,,
SUB-5535,CUST-15535,Unlimited Data Max,Prepaid,2022-02-06,Active,Online,617,,
SUB-5536,CUST-15536,Prepaid Saver 30D,Prepaid,2020-10-14,Active,Online,1262,,
SUB-5537,CUST-15537,Unlimited Data Max,Prepaid,2026-03-17,Active,Online,1235,,
SUB-5538,CUST-15538,Prepaid Saver 30D,Prepaid,2023-11-28,Active,Retail,1411,,
SUB-5539,CUST-15539,Family Bundle,Postpaid,2022-02-06,Active,Retail,597,,
SUB-5540,CUST-15540,Postpaid Corporate,Postpaid,2023-05-02,Active,Agent,951,,
SUB-5541,CUST-15541,Prepaid Saver 30D,Prepaid,2020-10-14,Active,Retail,583,,
SUB-5542,CUST-15542,Student Special 4G,Prepaid,2022-06-06,Active,Agent,1459,,
SUB-5543,CUST-15543,Prepaid Saver 30D,Prepaid,2024-03-27,Active,Agent,756,,
SUB-5544,CUST-15544,Prepaid Saver 30D,Prepaid,2022-10-04,Active,Retail,470,,
SUB-5545,CUST-15545,Postpaid Corporate,Postpaid,2022-04-07,Active,Online,1479,,
SUB-5546,CUST-15546,Prepaid Saver 30D,Prepaid,2021-11-08,Active,Retail,587,,
SUB-5547,CUST-15547,Postpaid Corporate,Postpaid,2024-10-23,Active,Agent,1296,,
SUB-5548,CUST-15548,Student Special 4G,Prepaid,2021-01-12,Active,Agent,1172,,
SUB-5549,CUST-15549,Prepaid Saver 30D,Prepaid,2020-08-15,Active,Referral,864,,
SUB-5550,CUST-15550,Prepaid Saver 30D,Prepaid,2025-02-20,Active,Agent,592,,
SUB-5551,CUST-15551,Prepaid Saver 30D,Prepaid,2025-03-22,Active,Retail,782,,
SUB-5552,CUST-15552,Family Bundle,Postpaid,2024-02-26,Active,Agent,1201,,
SUB-5553,CUST-15553,Prepaid Saver 30D,Prepaid,2024-08-24,Churned,Online,1262,2025-11-02,Voluntary
SUB-5554,CUST-15554,Student Special 4G,Prepaid,2025-04-21,Churned,Retail,805,2025-05-26,Voluntary
SUB-5555,CUST-15555,Postpaid Corporate,Postpaid,2025-06-20,Active,Retail,747,,
SUB-5556,CUST-15556,Unlimited Data Max,Prepaid,2022-04-07,Active,Retail,442,,
SUB-5557,CUST-15557,Prepaid Saver 30D,Prepaid,2020-11-13,Active,Online,587,,
SUB-5558,CUST-15558,Unlimited Data Max,Prepaid,2025-11-17,Active,Agent,480,,
SUB-5559,CUST-15559,Unlimited Data Max,Prepaid,2023-02-01,Active,Referral,1082,,
SUB-5560,CUST-15560,Unlimited Data Max,Prepaid,2024-10-23,Active,Retail,398,,
SUB-5561,CUST-15561,Postpaid Corporate,Postpaid,2024-12-22,Active,Agent,1040,,
SUB-5562,CUST-15562,Postpaid Corporate,Postpaid,2023-02-01,Active,Agent,491,,
SUB-5563,CUST-15563,Prepaid Saver 30D,Prepaid,2025-08-19,Active,Retail,1230,,
SUB-5564,CUST-15564,Prepaid Saver 30D,Prepaid,2025-12-17,Active,Referral,1209,,
SUB-5565,CUST-15565,Prepaid Saver 30D,Prepaid,2021-04-12,Active,Retail,1208,,
SUB-5566,CUST-15566,Student Special 4G,Prepaid,2023-10-29,Active,Referral,1488,,
SUB-5567,CUST-15567,Family Bundle,Postpaid,2026-01-16,Churned,Retail,1278,2026-04-08,Involuntary
SUB-5568,CUST-15568,Student Special 4G,Prepaid,2021-04-12,Active,Referral,996,,
SUB-5569,CUST-15569,Prepaid Saver 30D,Prepaid,2022-09-04,Active,Retail,588,,
SUB-5570,CUST-15570,Family Bundle,Postpaid,2022-02-06,Active,Referral,1381,,
SUB-5571,CUST-15571,Student Special 4G,Prepaid,2022-11-03,Active,Referral,1125,,
SUB-5572,CUST-15572,Unlimited Data Max,Prepaid,2023-08-30,Active,Agent,505,,
SUB-5573,CUST-15573,Prepaid Saver 30D,Prepaid,2021-12-08,Active,Referral,1329,,
SUB-5574,CUST-15574,Prepaid Saver 30D,Prepaid,2024-05-26,Churned,Online,930,2025-10-02,Voluntary
SUB-5575,CUST-15575,Postpaid Corporate,Postpaid,2022-06-06,Active,Agent,822,,
SUB-5576,CUST-15576,Prepaid Saver 30D,Prepaid,2021-04-12,Active,Agent,1067,,
SUB-5577,CUST-15577,Prepaid Saver 30D,Prepaid,2021-07-11,Churned,Retail,1124,2026-02-09,Involuntary
SUB-5578,CUST-15578,Unlimited Data Max,Prepaid,2023-03-03,Active,Referral,725,,
SUB-5579,CUST-15579,Prepaid Saver 30D,Prepaid,2026-03-17,Active,Referral,1086,,
SUB-5580,CUST-15580,Postpaid Corporate,Postpaid,2026-04-16,Churned,Online,868,2026-05-14,Voluntary
SUB-5581,CUST-15581,Prepaid Saver 30D,Prepaid,2023-11-28,Churned,Retail,1092,2026-02-15,Involuntary
SUB-5582,CUST-15582,Prepaid Saver 30D,Prepaid,2022-07-06,Active,Retail,708,,
SUB-5583,CUST-15583,Postpaid Corporate,Postpaid,2025-12-17,Active,Retail,894,,
SUB-5584,CUST-15584,Family Bundle,Postpaid,2023-12-28,Active,Retail,412,,
SUB-5585,CUST-15585,Unlimited Data Max,Prepaid,2024-01-27,Active,Retail,1482,,
SUB-5586,CUST-15586,Prepaid Saver 30D,Prepaid,2023-09-29,Active,Retail,1288,,
SUB-5587,CUST-15587,Prepaid Saver 30D,Prepaid,2023-03-03,Active,Retail,320,,
SUB-5588,CUST-15588,Unlimited Data Max,Prepaid,2024-10-23,Active,Agent,1390,,
SUB-5589,CUST-15589,Student Special 4G,Prepaid,2022-12-03,Churned,Agent,581,2025-12-08,Involuntary
SUB-5590,CUST-15590,Family Bundle,Postpaid,2023-09-29,Active,Retail,524,,
SUB-5591,CUST-15591,Prepaid Saver 30D,Prepaid,2021-01-12,Active,Online,1401,,
SUB-5592,CUST-15592,Prepaid Saver 30D,Prepaid,2024-06-25,Churned,Retail,1227,2026-06-05,Voluntary
SUB-5593,CUST-15593,Unlimited Data Max,Prepaid,2021-01-12,Churned,Referral,1361,2025-06-11,Voluntary
SUB-5594,CUST-15594,Postpaid Corporate,Postpaid,2020-10-14,Active,Online,1127,,
SUB-5595,CUST-15595,Unlimited Data Max,Prepaid,2024-08-24,Active,Agent,776,,
SUB-5596,CUST-15596,Prepaid Saver 30D,Prepaid,2024-01-27,Churned,Retail,1345,2025-05-13,Voluntary
SUB-5597,CUST-15597,Unlimited Data Max,Prepaid,2022-05-07,Active,Agent,847,,
SUB-5598,CUST-15598,Postpaid Corporate,Postpaid,2023-09-29,Active,Retail,505,,
SUB-5599,CUST-15599,Family Bundle,Postpaid,2022-04-07,Active,Agent,815,,
SUB-5600,CUST-15600,Unlimited Data Max,Prepaid,2024-11-22,Active,Agent,721,,
SUB-5601,CUST-15601,Student Special 4G,Prepaid,2020-11-13,Active,Online,301,,
SUB-5602,CUST-15602,Student Special 4G,Prepaid,2022-05-07,Active,Referral,900,,
SUB-5603,CUST-15603,Unlimited Data Max,Prepaid,2025-12-17,Active,Agent,1376,,
SUB-5604,CUST-15604,Family Bundle,Postpaid,2024-12-22,Active,Retail,469,,
SUB-5605,CUST-15605,Postpaid Corporate,Postpaid,2022-11-03,Active,Referral,1151,,
SUB-5606,CUST-15606,Prepaid Saver 30D,Prepaid,2024-09-23,Active,Referral,1447,,
SUB-5607,CUST-15607,Postpaid Corporate,Postpaid,2024-01-27,Active,Referral,545,,
SUB-5608,CUST-15608,Prepaid Saver 30D,Prepaid,2022-09-04,Active,Agent,543,,
SUB-5609,CUST-15609,Unlimited Data Max,Prepaid,2024-05-26,Active,Referral,474,,
SUB-5610,CUST-15610,Prepaid Saver 30D,Prepaid,2021-02-11,Active,Retail,531,,
SUB-5611,CUST-15611,Postpaid Corporate,Postpaid,2022-11-03,Active,Referral,312,,
SUB-5612,CUST-15612,Family Bundle,Postpaid,2023-12-28,Churned,Online,367,2025-11-21,Voluntary
SUB-5613,CUST-15613,Prepaid Saver 30D,Prepaid,2024-10-23,Active,Agent,1237,,
SUB-5614,CUST-15614,Prepaid Saver 30D,Prepaid,2024-09-23,Churned,Online,899,2025-01-03,Involuntary
SUB-5615,CUST-15615,Unlimited Data Max,Prepaid,2026-03-17,Churned,Online,1286,2026-05-10,Voluntary
SUB-5616,CUST-15616,Family Bundle,Postpaid,2025-11-17,Active,Retail,1080,,
SUB-5617,CUST-15617,Unlimited Data Max,Prepaid,2021-11-08,Active,Agent,1284,,
SUB-5618,CUST-15618,Family Bundle,Postpaid,2021-12-08,Active,Retail,324,,
SUB-5619,CUST-15619,Unlimited Data Max,Prepaid,2025-11-17,Active,Online,1465,,
SUB-5620,CUST-15620,Unlimited Data Max,Prepaid,2023-03-03,Churned,Online,1336,2025-09-28,Voluntary
SUB-5621,CUST-15621,Unlimited Data Max,Prepaid,2024-06-25,Active,Retail,1244,,
SUB-5622,CUST-15622,Prepaid Saver 30D,Prepaid,2022-05-07,Active,Referral,345,,
SUB-5623,CUST-15623,Prepaid Saver 30D,Prepaid,2022-12-03,Active,Referral,589,,
SUB-5624,CUST-15624,Family Bundle,Postpaid,2021-10-09,Churned,Agent,1175,2025-02-13,Voluntary
SUB-5625,CUST-15625,Prepaid Saver 30D,Prepaid,2022-10-04,Active,Retail,891,,
SUB-5626,CUST-15626,Unlimited Data Max,Prepaid,2025-03-22,Active,Agent,1131,,
SUB-5627,CUST-15627,Postpaid Corporate,Postpaid,2022-07-06,Active,Retail,889,,
SUB-5628,CUST-15628,Prepaid Saver 30D,Prepaid,2021-07-11,Churned,Online,1347,2025-01-17,Voluntary
SUB-5629,CUST-15629,Postpaid Corporate,Postpaid,2020-08-15,Active,Agent,1388,,
SUB-5630,CUST-15630,Student Special 4G,Prepaid,2022-05-07,Active,Retail,1081,,
SUB-5631,CUST-15631,Family Bundle,Postpaid,2024-01-27,Active,Referral,1219,,
SUB-5632,CUST-15632,Prepaid Saver 30D,Prepaid,2023-06-01,Active,Referral,581,,
SUB-5633,CUST-15633,Prepaid Saver 30D,Prepaid,2025-08-19,Active,Agent,1105,,
SUB-5634,CUST-15634,Prepaid Saver 30D,Prepaid,2022-09-04,Active,Online,727,,
SUB-5635,CUST-15635,Prepaid Saver 30D,Prepaid,2025-08-19,Active,Online,1304,,
SUB-5636,CUST-15636,Prepaid Saver 30D,Prepaid,2024-11-22,Active,Retail,842,,
SUB-5637,CUST-15637,Unlimited Data Max,Prepaid,2023-06-01,Active,Retail,482,,
SUB-5638,CUST-15638,Unlimited Data Max,Prepaid,2023-08-30,Active,Referral,1304,,
SUB-5639,CUST-15639,Family Bundle,Postpaid,2024-02-26,Active,Online,1270,,
SUB-5640,CUST-15640,Family Bundle,Postpaid,2022-09-04,Active,Agent,1166,,
SUB-5641,CUST-15641,Unlimited Data Max,Prepaid,2021-02-11,Churned,Online,999,2025-11-16,Voluntary
SUB-5642,CUST-15642,Family Bundle,Postpaid,2021-01-12,Active,Retail,590,,
SUB-5643,CUST-15643,Student Special 4G,Prepaid,2023-06-01,Active,Retail,1302,,
SUB-5644,CUST-15644,Unlimited Data Max,Prepaid,2023-03-03,Active,Online,922,,
SUB-5645,CUST-15645,Family Bundle,Postpaid,2023-09-29,Active,Referral,655,,
SUB-5646,CUST-15646,Family Bundle,Postpaid,2021-03-13,Active,Online,1302,,
SUB-5647,CUST-15647,Postpaid Corporate,Postpaid,2021-05-12,Active,Retail,593,,
SUB-5648,CUST-15648,Student Special 4G,Prepaid,2026-02-15,Active,Retail,437,,
SUB-5649,CUST-15649,Prepaid Saver 30D,Prepaid,2021-10-09,Active,Retail,1161,,
SUB-5650,CUST-15650,Prepaid Saver 30D,Prepaid,2026-03-17,Active,Agent,786,,
SUB-5651,CUST-15651,Postpaid Corporate,Postpaid,2022-04-07,Active,Retail,744,,
SUB-5652,CUST-15652,Prepaid Saver 30D,Prepaid,2024-05-26,Churned,Retail,1293,2025-04-22,Involuntary
SUB-5653,CUST-15653,Prepaid Saver 30D,Prepaid,2023-05-02,Active,Agent,1193,,
SUB-5654,CUST-15654,Postpaid Corporate,Postpaid,2021-11-08,Active,Online,1358,,
SUB-5655,CUST-15655,Student Special 4G,Prepaid,2025-01-21,Active,Agent,1051,,
SUB-5656,CUST-15656,Student Special 4G,Prepaid,2025-08-19,Active,Agent,483,,
SUB-5657,CUST-15657,Unlimited Data Max,Prepaid,2023-02-01,Active,Retail,821,,
SUB-5658,CUST-15658,Prepaid Saver 30D,Prepaid,2021-07-11,Active,Referral,394,,
SUB-5659,CUST-15659,Unlimited Data Max,Prepaid,2025-09-18,Active,Retail,989,,
SUB-5660,CUST-15660,Postpaid Corporate,Postpaid,2024-02-26,Active,Referral,744,,
SUB-5661,CUST-15661,Unlimited Data Max,Prepaid,2023-04-02,Active,Retail,555,,
SUB-5662,CUST-15662,Family Bundle,Postpaid,2025-01-21,Active,Referral,1171,,
SUB-5663,CUST-15663,Postpaid Corporate,Postpaid,2021-06-11,Active,Online,339,,
SUB-5664,CUST-15664,Prepaid Saver 30D,Prepaid,2022-12-03,Churned,Retail,514,2025-07-25,Voluntary
SUB-5665,CUST-15665,Postpaid Corporate,Postpaid,2023-06-01,Active,Online,522,,
SUB-5666,CUST-15666,Unlimited Data Max,Prepaid,2025-08-19,Active,Agent,726,,
SUB-5667,CUST-15667,Unlimited Data Max,Prepaid,2026-01-16,Active,Retail,1432,,
SUB-5668,CUST-15668,Unlimited Data Max,Prepaid,2025-06-20,Active,Retail,906,,
SUB-5669,CUST-15669,Prepaid Saver 30D,Prepaid,2026-03-17,Active,Agent,919,,
SUB-5670,CUST-15670,Student Special 4G,Prepaid,2023-05-02,Active,Agent,1147,,
SUB-5671,CUST-15671,Unlimited Data Max,Prepaid,2021-05-12,Active,Online,449,,
SUB-5672,CUST-15672,Student Special 4G,Prepaid,2022-01-07,Active,Agent,1051,,
SUB-5673,CUST-15673,Unlimited Data Max,Prepaid,2025-02-20,Active,Agent,861,,
SUB-5674,CUST-15674,Prepaid Saver 30D,Prepaid,2025-04-21,Active,Retail,728,,
SUB-5675,CUST-15675,Postpaid Corporate,Postpaid,2023-05-02,Active,Referral,437,,
SUB-5676,CUST-15676,Student Special 4G,Prepaid,2021-11-08,Active,Online,597,,
SUB-5677,CUST-15677,Family Bundle,Postpaid,2021-11-08,Active,Referral,648,,
SUB-5678,CUST-15678,Postpaid Corporate,Postpaid,2023-05-02,Active,Agent,924,,
SUB-5679,CUST-15679,Prepaid Saver 30D,Prepaid,2024-12-22,Active,Online,643,,
SUB-5680,CUST-15680,Unlimited Data Max,Prepaid,2023-07-31,Active,Referral,1427,,
SUB-5681,CUST-15681,Prepaid Saver 30D,Prepaid,2022-02-06,Active,Agent,1450,,
SUB-5682,CUST-15682,Family Bundle,Postpaid,2021-04-12,Active,Referral,1147,,
SUB-5683,CUST-15683,Prepaid Saver 30D,Prepaid,2025-12-17,Active,Retail,1408,,
SUB-5684,CUST-15684,Prepaid Saver 30D,Prepaid,2021-12-08,Active,Retail,509,,
SUB-5685,CUST-15685,Unlimited Data Max,Prepaid,2022-01-07,Active,Online,457,,
SUB-5686,CUST-15686,Unlimited Data Max,Prepaid,2025-02-20,Active,Referral,1301,,
SUB-5687,CUST-15687,Student Special 4G,Prepaid,2026-01-16,Active,Online,1362,,
SUB-5688,CUST-15688,Prepaid Saver 30D,Prepaid,2024-08-24,Active,Retail,574,,
SUB-5689,CUST-15689,Family Bundle,Postpaid,2024-10-23,Active,Retail,1335,,
SUB-5690,CUST-15690,Prepaid Saver 30D,Prepaid,2025-09-18,Active,Online,591,,
SUB-5691,CUST-15691,Student Special 4G,Prepaid,2024-11-22,Active,Retail,420,,
SUB-5692,CUST-15692,Unlimited Data Max,Prepaid,2025-04-21,Active,Agent,1224,,
SUB-5693,CUST-15693,Unlimited Data Max,Prepaid,2021-03-13,Active,Agent,1270,,
SUB-5694,CUST-15694,Prepaid Saver 30D,Prepaid,2025-11-17,Active,Online,621,,
SUB-5695,CUST-15695,Unlimited Data Max,Prepaid,2023-05-02,Active,Referral,568,,
SUB-5696,CUST-15696,Family Bundle,Postpaid,2024-06-25,Active,Retail,1308,,
SUB-5697,CUST-15697,Student Special 4G,Prepaid,2021-07-11,Active,Online,780,,
SUB-5698,CUST-15698,Prepaid Saver 30D,Prepaid,2023-08-30,Active,Retail,1324,,
SUB-5699,CUST-15699,Prepaid Saver 30D,Prepaid,2023-01-02,Churned,Agent,1369,2026-01-23,Voluntary
SUB-5700,CUST-15700,Prepaid Saver 30D,Prepaid,2024-01-27,Churned,Retail,333,2025-05-17,Voluntary
SUB-5701,CUST-15701,Postpaid Corporate,Postpaid,2021-09-09,Active,Agent,1175,,
SUB-5702,CUST-15702,Unlimited Data Max,Prepaid,2022-07-06,Active,Referral,1286,,
SUB-5703,CUST-15703,Prepaid Saver 30D,Prepaid,2023-03-03,Active,Referral,1131,,
SUB-5704,CUST-15704,Unlimited Data Max,Prepaid,2024-01-27,Churned,Referral,1457,2025-05-27,Voluntary
SUB-5705,CUST-15705,Family Bundle,Postpaid,2023-10-29,Churned,Agent,310,2025-09-26,Voluntary
SUB-5706,CUST-15706,Prepaid Saver 30D,Prepaid,2024-12-22,Active,Referral,1062,,
SUB-5707,CUST-15707,Postpaid Corporate,Postpaid,2022-08-05,Active,Online,318,,
SUB-5708,CUST-15708,Family Bundle,Postpaid,2024-09-23,Active,Referral,914,,
SUB-5709,CUST-15709,Prepaid Saver 30D,Prepaid,2024-09-23,Active,Referral,456,,
SUB-5710,CUST-15710,Unlimited Data Max,Prepaid,2023-08-30,Active,Online,1232,,
SUB-5711,CUST-15711,Prepaid Saver 30D,Prepaid,2021-01-12,Active,Retail,687,,
SUB-5712,CUST-15712,Postpaid Corporate,Postpaid,2023-10-29,Churned,Online,387,2026-02-26,Voluntary
SUB-5713,CUST-15713,Prepaid Saver 30D,Prepaid,2021-02-11,Active,Online,755,,
SUB-5714,CUST-15714,Unlimited Data Max,Prepaid,2023-05-02,Churned,Online,862,2025-03-02,Voluntary
SUB-5715,CUST-15715,Unlimited Data Max,Prepaid,2025-12-17,Active,Online,957,,
SUB-5716,CUST-15716,Postpaid Corporate,Postpaid,2023-01-02,Active,Referral,1227,,
SUB-5717,CUST-15717,Postpaid Corporate,Postpaid,2021-01-12,Active,Retail,1150,,
SUB-5718,CUST-15718,Unlimited Data Max,Prepaid,2021-04-12,Active,Referral,437,,
SUB-5719,CUST-15719,Student Special 4G,Prepaid,2025-05-21,Active,Online,672,,
SUB-5720,CUST-15720,Prepaid Saver 30D,Prepaid,2024-10-23,Churned,Online,359,2026-01-28,Voluntary
SUB-5721,CUST-15721,Unlimited Data Max,Prepaid,2022-06-06,Active,Retail,1064,,
SUB-5722,CUST-15722,Prepaid Saver 30D,Prepaid,2023-10-29,Active,Online,1226,,
SUB-5723,CUST-15723,Postpaid Corporate,Postpaid,2021-08-10,Active,Online,549,,
SUB-5724,CUST-15724,Postpaid Corporate,Postpaid,2023-06-01,Active,Referral,886,,
SUB-5725,CUST-15725,Prepaid Saver 30D,Prepaid,2024-12-22,Active,Online,485,,
SUB-5726,CUST-15726,Prepaid Saver 30D,Prepaid,2024-06-25,Active,Retail,1037,,
SUB-5727,CUST-15727,Prepaid Saver 30D,Prepaid,2025-10-18,Churned,Retail,1321,2026-03-30,Voluntary
SUB-5728,CUST-15728,Prepaid Saver 30D,Prepaid,2024-09-23,Active,Referral,1005,,
SUB-5729,CUST-15729,Prepaid Saver 30D,Prepaid,2022-01-07,Churned,Agent,1040,2026-03-13,Voluntary
SUB-5730,CUST-15730,Prepaid Saver 30D,Prepaid,2025-02-20,Active,Online,1033,,
SUB-5731,CUST-15731,Prepaid Saver 30D,Prepaid,2023-10-29,Active,Agent,1299,,
SUB-5732,CUST-15732,Unlimited Data Max,Prepaid,2025-05-21,Active,Referral,795,,
SUB-5733,CUST-15733,Prepaid Saver 30D,Prepaid,2023-07-31,Churned,Agent,374,2025-05-17,Involuntary
SUB-5734,CUST-15734,Unlimited Data Max,Prepaid,2020-10-14,Active,Retail,553,,
SUB-5735,CUST-15735,Postpaid Corporate,Postpaid,2021-12-08,Active,Online,1452,,
SUB-5736,CUST-15736,Prepaid Saver 30D,Prepaid,2021-12-08,Churned,Agent,970,2025-04-10,Voluntary
SUB-5737,CUST-15737,Postpaid Corporate,Postpaid,2024-11-22,Active,Retail,539,,
SUB-5738,CUST-15738,Unlimited Data Max,Prepaid,2024-08-24,Active,Agent,776,,
SUB-5739,CUST-15739,Prepaid Saver 30D,Prepaid,2025-11-17,Churned,Referral,492,2026-06-13,Voluntary
SUB-5740,CUST-15740,Unlimited Data Max,Prepaid,2021-01-12,Active,Online,1084,,
SUB-5741,CUST-15741,Unlimited Data Max,Prepaid,2020-11-13,Active,Referral,648,,
SUB-5742,CUST-15742,Student Special 4G,Prepaid,2024-05-26,Active,Retail,1449,,
SUB-5743,CUST-15743,Unlimited Data Max,Prepaid,2022-05-07,Active,Referral,1443,,
SUB-5744,CUST-15744,Unlimited Data Max,Prepaid,2025-03-22,Active,Referral,1446,,
SUB-5745,CUST-15745,Prepaid Saver 30D,Prepaid,2022-08-05,Active,Online,513,,
SUB-5746,CUST-15746,Prepaid Saver 30D,Prepaid,2025-11-17,Churned,Retail,411,2025-12-06,Voluntary
SUB-5747,CUST-15747,Family Bundle,Postpaid,2024-06-25,Active,Retail,972,,
SUB-5748,CUST-15748,Family Bundle,Postpaid,2024-02-26,Active,Online,1479,,
SUB-5749,CUST-15749,Prepaid Saver 30D,Prepaid,2020-08-15,Active,Retail,991,,
SUB-5750,CUST-15750,Unlimited Data Max,Prepaid,2023-08-30,Active,Referral,820,,
SUB-5751,CUST-15751,Prepaid Saver 30D,Prepaid,2025-02-20,Active,Referral,1012,,
SUB-5752,CUST-15752,Prepaid Saver 30D,Prepaid,2026-02-15,Active,Agent,578,,
SUB-5753,CUST-15753,Prepaid Saver 30D,Prepaid,2025-05-21,Active,Retail,946,,
SUB-5754,CUST-15754,Unlimited Data Max,Prepaid,2024-12-22,Active,Online,1297,,
SUB-5755,CUST-15755,Unlimited Data Max,Prepaid,2024-07-25,Active,Online,1214,,
SUB-5756,CUST-15756,Unlimited Data Max,Prepaid,2025-08-19,Active,Referral,1313,,
SUB-5757,CUST-15757,Prepaid Saver 30D,Prepaid,2022-02-06,Active,Retail,1444,,
SUB-5758,CUST-15758,Prepaid Saver 30D,Prepaid,2024-02-26,Churned,Agent,921,2025-07-05,Involuntary
SUB-5759,CUST-15759,Student Special 4G,Prepaid,2025-01-21,Churned,Online,1433,2025-02-03,Voluntary
SUB-5760,CUST-15760,Unlimited Data Max,Prepaid,2023-05-02,Active,Agent,437,,
SUB-5761,CUST-15761,Student Special 4G,Prepaid,2024-07-25,Active,Retail,769,,
SUB-5762,CUST-15762,Unlimited Data Max,Prepaid,2022-06-06,Active,Agent,1302,,
SUB-5763,CUST-15763,Unlimited Data Max,Prepaid,2023-05-02,Active,Online,1173,,
SUB-5764,CUST-15764,Postpaid Corporate,Postpaid,2020-12-13,Active,Agent,670,,
SUB-5765,CUST-15765,Unlimited Data Max,Prepaid,2022-08-05,Active,Retail,534,,
SUB-5766,CUST-15766,Family Bundle,Postpaid,2024-03-27,Active,Retail,1295,,
SUB-5767,CUST-15767,Family Bundle,Postpaid,2025-07-20,Churned,Retail,537,2025-11-13,Voluntary
SUB-5768,CUST-15768,Unlimited Data Max,Prepaid,2025-10-18,Active,Agent,1031,,
SUB-5769,CUST-15769,Unlimited Data Max,Prepaid,2022-08-05,Active,Online,1108,,
SUB-5770,CUST-15770,Unlimited Data Max,Prepaid,2026-03-17,Churned,Referral,919,2026-05-13,Voluntary
SUB-5771,CUST-15771,Family Bundle,Postpaid,2024-02-26,Active,Referral,1215,,
SUB-5772,CUST-15772,Unlimited Data Max,Prepaid,2026-04-16,Active,Online,802,,
SUB-5773,CUST-15773,Student Special 4G,Prepaid,2024-05-26,Active,Online,1295,,
SUB-5774,CUST-15774,Prepaid Saver 30D,Prepaid,2021-04-12,Active,Referral,1267,,
SUB-5775,CUST-15775,Prepaid Saver 30D,Prepaid,2025-12-17,Active,Retail,364,,
SUB-5776,CUST-15776,Unlimited Data Max,Prepaid,2020-09-14,Active,Agent,1471,,
SUB-5777,CUST-15777,Student Special 4G,Prepaid,2020-09-14,Active,Referral,474,,
SUB-5778,CUST-15778,Postpaid Corporate,Postpaid,2021-05-12,Active,Agent,660,,
SUB-5779,CUST-15779,Unlimited Data Max,Prepaid,2022-05-07,Active,Referral,745,,
SUB-5780,CUST-15780,Unlimited Data Max,Prepaid,2025-05-21,Churned,Retail,1037,2025-07-25,Voluntary
SUB-5781,CUST-15781,Prepaid Saver 30D,Prepaid,2025-10-18,Active,Online,1271,,
SUB-5782,CUST-15782,Prepaid Saver 30D,Prepaid,2021-01-12,Active,Online,592,,
SUB-5783,CUST-15783,Student Special 4G,Prepaid,2024-03-27,Churned,Referral,1019,2025-11-22,Voluntary
SUB-5784,CUST-15784,Prepaid Saver 30D,Prepaid,2023-10-29,Active,Referral,500,,
SUB-5785,CUST-15785,Family Bundle,Postpaid,2025-12-17,Active,Retail,317,,
SUB-5786,CUST-15786,Unlimited Data Max,Prepaid,2026-01-16,Active,Online,1473,,
SUB-5787,CUST-15787,Student Special 4G,Prepaid,2023-04-02,Active,Online,1296,,
SUB-5788,CUST-15788,Family Bundle,Postpaid,2024-01-27,Active,Retail,950,,
SUB-5789,CUST-15789,Postpaid Corporate,Postpaid,2022-05-07,Active,Agent,1060,,
SUB-5790,CUST-15790,Family Bundle,Postpaid,2021-07-11,Active,Online,919,,
SUB-5791,CUST-15791,Prepaid Saver 30D,Prepaid,2026-01-16,Active,Retail,1437,,
SUB-5792,CUST-15792,Postpaid Corporate,Postpaid,2020-10-14,Active,Referral,1493,,
SUB-5793,CUST-15793,Unlimited Data Max,Prepaid,2021-01-12,Active,Agent,381,,
SUB-5794,CUST-15794,Prepaid Saver 30D,Prepaid,2023-02-01,Active,Agent,697,,
SUB-5795,CUST-15795,Prepaid Saver 30D,Prepaid,2024-03-27,Churned,Referral,1428,2026-02-13,Involuntary
SUB-5796,CUST-15796,Student Special 4G,Prepaid,2025-06-20,Churned,Online,1129,2025-08-04,Involuntary
SUB-5797,CUST-15797,Family Bundle,Postpaid,2025-01-21,Active,Referral,1425,,
SUB-5798,CUST-15798,Prepaid Saver 30D,Prepaid,2022-05-07,Churned,Referral,1374,2025-11-10,Voluntary
SUB-5799,CUST-15799,Student Special 4G,Prepaid,2025-08-19,Active,Agent,1480,,
SUB-5800,CUST-15800,Student Special 4G,Prepaid,2020-10-14,Active,Agent,1483,,
SUB-5801,CUST-15801,Student Special 4G,Prepaid,2025-07-20,Active,Agent,486,,
SUB-5802,CUST-15802,Unlimited Data Max,Prepaid,2022-01-07,Active,Agent,764,,
SUB-5803,CUST-15803,Prepaid Saver 30D,Prepaid,2021-06-11,Active,Referral,1352,,
SUB-5804,CUST-15804,Prepaid Saver 30D,Prepaid,2024-09-23,Active,Retail,785,,
SUB-5805,CUST-15805,Student Special 4G,Prepaid,2023-07-31,Active,Online,1125,,
SUB-5806,CUST-15806,Prepaid Saver 30D,Prepaid,2023-02-01,Active,Referral,1076,,
SUB-5807,CUST-15807,Student Special 4G,Prepaid,2021-10-09,Active,Retail,699,,
SUB-5808,CUST-15808,Family Bundle,Postpaid,2026-02-15,Active,Referral,938,,
SUB-5809,CUST-15809,Prepaid Saver 30D,Prepaid,2025-01-21,Active,Online,1012,,
SUB-5810,CUST-15810,Student Special 4G,Prepaid,2025-07-20,Active,Retail,421,,
SUB-5811,CUST-15811,Prepaid Saver 30D,Prepaid,2024-07-25,Active,Referral,1080,,
SUB-5812,CUST-15812,Postpaid Corporate,Postpaid,2022-07-06,Active,Retail,390,,
SUB-5813,CUST-15813,Prepaid Saver 30D,Prepaid,2023-12-28,Active,Online,727,,
SUB-5814,CUST-15814,Family Bundle,Postpaid,2023-07-31,Active,Online,1411,,
SUB-5815,CUST-15815,Student Special 4G,Prepaid,2023-09-29,Active,Online,743,,
SUB-5816,CUST-15816,Student Special 4G,Prepaid,2026-05-16,Active,Agent,1386,,
SUB-5817,CUST-15817,Prepaid Saver 30D,Prepaid,2025-11-17,Active,Referral,605,,
SUB-5818,CUST-15818,Prepaid Saver 30D,Prepaid,2025-01-21,Active,Retail,1185,,
SUB-5819,CUST-15819,Student Special 4G,Prepaid,2026-02-15,Active,Agent,934,,
SUB-5820,CUST-15820,Family Bundle,Postpaid,2021-08-10,Active,Online,751,,
SUB-5821,CUST-15821,Family Bundle,Postpaid,2020-08-15,Active,Agent,431,,
SUB-5822,CUST-15822,Postpaid Corporate,Postpaid,2023-07-31,Active,Referral,439,,
SUB-5823,CUST-15823,Postpaid Corporate,Postpaid,2022-07-06,Active,Online,1000,,
SUB-5824,CUST-15824,Unlimited Data Max,Prepaid,2026-02-15,Active,Agent,643,,
SUB-5825,CUST-15825,Student Special 4G,Prepaid,2026-02-15,Active,Referral,517,,
SUB-5826,CUST-15826,Prepaid Saver 30D,Prepaid,2022-12-03,Active,Online,1315,,
SUB-5827,CUST-15827,Student Special 4G,Prepaid,2021-12-08,Active,Agent,1482,,
SUB-5828,CUST-15828,Unlimited Data Max,Prepaid,2021-01-12,Active,Referral,1442,,
SUB-5829,CUST-15829,Family Bundle,Postpaid,2024-04-26,Active,Online,1153,,
SUB-5830,CUST-15830,Prepaid Saver 30D,Prepaid,2023-12-28,Active,Online,925,,
SUB-5831,CUST-15831,Unlimited Data Max,Prepaid,2021-10-09,Churned,Online,1470,2025-01-18,Voluntary
SUB-5832,CUST-15832,Postpaid Corporate,Postpaid,2025-08-19,Active,Online,473,,
SUB-5833,CUST-15833,Postpaid Corporate,Postpaid,2020-11-13,Active,Retail,396,,
SUB-5834,CUST-15834,Student Special 4G,Prepaid,2024-08-24,Active,Referral,783,,
SUB-5835,CUST-15835,Postpaid Corporate,Postpaid,2026-04-16,Churned,Referral,617,2026-06-05,Voluntary
SUB-5836,CUST-15836,Prepaid Saver 30D,Prepaid,2021-10-09,Active,Agent,785,,
SUB-5837,CUST-15837,Unlimited Data Max,Prepaid,2020-10-14,Active,Online,958,,
SUB-5838,CUST-15838,Student Special 4G,Prepaid,2023-07-31,Active,Agent,813,,
SUB-5839,CUST-15839,Family Bundle,Postpaid,2025-06-20,Active,Retail,1011,,
SUB-5840,CUST-15840,Student Special 4G,Prepaid,2025-07-20,Active,Agent,801,,
SUB-5841,CUST-15841,Unlimited Data Max,Prepaid,2024-08-24,Churned,Referral,1209,2026-02-19,Voluntary
SUB-5842,CUST-15842,Student Special 4G,Prepaid,2023-05-02,Active,Retail,651,,
SUB-5843,CUST-15843,Prepaid Saver 30D,Prepaid,2022-10-04,Active,Referral,1052,,
SUB-5844,CUST-15844,Family Bundle,Postpaid,2022-05-07,Active,Agent,1377,,
SUB-5845,CUST-15845,Unlimited Data Max,Prepaid,2022-04-07,Active,Referral,973,,
SUB-5846,CUST-15846,Unlimited Data Max,Prepaid,2024-12-22,Active,Referral,940,,
SUB-5847,CUST-15847,Unlimited Data Max,Prepaid,2025-05-21,Active,Online,1086,,
SUB-5848,CUST-15848,Student Special 4G,Prepaid,2020-11-13,Active,Agent,886,,
SUB-5849,CUST-15849,Postpaid Corporate,Postpaid,2025-08-19,Active,Online,989,,
SUB-5850,CUST-15850,Postpaid Corporate,Postpaid,2023-06-01,Active,Online,764,,
SUB-5851,CUST-15851,Prepaid Saver 30D,Prepaid,2024-09-23,Active,Online,1037,,
SUB-5852,CUST-15852,Student Special 4G,Prepaid,2022-03-08,Active,Agent,966,,
SUB-5853,CUST-15853,Prepaid Saver 30D,Prepaid,2024-06-25,Active,Online,1251,,
SUB-5854,CUST-15854,Unlimited Data Max,Prepaid,2025-10-18,Active,Referral,538,,
SUB-5855,CUST-15855,Student Special 4G,Prepaid,2024-07-25,Active,Online,835,,
SUB-5856,CUST-15856,Prepaid Saver 30D,Prepaid,2025-10-18,Active,Agent,1360,,
SUB-5857,CUST-15857,Prepaid Saver 30D,Prepaid,2025-05-21,Churned,Online,887,2026-04-21,Voluntary
SUB-5858,CUST-15858,Prepaid Saver 30D,Prepaid,2023-08-30,Active,Referral,997,,
SUB-5859,CUST-15859,Postpaid Corporate,Postpaid,2020-10-14,Active,Referral,1139,,
SUB-5860,CUST-15860,Unlimited Data Max,Prepaid,2025-03-22,Active,Online,755,,
SUB-5861,CUST-15861,Prepaid Saver 30D,Prepaid,2021-10-09,Active,Online,694,,
SUB-5862,CUST-15862,Prepaid Saver 30D,Prepaid,2023-06-01,Active,Agent,1032,,
SUB-5863,CUST-15863,Postpaid Corporate,Postpaid,2020-09-14,Active,Retail,1486,,
SUB-5864,CUST-15864,Prepaid Saver 30D,Prepaid,2023-06-01,Active,Referral,1083,,
SUB-5865,CUST-15865,Unlimited Data Max,Prepaid,2025-10-18,Active,Online,1397,,
SUB-5866,CUST-15866,Prepaid Saver 30D,Prepaid,2023-12-28,Churned,Referral,935,2025-06-05,Voluntary
SUB-5867,CUST-15867,Prepaid Saver 30D,Prepaid,2025-12-17,Active,Retail,313,,
SUB-5868,CUST-15868,Unlimited Data Max,Prepaid,2025-02-20,Active,Retail,841,,
SUB-5869,CUST-15869,Postpaid Corporate,Postpaid,2023-04-02,Active,Referral,855,,
SUB-5870,CUST-15870,Prepaid Saver 30D,Prepaid,2021-03-13,Active,Retail,1085,,
SUB-5871,CUST-15871,Prepaid Saver 30D,Prepaid,2022-11-03,Active,Referral,466,,
SUB-5872,CUST-15872,Prepaid Saver 30D,Prepaid,2024-04-26,Active,Retail,701,,
SUB-5873,CUST-15873,Prepaid Saver 30D,Prepaid,2022-09-04,Active,Agent,935,,
SUB-5874,CUST-15874,Postpaid Corporate,Postpaid,2024-12-22,Active,Referral,951,,
SUB-5875,CUST-15875,Postpaid Corporate,Postpaid,2025-11-17,Churned,Online,723,2026-03-19,Involuntary
SUB-5876,CUST-15876,Student Special 4G,Prepaid,2022-02-06,Active,Online,1175,,
SUB-5877,CUST-15877,Prepaid Saver 30D,Prepaid,2021-07-11,Active,Online,1261,,
SUB-5878,CUST-15878,Prepaid Saver 30D,Prepaid,2022-11-03,Active,Online,729,,
SUB-5879,CUST-15879,Unlimited Data Max,Prepaid,2023-07-31,Active,Online,841,,
SUB-5880,CUST-15880,Prepaid Saver 30D,Prepaid,2023-09-29,Active,Retail,1224,,
SUB-5881,CUST-15881,Student Special 4G,Prepaid,2024-03-27,Churned,Online,834,2026-03-21,Voluntary
SUB-5882,CUST-15882,Unlimited Data Max,Prepaid,2020-10-14,Active,Retail,1209,,
SUB-5883,CUST-15883,Unlimited Data Max,Prepaid,2023-07-01,Active,Retail,571,,
SUB-5884,CUST-15884,Postpaid Corporate,Postpaid,2021-05-12,Active,Agent,1087,,
SUB-5885,CUST-15885,Prepaid Saver 30D,Prepaid,2026-03-17,Active,Retail,766,,
SUB-5886,CUST-15886,Family Bundle,Postpaid,2024-04-26,Active,Referral,477,,
SUB-5887,CUST-15887,Unlimited Data Max,Prepaid,2025-02-20,Active,Retail,795,,
SUB-5888,CUST-15888,Student Special 4G,Prepaid,2025-09-18,Active,Retail,836,,
SUB-5889,CUST-15889,Postpaid Corporate,Postpaid,2020-08-15,Active,Online,596,,
SUB-5890,CUST-15890,Student Special 4G,Prepaid,2026-02-15,Active,Retail,532,,
SUB-5891,CUST-15891,Prepaid Saver 30D,Prepaid,2023-03-03,Active,Agent,1012,,
SUB-5892,CUST-15892,Prepaid Saver 30D,Prepaid,2025-02-20,Active,Retail,911,,
SUB-5893,CUST-15893,Unlimited Data Max,Prepaid,2025-12-17,Active,Retail,1423,,
SUB-5894,CUST-15894,Student Special 4G,Prepaid,2020-09-14,Active,Online,1130,,
SUB-5895,CUST-15895,Unlimited Data Max,Prepaid,2024-09-23,Active,Online,380,,
SUB-5896,CUST-15896,Unlimited Data Max,Prepaid,2024-05-26,Active,Agent,768,,
SUB-5897,CUST-15897,Prepaid Saver 30D,Prepaid,2025-04-21,Active,Agent,997,,
SUB-5898,CUST-15898,Student Special 4G,Prepaid,2022-06-06,Churned,Online,585,2026-02-12,Voluntary
SUB-5899,CUST-15899,Prepaid Saver 30D,Prepaid,2021-01-12,Active,Referral,774,,
SUB-5900,CUST-15900,Prepaid Saver 30D,Prepaid,2024-05-26,Active,Retail,633,,
SUB-5901,CUST-15901,Postpaid Corporate,Postpaid,2021-09-09,Active,Referral,1100,,
SUB-5902,CUST-15902,Student Special 4G,Prepaid,2023-12-28,Active,Online,1059,,
SUB-5903,CUST-15903,Student Special 4G,Prepaid,2023-04-02,Active,Agent,490,,
SUB-5904,CUST-15904,Prepaid Saver 30D,Prepaid,2021-10-09,Active,Retail,1163,,
SUB-5905,CUST-15905,Unlimited Data Max,Prepaid,2020-11-13,Active,Retail,497,,
SUB-5906,CUST-15906,Unlimited Data Max,Prepaid,2022-11-03,Churned,Online,1358,2026-01-23,Voluntary
SUB-5907,CUST-15907,Prepaid Saver 30D,Prepaid,2024-03-27,Active,Online,508,,
SUB-5908,CUST-15908,Prepaid Saver 30D,Prepaid,2023-08-30,Active,Online,1336,,
SUB-5909,CUST-15909,Prepaid Saver 30D,Prepaid,2021-05-12,Churned,Retail,492,2026-05-30,Voluntary
SUB-5910,CUST-15910,Prepaid Saver 30D,Prepaid,2024-04-26,Churned,Agent,1417,2026-01-14,Voluntary
SUB-5911,CUST-15911,Prepaid Saver 30D,Prepaid,2023-08-30,Active,Referral,973,,
SUB-5912,CUST-15912,Postpaid Corporate,Postpaid,2021-11-08,Active,Agent,863,,
SUB-5913,CUST-15913,Unlimited Data Max,Prepaid,2021-06-11,Active,Online,1473,,
SUB-5914,CUST-15914,Family Bundle,Postpaid,2023-10-29,Active,Retail,456,,
SUB-5915,CUST-15915,Student Special 4G,Prepaid,2021-03-13,Active,Agent,867,,
SUB-5916,CUST-15916,Prepaid Saver 30D,Prepaid,2021-05-12,Active,Online,1268,,
SUB-5917,CUST-15917,Prepaid Saver 30D,Prepaid,2023-09-29,Active,Online,1141,,
SUB-5918,CUST-15918,Family Bundle,Postpaid,2024-10-23,Active,Online,958,,
SUB-5919,CUST-15919,Family Bundle,Postpaid,2025-05-21,Active,Retail,595,,
SUB-5920,CUST-15920,Prepaid Saver 30D,Prepaid,2025-09-18,Active,Retail,1264,,
SUB-5921,CUST-15921,Unlimited Data Max,Prepaid,2025-04-21,Active,Referral,950,,
SUB-5922,CUST-15922,Family Bundle,Postpaid,2026-01-16,Active,Online,928,,
SUB-5923,CUST-15923,Postpaid Corporate,Postpaid,2024-09-23,Active,Retail,1243,,
SUB-5924,CUST-15924,Postpaid Corporate,Postpaid,2020-08-15,Active,Referral,1288,,
SUB-5925,CUST-15925,Prepaid Saver 30D,Prepaid,2025-02-20,Active,Referral,557,,
SUB-5926,CUST-15926,Student Special 4G,Prepaid,2024-02-26,Active,Referral,389,,
SUB-5927,CUST-15927,Prepaid Saver 30D,Prepaid,2024-02-26,Churned,Online,844,2026-02-27,Voluntary
SUB-5928,CUST-15928,Prepaid Saver 30D,Prepaid,2023-06-01,Active,Retail,549,,
SUB-5929,CUST-15929,Postpaid Corporate,Postpaid,2023-07-01,Active,Referral,578,,
SUB-5930,CUST-15930,Prepaid Saver 30D,Prepaid,2023-01-02,Active,Agent,567,,
SUB-5931,CUST-15931,Prepaid Saver 30D,Prepaid,2025-11-17,Active,Agent,663,,
SUB-5932,CUST-15932,Postpaid Corporate,Postpaid,2024-07-25,Active,Agent,1496,,
SUB-5933,CUST-15933,Postpaid Corporate,Postpaid,2021-02-11,Active,Retail,586,,
SUB-5934,CUST-15934,Family Bundle,Postpaid,2020-09-14,Active,Referral,1132,,
SUB-5935,CUST-15935,Prepaid Saver 30D,Prepaid,2026-05-16,Active,Online,674,,
SUB-5936,CUST-15936,Prepaid Saver 30D,Prepaid,2022-10-04,Active,Online,1230,,
SUB-5937,CUST-15937,Prepaid Saver 30D,Prepaid,2025-08-19,Active,Retail,1052,,
SUB-5938,CUST-15938,Prepaid Saver 30D,Prepaid,2023-04-02,Active,Retail,487,,
SUB-5939,CUST-15939,Unlimited Data Max,Prepaid,2026-05-16,Active,Agent,1031,,
SUB-5940,CUST-15940,Prepaid Saver 30D,Prepaid,2022-01-07,Churned,Online,472,2025-02-15,Voluntary
SUB-5941,CUST-15941,Prepaid Saver 30D,Prepaid,2020-08-15,Churned,Online,765,2025-12-02,Involuntary
SUB-5942,CUST-15942,Prepaid Saver 30D,Prepaid,2025-09-18,Active,Referral,1313,,
SUB-5943,CUST-15943,Unlimited Data Max,Prepaid,2023-12-28,Active,Online,1237,,
SUB-5944,CUST-15944,Prepaid Saver 30D,Prepaid,2025-04-21,Active,Agent,819,,
SUB-5945,CUST-15945,Unlimited Data Max,Prepaid,2025-04-21,Active,Retail,779,,
SUB-5946,CUST-15946,Postpaid Corporate,Postpaid,2021-10-09,Active,Online,1361,,
SUB-5947,CUST-15947,Prepaid Saver 30D,Prepaid,2025-09-18,Active,Referral,685,,
SUB-5948,CUST-15948,Family Bundle,Postpaid,2025-09-18,Active,Online,394,,
SUB-5949,CUST-15949,Prepaid Saver 30D,Prepaid,2024-03-27,Active,Referral,1261,,
SUB-5950,CUST-15950,Student Special 4G,Prepaid,2024-08-24,Active,Retail,541,,
SUB-5951,CUST-15951,Student Special 4G,Prepaid,2020-09-14,Active,Retail,737,,
SUB-5952,CUST-15952,Student Special 4G,Prepaid,2024-01-27,Active,Referral,1314,,
SUB-5953,CUST-15953,Student Special 4G,Prepaid,2023-04-02,Active,Retail,1392,,
SUB-5954,CUST-15954,Unlimited Data Max,Prepaid,2025-10-18,Active,Referral,1210,,
SUB-5955,CUST-15955,Prepaid Saver 30D,Prepaid,2024-04-26,Churned,Referral,1400,2025-02-03,Voluntary
SUB-5956,CUST-15956,Postpaid Corporate,Postpaid,2025-03-22,Active,Referral,588,,
SUB-5957,CUST-15957,Prepaid Saver 30D,Prepaid,2024-04-26,Active,Online,794,,
SUB-5958,CUST-15958,Postpaid Corporate,Postpaid,2024-08-24,Active,Online,1372,,
SUB-5959,CUST-15959,Postpaid Corporate,Postpaid,2025-09-18,Active,Retail,1468,,
SUB-5960,CUST-15960,Unlimited Data Max,Prepaid,2023-03-03,Churned,Retail,878,2025-10-19,Voluntary
SUB-5961,CUST-15961,Unlimited Data Max,Prepaid,2023-06-01,Active,Retail,1016,,
SUB-5962,CUST-15962,Postpaid Corporate,Postpaid,2023-06-01,Active,Retail,704,,
SUB-5963,CUST-15963,Postpaid Corporate,Postpaid,2023-11-28,Active,Referral,1473,,
SUB-5964,CUST-15964,Student Special 4G,Prepaid,2023-05-02,Churned,Agent,1194,2025-08-20,Voluntary
SUB-5965,CUST-15965,Postpaid Corporate,Postpaid,2022-03-08,Active,Referral,352,,
SUB-5966,CUST-15966,Unlimited Data Max,Prepaid,2024-11-22,Active,Referral,458,,
SUB-5967,CUST-15967,Unlimited Data Max,Prepaid,2025-04-21,Active,Agent,975,,
SUB-5968,CUST-15968,Prepaid Saver 30D,Prepaid,2022-06-06,Active,Retail,1492,,
SUB-5969,CUST-15969,Prepaid Saver 30D,Prepaid,2025-08-19,Active,Referral,1254,,
SUB-5970,CUST-15970,Student Special 4G,Prepaid,2024-05-26,Active,Online,1120,,
SUB-5971,CUST-15971,Postpaid Corporate,Postpaid,2023-01-02,Churned,Retail,612,2025-11-17,Voluntary
SUB-5972,CUST-15972,Student Special 4G,Prepaid,2023-01-02,Active,Agent,1199,,
SUB-5973,CUST-15973,Prepaid Saver 30D,Prepaid,2022-02-06,Active,Referral,1098,,
SUB-5974,CUST-15974,Prepaid Saver 30D,Prepaid,2023-08-30,Active,Agent,417,,
SUB-5975,CUST-15975,Prepaid Saver 30D,Prepaid,2023-07-01,Active,Online,845,,
SUB-5976,CUST-15976,Unlimited Data Max,Prepaid,2026-02-15,Active,Agent,1179,,
SUB-5977,CUST-15977,Unlimited Data Max,Prepaid,2021-10-09,Active,Online,999,,
SUB-5978,CUST-15978,Prepaid Saver 30D,Prepaid,2025-01-21,Churned,Agent,968,2025-05-11,Involuntary
SUB-5979,CUST-15979,Prepaid Saver 30D,Prepaid,2021-07-11,Active,Online,431,,
SUB-5980,CUST-15980,Unlimited Data Max,Prepaid,2022-09-04,Active,Retail,546,,
SUB-5981,CUST-15981,Postpaid Corporate,Postpaid,2021-01-12,Active,Retail,1041,,
SUB-5982,CUST-15982,Postpaid Corporate,Postpaid,2021-04-12,Active,Agent,1148,,
SUB-5983,CUST-15983,Unlimited Data Max,Prepaid,2024-03-27,Active,Online,302,,
SUB-5984,CUST-15984,Postpaid Corporate,Postpaid,2024-02-26,Active,Online,1359,,
SUB-5985,CUST-15985,Unlimited Data Max,Prepaid,2021-02-11,Active,Retail,901,,
SUB-5986,CUST-15986,Prepaid Saver 30D,Prepaid,2021-04-12,Active,Retail,551,,
SUB-5987,CUST-15987,Postpaid Corporate,Postpaid,2022-04-07,Active,Retail,1219,,
SUB-5988,CUST-15988,Prepaid Saver 30D,Prepaid,2021-01-12,Churned,Retail,381,2025-06-05,Voluntary
SUB-5989,CUST-15989,Postpaid Corporate,Postpaid,2022-10-04,Active,Retail,1351,,
SUB-5990,CUST-15990,Prepaid Saver 30D,Prepaid,2026-04-16,Active,Online,1233,,
SUB-5991,CUST-15991,Unlimited Data Max,Prepaid,2023-03-03,Active,Referral,1318,,
SUB-5992,CUST-15992,Prepaid Saver 30D,Prepaid,2024-03-27,Active,Agent,1070,,
SUB-5993,CUST-15993,Prepaid Saver 30D,Prepaid,2026-04-16,Churned,Agent,1380,2026-05-23,Voluntary
SUB-5994,CUST-15994,Unlimited Data Max,Prepaid,2023-03-03,Active,Agent,1186,,
SUB-5995,CUST-15995,Prepaid Saver 30D,Prepaid,2023-03-03,Active,Agent,354,,
SUB-5996,CUST-15996,Unlimited Data Max,Prepaid,2022-03-08,Active,Agent,916,,
SUB-5997,CUST-15997,Prepaid Saver 30D,Prepaid,2021-11-08,Active,Referral,1053,,
SUB-5998,CUST-15998,Prepaid Saver 30D,Prepaid,2024-07-25,Active,Retail,1231,,
SUB-5999,CUST-15999,Student Special 4G,Prepaid,2020-08-15,Active,Agent,1445,,
SUB-6000,CUST-16000,Student Special 4G,Prepaid,2023-10-29,Active,Retail,769,,
SUB-6001,CUST-16001,Postpaid Corporate,Postpaid,2023-11-28,Active,Online,843,,
SUB-6002,CUST-16002,Student Special 4G,Prepaid,2025-05-21,Active,Online,1249,,
SUB-6003,CUST-16003,Prepaid Saver 30D,Prepaid,2020-08-15,Active,Online,368,,
SUB-6004,CUST-16004,Postpaid Corporate,Postpaid,2024-02-26,Active,Agent,508,,
SUB-6005,CUST-16005,Student Special 4G,Prepaid,2025-05-21,Active,Retail,1493,,
SUB-6006,CUST-16006,Student Special 4G,Prepaid,2021-06-11,Active,Referral,1264,,
SUB-6007,CUST-16007,Student Special 4G,Prepaid,2020-10-14,Active,Online,375,,
SUB-6008,CUST-16008,Family Bundle,Postpaid,2025-02-20,Active,Online,1089,,
SUB-6009,CUST-16009,Prepaid Saver 30D,Prepaid,2023-01-02,Active,Online,326,,
SUB-6010,CUST-16010,Family Bundle,Postpaid,2021-02-11,Active,Referral,1414,,
SUB-6011,CUST-16011,Prepaid Saver 30D,Prepaid,2022-07-06,Active,Retail,744,,
SUB-6012,CUST-16012,Unlimited Data Max,Prepaid,2023-10-29,Active,Agent,590,,
SUB-6013,CUST-16013,Unlimited Data Max,Prepaid,2023-02-01,Churned,Online,330,2026-01-20,Voluntary
SUB-6014,CUST-16014,Prepaid Saver 30D,Prepaid,2025-10-18,Active,Referral,1094,,
SUB-6015,CUST-16015,Unlimited Data Max,Prepaid,2020-09-14,Churned,Agent,580,2026-05-16,Voluntary
SUB-6016,CUST-16016,Unlimited Data Max,Prepaid,2023-06-01,Active,Online,1071,,
SUB-6017,CUST-16017,Prepaid Saver 30D,Prepaid,2026-02-15,Active,Online,674,,
SUB-6018,CUST-16018,Postpaid Corporate,Postpaid,2024-06-25,Active,Online,447,,
SUB-6019,CUST-16019,Unlimited Data Max,Prepaid,2023-12-28,Active,Agent,717,,
SUB-6020,CUST-16020,Prepaid Saver 30D,Prepaid,2020-08-15,Active,Online,1072,,
SUB-6021,CUST-16021,Postpaid Corporate,Postpaid,2021-04-12,Active,Referral,1165,,
SUB-6022,CUST-16022,Student Special 4G,Prepaid,2024-08-24,Churned,Online,803,2025-11-11,Voluntary
SUB-6023,CUST-16023,Postpaid Corporate,Postpaid,2025-06-20,Active,Agent,412,,
SUB-6024,CUST-16024,Prepaid Saver 30D,Prepaid,2026-02-15,Active,Retail,370,,
SUB-6025,CUST-16025,Family Bundle,Postpaid,2023-02-01,Active,Agent,999,,
SUB-6026,CUST-16026,Student Special 4G,Prepaid,2023-10-29,Active,Referral,939,,
SUB-6027,CUST-16027,Prepaid Saver 30D,Prepaid,2023-05-02,Active,Agent,610,,
SUB-6028,CUST-16028,Unlimited Data Max,Prepaid,2024-10-23,Active,Retail,724,,
SUB-6029,CUST-16029,Prepaid Saver 30D,Prepaid,2021-09-09,Active,Referral,1012,,
SUB-6030,CUST-16030,Student Special 4G,Prepaid,2023-06-01,Active,Online,1228,,
SUB-6031,CUST-16031,Student Special 4G,Prepaid,2021-01-12,Active,Online,1469,,
SUB-6032,CUST-16032,Student Special 4G,Prepaid,2024-12-22,Churned,Retail,469,2025-07-29,Voluntary
SUB-6033,CUST-16033,Family Bundle,Postpaid,2024-11-22,Active,Retail,1496,,
SUB-6034,CUST-16034,Postpaid Corporate,Postpaid,2023-01-02,Active,Retail,1046,,
SUB-6035,CUST-16035,Unlimited Data Max,Prepaid,2022-05-07,Active,Online,913,,
SUB-6036,CUST-16036,Unlimited Data Max,Prepaid,2024-09-23,Active,Online,669,,
SUB-6037,CUST-16037,Unlimited Data Max,Prepaid,2023-04-02,Churned,Online,1284,2025-05-23,Voluntary
SUB-6038,CUST-16038,Unlimited Data Max,Prepaid,2023-06-01,Active,Online,423,,
SUB-6039,CUST-16039,Unlimited Data Max,Prepaid,2022-07-06,Active,Online,330,,
SUB-6040,CUST-16040,Prepaid Saver 30D,Prepaid,2022-09-04,Active,Retail,1082,,
SUB-6041,CUST-16041,Student Special 4G,Prepaid,2025-03-22,Active,Online,846,,
SUB-6042,CUST-16042,Unlimited Data Max,Prepaid,2025-09-18,Churned,Online,1102,2025-10-29,Voluntary
SUB-6043,CUST-16043,Student Special 4G,Prepaid,2024-10-23,Active,Online,1444,,
SUB-6044,CUST-16044,Family Bundle,Postpaid,2025-09-18,Active,Referral,1327,,
SUB-6045,CUST-16045,Unlimited Data Max,Prepaid,2023-03-03,Active,Online,412,,
SUB-6046,CUST-16046,Unlimited Data Max,Prepaid,2023-06-01,Active,Agent,1068,,
SUB-6047,CUST-16047,Prepaid Saver 30D,Prepaid,2026-05-16,Active,Referral,1343,,
SUB-6048,CUST-16048,Student Special 4G,Prepaid,2021-08-10,Active,Retail,949,,
SUB-6049,CUST-16049,Postpaid Corporate,Postpaid,2022-04-07,Active,Agent,1479,,
SUB-6050,CUST-16050,Unlimited Data Max,Prepaid,2023-08-30,Active,Agent,359,,
SUB-6051,CUST-16051,Postpaid Corporate,Postpaid,2025-06-20,Churned,Referral,367,2026-05-20,Voluntary
SUB-6052,CUST-16052,Student Special 4G,Prepaid,2025-06-20,Active,Referral,616,,
SUB-6053,CUST-16053,Prepaid Saver 30D,Prepaid,2020-12-13,Active,Retail,797,,
SUB-6054,CUST-16054,Postpaid Corporate,Postpaid,2025-01-21,Active,Retail,1266,,
SUB-6055,CUST-16055,Prepaid Saver 30D,Prepaid,2021-05-12,Active,Online,610,,
SUB-6056,CUST-16056,Unlimited Data Max,Prepaid,2022-07-06,Active,Referral,1251,,
SUB-6057,CUST-16057,Family Bundle,Postpaid,2022-10-04,Active,Agent,1148,,
SUB-6058,CUST-16058,Unlimited Data Max,Prepaid,2021-07-11,Churned,Retail,875,2025-12-12,Voluntary
SUB-6059,CUST-16059,Student Special 4G,Prepaid,2021-03-13,Active,Referral,1009,,
SUB-6060,CUST-16060,Postpaid Corporate,Postpaid,2024-10-23,Churned,Referral,318,2025-04-27,Voluntary
SUB-6061,CUST-16061,Unlimited Data Max,Prepaid,2020-08-15,Active,Agent,958,,
SUB-6062,CUST-16062,Postpaid Corporate,Postpaid,2025-08-19,Active,Referral,544,,
SUB-6063,CUST-16063,Unlimited Data Max,Prepaid,2021-11-08,Active,Online,566,,
SUB-6064,CUST-16064,Unlimited Data Max,Prepaid,2024-02-26,Active,Retail,414,,
SUB-6065,CUST-16065,Prepaid Saver 30D,Prepaid,2022-10-04,Active,Online,1074,,
SUB-6066,CUST-16066,Student Special 4G,Prepaid,2021-07-11,Active,Agent,306,,
SUB-6067,CUST-16067,Family Bundle,Postpaid,2023-10-29,Active,Referral,788,,
SUB-6068,CUST-16068,Prepaid Saver 30D,Prepaid,2025-12-17,Churned,Online,1455,2026-01-10,Involuntary
SUB-6069,CUST-16069,Prepaid Saver 30D,Prepaid,2021-09-09,Active,Agent,1475,,
SUB-6070,CUST-16070,Family Bundle,Postpaid,2025-08-19,Active,Referral,1434,,
SUB-6071,CUST-16071,Postpaid Corporate,Postpaid,2022-04-07,Active,Online,1022,,
SUB-6072,CUST-16072,Unlimited Data Max,Prepaid,2023-10-29,Active,Agent,1199,,
SUB-6073,CUST-16073,Prepaid Saver 30D,Prepaid,2023-08-30,Active,Agent,1202,,
SUB-6074,CUST-16074,Prepaid Saver 30D,Prepaid,2024-11-22,Churned,Retail,1486,2025-06-19,Involuntary
SUB-6075,CUST-16075,Prepaid Saver 30D,Prepaid,2023-07-01,Active,Online,1334,,
SUB-6076,CUST-16076,Prepaid Saver 30D,Prepaid,2025-04-21,Active,Retail,987,,
SUB-6077,CUST-16077,Postpaid Corporate,Postpaid,2025-01-21,Active,Agent,766,,
SUB-6078,CUST-16078,Postpaid Corporate,Postpaid,2023-08-30,Active,Online,1266,,
SUB-6079,CUST-16079,Prepaid Saver 30D,Prepaid,2021-11-08,Active,Agent,1225,,
SUB-6080,CUST-16080,Postpaid Corporate,Postpaid,2023-06-01,Active,Referral,743,,
SUB-6081,CUST-16081,Prepaid Saver 30D,Prepaid,2021-04-12,Active,Retail,1064,,
SUB-6082,CUST-16082,Student Special 4G,Prepaid,2024-10-23,Active,Referral,1199,,
SUB-6083,CUST-16083,Unlimited Data Max,Prepaid,2026-04-16,Active,Online,897,,
SUB-6084,CUST-16084,Prepaid Saver 30D,Prepaid,2024-08-24,Active,Retail,340,,
SUB-6085,CUST-16085,Prepaid Saver 30D,Prepaid,2025-10-18,Active,Referral,486,,
SUB-6086,CUST-16086,Prepaid Saver 30D,Prepaid,2023-05-02,Active,Online,324,,
SUB-6087,CUST-16087,Postpaid Corporate,Postpaid,2020-08-15,Churned,Retail,498,2025-10-13,Voluntary
SUB-6088,CUST-16088,Prepaid Saver 30D,Prepaid,2023-07-31,Active,Referral,817,,
SUB-6089,CUST-16089,Prepaid Saver 30D,Prepaid,2025-05-21,Churned,Retail,796,2025-06-19,Voluntary
SUB-6090,CUST-16090,Prepaid Saver 30D,Prepaid,2023-01-02,Active,Referral,605,,
SUB-6091,CUST-16091,Postpaid Corporate,Postpaid,2022-02-06,Churned,Referral,782,2025-09-29,Voluntary
SUB-6092,CUST-16092,Postpaid Corporate,Postpaid,2021-05-12,Active,Agent,1340,,
SUB-6093,CUST-16093,Student Special 4G,Prepaid,2023-07-31,Active,Online,637,,
SUB-6094,CUST-16094,Student Special 4G,Prepaid,2023-11-28,Active,Referral,826,,
SUB-6095,CUST-16095,Postpaid Corporate,Postpaid,2023-05-02,Active,Online,465,,
SUB-6096,CUST-16096,Unlimited Data Max,Prepaid,2025-02-20,Active,Referral,1212,,
SUB-6097,CUST-16097,Student Special 4G,Prepaid,2025-10-18,Active,Agent,376,,
SUB-6098,CUST-16098,Prepaid Saver 30D,Prepaid,2021-12-08,Active,Referral,706,,
SUB-6099,CUST-16099,Postpaid Corporate,Postpaid,2025-08-19,Active,Retail,713,,
SUB-6100,CUST-16100,Family Bundle,Postpaid,2022-06-06,Churned,Retail,440,2025-07-17,Voluntary
SUB-6101,CUST-16101,Prepaid Saver 30D,Prepaid,2023-01-02,Active,Online,562,,
SUB-6102,CUST-16102,Prepaid Saver 30D,Prepaid,2023-08-30,Churned,Online,351,2025-04-11,Voluntary
SUB-6103,CUST-16103,Unlimited Data Max,Prepaid,2024-03-27,Active,Agent,1051,,
SUB-6104,CUST-16104,Family Bundle,Postpaid,2020-09-14,Active,Agent,1102,,
SUB-6105,CUST-16105,Prepaid Saver 30D,Prepaid,2021-10-09,Active,Retail,794,,
SUB-6106,CUST-16106,Student Special 4G,Prepaid,2025-06-20,Active,Agent,881,,
SUB-6107,CUST-16107,Unlimited Data Max,Prepaid,2020-09-14,Active,Online,1093,,
SUB-6108,CUST-16108,Unlimited Data Max,Prepaid,2025-08-19,Active,Retail,1481,,
SUB-6109,CUST-16109,Unlimited Data Max,Prepaid,2021-09-09,Active,Online,1257,,
SUB-6110,CUST-16110,Student Special 4G,Prepaid,2023-11-28,Active,Agent,638,,
SUB-6111,CUST-16111,Unlimited Data Max,Prepaid,2024-01-27,Active,Agent,1183,,
SUB-6112,CUST-16112,Family Bundle,Postpaid,2023-07-01,Active,Online,345,,
SUB-6113,CUST-16113,Postpaid Corporate,Postpaid,2023-07-31,Active,Retail,1480,,
SUB-6114,CUST-16114,Family Bundle,Postpaid,2025-09-18,Active,Online,736,,
SUB-6115,CUST-16115,Prepaid Saver 30D,Prepaid,2025-06-20,Active,Online,505,,
SUB-6116,CUST-16116,Prepaid Saver 30D,Prepaid,2022-02-06,Active,Agent,663,,
SUB-6117,CUST-16117,Unlimited Data Max,Prepaid,2022-05-07,Active,Agent,453,,
SUB-6118,CUST-16118,Prepaid Saver 30D,Prepaid,2024-02-26,Active,Agent,1280,,
SUB-6119,CUST-16119,Prepaid Saver 30D,Prepaid,2023-10-29,Active,Agent,1359,,
SUB-6120,CUST-16120,Unlimited Data Max,Prepaid,2024-02-26,Active,Retail,781,,
SUB-6121,CUST-16121,Family Bundle,Postpaid,2021-06-11,Active,Agent,1137,,
SUB-6122,CUST-16122,Unlimited Data Max,Prepaid,2026-01-16,Active,Retail,999,,
SUB-6123,CUST-16123,Prepaid Saver 30D,Prepaid,2022-08-05,Active,Agent,1097,,
SUB-6124,CUST-16124,Postpaid Corporate,Postpaid,2024-08-24,Active,Agent,1041,,
SUB-6125,CUST-16125,Prepaid Saver 30D,Prepaid,2025-05-21,Active,Referral,481,,
SUB-6126,CUST-16126,Unlimited Data Max,Prepaid,2025-06-20,Active,Online,1412,,
SUB-6127,CUST-16127,Family Bundle,Postpaid,2023-12-28,Active,Referral,980,,
SUB-6128,CUST-16128,Unlimited Data Max,Prepaid,2025-07-20,Active,Agent,434,,
SUB-6129,CUST-16129,Prepaid Saver 30D,Prepaid,2022-06-06,Active,Agent,1163,,
SUB-6130,CUST-16130,Unlimited Data Max,Prepaid,2024-06-25,Active,Retail,963,,
SUB-6131,CUST-16131,Unlimited Data Max,Prepaid,2021-06-11,Churned,Retail,379,2025-12-31,Voluntary
SUB-6132,CUST-16132,Prepaid Saver 30D,Prepaid,2025-07-20,Active,Online,324,,
SUB-6133,CUST-16133,Student Special 4G,Prepaid,2024-05-26,Active,Retail,474,,
SUB-6134,CUST-16134,Prepaid Saver 30D,Prepaid,2024-02-26,Active,Agent,1322,,
SUB-6135,CUST-16135,Prepaid Saver 30D,Prepaid,2022-07-06,Active,Retail,1198,,
SUB-6136,CUST-16136,Unlimited Data Max,Prepaid,2024-08-24,Active,Retail,1170,,
SUB-6137,CUST-16137,Family Bundle,Postpaid,2025-05-21,Churned,Online,1164,2025-09-14,Involuntary
SUB-6138,CUST-16138,Unlimited Data Max,Prepaid,2024-01-27,Active,Agent,980,,
SUB-6139,CUST-16139,Prepaid Saver 30D,Prepaid,2021-02-11,Active,Referral,851,,
SUB-6140,CUST-16140,Unlimited Data Max,Prepaid,2021-09-09,Churned,Online,301,2026-01-19,Involuntary
SUB-6141,CUST-16141,Unlimited Data Max,Prepaid,2023-02-01,Active,Agent,1049,,
SUB-6142,CUST-16142,Unlimited Data Max,Prepaid,2020-08-15,Active,Retail,956,,
SUB-6143,CUST-16143,Unlimited Data Max,Prepaid,2021-12-08,Churned,Agent,1493,2025-01-16,Involuntary
SUB-6144,CUST-16144,Prepaid Saver 30D,Prepaid,2021-12-08,Active,Retail,385,,
SUB-6145,CUST-16145,Prepaid Saver 30D,Prepaid,2024-01-27,Active,Online,1453,,
SUB-6146,CUST-16146,Student Special 4G,Prepaid,2023-07-01,Active,Agent,686,,
SUB-6147,CUST-16147,Unlimited Data Max,Prepaid,2020-12-13,Active,Agent,348,,
SUB-6148,CUST-16148,Prepaid Saver 30D,Prepaid,2021-01-12,Churned,Retail,1232,2025-04-13,Involuntary
SUB-6149,CUST-16149,Prepaid Saver 30D,Prepaid,2022-03-08,Active,Retail,364,,
SUB-6150,CUST-16150,Unlimited Data Max,Prepaid,2025-11-17,Active,Referral,1487,,
SUB-6151,CUST-16151,Unlimited Data Max,Prepaid,2025-07-20,Active,Retail,345,,
SUB-6152,CUST-16152,Unlimited Data Max,Prepaid,2023-09-29,Active,Retail,1040,,
SUB-6153,CUST-16153,Unlimited Data Max,Prepaid,2023-03-03,Active,Referral,1381,,
SUB-6154,CUST-16154,Prepaid Saver 30D,Prepaid,2022-10-04,Churned,Agent,1397,2025-07-13,Involuntary
SUB-6155,CUST-16155,Unlimited Data Max,Prepaid,2024-10-23,Active,Retail,1112,,
SUB-6156,CUST-16156,Prepaid Saver 30D,Prepaid,2021-11-08,Active,Retail,1241,,
SUB-6157,CUST-16157,Prepaid Saver 30D,Prepaid,2021-07-11,Active,Referral,1058,,
SUB-6158,CUST-16158,Prepaid Saver 30D,Prepaid,2025-03-22,Active,Online,365,,
SUB-6159,CUST-16159,Unlimited Data Max,Prepaid,2021-11-08,Active,Referral,458,,
SUB-6160,CUST-16160,Prepaid Saver 30D,Prepaid,2025-07-20,Active,Referral,1310,,
SUB-6161,CUST-16161,Prepaid Saver 30D,Prepaid,2023-07-01,Active,Agent,1077,,
SUB-6162,CUST-16162,Family Bundle,Postpaid,2021-04-12,Active,Agent,633,,
SUB-6163,CUST-16163,Unlimited Data Max,Prepaid,2024-08-24,Active,Referral,626,,
SUB-6164,CUST-16164,Unlimited Data Max,Prepaid,2022-06-06,Active,Agent,983,,
SUB-6165,CUST-16165,Student Special 4G,Prepaid,2021-06-11,Active,Online,821,,
SUB-6166,CUST-16166,Prepaid Saver 30D,Prepaid,2023-07-31,Active,Referral,1457,,
SUB-6167,CUST-16167,Unlimited Data Max,Prepaid,2021-06-11,Active,Retail,686,,
SUB-6168,CUST-16168,Student Special 4G,Prepaid,2022-09-04,Active,Agent,716,,
SUB-6169,CUST-16169,Prepaid Saver 30D,Prepaid,2023-07-01,Active,Online,1114,,
SUB-6170,CUST-16170,Postpaid Corporate,Postpaid,2025-09-18,Active,Online,962,,
SUB-6171,CUST-16171,Unlimited Data Max,Prepaid,2022-04-07,Active,Retail,976,,
SUB-6172,CUST-16172,Prepaid Saver 30D,Prepaid,2024-07-25,Active,Referral,845,,
SUB-6173,CUST-16173,Prepaid Saver 30D,Prepaid,2024-09-23,Active,Online,334,,
SUB-6174,CUST-16174,Student Special 4G,Prepaid,2021-01-12,Active,Referral,594,,
SUB-6175,CUST-16175,Prepaid Saver 30D,Prepaid,2024-05-26,Active,Referral,923,,
SUB-6176,CUST-16176,Prepaid Saver 30D,Prepaid,2024-04-26,Active,Retail,1387,,
SUB-6177,CUST-16177,Family Bundle,Postpaid,2020-11-13,Active,Online,370,,
SUB-6178,CUST-16178,Family Bundle,Postpaid,2024-09-23,Active,Online,1442,,
SUB-6179,CUST-16179,Unlimited Data Max,Prepaid,2022-02-06,Churned,Agent,1216,2026-05-05,Voluntary
SUB-6180,CUST-16180,Prepaid Saver 30D,Prepaid,2023-06-01,Active,Retail,1116,,
SUB-6181,CUST-16181,Postpaid Corporate,Postpaid,2025-12-17,Churned,Online,555,2026-03-25,Involuntary
SUB-6182,CUST-16182,Student Special 4G,Prepaid,2023-01-02,Active,Retail,379,,
SUB-6183,CUST-16183,Family Bundle,Postpaid,2023-09-29,Active,Retail,1029,,
SUB-6184,CUST-16184,Postpaid Corporate,Postpaid,2022-03-08,Active,Online,633,,
SUB-6185,CUST-16185,Postpaid Corporate,Postpaid,2024-01-27,Active,Online,707,,
SUB-6186,CUST-16186,Unlimited Data Max,Prepaid,2024-12-22,Active,Agent,469,,
SUB-6187,CUST-16187,Prepaid Saver 30D,Prepaid,2025-01-21,Active,Retail,1363,,
SUB-6188,CUST-16188,Prepaid Saver 30D,Prepaid,2023-05-02,Active,Referral,413,,
SUB-6189,CUST-16189,Postpaid Corporate,Postpaid,2020-08-15,Churned,Retail,1022,2025-01-29,Involuntary
SUB-6190,CUST-16190,Prepaid Saver 30D,Prepaid,2023-10-29,Active,Referral,1190,,
SUB-6191,CUST-16191,Prepaid Saver 30D,Prepaid,2025-08-19,Active,Agent,1201,,
SUB-6192,CUST-16192,Prepaid Saver 30D,Prepaid,2021-08-10,Active,Retail,1262,,
SUB-6193,CUST-16193,Family Bundle,Postpaid,2024-07-25,Active,Online,503,,
SUB-6194,CUST-16194,Prepaid Saver 30D,Prepaid,2023-11-28,Active,Retail,1247,,
SUB-6195,CUST-16195,Student Special 4G,Prepaid,2021-06-11,Churned,Referral,1234,2025-09-07,Involuntary
SUB-6196,CUST-16196,Postpaid Corporate,Postpaid,2025-10-18,Active,Online,1037,,
SUB-6197,CUST-16197,Prepaid Saver 30D,Prepaid,2025-08-19,Churned,Retail,1440,2026-03-16,Voluntary
SUB-6198,CUST-16198,Prepaid Saver 30D,Prepaid,2025-03-22,Active,Online,1197,,
SUB-6199,CUST-16199,Prepaid Saver 30D,Prepaid,2024-03-27,Active,Referral,969,,
SUB-6200,CUST-16200,Student Special 4G,Prepaid,2021-06-11,Active,Online,1410,,
SUB-6201,CUST-16201,Unlimited Data Max,Prepaid,2022-09-04,Active,Online,1395,,
SUB-6202,CUST-16202,Family Bundle,Postpaid,2021-11-08,Churned,Online,573,2025-08-19,Voluntary
SUB-6203,CUST-16203,Student Special 4G,Prepaid,2024-06-25,Active,Online,1394,,
SUB-6204,CUST-16204,Prepaid Saver 30D,Prepaid,2023-12-28,Active,Agent,621,,
SUB-6205,CUST-16205,Unlimited Data Max,Prepaid,2023-12-28,Active,Online,508,,
SUB-6206,CUST-16206,Unlimited Data Max,Prepaid,2025-09-18,Active,Agent,1340,,
SUB-6207,CUST-16207,Unlimited Data Max,Prepaid,2023-03-03,Active,Online,1375,,
SUB-6208,CUST-16208,Unlimited Data Max,Prepaid,2024-06-25,Active,Agent,452,,
SUB-6209,CUST-16209,Unlimited Data Max,Prepaid,2020-11-13,Active,Agent,421,,
SUB-6210,CUST-16210,Family Bundle,Postpaid,2022-05-07,Active,Referral,767,,
SUB-6211,CUST-16211,Postpaid Corporate,Postpaid,2021-05-12,Active,Retail,370,,
SUB-6212,CUST-16212,Student Special 4G,Prepaid,2025-04-21,Active,Retail,652,,
SUB-6213,CUST-16213,Prepaid Saver 30D,Prepaid,2025-10-18,Active,Online,786,,
SUB-6214,CUST-16214,Postpaid Corporate,Postpaid,2023-10-29,Active,Agent,720,,
SUB-6215,CUST-16215,Student Special 4G,Prepaid,2023-02-01,Active,Referral,1225,,
SUB-6216,CUST-16216,Prepaid Saver 30D,Prepaid,2023-03-03,Active,Online,998,,
SUB-6217,CUST-16217,Postpaid Corporate,Postpaid,2022-08-05,Churned,Retail,1445,2025-12-18,Voluntary
SUB-6218,CUST-16218,Student Special 4G,Prepaid,2021-07-11,Active,Online,300,,
SUB-6219,CUST-16219,Family Bundle,Postpaid,2024-06-25,Active,Referral,1342,,
SUB-6220,CUST-16220,Prepaid Saver 30D,Prepaid,2024-09-23,Active,Referral,1169,,
SUB-6221,CUST-16221,Student Special 4G,Prepaid,2024-11-22,Churned,Agent,441,2025-05-01,Voluntary
SUB-6222,CUST-16222,Prepaid Saver 30D,Prepaid,2024-04-26,Active,Online,676,,
SUB-6223,CUST-16223,Prepaid Saver 30D,Prepaid,2022-12-03,Active,Agent,761,,
SUB-6224,CUST-16224,Prepaid Saver 30D,Prepaid,2021-09-09,Active,Retail,1219,,
SUB-6225,CUST-16225,Prepaid Saver 30D,Prepaid,2023-12-28,Active,Referral,1135,,
SUB-6226,CUST-16226,Prepaid Saver 30D,Prepaid,2023-12-28,Active,Agent,777,,
SUB-6227,CUST-16227,Unlimited Data Max,Prepaid,2021-02-11,Active,Referral,1036,,
SUB-6228,CUST-16228,Unlimited Data Max,Prepaid,2024-05-26,Active,Online,923,,
SUB-6229,CUST-16229,Student Special 4G,Prepaid,2025-06-20,Active,Online,429,,
SUB-6230,CUST-16230,Student Special 4G,Prepaid,2024-05-26,Churned,Referral,1450,2025-01-27,Voluntary
SUB-6231,CUST-16231,Student Special 4G,Prepaid,2026-03-17,Active,Retail,555,,
SUB-6232,CUST-16232,Prepaid Saver 30D,Prepaid,2024-04-26,Active,Online,893,,
SUB-6233,CUST-16233,Family Bundle,Postpaid,2021-03-13,Churned,Retail,509,2025-06-28,Voluntary
SUB-6234,CUST-16234,Prepaid Saver 30D,Prepaid,2021-09-09,Active,Retail,482,,
SUB-6235,CUST-16235,Prepaid Saver 30D,Prepaid,2021-03-13,Active,Agent,972,,
SUB-6236,CUST-16236,Prepaid Saver 30D,Prepaid,2024-08-24,Active,Agent,305,,
SUB-6237,CUST-16237,Prepaid Saver 30D,Prepaid,2023-12-28,Active,Online,1024,,
SUB-6238,CUST-16238,Postpaid Corporate,Postpaid,2021-06-11,Active,Referral,1326,,
SUB-6239,CUST-16239,Prepaid Saver 30D,Prepaid,2022-01-07,Active,Retail,685,,
SUB-6240,CUST-16240,Family Bundle,Postpaid,2025-04-21,Active,Agent,676,,
SUB-6241,CUST-16241,Unlimited Data Max,Prepaid,2021-06-11,Active,Referral,1014,,
SUB-6242,CUST-16242,Unlimited Data Max,Prepaid,2025-10-18,Active,Agent,1472,,
SUB-6243,CUST-16243,Prepaid Saver 30D,Prepaid,2024-11-22,Churned,Referral,966,2025-06-06,Involuntary
SUB-6244,CUST-16244,Unlimited Data Max,Prepaid,2023-05-02,Active,Online,818,,
SUB-6245,CUST-16245,Family Bundle,Postpaid,2022-08-05,Active,Retail,777,,
SUB-6246,CUST-16246,Prepaid Saver 30D,Prepaid,2021-10-09,Active,Online,552,,
SUB-6247,CUST-16247,Prepaid Saver 30D,Prepaid,2022-02-06,Active,Referral,982,,
SUB-6248,CUST-16248,Postpaid Corporate,Postpaid,2024-09-23,Active,Agent,1351,,
SUB-6249,CUST-16249,Prepaid Saver 30D,Prepaid,2024-04-26,Active,Agent,620,,
SUB-6250,CUST-16250,Unlimited Data Max,Prepaid,2022-03-08,Active,Retail,698,,
SUB-6251,CUST-16251,Prepaid Saver 30D,Prepaid,2020-11-13,Active,Agent,674,,
SUB-6252,CUST-16252,Prepaid Saver 30D,Prepaid,2021-05-12,Active,Referral,771,,
SUB-6253,CUST-16253,Postpaid Corporate,Postpaid,2020-10-14,Active,Retail,1244,,
SUB-6254,CUST-16254,Student Special 4G,Prepaid,2022-07-06,Active,Agent,1273,,
SUB-6255,CUST-16255,Prepaid Saver 30D,Prepaid,2023-07-31,Active,Retail,1249,,
SUB-6256,CUST-16256,Postpaid Corporate,Postpaid,2021-12-08,Active,Agent,1261,,
SUB-6257,CUST-16257,Postpaid Corporate,Postpaid,2025-12-17,Churned,Agent,349,2026-05-31,Voluntary
SUB-6258,CUST-16258,Prepaid Saver 30D,Prepaid,2020-12-13,Active,Retail,324,,
SUB-6259,CUST-16259,Prepaid Saver 30D,Prepaid,2021-01-12,Active,Referral,409,,
SUB-6260,CUST-16260,Prepaid Saver 30D,Prepaid,2023-07-01,Active,Referral,652,,
SUB-6261,CUST-16261,Prepaid Saver 30D,Prepaid,2023-05-02,Active,Referral,924,,
SUB-6262,CUST-16262,Prepaid Saver 30D,Prepaid,2023-05-02,Active,Online,942,,
SUB-6263,CUST-16263,Prepaid Saver 30D,Prepaid,2025-08-19,Active,Agent,695,,
SUB-6264,CUST-16264,Prepaid Saver 30D,Prepaid,2025-03-22,Active,Referral,1490,,
SUB-6265,CUST-16265,Student Special 4G,Prepaid,2022-03-08,Churned,Online,1133,2025-11-20,Involuntary
SUB-6266,CUST-16266,Prepaid Saver 30D,Prepaid,2026-03-17,Active,Online,1377,,
SUB-6267,CUST-16267,Family Bundle,Postpaid,2022-06-06,Active,Agent,357,,
SUB-6268,CUST-16268,Unlimited Data Max,Prepaid,2024-08-24,Active,Agent,350,,
SUB-6269,CUST-16269,Prepaid Saver 30D,Prepaid,2025-08-19,Active,Agent,507,,
SUB-6270,CUST-16270,Postpaid Corporate,Postpaid,2022-12-03,Active,Online,519,,
SUB-6271,CUST-16271,Prepaid Saver 30D,Prepaid,2024-10-23,Active,Agent,952,,
SUB-6272,CUST-16272,Family Bundle,Postpaid,2023-10-29,Active,Retail,830,,
SUB-6273,CUST-16273,Prepaid Saver 30D,Prepaid,2021-05-12,Active,Agent,1394,,
SUB-6274,CUST-16274,Prepaid Saver 30D,Prepaid,2022-05-07,Active,Agent,1362,,
SUB-6275,CUST-16275,Prepaid Saver 30D,Prepaid,2020-10-14,Active,Referral,1034,,
SUB-6276,CUST-16276,Prepaid Saver 30D,Prepaid,2024-01-27,Churned,Retail,1054,2026-03-23,Voluntary
SUB-6277,CUST-16277,Student Special 4G,Prepaid,2024-01-27,Active,Online,476,,
SUB-6278,CUST-16278,Student Special 4G,Prepaid,2022-06-06,Active,Agent,1385,,
SUB-6279,CUST-16279,Unlimited Data Max,Prepaid,2025-08-19,Active,Online,424,,
SUB-6280,CUST-16280,Student Special 4G,Prepaid,2021-06-11,Active,Agent,920,,
SUB-6281,CUST-16281,Postpaid Corporate,Postpaid,2024-05-26,Active,Retail,1345,,
SUB-6282,CUST-16282,Prepaid Saver 30D,Prepaid,2023-08-30,Active,Referral,1440,,
SUB-6283,CUST-16283,Prepaid Saver 30D,Prepaid,2023-06-01,Active,Retail,1429,,
SUB-6284,CUST-16284,Family Bundle,Postpaid,2026-01-16,Active,Agent,455,,
SUB-6285,CUST-16285,Postpaid Corporate,Postpaid,2024-08-24,Active,Retail,419,,
SUB-6286,CUST-16286,Prepaid Saver 30D,Prepaid,2025-08-19,Active,Retail,1427,,
SUB-6287,CUST-16287,Prepaid Saver 30D,Prepaid,2022-11-03,Active,Referral,416,,
SUB-6288,CUST-16288,Postpaid Corporate,Postpaid,2022-04-07,Active,Agent,1026,,
SUB-6289,CUST-16289,Family Bundle,Postpaid,2026-05-16,Active,Online,1196,,
SUB-6290,CUST-16290,Prepaid Saver 30D,Prepaid,2026-05-16,Active,Referral,492,,
SUB-6291,CUST-16291,Student Special 4G,Prepaid,2021-09-09,Active,Retail,1008,,
SUB-6292,CUST-16292,Prepaid Saver 30D,Prepaid,2024-06-25,Active,Agent,1132,,
SUB-6293,CUST-16293,Prepaid Saver 30D,Prepaid,2021-07-11,Active,Online,950,,
SUB-6294,CUST-16294,Postpaid Corporate,Postpaid,2022-08-05,Active,Retail,1040,,
SUB-6295,CUST-16295,Unlimited Data Max,Prepaid,2021-11-08,Active,Agent,918,,
SUB-6296,CUST-16296,Unlimited Data Max,Prepaid,2024-02-26,Churned,Agent,1379,2025-01-02,Voluntary
SUB-6297,CUST-16297,Postpaid Corporate,Postpaid,2024-08-24,Active,Agent,864,,
SUB-6298,CUST-16298,Unlimited Data Max,Prepaid,2022-03-08,Active,Referral,457,,
SUB-6299,CUST-16299,Unlimited Data Max,Prepaid,2022-10-04,Active,Retail,949,,
SUB-6300,CUST-16300,Unlimited Data Max,Prepaid,2023-02-01,Churned,Retail,1120,2025-03-01,Voluntary
SUB-6301,CUST-16301,Unlimited Data Max,Prepaid,2024-04-26,Churned,Online,1451,2025-02-20,Involuntary
SUB-6302,CUST-16302,Prepaid Saver 30D,Prepaid,2022-11-03,Active,Online,1395,,
SUB-6303,CUST-16303,Prepaid Saver 30D,Prepaid,2024-02-26,Active,Referral,325,,
SUB-6304,CUST-16304,Family Bundle,Postpaid,2021-03-13,Active,Retail,687,,
SUB-6305,CUST-16305,Postpaid Corporate,Postpaid,2022-04-07,Active,Retail,887,,
SUB-6306,CUST-16306,Postpaid Corporate,Postpaid,2024-01-27,Active,Agent,1063,,
SUB-6307,CUST-16307,Unlimited Data Max,Prepaid,2021-07-11,Active,Retail,719,,
SUB-6308,CUST-16308,Unlimited Data Max,Prepaid,2025-12-17,Active,Retail,1117,,
SUB-6309,CUST-16309,Student Special 4G,Prepaid,2021-07-11,Churned,Online,667,2026-05-15,Voluntary
SUB-6310,CUST-16310,Postpaid Corporate,Postpaid,2023-12-28,Active,Agent,1358,,
SUB-6311,CUST-16311,Student Special 4G,Prepaid,2025-01-21,Active,Agent,321,,
SUB-6312,CUST-16312,Prepaid Saver 30D,Prepaid,2021-08-10,Active,Agent,435,,
SUB-6313,CUST-16313,Prepaid Saver 30D,Prepaid,2022-08-05,Active,Agent,641,,
SUB-6314,CUST-16314,Prepaid Saver 30D,Prepaid,2025-12-17,Active,Online,1414,,
SUB-6315,CUST-16315,Unlimited Data Max,Prepaid,2024-11-22,Churned,Agent,619,2025-04-01,Voluntary
SUB-6316,CUST-16316,Student Special 4G,Prepaid,2023-09-29,Active,Agent,498,,
SUB-6317,CUST-16317,Prepaid Saver 30D,Prepaid,2022-10-04,Active,Online,494,,
SUB-6318,CUST-16318,Prepaid Saver 30D,Prepaid,2021-09-09,Active,Retail,1026,,
SUB-6319,CUST-16319,Unlimited Data Max,Prepaid,2024-03-27,Active,Online,1068,,
SUB-6320,CUST-16320,Postpaid Corporate,Postpaid,2021-09-09,Churned,Online,1166,2025-09-19,Involuntary
SUB-6321,CUST-16321,Student Special 4G,Prepaid,2021-10-09,Churned,Referral,1469,2025-10-29,Voluntary
SUB-6322,CUST-16322,Prepaid Saver 30D,Prepaid,2024-03-27,Active,Online,799,,
SUB-6323,CUST-16323,Family Bundle,Postpaid,2020-12-13,Active,Online,732,,
SUB-6324,CUST-16324,Prepaid Saver 30D,Prepaid,2020-11-13,Active,Agent,529,,
SUB-6325,CUST-16325,Student Special 4G,Prepaid,2024-09-23,Active,Online,1225,,
SUB-6326,CUST-16326,Postpaid Corporate,Postpaid,2023-03-03,Churned,Agent,1245,2025-11-14,Voluntary
SUB-6327,CUST-16327,Family Bundle,Postpaid,2021-05-12,Active,Referral,1400,,
SUB-6328,CUST-16328,Postpaid Corporate,Postpaid,2023-04-02,Churned,Agent,906,2026-06-14,Voluntary
SUB-6329,CUST-16329,Prepaid Saver 30D,Prepaid,2022-02-06,Active,Retail,1382,,
SUB-6330,CUST-16330,Prepaid Saver 30D,Prepaid,2021-10-09,Active,Retail,1095,,
SUB-6331,CUST-16331,Student Special 4G,Prepaid,2023-02-01,Active,Agent,458,,
SUB-6332,CUST-16332,Student Special 4G,Prepaid,2024-04-26,Active,Agent,539,,
SUB-6333,CUST-16333,Prepaid Saver 30D,Prepaid,2023-05-02,Active,Referral,1388,,
SUB-6334,CUST-16334,Postpaid Corporate,Postpaid,2021-07-11,Active,Retail,1102,,
SUB-6335,CUST-16335,Prepaid Saver 30D,Prepaid,2024-07-25,Active,Retail,358,,
SUB-6336,CUST-16336,Unlimited Data Max,Prepaid,2021-07-11,Active,Referral,731,,
SUB-6337,CUST-16337,Unlimited Data Max,Prepaid,2025-03-22,Active,Online,1019,,
SUB-6338,CUST-16338,Postpaid Corporate,Postpaid,2023-09-29,Churned,Agent,1399,2025-07-04,Involuntary
SUB-6339,CUST-16339,Postpaid Corporate,Postpaid,2025-12-17,Churned,Referral,531,2026-01-29,Involuntary
SUB-6340,CUST-16340,Postpaid Corporate,Postpaid,2021-06-11,Active,Agent,628,,
SUB-6341,CUST-16341,Prepaid Saver 30D,Prepaid,2022-04-07,Active,Retail,460,,
SUB-6342,CUST-16342,Prepaid Saver 30D,Prepaid,2025-09-18,Active,Retail,1381,,
SUB-6343,CUST-16343,Unlimited Data Max,Prepaid,2025-02-20,Churned,Agent,938,2026-06-12,Voluntary
SUB-6344,CUST-16344,Unlimited Data Max,Prepaid,2023-05-02,Active,Retail,583,,
SUB-6345,CUST-16345,Unlimited Data Max,Prepaid,2023-07-01,Active,Agent,981,,
SUB-6346,CUST-16346,Postpaid Corporate,Postpaid,2025-10-18,Active,Agent,541,,
SUB-6347,CUST-16347,Student Special 4G,Prepaid,2021-03-13,Churned,Retail,617,2025-02-04,Voluntary
SUB-6348,CUST-16348,Family Bundle,Postpaid,2023-09-29,Active,Agent,685,,
SUB-6349,CUST-16349,Unlimited Data Max,Prepaid,2022-07-06,Churned,Agent,904,2025-11-15,Voluntary
SUB-6350,CUST-16350,Student Special 4G,Prepaid,2022-01-07,Active,Retail,679,,
SUB-6351,CUST-16351,Prepaid Saver 30D,Prepaid,2025-05-21,Active,Retail,1491,,
SUB-6352,CUST-16352,Prepaid Saver 30D,Prepaid,2024-06-25,Churned,Referral,1311,2026-01-28,Involuntary
SUB-6353,CUST-16353,Postpaid Corporate,Postpaid,2022-02-06,Active,Referral,600,,
SUB-6354,CUST-16354,Family Bundle,Postpaid,2021-12-08,Churned,Agent,546,2025-03-31,Voluntary
SUB-6355,CUST-16355,Prepaid Saver 30D,Prepaid,2025-02-20,Active,Agent,1388,,
SUB-6356,CUST-16356,Postpaid Corporate,Postpaid,2024-07-25,Active,Retail,605,,
SUB-6357,CUST-16357,Prepaid Saver 30D,Prepaid,2021-11-08,Active,Agent,669,,
SUB-6358,CUST-16358,Unlimited Data Max,Prepaid,2024-05-26,Active,Agent,735,,
SUB-6359,CUST-16359,Unlimited Data Max,Prepaid,2025-12-17,Active,Retail,396,,
SUB-6360,CUST-16360,Unlimited Data Max,Prepaid,2023-07-01,Active,Retail,462,,
SUB-6361,CUST-16361,Postpaid Corporate,Postpaid,2025-07-20,Active,Agent,730,,
SUB-6362,CUST-16362,Unlimited Data Max,Prepaid,2022-12-03,Active,Referral,453,,
SUB-6363,CUST-16363,Postpaid Corporate,Postpaid,2020-12-13,Active,Agent,1376,,
SUB-6364,CUST-16364,Student Special 4G,Prepaid,2025-10-18,Churned,Agent,391,2025-11-25,Involuntary
SUB-6365,CUST-16365,Student Special 4G,Prepaid,2024-10-23,Active,Online,1163,,
SUB-6366,CUST-16366,Prepaid Saver 30D,Prepaid,2023-02-01,Churned,Online,843,2026-04-21,Voluntary
SUB-6367,CUST-16367,Unlimited Data Max,Prepaid,2025-07-20,Active,Referral,602,,
SUB-6368,CUST-16368,Prepaid Saver 30D,Prepaid,2023-05-02,Active,Retail,376,,
SUB-6369,CUST-16369,Unlimited Data Max,Prepaid,2025-02-20,Churned,Online,578,2025-06-18,Voluntary
SUB-6370,CUST-16370,Prepaid Saver 30D,Prepaid,2022-09-04,Active,Online,840,,
SUB-6371,CUST-16371,Prepaid Saver 30D,Prepaid,2024-04-26,Active,Retail,394,,
SUB-6372,CUST-16372,Postpaid Corporate,Postpaid,2021-01-12,Churned,Agent,1135,2025-01-08,Voluntary
SUB-6373,CUST-16373,Unlimited Data Max,Prepaid,2021-07-11,Active,Referral,601,,
SUB-6374,CUST-16374,Unlimited Data Max,Prepaid,2020-08-15,Active,Referral,968,,
SUB-6375,CUST-16375,Student Special 4G,Prepaid,2025-07-20,Active,Agent,1096,,
SUB-6376,CUST-16376,Family Bundle,Postpaid,2020-11-13,Churned,Online,526,2025-05-27,Voluntary
SUB-6377,CUST-16377,Postpaid Corporate,Postpaid,2026-04-16,Active,Retail,1059,,
SUB-6378,CUST-16378,Prepaid Saver 30D,Prepaid,2025-02-20,Churned,Online,642,2025-12-14,Voluntary
SUB-6379,CUST-16379,Postpaid Corporate,Postpaid,2021-05-12,Active,Agent,345,,
SUB-6380,CUST-16380,Unlimited Data Max,Prepaid,2021-05-12,Active,Online,1448,,
SUB-6381,CUST-16381,Student Special 4G,Prepaid,2024-08-24,Active,Online,368,,
SUB-6382,CUST-16382,Unlimited Data Max,Prepaid,2021-07-11,Active,Referral,1152,,
SUB-6383,CUST-16383,Postpaid Corporate,Postpaid,2025-12-17,Churned,Agent,324,2026-02-09,Involuntary
SUB-6384,CUST-16384,Unlimited Data Max,Prepaid,2024-06-25,Active,Online,557,,
SUB-6385,CUST-16385,Postpaid Corporate,Postpaid,2026-04-16,Active,Online,903,,
SUB-6386,CUST-16386,Student Special 4G,Prepaid,2023-06-01,Active,Online,334,,
SUB-6387,CUST-16387,Postpaid Corporate,Postpaid,2021-03-13,Active,Agent,761,,
SUB-6388,CUST-16388,Prepaid Saver 30D,Prepaid,2022-11-03,Active,Retail,1289,,
SUB-6389,CUST-16389,Postpaid Corporate,Postpaid,2023-05-02,Active,Agent,820,,
SUB-6390,CUST-16390,Prepaid Saver 30D,Prepaid,2025-03-22,Active,Retail,1008,,
SUB-6391,CUST-16391,Postpaid Corporate,Postpaid,2022-11-03,Active,Referral,946,,
SUB-6392,CUST-16392,Prepaid Saver 30D,Prepaid,2024-06-25,Churned,Retail,1014,2025-01-18,Voluntary
SUB-6393,CUST-16393,Prepaid Saver 30D,Prepaid,2022-11-03,Active,Retail,1080,,
SUB-6394,CUST-16394,Postpaid Corporate,Postpaid,2025-08-19,Active,Retail,511,,
SUB-6395,CUST-16395,Unlimited Data Max,Prepaid,2023-05-02,Active,Retail,885,,
SUB-6396,CUST-16396,Postpaid Corporate,Postpaid,2023-07-01,Active,Referral,766,,
SUB-6397,CUST-16397,Unlimited Data Max,Prepaid,2021-12-08,Churned,Retail,1279,2025-09-09,Involuntary
SUB-6398,CUST-16398,Postpaid Corporate,Postpaid,2021-02-11,Active,Online,1165,,
SUB-6399,CUST-16399,Prepaid Saver 30D,Prepaid,2021-02-11,Active,Agent,667,,
SUB-6400,CUST-16400,Student Special 4G,Prepaid,2024-05-26,Active,Referral,608,,
SUB-6401,CUST-16401,Unlimited Data Max,Prepaid,2022-09-04,Active,Referral,555,,
SUB-6402,CUST-16402,Prepaid Saver 30D,Prepaid,2022-08-05,Active,Agent,618,,
SUB-6403,CUST-16403,Unlimited Data Max,Prepaid,2021-07-11,Active,Agent,578,,
SUB-6404,CUST-16404,Student Special 4G,Prepaid,2021-09-09,Active,Online,402,,
SUB-6405,CUST-16405,Unlimited Data Max,Prepaid,2026-05-16,Churned,Agent,1208,2026-06-06,Involuntary
SUB-6406,CUST-16406,Prepaid Saver 30D,Prepaid,2021-10-09,Active,Retail,748,,
SUB-6407,CUST-16407,Unlimited Data Max,Prepaid,2023-07-31,Active,Online,949,,
SUB-6408,CUST-16408,Student Special 4G,Prepaid,2020-11-13,Active,Agent,1279,,
SUB-6409,CUST-16409,Prepaid Saver 30D,Prepaid,2022-12-03,Active,Online,1024,,
SUB-6410,CUST-16410,Prepaid Saver 30D,Prepaid,2024-02-26,Churned,Referral,1003,2025-12-20,Voluntary
SUB-6411,CUST-16411,Unlimited Data Max,Prepaid,2025-03-22,Active,Referral,1377,,
SUB-6412,CUST-16412,Prepaid Saver 30D,Prepaid,2020-11-13,Active,Retail,1443,,
SUB-6413,CUST-16413,Unlimited Data Max,Prepaid,2025-06-20,Active,Agent,741,,
SUB-6414,CUST-16414,Prepaid Saver 30D,Prepaid,2025-11-17,Active,Agent,585,,
SUB-6415,CUST-16415,Unlimited Data Max,Prepaid,2025-08-19,Active,Online,1086,,
SUB-6416,CUST-16416,Family Bundle,Postpaid,2023-03-03,Active,Agent,825,,
SUB-6417,CUST-16417,Prepaid Saver 30D,Prepaid,2024-09-23,Active,Referral,338,,
SUB-6418,CUST-16418,Postpaid Corporate,Postpaid,2023-01-02,Churned,Online,476,2025-06-03,Voluntary
SUB-6419,CUST-16419,Prepaid Saver 30D,Prepaid,2021-08-10,Active,Online,770,,
SUB-6420,CUST-16420,Prepaid Saver 30D,Prepaid,2024-09-23,Active,Referral,461,,
SUB-6421,CUST-16421,Student Special 4G,Prepaid,2026-04-16,Active,Retail,1024,,
SUB-6422,CUST-16422,Student Special 4G,Prepaid,2024-04-26,Active,Online,629,,
SUB-6423,CUST-16423,Postpaid Corporate,Postpaid,2022-12-03,Active,Agent,1129,,
SUB-6424,CUST-16424,Student Special 4G,Prepaid,2022-03-08,Active,Retail,578,,
SUB-6425,CUST-16425,Unlimited Data Max,Prepaid,2026-01-16,Active,Retail,726,,
SUB-6426,CUST-16426,Family Bundle,Postpaid,2021-04-12,Active,Retail,1467,,
SUB-6427,CUST-16427,Prepaid Saver 30D,Prepaid,2022-12-03,Active,Referral,536,,
SUB-6428,CUST-16428,Student Special 4G,Prepaid,2023-07-31,Active,Agent,1379,,
SUB-6429,CUST-16429,Postpaid Corporate,Postpaid,2024-12-22,Active,Referral,769,,
SUB-6430,CUST-16430,Prepaid Saver 30D,Prepaid,2020-10-14,Active,Agent,1134,,
SUB-6431,CUST-16431,Prepaid Saver 30D,Prepaid,2025-06-20,Active,Referral,981,,
SUB-6432,CUST-16432,Family Bundle,Postpaid,2023-10-29,Active,Referral,354,,
SUB-6433,CUST-16433,Unlimited Data Max,Prepaid,2023-08-30,Active,Retail,1276,,
SUB-6434,CUST-16434,Prepaid Saver 30D,Prepaid,2023-04-02,Active,Retail,527,,
SUB-6435,CUST-16435,Postpaid Corporate,Postpaid,2025-01-21,Churned,Retail,734,2025-11-12,Voluntary
SUB-6436,CUST-16436,Prepaid Saver 30D,Prepaid,2020-12-13,Active,Retail,887,,
SUB-6437,CUST-16437,Prepaid Saver 30D,Prepaid,2024-03-27,Active,Agent,1334,,
SUB-6438,CUST-16438,Postpaid Corporate,Postpaid,2022-04-07,Active,Referral,1089,,
SUB-6439,CUST-16439,Family Bundle,Postpaid,2022-10-04,Active,Online,691,,
SUB-6440,CUST-16440,Prepaid Saver 30D,Prepaid,2025-03-22,Active,Online,1191,,
SUB-6441,CUST-16441,Family Bundle,Postpaid,2020-12-13,Active,Retail,355,,
SUB-6442,CUST-16442,Unlimited Data Max,Prepaid,2023-09-29,Active,Referral,710,,
SUB-6443,CUST-16443,Unlimited Data Max,Prepaid,2022-11-03,Active,Retail,1466,,
SUB-6444,CUST-16444,Unlimited Data Max,Prepaid,2022-09-04,Active,Referral,531,,
SUB-6445,CUST-16445,Prepaid Saver 30D,Prepaid,2023-06-01,Active,Online,589,,
SUB-6446,CUST-16446,Postpaid Corporate,Postpaid,2022-09-04,Active,Referral,334,,
SUB-6447,CUST-16447,Unlimited Data Max,Prepaid,2023-03-03,Active,Retail,1389,,
SUB-6448,CUST-16448,Prepaid Saver 30D,Prepaid,2022-02-06,Active,Retail,1261,,
SUB-6449,CUST-16449,Postpaid Corporate,Postpaid,2023-08-30,Active,Referral,829,,
SUB-6450,CUST-16450,Postpaid Corporate,Postpaid,2021-09-09,Churned,Referral,1153,2025-08-31,Involuntary
SUB-6451,CUST-16451,Postpaid Corporate,Postpaid,2023-03-03,Active,Agent,1343,,
SUB-6452,CUST-16452,Postpaid Corporate,Postpaid,2020-08-15,Active,Referral,723,,
SUB-6453,CUST-16453,Family Bundle,Postpaid,2023-02-01,Active,Retail,538,,
SUB-6454,CUST-16454,Postpaid Corporate,Postpaid,2023-01-02,Active,Agent,336,,
SUB-6455,CUST-16455,Family Bundle,Postpaid,2023-07-31,Churned,Referral,615,2025-06-08,Involuntary
SUB-6456,CUST-16456,Family Bundle,Postpaid,2024-01-27,Active,Referral,488,,
SUB-6457,CUST-16457,Student Special 4G,Prepaid,2021-11-08,Active,Referral,1333,,
SUB-6458,CUST-16458,Unlimited Data Max,Prepaid,2022-09-04,Active,Agent,480,,
SUB-6459,CUST-16459,Prepaid Saver 30D,Prepaid,2024-02-26,Churned,Online,382,2025-07-06,Involuntary
SUB-6460,CUST-16460,Prepaid Saver 30D,Prepaid,2021-09-09,Active,Referral,327,,
SUB-6461,CUST-16461,Unlimited Data Max,Prepaid,2025-10-18,Active,Referral,541,,
SUB-6462,CUST-16462,Prepaid Saver 30D,Prepaid,2026-01-16,Active,Online,384,,
SUB-6463,CUST-16463,Unlimited Data Max,Prepaid,2022-09-04,Active,Retail,861,,
SUB-6464,CUST-16464,Prepaid Saver 30D,Prepaid,2023-09-29,Active,Agent,1313,,
SUB-6465,CUST-16465,Student Special 4G,Prepaid,2021-10-09,Active,Agent,823,,
SUB-6466,CUST-16466,Prepaid Saver 30D,Prepaid,2022-07-06,Active,Agent,1107,,
SUB-6467,CUST-16467,Family Bundle,Postpaid,2021-11-08,Churned,Agent,875,2026-05-12,Involuntary
SUB-6468,CUST-16468,Student Special 4G,Prepaid,2024-11-22,Churned,Agent,1116,2025-09-03,Involuntary
SUB-6469,CUST-16469,Student Special 4G,Prepaid,2024-12-22,Active,Retail,685,,
SUB-6470,CUST-16470,Unlimited Data Max,Prepaid,2024-12-22,Churned,Agent,844,2025-08-14,Involuntary
SUB-6471,CUST-16471,Family Bundle,Postpaid,2022-09-04,Churned,Agent,1283,2025-09-01,Involuntary
SUB-6472,CUST-16472,Unlimited Data Max,Prepaid,2022-07-06,Active,Agent,1451,,
SUB-6473,CUST-16473,Student Special 4G,Prepaid,2020-08-15,Active,Retail,802,,
SUB-6474,CUST-16474,Unlimited Data Max,Prepaid,2025-02-20,Active,Retail,420,,
SUB-6475,CUST-16475,Unlimited Data Max,Prepaid,2025-10-18,Active,Online,1374,,
SUB-6476,CUST-16476,Prepaid Saver 30D,Prepaid,2020-10-14,Churned,Referral,860,2025-02-24,Involuntary
SUB-6477,CUST-16477,Postpaid Corporate,Postpaid,2023-05-02,Active,Agent,1418,,
SUB-6478,CUST-16478,Student Special 4G,Prepaid,2024-03-27,Active,Agent,922,,
SUB-6479,CUST-16479,Postpaid Corporate,Postpaid,2024-08-24,Active,Referral,745,,
SUB-6480,CUST-16480,Postpaid Corporate,Postpaid,2021-04-12,Active,Referral,400,,
SUB-6481,CUST-16481,Prepaid Saver 30D,Prepaid,2021-10-09,Active,Agent,769,,
SUB-6482,CUST-16482,Family Bundle,Postpaid,2025-05-21,Active,Referral,353,,
SUB-6483,CUST-16483,Prepaid Saver 30D,Prepaid,2024-06-25,Churned,Online,385,2026-04-24,Voluntary
SUB-6484,CUST-16484,Family Bundle,Postpaid,2021-05-12,Active,Online,1100,,
SUB-6485,CUST-16485,Student Special 4G,Prepaid,2022-02-06,Active,Referral,835,,
SUB-6486,CUST-16486,Prepaid Saver 30D,Prepaid,2021-09-09,Active,Agent,907,,
SUB-6487,CUST-16487,Prepaid Saver 30D,Prepaid,2025-06-20,Active,Agent,1290,,
SUB-6488,CUST-16488,Postpaid Corporate,Postpaid,2023-01-02,Active,Agent,1189,,
SUB-6489,CUST-16489,Family Bundle,Postpaid,2026-01-16,Active,Agent,964,,
SUB-6490,CUST-16490,Postpaid Corporate,Postpaid,2023-10-29,Active,Retail,810,,
SUB-6491,CUST-16491,Student Special 4G,Prepaid,2025-10-18,Active,Referral,1001,,
SUB-6492,CUST-16492,Family Bundle,Postpaid,2024-10-23,Active,Agent,865,,
SUB-6493,CUST-16493,Prepaid Saver 30D,Prepaid,2024-11-22,Active,Online,1242,,
SUB-6494,CUST-16494,Prepaid Saver 30D,Prepaid,2025-04-21,Active,Online,473,,
SUB-6495,CUST-16495,Postpaid Corporate,Postpaid,2021-06-11,Active,Online,375,,
SUB-6496,CUST-16496,Unlimited Data Max,Prepaid,2024-03-27,Active,Online,933,,
SUB-6497,CUST-16497,Student Special 4G,Prepaid,2025-07-20,Active,Agent,1237,,
SUB-6498,CUST-16498,Prepaid Saver 30D,Prepaid,2020-08-15,Active,Agent,1478,,
SUB-6499,CUST-16499,Postpaid Corporate,Postpaid,2026-03-17,Active,Agent,931,,
SUB-6500,CUST-16500,Prepaid Saver 30D,Prepaid,2025-07-20,Active,Online,1260,,
SUB-6501,CUST-16501,Student Special 4G,Prepaid,2021-06-11,Churned,Retail,427,2025-03-21,Involuntary
SUB-6502,CUST-16502,Prepaid Saver 30D,Prepaid,2023-09-29,Active,Retail,1004,,
SUB-6503,CUST-16503,Prepaid Saver 30D,Prepaid,2024-03-27,Active,Referral,324,,
SUB-6504,CUST-16504,Unlimited Data Max,Prepaid,2024-08-24,Active,Retail,1224,,
SUB-6505,CUST-16505,Student Special 4G,Prepaid,2023-01-02,Active,Retail,468,,
SUB-6506,CUST-16506,Prepaid Saver 30D,Prepaid,2024-04-26,Active,Online,1062,,
SUB-6507,CUST-16507,Prepaid Saver 30D,Prepaid,2025-12-17,Active,Agent,877,,
SUB-6508,CUST-16508,Student Special 4G,Prepaid,2020-10-14,Active,Agent,1413,,
SUB-6509,CUST-16509,Prepaid Saver 30D,Prepaid,2021-02-11,Active,Agent,779,,
SUB-6510,CUST-16510,Prepaid Saver 30D,Prepaid,2025-05-21,Active,Retail,1137,,
SUB-6511,CUST-16511,Prepaid Saver 30D,Prepaid,2023-07-01,Active,Retail,477,,
SUB-6512,CUST-16512,Prepaid Saver 30D,Prepaid,2023-09-29,Active,Online,1010,,
SUB-6513,CUST-16513,Prepaid Saver 30D,Prepaid,2025-11-17,Active,Referral,533,,
SUB-6514,CUST-16514,Prepaid Saver 30D,Prepaid,2024-01-27,Active,Agent,1109,,
SUB-6515,CUST-16515,Unlimited Data Max,Prepaid,2022-09-04,Active,Referral,1032,,
SUB-6516,CUST-16516,Prepaid Saver 30D,Prepaid,2025-10-18,Churned,Online,643,2025-12-20,Voluntary
SUB-6517,CUST-16517,Prepaid Saver 30D,Prepaid,2024-04-26,Active,Referral,721,,
SUB-6518,CUST-16518,Prepaid Saver 30D,Prepaid,2024-12-22,Active,Agent,504,,
SUB-6519,CUST-16519,Prepaid Saver 30D,Prepaid,2024-04-26,Active,Retail,882,,
SUB-6520,CUST-16520,Prepaid Saver 30D,Prepaid,2022-10-04,Active,Online,1422,,
SUB-6521,CUST-16521,Prepaid Saver 30D,Prepaid,2024-01-27,Active,Online,958,,
SUB-6522,CUST-16522,Family Bundle,Postpaid,2021-12-08,Active,Agent,1331,,
SUB-6523,CUST-16523,Prepaid Saver 30D,Prepaid,2023-06-01,Active,Referral,933,,
SUB-6524,CUST-16524,Student Special 4G,Prepaid,2022-05-07,Active,Agent,444,,
SUB-6525,CUST-16525,Prepaid Saver 30D,Prepaid,2022-11-03,Active,Agent,768,,
SUB-6526,CUST-16526,Prepaid Saver 30D,Prepaid,2021-08-10,Churned,Retail,1068,2025-02-01,Involuntary
SUB-6527,CUST-16527,Postpaid Corporate,Postpaid,2025-07-20,Active,Referral,501,,
SUB-6528,CUST-16528,Unlimited Data Max,Prepaid,2020-08-15,Active,Retail,1478,,
SUB-6529,CUST-16529,Family Bundle,Postpaid,2022-01-07,Active,Online,334,,
SUB-6530,CUST-16530,Prepaid Saver 30D,Prepaid,2025-03-22,Active,Retail,1338,,
SUB-6531,CUST-16531,Unlimited Data Max,Prepaid,2026-04-16,Active,Online,624,,
SUB-6532,CUST-16532,Prepaid Saver 30D,Prepaid,2026-04-16,Churned,Online,1301,2026-05-11,Involuntary
SUB-6533,CUST-16533,Postpaid Corporate,Postpaid,2022-05-07,Active,Online,1466,,
SUB-6534,CUST-16534,Unlimited Data Max,Prepaid,2023-11-28,Active,Agent,460,,
SUB-6535,CUST-16535,Prepaid Saver 30D,Prepaid,2025-04-21,Active,Referral,327,,
SUB-6536,CUST-16536,Family Bundle,Postpaid,2024-07-25,Active,Referral,896,,
SUB-6537,CUST-16537,Prepaid Saver 30D,Prepaid,2023-10-29,Active,Online,350,,
SUB-6538,CUST-16538,Unlimited Data Max,Prepaid,2026-03-17,Active,Referral,466,,
SUB-6539,CUST-16539,Unlimited Data Max,Prepaid,2023-03-03,Active,Agent,1162,,
SUB-6540,CUST-16540,Postpaid Corporate,Postpaid,2026-03-17,Active,Online,554,,
SUB-6541,CUST-16541,Prepaid Saver 30D,Prepaid,2022-09-04,Active,Retail,967,,
SUB-6542,CUST-16542,Postpaid Corporate,Postpaid,2026-01-16,Active,Retail,604,,
SUB-6543,CUST-16543,Family Bundle,Postpaid,2021-10-09,Active,Retail,1456,,
SUB-6544,CUST-16544,Unlimited Data Max,Prepaid,2024-12-22,Churned,Referral,430,2025-03-18,Involuntary
SUB-6545,CUST-16545,Unlimited Data Max,Prepaid,2023-06-01,Active,Agent,573,,
SUB-6546,CUST-16546,Unlimited Data Max,Prepaid,2024-02-26,Active,Referral,1451,,
SUB-6547,CUST-16547,Prepaid Saver 30D,Prepaid,2021-04-12,Active,Referral,541,,
SUB-6548,CUST-16548,Unlimited Data Max,Prepaid,2021-10-09,Active,Online,993,,
SUB-6549,CUST-16549,Prepaid Saver 30D,Prepaid,2020-11-13,Active,Retail,564,,
SUB-6550,CUST-16550,Student Special 4G,Prepaid,2022-04-07,Active,Retail,1349,,
SUB-6551,CUST-16551,Unlimited Data Max,Prepaid,2020-09-14,Churned,Online,307,2025-09-13,Voluntary
SUB-6552,CUST-16552,Family Bundle,Postpaid,2025-02-20,Active,Agent,1351,,
SUB-6553,CUST-16553,Family Bundle,Postpaid,2024-07-25,Active,Agent,1107,,
SUB-6554,CUST-16554,Prepaid Saver 30D,Prepaid,2021-09-09,Active,Online,1342,,
SUB-6555,CUST-16555,Student Special 4G,Prepaid,2026-03-17,Active,Referral,1303,,
SUB-6556,CUST-16556,Postpaid Corporate,Postpaid,2025-05-21,Churned,Agent,449,2025-10-19,Voluntary
SUB-6557,CUST-16557,Prepaid Saver 30D,Prepaid,2022-04-07,Active,Referral,900,,
SUB-6558,CUST-16558,Prepaid Saver 30D,Prepaid,2024-01-27,Active,Referral,344,,
SUB-6559,CUST-16559,Unlimited Data Max,Prepaid,2024-12-22,Active,Online,693,,
SUB-6560,CUST-16560,Prepaid Saver 30D,Prepaid,2024-08-24,Active,Retail,1124,,
SUB-6561,CUST-16561,Student Special 4G,Prepaid,2021-12-08,Active,Online,365,,
SUB-6562,CUST-16562,Prepaid Saver 30D,Prepaid,2023-07-31,Active,Retail,815,,
SUB-6563,CUST-16563,Prepaid Saver 30D,Prepaid,2026-05-16,Active,Agent,1308,,
SUB-6564,CUST-16564,Postpaid Corporate,Postpaid,2023-06-01,Active,Retail,721,,
SUB-6565,CUST-16565,Family Bundle,Postpaid,2021-11-08,Active,Online,718,,
SUB-6566,CUST-16566,Unlimited Data Max,Prepaid,2025-06-20,Churned,Agent,575,2025-07-12,Voluntary
SUB-6567,CUST-16567,Prepaid Saver 30D,Prepaid,2026-01-16,Active,Online,1046,,
SUB-6568,CUST-16568,Unlimited Data Max,Prepaid,2022-10-04,Active,Referral,877,,
SUB-6569,CUST-16569,Family Bundle,Postpaid,2021-04-12,Active,Retail,1125,,
SUB-6570,CUST-16570,Prepaid Saver 30D,Prepaid,2025-12-17,Active,Referral,543,,
SUB-6571,CUST-16571,Unlimited Data Max,Prepaid,2022-08-05,Active,Agent,476,,
SUB-6572,CUST-16572,Postpaid Corporate,Postpaid,2021-11-08,Active,Retail,1174,,
SUB-6573,CUST-16573,Prepaid Saver 30D,Prepaid,2025-06-20,Active,Retail,1246,,
SUB-6574,CUST-16574,Unlimited Data Max,Prepaid,2024-11-22,Active,Agent,754,,
SUB-6575,CUST-16575,Student Special 4G,Prepaid,2023-06-01,Active,Retail,498,,
SUB-6576,CUST-16576,Postpaid Corporate,Postpaid,2022-11-03,Active,Retail,696,,
SUB-6577,CUST-16577,Unlimited Data Max,Prepaid,2023-07-01,Active,Online,902,,
SUB-6578,CUST-16578,Family Bundle,Postpaid,2025-04-21,Active,Agent,670,,
SUB-6579,CUST-16579,Unlimited Data Max,Prepaid,2021-04-12,Active,Referral,957,,
SUB-6580,CUST-16580,Unlimited Data Max,Prepaid,2023-12-28,Active,Referral,954,,
SUB-6581,CUST-16581,Prepaid Saver 30D,Prepaid,2023-05-02,Active,Referral,916,,
SUB-6582,CUST-16582,Unlimited Data Max,Prepaid,2023-04-02,Active,Online,1215,,
SUB-6583,CUST-16583,Prepaid Saver 30D,Prepaid,2023-03-03,Churned,Referral,683,2025-04-21,Voluntary
SUB-6584,CUST-16584,Prepaid Saver 30D,Prepaid,2024-09-23,Active,Agent,1019,,
SUB-6585,CUST-16585,Unlimited Data Max,Prepaid,2024-07-25,Active,Referral,993,,
SUB-6586,CUST-16586,Family Bundle,Postpaid,2025-08-19,Active,Retail,805,,
SUB-6587,CUST-16587,Prepaid Saver 30D,Prepaid,2022-03-08,Active,Online,1124,,
SUB-6588,CUST-16588,Prepaid Saver 30D,Prepaid,2024-07-25,Active,Agent,1414,,
SUB-6589,CUST-16589,Prepaid Saver 30D,Prepaid,2026-02-15,Churned,Online,544,2026-04-06,Voluntary
SUB-6590,CUST-16590,Student Special 4G,Prepaid,2026-02-15,Churned,Referral,853,2026-05-06,Voluntary
SUB-6591,CUST-16591,Unlimited Data Max,Prepaid,2020-10-14,Churned,Agent,596,2026-05-22,Voluntary
SUB-6592,CUST-16592,Unlimited Data Max,Prepaid,2023-11-28,Active,Referral,588,,
SUB-6593,CUST-16593,Student Special 4G,Prepaid,2022-11-03,Churned,Online,1188,2026-01-16,Involuntary
SUB-6594,CUST-16594,Unlimited Data Max,Prepaid,2023-05-02,Active,Online,481,,
SUB-6595,CUST-16595,Student Special 4G,Prepaid,2021-06-11,Active,Referral,667,,
SUB-6596,CUST-16596,Prepaid Saver 30D,Prepaid,2021-03-13,Active,Agent,928,,
SUB-6597,CUST-16597,Student Special 4G,Prepaid,2021-11-08,Churned,Online,749,2025-05-01,Involuntary
SUB-6598,CUST-16598,Unlimited Data Max,Prepaid,2020-09-14,Active,Online,990,,
SUB-6599,CUST-16599,Family Bundle,Postpaid,2025-02-20,Active,Online,488,,
SUB-6600,CUST-16600,Prepaid Saver 30D,Prepaid,2023-10-29,Active,Agent,1130,,
SUB-6601,CUST-16601,Unlimited Data Max,Prepaid,2024-09-23,Active,Referral,602,,
SUB-6602,CUST-16602,Student Special 4G,Prepaid,2021-07-11,Churned,Agent,323,2026-03-14,Involuntary
SUB-6603,CUST-16603,Unlimited Data Max,Prepaid,2024-10-23,Active,Retail,646,,
SUB-6604,CUST-16604,Prepaid Saver 30D,Prepaid,2021-10-09,Active,Referral,573,,
SUB-6605,CUST-16605,Prepaid Saver 30D,Prepaid,2025-01-21,Active,Referral,698,,
SUB-6606,CUST-16606,Unlimited Data Max,Prepaid,2022-05-07,Churned,Retail,379,2025-10-18,Involuntary
SUB-6607,CUST-16607,Unlimited Data Max,Prepaid,2026-04-16,Active,Retail,1459,,
SUB-6608,CUST-16608,Prepaid Saver 30D,Prepaid,2021-11-08,Active,Online,1158,,
SUB-6609,CUST-16609,Prepaid Saver 30D,Prepaid,2021-08-10,Active,Online,848,,
SUB-6610,CUST-16610,Prepaid Saver 30D,Prepaid,2023-03-03,Active,Referral,1413,,
SUB-6611,CUST-16611,Postpaid Corporate,Postpaid,2023-04-02,Active,Agent,1022,,
SUB-6612,CUST-16612,Prepaid Saver 30D,Prepaid,2023-09-29,Churned,Agent,1473,2025-08-18,Voluntary
SUB-6613,CUST-16613,Prepaid Saver 30D,Prepaid,2023-01-02,Churned,Retail,1404,2025-08-21,Voluntary
SUB-6614,CUST-16614,Prepaid Saver 30D,Prepaid,2023-02-01,Active,Retail,669,,
SUB-6615,CUST-16615,Prepaid Saver 30D,Prepaid,2023-07-31,Active,Retail,915,,
SUB-6616,CUST-16616,Unlimited Data Max,Prepaid,2023-06-01,Active,Referral,1467,,
SUB-6617,CUST-16617,Prepaid Saver 30D,Prepaid,2025-09-18,Active,Retail,1175,,
SUB-6618,CUST-16618,Unlimited Data Max,Prepaid,2023-08-30,Active,Agent,1399,,
SUB-6619,CUST-16619,Postpaid Corporate,Postpaid,2023-11-28,Active,Referral,1278,,
SUB-6620,CUST-16620,Unlimited Data Max,Prepaid,2021-03-13,Active,Referral,605,,
SUB-6621,CUST-16621,Unlimited Data Max,Prepaid,2024-09-23,Churned,Retail,535,2026-01-25,Involuntary
SUB-6622,CUST-16622,Prepaid Saver 30D,Prepaid,2020-10-14,Active,Referral,566,,
SUB-6623,CUST-16623,Prepaid Saver 30D,Prepaid,2021-03-13,Active,Retail,1332,,
SUB-6624,CUST-16624,Postpaid Corporate,Postpaid,2021-11-08,Active,Online,884,,
SUB-6625,CUST-16625,Postpaid Corporate,Postpaid,2022-05-07,Active,Agent,960,,
SUB-6626,CUST-16626,Family Bundle,Postpaid,2024-07-25,Active,Retail,1272,,
SUB-6627,CUST-16627,Prepaid Saver 30D,Prepaid,2025-06-20,Churned,Online,942,2026-04-17,Voluntary
SUB-6628,CUST-16628,Unlimited Data Max,Prepaid,2021-10-09,Active,Retail,1407,,
SUB-6629,CUST-16629,Student Special 4G,Prepaid,2022-05-07,Active,Agent,979,,
SUB-6630,CUST-16630,Postpaid Corporate,Postpaid,2021-07-11,Active,Agent,1430,,
SUB-6631,CUST-16631,Unlimited Data Max,Prepaid,2023-04-02,Active,Referral,1278,,
SUB-6632,CUST-16632,Unlimited Data Max,Prepaid,2021-03-13,Active,Agent,1252,,
SUB-6633,CUST-16633,Prepaid Saver 30D,Prepaid,2025-12-17,Active,Referral,1112,,
SUB-6634,CUST-16634,Prepaid Saver 30D,Prepaid,2025-10-18,Active,Agent,1030,,
SUB-6635,CUST-16635,Prepaid Saver 30D,Prepaid,2026-01-16,Active,Agent,826,,
SUB-6636,CUST-16636,Unlimited Data Max,Prepaid,2024-07-25,Active,Agent,1458,,
SUB-6637,CUST-16637,Family Bundle,Postpaid,2025-07-20,Active,Referral,389,,
SUB-6638,CUST-16638,Prepaid Saver 30D,Prepaid,2026-03-17,Active,Retail,1151,,
SUB-6639,CUST-16639,Student Special 4G,Prepaid,2021-09-09,Active,Referral,1218,,
SUB-6640,CUST-16640,Unlimited Data Max,Prepaid,2025-06-20,Active,Online,1406,,
SUB-6641,CUST-16641,Postpaid Corporate,Postpaid,2021-08-10,Churned,Retail,1008,2025-09-18,Voluntary
SUB-6642,CUST-16642,Student Special 4G,Prepaid,2022-09-04,Active,Agent,950,,
SUB-6643,CUST-16643,Unlimited Data Max,Prepaid,2022-11-03,Active,Agent,444,,
SUB-6644,CUST-16644,Prepaid Saver 30D,Prepaid,2025-09-18,Active,Online,1055,,
SUB-6645,CUST-16645,Unlimited Data Max,Prepaid,2026-04-16,Active,Retail,492,,
SUB-6646,CUST-16646,Prepaid Saver 30D,Prepaid,2025-08-19,Active,Agent,594,,
SUB-6647,CUST-16647,Student Special 4G,Prepaid,2024-07-25,Active,Agent,1219,,
SUB-6648,CUST-16648,Postpaid Corporate,Postpaid,2020-11-13,Active,Retail,1104,,
SUB-6649,CUST-16649,Student Special 4G,Prepaid,2024-01-27,Active,Referral,579,,
SUB-6650,CUST-16650,Unlimited Data Max,Prepaid,2025-01-21,Active,Referral,622,,
SUB-6651,CUST-16651,Student Special 4G,Prepaid,2024-09-23,Active,Referral,1324,,
SUB-6652,CUST-16652,Postpaid Corporate,Postpaid,2024-06-25,Active,Online,644,,
SUB-6653,CUST-16653,Unlimited Data Max,Prepaid,2023-01-02,Active,Retail,521,,
SUB-6654,CUST-16654,Student Special 4G,Prepaid,2021-09-09,Active,Agent,1146,,
SUB-6655,CUST-16655,Unlimited Data Max,Prepaid,2026-01-16,Active,Online,1464,,
SUB-6656,CUST-16656,Unlimited Data Max,Prepaid,2021-11-08,Active,Referral,972,,
SUB-6657,CUST-16657,Student Special 4G,Prepaid,2026-04-16,Churned,Referral,996,2026-05-27,Voluntary
SUB-6658,CUST-16658,Unlimited Data Max,Prepaid,2024-07-25,Active,Referral,1306,,
SUB-6659,CUST-16659,Unlimited Data Max,Prepaid,2023-01-02,Churned,Agent,760,2026-03-05,Involuntary
SUB-6660,CUST-16660,Unlimited Data Max,Prepaid,2025-10-18,Active,Retail,1088,,
SUB-6661,CUST-16661,Student Special 4G,Prepaid,2024-11-22,Active,Retail,1073,,
SUB-6662,CUST-16662,Unlimited Data Max,Prepaid,2022-09-04,Churned,Agent,1229,2025-04-19,Voluntary
SUB-6663,CUST-16663,Prepaid Saver 30D,Prepaid,2022-06-06,Active,Retail,852,,
SUB-6664,CUST-16664,Unlimited Data Max,Prepaid,2025-12-17,Churned,Retail,1212,2026-03-10,Voluntary
SUB-6665,CUST-16665,Prepaid Saver 30D,Prepaid,2021-11-08,Active,Retail,787,,
SUB-6666,CUST-16666,Prepaid Saver 30D,Prepaid,2024-01-27,Churned,Online,658,2025-03-06,Voluntary
SUB-6667,CUST-16667,Student Special 4G,Prepaid,2022-11-03,Churned,Referral,521,2025-03-29,Involuntary
SUB-6668,CUST-16668,Student Special 4G,Prepaid,2025-02-20,Active,Agent,1291,,
SUB-6669,CUST-16669,Student Special 4G,Prepaid,2020-08-15,Active,Referral,586,,
SUB-6670,CUST-16670,Postpaid Corporate,Postpaid,2021-12-08,Active,Online,339,,
SUB-6671,CUST-16671,Prepaid Saver 30D,Prepaid,2022-09-04,Active,Online,325,,
SUB-6672,CUST-16672,Unlimited Data Max,Prepaid,2025-04-21,Churned,Retail,474,2025-11-06,Voluntary
SUB-6673,CUST-16673,Prepaid Saver 30D,Prepaid,2021-12-08,Active,Retail,1403,,
SUB-6674,CUST-16674,Prepaid Saver 30D,Prepaid,2024-03-27,Active,Agent,1146,,
SUB-6675,CUST-16675,Postpaid Corporate,Postpaid,2022-09-04,Active,Retail,1173,,
SUB-6676,CUST-16676,Unlimited Data Max,Prepaid,2022-08-05,Active,Online,1375,,
SUB-6677,CUST-16677,Postpaid Corporate,Postpaid,2021-09-09,Active,Retail,1417,,
SUB-6678,CUST-16678,Prepaid Saver 30D,Prepaid,2021-07-11,Active,Referral,843,,
SUB-6679,CUST-16679,Prepaid Saver 30D,Prepaid,2024-02-26,Active,Retail,1273,,
SUB-6680,CUST-16680,Family Bundle,Postpaid,2025-12-17,Active,Agent,427,,
SUB-6681,CUST-16681,Unlimited Data Max,Prepaid,2023-11-28,Active,Retail,491,,
SUB-6682,CUST-16682,Unlimited Data Max,Prepaid,2024-01-27,Active,Online,706,,
SUB-6683,CUST-16683,Unlimited Data Max,Prepaid,2024-06-25,Active,Agent,428,,
SUB-6684,CUST-16684,Prepaid Saver 30D,Prepaid,2023-07-31,Churned,Referral,1420,2026-01-11,Voluntary
SUB-6685,CUST-16685,Prepaid Saver 30D,Prepaid,2023-02-01,Active,Online,924,,
SUB-6686,CUST-16686,Family Bundle,Postpaid,2022-10-04,Active,Referral,1188,,
SUB-6687,CUST-16687,Student Special 4G,Prepaid,2024-03-27,Active,Agent,1020,,
SUB-6688,CUST-16688,Postpaid Corporate,Postpaid,2022-11-03,Active,Referral,368,,
SUB-6689,CUST-16689,Postpaid Corporate,Postpaid,2020-08-15,Active,Agent,1461,,
SUB-6690,CUST-16690,Prepaid Saver 30D,Prepaid,2022-08-05,Active,Agent,792,,
SUB-6691,CUST-16691,Family Bundle,Postpaid,2022-12-03,Active,Agent,789,,
SUB-6692,CUST-16692,Prepaid Saver 30D,Prepaid,2024-09-23,Active,Referral,674,,
SUB-6693,CUST-16693,Unlimited Data Max,Prepaid,2024-06-25,Active,Online,568,,
SUB-6694,CUST-16694,Family Bundle,Postpaid,2026-02-15,Active,Referral,1105,,
SUB-6695,CUST-16695,Prepaid Saver 30D,Prepaid,2023-06-01,Active,Referral,582,,
SUB-6696,CUST-16696,Unlimited Data Max,Prepaid,2025-12-17,Active,Retail,732,,
SUB-6697,CUST-16697,Postpaid Corporate,Postpaid,2021-11-08,Active,Retail,1299,,
SUB-6698,CUST-16698,Unlimited Data Max,Prepaid,2020-11-13,Active,Online,303,,
SUB-6699,CUST-16699,Unlimited Data Max,Prepaid,2021-09-09,Churned,Online,356,2025-07-21,Voluntary
SUB-6700,CUST-16700,Prepaid Saver 30D,Prepaid,2025-06-20,Active,Online,1093,,
SUB-6701,CUST-16701,Prepaid Saver 30D,Prepaid,2022-09-04,Active,Retail,519,,
SUB-6702,CUST-16702,Prepaid Saver 30D,Prepaid,2023-11-28,Active,Referral,609,,
SUB-6703,CUST-16703,Unlimited Data Max,Prepaid,2026-05-16,Active,Online,705,,
SUB-6704,CUST-16704,Prepaid Saver 30D,Prepaid,2022-04-07,Active,Retail,812,,
SUB-6705,CUST-16705,Unlimited Data Max,Prepaid,2021-05-12,Active,Online,964,,
SUB-6706,CUST-16706,Prepaid Saver 30D,Prepaid,2023-09-29,Active,Agent,893,,
SUB-6707,CUST-16707,Prepaid Saver 30D,Prepaid,2021-02-11,Active,Retail,1347,,
SUB-6708,CUST-16708,Unlimited Data Max,Prepaid,2026-02-15,Churned,Referral,1110,2026-04-30,Involuntary
SUB-6709,CUST-16709,Unlimited Data Max,Prepaid,2021-05-12,Active,Online,544,,
SUB-6710,CUST-16710,Prepaid Saver 30D,Prepaid,2022-06-06,Active,Retail,500,,
SUB-6711,CUST-16711,Prepaid Saver 30D,Prepaid,2022-07-06,Churned,Referral,1012,2026-02-15,Involuntary
SUB-6712,CUST-16712,Student Special 4G,Prepaid,2023-07-01,Active,Referral,1338,,
SUB-6713,CUST-16713,Unlimited Data Max,Prepaid,2026-04-16,Active,Referral,575,,
SUB-6714,CUST-16714,Unlimited Data Max,Prepaid,2023-09-29,Active,Referral,573,,
SUB-6715,CUST-16715,Unlimited Data Max,Prepaid,2020-11-13,Active,Referral,1311,,
SUB-6716,CUST-16716,Postpaid Corporate,Postpaid,2023-09-29,Active,Retail,861,,
SUB-6717,CUST-16717,Prepaid Saver 30D,Prepaid,2026-01-16,Active,Agent,895,,
SUB-6718,CUST-16718,Postpaid Corporate,Postpaid,2023-07-01,Active,Retail,1427,,
SUB-6719,CUST-16719,Postpaid Corporate,Postpaid,2025-07-20,Active,Referral,1082,,
SUB-6720,CUST-16720,Unlimited Data Max,Prepaid,2023-12-28,Active,Referral,789,,
SUB-6721,CUST-16721,Prepaid Saver 30D,Prepaid,2022-10-04,Active,Agent,649,,
SUB-6722,CUST-16722,Family Bundle,Postpaid,2026-01-16,Active,Retail,499,,
SUB-6723,CUST-16723,Prepaid Saver 30D,Prepaid,2023-09-29,Active,Retail,756,,
SUB-6724,CUST-16724,Prepaid Saver 30D,Prepaid,2023-07-01,Active,Online,1262,,
SUB-6725,CUST-16725,Prepaid Saver 30D,Prepaid,2022-01-07,Active,Online,1367,,
SUB-6726,CUST-16726,Prepaid Saver 30D,Prepaid,2026-01-16,Churned,Retail,1221,2026-06-07,Involuntary
SUB-6727,CUST-16727,Student Special 4G,Prepaid,2022-10-04,Active,Retail,346,,
SUB-6728,CUST-16728,Unlimited Data Max,Prepaid,2022-10-04,Active,Referral,725,,
SUB-6729,CUST-16729,Unlimited Data Max,Prepaid,2026-05-16,Churned,Agent,1444,2026-06-13,Voluntary
SUB-6730,CUST-16730,Prepaid Saver 30D,Prepaid,2025-09-18,Active,Referral,812,,
SUB-6731,CUST-16731,Family Bundle,Postpaid,2022-09-04,Active,Agent,1444,,
SUB-6732,CUST-16732,Unlimited Data Max,Prepaid,2021-05-12,Active,Agent,1110,,
SUB-6733,CUST-16733,Postpaid Corporate,Postpaid,2021-06-11,Active,Agent,498,,
SUB-6734,CUST-16734,Unlimited Data Max,Prepaid,2021-12-08,Active,Agent,615,,
SUB-6735,CUST-16735,Postpaid Corporate,Postpaid,2021-06-11,Active,Online,796,,
SUB-6736,CUST-16736,Prepaid Saver 30D,Prepaid,2022-11-03,Active,Retail,845,,
SUB-6737,CUST-16737,Prepaid Saver 30D,Prepaid,2025-06-20,Active,Retail,805,,
SUB-6738,CUST-16738,Family Bundle,Postpaid,2023-05-02,Active,Referral,818,,
SUB-6739,CUST-16739,Postpaid Corporate,Postpaid,2024-05-26,Active,Online,1362,,
SUB-6740,CUST-16740,Unlimited Data Max,Prepaid,2024-11-22,Active,Referral,451,,
SUB-6741,CUST-16741,Family Bundle,Postpaid,2025-09-18,Active,Retail,501,,
SUB-6742,CUST-16742,Prepaid Saver 30D,Prepaid,2026-04-16,Churned,Retail,1194,2026-05-07,Voluntary
SUB-6743,CUST-16743,Postpaid Corporate,Postpaid,2022-01-07,Active,Retail,865,,
SUB-6744,CUST-16744,Postpaid Corporate,Postpaid,2025-05-21,Active,Agent,1319,,
SUB-6745,CUST-16745,Student Special 4G,Prepaid,2022-10-04,Active,Retail,669,,
SUB-6746,CUST-16746,Prepaid Saver 30D,Prepaid,2024-08-24,Active,Agent,575,,
SUB-6747,CUST-16747,Postpaid Corporate,Postpaid,2023-07-31,Active,Referral,492,,
SUB-6748,CUST-16748,Postpaid Corporate,Postpaid,2024-01-27,Active,Online,1353,,
SUB-6749,CUST-16749,Prepaid Saver 30D,Prepaid,2024-08-24,Active,Online,1099,,
SUB-6750,CUST-16750,Family Bundle,Postpaid,2023-07-31,Active,Referral,803,,
SUB-6751,CUST-16751,Prepaid Saver 30D,Prepaid,2021-11-08,Active,Referral,472,,
SUB-6752,CUST-16752,Unlimited Data Max,Prepaid,2023-07-01,Active,Referral,379,,
SUB-6753,CUST-16753,Postpaid Corporate,Postpaid,2021-10-09,Churned,Online,1304,2025-02-20,Voluntary
SUB-6754,CUST-16754,Unlimited Data Max,Prepaid,2021-02-11,Active,Online,1059,,
SUB-6755,CUST-16755,Student Special 4G,Prepaid,2023-07-31,Active,Agent,363,,
SUB-6756,CUST-16756,Prepaid Saver 30D,Prepaid,2021-10-09,Active,Retail,818,,
SUB-6757,CUST-16757,Prepaid Saver 30D,Prepaid,2025-09-18,Churned,Agent,676,2025-12-20,Involuntary
SUB-6758,CUST-16758,Postpaid Corporate,Postpaid,2023-02-01,Active,Agent,1266,,
SUB-6759,CUST-16759,Student Special 4G,Prepaid,2023-08-30,Churned,Referral,1060,2026-02-27,Voluntary
SUB-6760,CUST-16760,Postpaid Corporate,Postpaid,2026-05-16,Active,Retail,1064,,
SUB-6761,CUST-16761,Unlimited Data Max,Prepaid,2021-03-13,Churned,Retail,327,2026-01-09,Involuntary
SUB-6762,CUST-16762,Prepaid Saver 30D,Prepaid,2022-02-06,Active,Retail,564,,
SUB-6763,CUST-16763,Student Special 4G,Prepaid,2023-01-02,Churned,Referral,1359,2025-06-27,Voluntary
SUB-6764,CUST-16764,Family Bundle,Postpaid,2022-05-07,Active,Agent,338,,
SUB-6765,CUST-16765,Postpaid Corporate,Postpaid,2022-01-07,Active,Referral,763,,
SUB-6766,CUST-16766,Prepaid Saver 30D,Prepaid,2021-11-08,Churned,Online,416,2025-08-18,Voluntary
SUB-6767,CUST-16767,Prepaid Saver 30D,Prepaid,2024-09-23,Churned,Referral,1013,2025-11-11,Voluntary
SUB-6768,CUST-16768,Prepaid Saver 30D,Prepaid,2023-12-28,Active,Agent,311,,
SUB-6769,CUST-16769,Prepaid Saver 30D,Prepaid,2024-05-26,Active,Referral,1232,,
SUB-6770,CUST-16770,Unlimited Data Max,Prepaid,2021-02-11,Active,Referral,704,,
SUB-6771,CUST-16771,Unlimited Data Max,Prepaid,2025-09-18,Active,Retail,555,,
SUB-6772,CUST-16772,Postpaid Corporate,Postpaid,2021-02-11,Active,Retail,659,,
SUB-6773,CUST-16773,Prepaid Saver 30D,Prepaid,2024-05-26,Active,Retail,1002,,
SUB-6774,CUST-16774,Unlimited Data Max,Prepaid,2021-11-08,Active,Online,783,,
SUB-6775,CUST-16775,Student Special 4G,Prepaid,2025-05-21,Active,Online,621,,
SUB-6776,CUST-16776,Unlimited Data Max,Prepaid,2021-07-11,Active,Online,884,,
SUB-6777,CUST-16777,Postpaid Corporate,Postpaid,2023-04-02,Active,Online,889,,
SUB-6778,CUST-16778,Student Special 4G,Prepaid,2020-09-14,Active,Agent,1066,,
SUB-6779,CUST-16779,Student Special 4G,Prepaid,2024-02-26,Active,Agent,1466,,
SUB-6780,CUST-16780,Student Special 4G,Prepaid,2020-08-15,Active,Referral,1102,,
SUB-6781,CUST-16781,Student Special 4G,Prepaid,2021-07-11,Churned,Referral,337,2025-09-19,Voluntary
SUB-6782,CUST-16782,Prepaid Saver 30D,Prepaid,2026-05-16,Active,Online,602,,
SUB-6783,CUST-16783,Postpaid Corporate,Postpaid,2024-02-26,Churned,Agent,1439,2025-03-13,Involuntary
SUB-6784,CUST-16784,Student Special 4G,Prepaid,2024-01-27,Active,Referral,996,,
SUB-6785,CUST-16785,Prepaid Saver 30D,Prepaid,2025-02-20,Active,Agent,1401,,
SUB-6786,CUST-16786,Postpaid Corporate,Postpaid,2021-04-12,Active,Agent,450,,
SUB-6787,CUST-16787,Unlimited Data Max,Prepaid,2025-12-17,Active,Agent,881,,
SUB-6788,CUST-16788,Prepaid Saver 30D,Prepaid,2024-11-22,Active,Agent,545,,
SUB-6789,CUST-16789,Unlimited Data Max,Prepaid,2024-12-22,Active,Agent,420,,
SUB-6790,CUST-16790,Postpaid Corporate,Postpaid,2023-12-28,Active,Online,1426,,
SUB-6791,CUST-16791,Prepaid Saver 30D,Prepaid,2022-05-07,Churned,Online,588,2025-05-25,Voluntary
SUB-6792,CUST-16792,Unlimited Data Max,Prepaid,2026-05-16,Active,Referral,490,,
SUB-6793,CUST-16793,Prepaid Saver 30D,Prepaid,2022-10-04,Active,Agent,749,,
SUB-6794,CUST-16794,Postpaid Corporate,Postpaid,2024-01-27,Active,Retail,359,,
SUB-6795,CUST-16795,Family Bundle,Postpaid,2022-10-04,Active,Retail,766,,
SUB-6796,CUST-16796,Unlimited Data Max,Prepaid,2026-01-16,Active,Online,1070,,
SUB-6797,CUST-16797,Unlimited Data Max,Prepaid,2021-06-11,Active,Retail,1465,,
SUB-6798,CUST-16798,Postpaid Corporate,Postpaid,2023-02-01,Active,Agent,300,,
SUB-6799,CUST-16799,Prepaid Saver 30D,Prepaid,2024-12-22,Active,Referral,1358,,
SUB-6800,CUST-16800,Prepaid Saver 30D,Prepaid,2021-10-09,Active,Referral,1208,,
SUB-6801,CUST-16801,Postpaid Corporate,Postpaid,2023-08-30,Active,Retail,1000,,
SUB-6802,CUST-16802,Student Special 4G,Prepaid,2024-02-26,Churned,Referral,1118,2026-01-08,Voluntary
SUB-6803,CUST-16803,Prepaid Saver 30D,Prepaid,2025-06-20,Active,Retail,1019,,
SUB-6804,CUST-16804,Prepaid Saver 30D,Prepaid,2023-07-31,Active,Referral,344,,
SUB-6805,CUST-16805,Unlimited Data Max,Prepaid,2025-02-20,Active,Online,403,,
SUB-6806,CUST-16806,Family Bundle,Postpaid,2022-02-06,Active,Agent,1274,,
SUB-6807,CUST-16807,Student Special 4G,Prepaid,2024-03-27,Active,Agent,1144,,
SUB-6808,CUST-16808,Prepaid Saver 30D,Prepaid,2025-09-18,Active,Online,836,,
SUB-6809,CUST-16809,Family Bundle,Postpaid,2022-04-07,Active,Referral,868,,
SUB-6810,CUST-16810,Unlimited Data Max,Prepaid,2021-07-11,Active,Retail,497,,
SUB-6811,CUST-16811,Postpaid Corporate,Postpaid,2021-07-11,Active,Referral,1248,,
SUB-6812,CUST-16812,Student Special 4G,Prepaid,2023-07-31,Active,Retail,664,,
SUB-6813,CUST-16813,Student Special 4G,Prepaid,2024-08-24,Active,Referral,573,,
SUB-6814,CUST-16814,Postpaid Corporate,Postpaid,2025-02-20,Churned,Retail,924,2026-06-11,Involuntary
SUB-6815,CUST-16815,Unlimited Data Max,Prepaid,2024-01-27,Churned,Agent,984,2026-01-17,Voluntary
SUB-6816,CUST-16816,Unlimited Data Max,Prepaid,2025-10-18,Active,Referral,568,,
SUB-6817,CUST-16817,Unlimited Data Max,Prepaid,2021-03-13,Active,Agent,1245,,
SUB-6818,CUST-16818,Student Special 4G,Prepaid,2024-12-22,Active,Agent,539,,
SUB-6819,CUST-16819,Prepaid Saver 30D,Prepaid,2021-11-08,Active,Online,1038,,
SUB-6820,CUST-16820,Prepaid Saver 30D,Prepaid,2024-02-26,Active,Agent,1383,,
SUB-6821,CUST-16821,Unlimited Data Max,Prepaid,2022-05-07,Active,Agent,768,,
SUB-6822,CUST-16822,Prepaid Saver 30D,Prepaid,2021-02-11,Churned,Referral,897,2025-11-24,Voluntary
SUB-6823,CUST-16823,Prepaid Saver 30D,Prepaid,2024-01-27,Active,Referral,379,,
SUB-6824,CUST-16824,Prepaid Saver 30D,Prepaid,2020-10-14,Active,Referral,1180,,
SUB-6825,CUST-16825,Prepaid Saver 30D,Prepaid,2024-05-26,Active,Agent,341,,
SUB-6826,CUST-16826,Unlimited Data Max,Prepaid,2024-11-22,Active,Referral,488,,
SUB-6827,CUST-16827,Unlimited Data Max,Prepaid,2022-03-08,Churned,Online,937,2026-01-17,Voluntary
SUB-6828,CUST-16828,Family Bundle,Postpaid,2025-08-19,Active,Agent,1409,,
SUB-6829,CUST-16829,Postpaid Corporate,Postpaid,2025-11-17,Active,Referral,867,,
SUB-6830,CUST-16830,Postpaid Corporate,Postpaid,2024-03-27,Active,Online,984,,
SUB-6831,CUST-16831,Family Bundle,Postpaid,2023-04-02,Active,Retail,478,,
SUB-6832,CUST-16832,Prepaid Saver 30D,Prepaid,2023-08-30,Active,Retail,827,,
SUB-6833,CUST-16833,Postpaid Corporate,Postpaid,2026-01-16,Active,Agent,492,,
SUB-6834,CUST-16834,Prepaid Saver 30D,Prepaid,2023-04-02,Active,Online,1076,,
SUB-6835,CUST-16835,Unlimited Data Max,Prepaid,2022-10-04,Churned,Referral,892,2025-05-15,Voluntary
SUB-6836,CUST-16836,Prepaid Saver 30D,Prepaid,2024-09-23,Active,Retail,339,,
SUB-6837,CUST-16837,Student Special 4G,Prepaid,2023-02-01,Active,Agent,1484,,
SUB-6838,CUST-16838,Prepaid Saver 30D,Prepaid,2024-04-26,Active,Online,1158,,
SUB-6839,CUST-16839,Unlimited Data Max,Prepaid,2026-01-16,Active,Referral,1064,,
SUB-6840,CUST-16840,Student Special 4G,Prepaid,2022-02-06,Active,Online,576,,
SUB-6841,CUST-16841,Unlimited Data Max,Prepaid,2023-12-28,Active,Online,558,,
SUB-6842,CUST-16842,Postpaid Corporate,Postpaid,2020-09-14,Active,Retail,1060,,
SUB-6843,CUST-16843,Postpaid Corporate,Postpaid,2025-04-21,Active,Online,1372,,
SUB-6844,CUST-16844,Prepaid Saver 30D,Prepaid,2026-05-16,Active,Agent,378,,
SUB-6845,CUST-16845,Unlimited Data Max,Prepaid,2021-10-09,Churned,Online,812,2026-02-22,Voluntary
SUB-6846,CUST-16846,Prepaid Saver 30D,Prepaid,2021-05-12,Active,Online,592,,
SUB-6847,CUST-16847,Student Special 4G,Prepaid,2021-02-11,Active,Retail,1458,,
SUB-6848,CUST-16848,Student Special 4G,Prepaid,2020-08-15,Active,Online,536,,
SUB-6849,CUST-16849,Student Special 4G,Prepaid,2024-07-25,Churned,Retail,934,2025-04-02,Voluntary
SUB-6850,CUST-16850,Unlimited Data Max,Prepaid,2022-06-06,Active,Online,1138,,
SUB-6851,CUST-16851,Unlimited Data Max,Prepaid,2026-03-17,Active,Agent,843,,
SUB-6852,CUST-16852,Postpaid Corporate,Postpaid,2023-12-28,Active,Online,1120,,
SUB-6853,CUST-16853,Postpaid Corporate,Postpaid,2021-03-13,Active,Online,1134,,
SUB-6854,CUST-16854,Unlimited Data Max,Prepaid,2022-09-04,Active,Agent,566,,
SUB-6855,CUST-16855,Unlimited Data Max,Prepaid,2021-07-11,Active,Agent,783,,
SUB-6856,CUST-16856,Unlimited Data Max,Prepaid,2020-11-13,Active,Retail,400,,
SUB-6857,CUST-16857,Prepaid Saver 30D,Prepaid,2021-10-09,Active,Online,954,,
SUB-6858,CUST-16858,Postpaid Corporate,Postpaid,2022-06-06,Active,Retail,1399,,
SUB-6859,CUST-16859,Family Bundle,Postpaid,2024-04-26,Active,Online,1252,,
SUB-6860,CUST-16860,Unlimited Data Max,Prepaid,2023-05-02,Active,Retail,873,,
SUB-6861,CUST-16861,Prepaid Saver 30D,Prepaid,2025-12-17,Active,Online,1276,,
SUB-6862,CUST-16862,Prepaid Saver 30D,Prepaid,2023-02-01,Churned,Retail,351,2025-02-14,Voluntary
SUB-6863,CUST-16863,Prepaid Saver 30D,Prepaid,2020-09-14,Active,Referral,1440,,
SUB-6864,CUST-16864,Unlimited Data Max,Prepaid,2025-07-20,Churned,Referral,1150,2026-05-14,Voluntary
SUB-6865,CUST-16865,Prepaid Saver 30D,Prepaid,2023-07-01,Active,Online,1496,,
SUB-6866,CUST-16866,Prepaid Saver 30D,Prepaid,2021-03-13,Active,Referral,506,,
SUB-6867,CUST-16867,Postpaid Corporate,Postpaid,2024-04-26,Active,Referral,603,,
SUB-6868,CUST-16868,Postpaid Corporate,Postpaid,2023-01-02,Active,Online,327,,
SUB-6869,CUST-16869,Postpaid Corporate,Postpaid,2021-11-08,Active,Retail,415,,
SUB-6870,CUST-16870,Prepaid Saver 30D,Prepaid,2021-11-08,Active,Referral,639,,
SUB-6871,CUST-16871,Prepaid Saver 30D,Prepaid,2022-07-06,Active,Agent,340,,
SUB-6872,CUST-16872,Unlimited Data Max,Prepaid,2026-01-16,Active,Online,908,,
SUB-6873,CUST-16873,Unlimited Data Max,Prepaid,2026-03-17,Active,Referral,747,,
SUB-6874,CUST-16874,Unlimited Data Max,Prepaid,2022-01-07,Active,Referral,1499,,
SUB-6875,CUST-16875,Unlimited Data Max,Prepaid,2020-10-14,Active,Retail,471,,
SUB-6876,CUST-16876,Family Bundle,Postpaid,2024-10-23,Active,Online,407,,
SUB-6877,CUST-16877,Family Bundle,Postpaid,2023-03-03,Churned,Referral,379,2025-08-01,Voluntary
SUB-6878,CUST-16878,Student Special 4G,Prepaid,2025-12-17,Active,Agent,1453,,
SUB-6879,CUST-16879,Postpaid Corporate,Postpaid,2025-04-21,Churned,Retail,1419,2026-02-18,Involuntary
SUB-6880,CUST-16880,Postpaid Corporate,Postpaid,2023-07-31,Active,Retail,1376,,
SUB-6881,CUST-16881,Postpaid Corporate,Postpaid,2026-04-16,Active,Agent,1345,,
SUB-6882,CUST-16882,Postpaid Corporate,Postpaid,2023-01-02,Active,Retail,1439,,
SUB-6883,CUST-16883,Unlimited Data Max,Prepaid,2023-03-03,Active,Online,1382,,
SUB-6884,CUST-16884,Family Bundle,Postpaid,2025-11-17,Churned,Referral,753,2026-06-03,Voluntary
SUB-6885,CUST-16885,Student Special 4G,Prepaid,2022-12-03,Active,Referral,865,,
SUB-6886,CUST-16886,Unlimited Data Max,Prepaid,2023-09-29,Active,Online,1273,,
SUB-6887,CUST-16887,Prepaid Saver 30D,Prepaid,2025-10-18,Active,Referral,669,,
SUB-6888,CUST-16888,Student Special 4G,Prepaid,2025-02-20,Churned,Agent,826,2025-11-02,Voluntary
SUB-6889,CUST-16889,Family Bundle,Postpaid,2023-04-02,Active,Online,354,,
SUB-6890,CUST-16890,Prepaid Saver 30D,Prepaid,2021-09-09,Active,Online,367,,
SUB-6891,CUST-16891,Prepaid Saver 30D,Prepaid,2023-11-28,Active,Agent,1269,,
SUB-6892,CUST-16892,Prepaid Saver 30D,Prepaid,2022-10-04,Active,Agent,625,,
SUB-6893,CUST-16893,Prepaid Saver 30D,Prepaid,2023-10-29,Active,Agent,769,,
SUB-6894,CUST-16894,Unlimited Data Max,Prepaid,2021-05-12,Active,Retail,340,,
SUB-6895,CUST-16895,Unlimited Data Max,Prepaid,2020-09-14,Active,Agent,977,,
SUB-6896,CUST-16896,Prepaid Saver 30D,Prepaid,2023-11-28,Churned,Online,1039,2025-10-23,Voluntary
SUB-6897,CUST-16897,Prepaid Saver 30D,Prepaid,2024-08-24,Active,Retail,605,,
SUB-6898,CUST-16898,Student Special 4G,Prepaid,2023-02-01,Churned,Agent,1020,2025-11-25,Voluntary
SUB-6899,CUST-16899,Prepaid Saver 30D,Prepaid,2021-04-12,Churned,Retail,924,2025-12-20,Voluntary
SUB-6900,CUST-16900,Prepaid Saver 30D,Prepaid,2022-12-03,Active,Referral,1179,,
SUB-6901,CUST-16901,Prepaid Saver 30D,Prepaid,2024-05-26,Active,Agent,520,,
SUB-6902,CUST-16902,Student Special 4G,Prepaid,2021-11-08,Active,Online,1378,,
SUB-6903,CUST-16903,Prepaid Saver 30D,Prepaid,2025-05-21,Active,Agent,705,,
SUB-6904,CUST-16904,Prepaid Saver 30D,Prepaid,2024-10-23,Active,Retail,861,,
SUB-6905,CUST-16905,Unlimited Data Max,Prepaid,2025-07-20,Active,Retail,1042,,
SUB-6906,CUST-16906,Unlimited Data Max,Prepaid,2021-02-11,Churned,Retail,526,2025-11-03,Involuntary
SUB-6907,CUST-16907,Family Bundle,Postpaid,2020-12-13,Active,Agent,1465,,
SUB-6908,CUST-16908,Prepaid Saver 30D,Prepaid,2020-10-14,Active,Retail,581,,
SUB-6909,CUST-16909,Prepaid Saver 30D,Prepaid,2026-04-16,Active,Retail,1287,,
SUB-6910,CUST-16910,Unlimited Data Max,Prepaid,2021-03-13,Active,Online,1483,,
SUB-6911,CUST-16911,Prepaid Saver 30D,Prepaid,2025-02-20,Active,Online,1229,,
SUB-6912,CUST-16912,Postpaid Corporate,Postpaid,2020-11-13,Active,Retail,689,,
SUB-6913,CUST-16913,Postpaid Corporate,Postpaid,2024-05-26,Active,Agent,1438,,
SUB-6914,CUST-16914,Student Special 4G,Prepaid,2024-08-24,Active,Referral,1411,,
SUB-6915,CUST-16915,Prepaid Saver 30D,Prepaid,2022-08-05,Active,Referral,553,,
SUB-6916,CUST-16916,Prepaid Saver 30D,Prepaid,2021-10-09,Active,Retail,1032,,
SUB-6917,CUST-16917,Family Bundle,Postpaid,2024-03-27,Churned,Agent,1473,2025-10-27,Involuntary
SUB-6918,CUST-16918,Prepaid Saver 30D,Prepaid,2021-08-10,Active,Agent,483,,
SUB-6919,CUST-16919,Student Special 4G,Prepaid,2026-04-16,Active,Referral,378,,
SUB-6920,CUST-16920,Postpaid Corporate,Postpaid,2021-03-13,Active,Retail,1201,,
SUB-6921,CUST-16921,Unlimited Data Max,Prepaid,2023-06-01,Active,Agent,566,,
SUB-6922,CUST-16922,Family Bundle,Postpaid,2023-04-02,Active,Referral,349,,
SUB-6923,CUST-16923,Prepaid Saver 30D,Prepaid,2021-04-12,Active,Agent,483,,
SUB-6924,CUST-16924,Postpaid Corporate,Postpaid,2026-02-15,Active,Agent,394,,
SUB-6925,CUST-16925,Prepaid Saver 30D,Prepaid,2021-04-12,Churned,Agent,1487,2026-05-20,Voluntary
SUB-6926,CUST-16926,Prepaid Saver 30D,Prepaid,2025-03-22,Active,Online,1096,,
SUB-6927,CUST-16927,Prepaid Saver 30D,Prepaid,2020-08-15,Active,Online,529,,
SUB-6928,CUST-16928,Prepaid Saver 30D,Prepaid,2022-03-08,Active,Retail,796,,
SUB-6929,CUST-16929,Family Bundle,Postpaid,2024-05-26,Active,Retail,850,,
SUB-6930,CUST-16930,Unlimited Data Max,Prepaid,2026-01-16,Active,Agent,878,,
SUB-6931,CUST-16931,Prepaid Saver 30D,Prepaid,2025-09-18,Active,Retail,733,,
SUB-6932,CUST-16932,Unlimited Data Max,Prepaid,2025-09-18,Active,Online,516,,
SUB-6933,CUST-16933,Postpaid Corporate,Postpaid,2026-01-16,Churned,Online,739,2026-03-03,Voluntary
SUB-6934,CUST-16934,Prepaid Saver 30D,Prepaid,2022-11-03,Active,Online,1379,,
SUB-6935,CUST-16935,Prepaid Saver 30D,Prepaid,2021-05-12,Active,Online,529,,
SUB-6936,CUST-16936,Postpaid Corporate,Postpaid,2021-10-09,Active,Online,313,,
SUB-6937,CUST-16937,Student Special 4G,Prepaid,2022-01-07,Active,Online,1220,,
SUB-6938,CUST-16938,Family Bundle,Postpaid,2020-09-14,Active,Referral,608,,
SUB-6939,CUST-16939,Student Special 4G,Prepaid,2022-10-04,Active,Online,708,,
SUB-6940,CUST-16940,Prepaid Saver 30D,Prepaid,2025-11-17,Active,Retail,728,,
SUB-6941,CUST-16941,Postpaid Corporate,Postpaid,2023-07-01,Active,Online,1341,,
SUB-6942,CUST-16942,Unlimited Data Max,Prepaid,2022-01-07,Active,Referral,1211,,
SUB-6943,CUST-16943,Unlimited Data Max,Prepaid,2023-09-29,Active,Agent,591,,
SUB-6944,CUST-16944,Prepaid Saver 30D,Prepaid,2024-08-24,Active,Online,597,,
SUB-6945,CUST-16945,Prepaid Saver 30D,Prepaid,2023-07-01,Active,Referral,891,,
SUB-6946,CUST-16946,Prepaid Saver 30D,Prepaid,2021-11-08,Churned,Agent,1156,2026-01-31,Voluntary
SUB-6947,CUST-16947,Prepaid Saver 30D,Prepaid,2024-04-26,Active,Online,496,,
SUB-6948,CUST-16948,Postpaid Corporate,Postpaid,2024-04-26,Active,Retail,591,,
SUB-6949,CUST-16949,Family Bundle,Postpaid,2023-08-30,Churned,Online,316,2025-04-20,Involuntary
SUB-6950,CUST-16950,Unlimited Data Max,Prepaid,2023-12-28,Active,Retail,1008,,
SUB-6951,CUST-16951,Prepaid Saver 30D,Prepaid,2025-03-22,Active,Agent,734,,
SUB-6952,CUST-16952,Unlimited Data Max,Prepaid,2024-10-23,Active,Online,853,,
SUB-6953,CUST-16953,Unlimited Data Max,Prepaid,2025-09-18,Active,Retail,910,,
SUB-6954,CUST-16954,Family Bundle,Postpaid,2022-01-07,Active,Retail,1364,,
SUB-6955,CUST-16955,Unlimited Data Max,Prepaid,2025-02-20,Churned,Agent,1131,2026-01-28,Voluntary
SUB-6956,CUST-16956,Unlimited Data Max,Prepaid,2020-09-14,Active,Online,979,,
SUB-6957,CUST-16957,Prepaid Saver 30D,Prepaid,2020-10-14,Active,Agent,727,,
SUB-6958,CUST-16958,Prepaid Saver 30D,Prepaid,2022-07-06,Active,Agent,1142,,
SUB-6959,CUST-16959,Prepaid Saver 30D,Prepaid,2020-08-15,Active,Referral,937,,
SUB-6960,CUST-16960,Family Bundle,Postpaid,2021-05-12,Churned,Agent,453,2025-07-12,Voluntary
SUB-6961,CUST-16961,Postpaid Corporate,Postpaid,2022-01-07,Active,Agent,838,,
SUB-6962,CUST-16962,Prepaid Saver 30D,Prepaid,2024-04-26,Active,Referral,1335,,
SUB-6963,CUST-16963,Postpaid Corporate,Postpaid,2021-07-11,Active,Online,974,,
SUB-6964,CUST-16964,Student Special 4G,Prepaid,2024-05-26,Active,Agent,379,,
SUB-6965,CUST-16965,Unlimited Data Max,Prepaid,2025-10-18,Active,Agent,651,,
SUB-6966,CUST-16966,Postpaid Corporate,Postpaid,2023-02-01,Active,Agent,934,,
SUB-6967,CUST-16967,Postpaid Corporate,Postpaid,2025-09-18,Churned,Referral,1174,2026-02-15,Voluntary
SUB-6968,CUST-16968,Postpaid Corporate,Postpaid,2025-11-17,Churned,Retail,759,2026-04-02,Involuntary
SUB-6969,CUST-16969,Unlimited Data Max,Prepaid,2025-11-17,Active,Referral,1369,,
SUB-6970,CUST-16970,Postpaid Corporate,Postpaid,2021-02-11,Active,Agent,1486,,
SUB-6971,CUST-16971,Student Special 4G,Prepaid,2026-01-16,Active,Online,1125,,
SUB-6972,CUST-16972,Postpaid Corporate,Postpaid,2024-01-27,Active,Retail,315,,
SUB-6973,CUST-16973,Unlimited Data Max,Prepaid,2022-01-07,Active,Online,1205,,
SUB-6974,CUST-16974,Unlimited Data Max,Prepaid,2021-10-09,Active,Agent,798,,
SUB-6975,CUST-16975,Postpaid Corporate,Postpaid,2026-01-16,Churned,Online,400,2026-03-28,Involuntary
SUB-6976,CUST-16976,Postpaid Corporate,Postpaid,2021-03-13,Active,Retail,911,,
SUB-6977,CUST-16977,Family Bundle,Postpaid,2020-11-13,Active,Online,981,,
SUB-6978,CUST-16978,Prepaid Saver 30D,Prepaid,2020-10-14,Active,Online,769,,
SUB-6979,CUST-16979,Unlimited Data Max,Prepaid,2022-08-05,Active,Online,1403,,
SUB-6980,CUST-16980,Student Special 4G,Prepaid,2023-06-01,Active,Agent,397,,
SUB-6981,CUST-16981,Postpaid Corporate,Postpaid,2025-05-21,Active,Agent,1244,,
SUB-6982,CUST-16982,Prepaid Saver 30D,Prepaid,2025-09-18,Active,Referral,372,,
SUB-6983,CUST-16983,Postpaid Corporate,Postpaid,2021-08-10,Active,Online,650,,
SUB-6984,CUST-16984,Prepaid Saver 30D,Prepaid,2021-06-11,Active,Agent,825,,
SUB-6985,CUST-16985,Unlimited Data Max,Prepaid,2021-08-10,Active,Online,1165,,
SUB-6986,CUST-16986,Unlimited Data Max,Prepaid,2022-11-03,Active,Retail,396,,
SUB-6987,CUST-16987,Prepaid Saver 30D,Prepaid,2023-02-01,Churned,Retail,1258,2026-06-02,Voluntary
SUB-6988,CUST-16988,Postpaid Corporate,Postpaid,2025-04-21,Active,Retail,833,,
SUB-6989,CUST-16989,Prepaid Saver 30D,Prepaid,2025-11-17,Active,Referral,548,,
SUB-6990,CUST-16990,Student Special 4G,Prepaid,2025-03-22,Active,Retail,1328,,
SUB-6991,CUST-16991,Unlimited Data Max,Prepaid,2024-01-27,Churned,Agent,550,2025-05-16,Voluntary
SUB-6992,CUST-16992,Postpaid Corporate,Postpaid,2024-08-24,Active,Agent,1354,,
SUB-6993,CUST-16993,Prepaid Saver 30D,Prepaid,2023-04-02,Active,Online,455,,
SUB-6994,CUST-16994,Unlimited Data Max,Prepaid,2021-11-08,Active,Online,1116,,
SUB-6995,CUST-16995,Prepaid Saver 30D,Prepaid,2022-02-06,Active,Referral,997,,
SUB-6996,CUST-16996,Family Bundle,Postpaid,2021-08-10,Active,Agent,887,,
SUB-6997,CUST-16997,Family Bundle,Postpaid,2024-08-24,Active,Retail,323,,
SUB-6998,CUST-16998,Prepaid Saver 30D,Prepaid,2020-12-13,Active,Online,398,,
SUB-6999,CUST-16999,Prepaid Saver 30D,Prepaid,2021-05-12,Churned,Agent,822,2025-05-21,Voluntary
SUB-7000,CUST-17000,Unlimited Data Max,Prepaid,2024-05-26,Active,Referral,333,,
SUB-7001,CUST-17001,Prepaid Saver 30D,Prepaid,2024-12-22,Active,Referral,306,,
SUB-7002,CUST-17002,Prepaid Saver 30D,Prepaid,2021-03-13,Active,Agent,675,,
SUB-7003,CUST-17003,Family Bundle,Postpaid,2020-08-15,Active,Referral,591,,
SUB-7004,CUST-17004,Postpaid Corporate,Postpaid,2023-08-30,Active,Referral,369,,
SUB-7005,CUST-17005,Unlimited Data Max,Prepaid,2025-09-18,Churned,Agent,1465,2025-12-29,Voluntary
SUB-7006,CUST-17006,Family Bundle,Postpaid,2022-11-03,Active,Retail,746,,
SUB-7007,CUST-17007,Postpaid Corporate,Postpaid,2021-07-11,Active,Online,367,,
SUB-7008,CUST-17008,Unlimited Data Max,Prepaid,2023-08-30,Active,Retail,958,,
SUB-7009,CUST-17009,Student Special 4G,Prepaid,2025-08-19,Active,Retail,342,,
SUB-7010,CUST-17010,Prepaid Saver 30D,Prepaid,2022-02-06,Active,Agent,1190,,
SUB-7011,CUST-17011,Prepaid Saver 30D,Prepaid,2022-01-07,Active,Referral,1355,,
SUB-7012,CUST-17012,Unlimited Data Max,Prepaid,2021-04-12,Churned,Referral,545,2026-05-14,Involuntary
SUB-7013,CUST-17013,Prepaid Saver 30D,Prepaid,2021-05-12,Active,Referral,530,,
SUB-7014,CUST-17014,Unlimited Data Max,Prepaid,2023-08-30,Active,Referral,321,,
SUB-7015,CUST-17015,Student Special 4G,Prepaid,2024-07-25,Active,Referral,1285,,
SUB-7016,CUST-17016,Prepaid Saver 30D,Prepaid,2025-06-20,Active,Agent,665,,
SUB-7017,CUST-17017,Prepaid Saver 30D,Prepaid,2025-10-18,Active,Agent,607,,
SUB-7018,CUST-17018,Family Bundle,Postpaid,2021-08-10,Active,Agent,1415,,
SUB-7019,CUST-17019,Family Bundle,Postpaid,2020-08-15,Active,Agent,653,,
SUB-7020,CUST-17020,Student Special 4G,Prepaid,2022-09-04,Active,Online,1027,,
SUB-7021,CUST-17021,Student Special 4G,Prepaid,2020-10-14,Active,Referral,935,,
SUB-7022,CUST-17022,Family Bundle,Postpaid,2024-08-24,Active,Online,917,,
SUB-7023,CUST-17023,Student Special 4G,Prepaid,2022-01-07,Active,Retail,1411,,
SUB-7024,CUST-17024,Prepaid Saver 30D,Prepaid,2024-01-27,Churned,Retail,1304,2026-02-24,Voluntary
SUB-7025,CUST-17025,Unlimited Data Max,Prepaid,2024-02-26,Active,Agent,305,,
SUB-7026,CUST-17026,Unlimited Data Max,Prepaid,2022-09-04,Churned,Retail,1039,2026-04-12,Voluntary
SUB-7027,CUST-17027,Prepaid Saver 30D,Prepaid,2025-08-19,Active,Retail,1223,,
SUB-7028,CUST-17028,Prepaid Saver 30D,Prepaid,2023-12-28,Active,Referral,1426,,
SUB-7029,CUST-17029,Prepaid Saver 30D,Prepaid,2023-12-28,Active,Online,547,,
SUB-7030,CUST-17030,Unlimited Data Max,Prepaid,2023-11-28,Active,Agent,937,,
SUB-7031,CUST-17031,Prepaid Saver 30D,Prepaid,2022-03-08,Active,Agent,667,,
SUB-7032,CUST-17032,Prepaid Saver 30D,Prepaid,2024-10-23,Active,Agent,433,,
SUB-7033,CUST-17033,Prepaid Saver 30D,Prepaid,2025-07-20,Churned,Referral,902,2025-11-17,Voluntary
SUB-7034,CUST-17034,Postpaid Corporate,Postpaid,2022-11-03,Active,Agent,1096,,
SUB-7035,CUST-17035,Prepaid Saver 30D,Prepaid,2026-04-16,Churned,Retail,756,2026-05-17,Voluntary
SUB-7036,CUST-17036,Prepaid Saver 30D,Prepaid,2020-08-15,Active,Online,1191,,
SUB-7037,CUST-17037,Unlimited Data Max,Prepaid,2021-02-11,Churned,Online,859,2025-09-29,Involuntary
SUB-7038,CUST-17038,Postpaid Corporate,Postpaid,2024-02-26,Active,Referral,744,,
SUB-7039,CUST-17039,Student Special 4G,Prepaid,2022-05-07,Active,Retail,1194,,
SUB-7040,CUST-17040,Unlimited Data Max,Prepaid,2023-06-01,Active,Online,933,,
SUB-7041,CUST-17041,Student Special 4G,Prepaid,2022-05-07,Active,Agent,1313,,
SUB-7042,CUST-17042,Student Special 4G,Prepaid,2025-02-20,Active,Referral,1294,,
SUB-7043,CUST-17043,Family Bundle,Postpaid,2020-11-13,Active,Online,467,,
SUB-7044,CUST-17044,Student Special 4G,Prepaid,2021-04-12,Active,Referral,719,,
SUB-7045,CUST-17045,Prepaid Saver 30D,Prepaid,2023-06-01,Active,Agent,1262,,
SUB-7046,CUST-17046,Unlimited Data Max,Prepaid,2021-04-12,Active,Online,1413,,
SUB-7047,CUST-17047,Unlimited Data Max,Prepaid,2024-07-25,Active,Online,945,,
SUB-7048,CUST-17048,Unlimited Data Max,Prepaid,2021-11-08,Active,Online,817,,
SUB-7049,CUST-17049,Prepaid Saver 30D,Prepaid,2021-02-11,Active,Referral,1042,,
SUB-7050,CUST-17050,Family Bundle,Postpaid,2022-05-07,Churned,Agent,461,2026-01-21,Voluntary
SUB-7051,CUST-17051,Unlimited Data Max,Prepaid,2020-09-14,Active,Referral,721,,
SUB-7052,CUST-17052,Prepaid Saver 30D,Prepaid,2025-02-20,Active,Online,1438,,
SUB-7053,CUST-17053,Family Bundle,Postpaid,2026-04-16,Active,Referral,517,,
SUB-7054,CUST-17054,Unlimited Data Max,Prepaid,2023-05-02,Active,Online,1265,,
SUB-7055,CUST-17055,Unlimited Data Max,Prepaid,2024-06-25,Churned,Agent,1400,2026-01-14,Voluntary
SUB-7056,CUST-17056,Prepaid Saver 30D,Prepaid,2022-09-04,Active,Retail,521,,
SUB-7057,CUST-17057,Unlimited Data Max,Prepaid,2024-04-26,Active,Agent,416,,
SUB-7058,CUST-17058,Prepaid Saver 30D,Prepaid,2021-05-12,Churned,Referral,517,2025-07-25,Voluntary
SUB-7059,CUST-17059,Prepaid Saver 30D,Prepaid,2025-10-18,Active,Online,1367,,
SUB-7060,CUST-17060,Prepaid Saver 30D,Prepaid,2020-10-14,Active,Referral,1138,,
SUB-7061,CUST-17061,Unlimited Data Max,Prepaid,2025-02-20,Active,Agent,1363,,
SUB-7062,CUST-17062,Postpaid Corporate,Postpaid,2024-06-25,Active,Agent,987,,
SUB-7063,CUST-17063,Unlimited Data Max,Prepaid,2026-04-16,Active,Retail,1367,,
SUB-7064,CUST-17064,Prepaid Saver 30D,Prepaid,2022-06-06,Churned,Retail,439,2025-06-04,Voluntary
SUB-7065,CUST-17065,Unlimited Data Max,Prepaid,2022-05-07,Active,Online,1362,,
SUB-7066,CUST-17066,Student Special 4G,Prepaid,2021-01-12,Churned,Agent,583,2025-11-19,Involuntary
SUB-7067,CUST-17067,Postpaid Corporate,Postpaid,2025-10-18,Active,Agent,712,,
SUB-7068,CUST-17068,Unlimited Data Max,Prepaid,2023-07-31,Active,Online,1294,,
SUB-7069,CUST-17069,Postpaid Corporate,Postpaid,2021-03-13,Active,Referral,1234,,
SUB-7070,CUST-17070,Prepaid Saver 30D,Prepaid,2026-03-17,Active,Agent,328,,
SUB-7071,CUST-17071,Student Special 4G,Prepaid,2023-01-02,Active,Retail,1106,,
SUB-7072,CUST-17072,Family Bundle,Postpaid,2025-01-21,Active,Online,808,,
SUB-7073,CUST-17073,Unlimited Data Max,Prepaid,2024-04-26,Active,Online,1101,,
SUB-7074,CUST-17074,Prepaid Saver 30D,Prepaid,2022-01-07,Active,Online,1365,,
SUB-7075,CUST-17075,Prepaid Saver 30D,Prepaid,2021-09-09,Active,Online,370,,
SUB-7076,CUST-17076,Postpaid Corporate,Postpaid,2026-05-16,Active,Online,366,,
SUB-7077,CUST-17077,Unlimited Data Max,Prepaid,2022-08-05,Active,Referral,1201,,
SUB-7078,CUST-17078,Prepaid Saver 30D,Prepaid,2024-02-26,Active,Agent,1358,,
SUB-7079,CUST-17079,Student Special 4G,Prepaid,2022-01-07,Churned,Referral,1250,2025-09-24,Voluntary
SUB-7080,CUST-17080,Prepaid Saver 30D,Prepaid,2021-07-11,Active,Retail,1460,,
SUB-7081,CUST-17081,Student Special 4G,Prepaid,2021-04-12,Active,Online,338,,
SUB-7082,CUST-17082,Unlimited Data Max,Prepaid,2025-10-18,Active,Agent,1061,,
SUB-7083,CUST-17083,Family Bundle,Postpaid,2021-09-09,Churned,Retail,802,2025-01-15,Voluntary
SUB-7084,CUST-17084,Student Special 4G,Prepaid,2020-10-14,Active,Referral,882,,
SUB-7085,CUST-17085,Prepaid Saver 30D,Prepaid,2021-11-08,Active,Retail,1003,,
SUB-7086,CUST-17086,Unlimited Data Max,Prepaid,2024-03-27,Active,Referral,872,,
SUB-7087,CUST-17087,Prepaid Saver 30D,Prepaid,2022-03-08,Active,Agent,715,,
SUB-7088,CUST-17088,Postpaid Corporate,Postpaid,2026-01-16,Active,Referral,709,,
SUB-7089,CUST-17089,Unlimited Data Max,Prepaid,2024-03-27,Active,Retail,482,,
SUB-7090,CUST-17090,Family Bundle,Postpaid,2021-08-10,Active,Referral,330,,
SUB-7091,CUST-17091,Student Special 4G,Prepaid,2022-08-05,Active,Online,1000,,
SUB-7092,CUST-17092,Family Bundle,Postpaid,2024-11-22,Active,Retail,1183,,
SUB-7093,CUST-17093,Prepaid Saver 30D,Prepaid,2023-02-01,Active,Referral,1228,,
SUB-7094,CUST-17094,Prepaid Saver 30D,Prepaid,2026-05-16,Active,Referral,1234,,
SUB-7095,CUST-17095,Unlimited Data Max,Prepaid,2020-10-14,Active,Referral,922,,
SUB-7096,CUST-17096,Prepaid Saver 30D,Prepaid,2023-03-03,Churned,Agent,476,2025-11-03,Voluntary
SUB-7097,CUST-17097,Unlimited Data Max,Prepaid,2023-07-01,Churned,Online,771,2025-03-13,Involuntary
SUB-7098,CUST-17098,Unlimited Data Max,Prepaid,2024-06-25,Active,Agent,1200,,
SUB-7099,CUST-17099,Postpaid Corporate,Postpaid,2025-02-20,Active,Online,520,,
SUB-7100,CUST-17100,Unlimited Data Max,Prepaid,2024-06-25,Active,Retail,1409,,
SUB-7101,CUST-17101,Unlimited Data Max,Prepaid,2023-09-29,Active,Retail,1000,,
SUB-7102,CUST-17102,Prepaid Saver 30D,Prepaid,2023-11-28,Active,Referral,775,,
SUB-7103,CUST-17103,Postpaid Corporate,Postpaid,2023-12-28,Active,Online,1420,,
SUB-7104,CUST-17104,Student Special 4G,Prepaid,2023-06-01,Active,Online,1393,,
SUB-7105,CUST-17105,Prepaid Saver 30D,Prepaid,2023-08-30,Active,Online,1196,,
SUB-7106,CUST-17106,Unlimited Data Max,Prepaid,2024-07-25,Active,Referral,830,,
SUB-7107,CUST-17107,Prepaid Saver 30D,Prepaid,2023-01-02,Active,Online,1331,,
SUB-7108,CUST-17108,Postpaid Corporate,Postpaid,2024-12-22,Active,Retail,1070,,
SUB-7109,CUST-17109,Prepaid Saver 30D,Prepaid,2020-11-13,Churned,Agent,985,2025-12-07,Voluntary
SUB-7110,CUST-17110,Unlimited Data Max,Prepaid,2022-07-06,Active,Retail,552,,
SUB-7111,CUST-17111,Family Bundle,Postpaid,2024-10-23,Active,Online,555,,
SUB-7112,CUST-17112,Unlimited Data Max,Prepaid,2022-05-07,Active,Agent,830,,
SUB-7113,CUST-17113,Prepaid Saver 30D,Prepaid,2020-10-14,Active,Referral,1374,,
SUB-7114,CUST-17114,Unlimited Data Max,Prepaid,2021-12-08,Active,Online,626,,
SUB-7115,CUST-17115,Student Special 4G,Prepaid,2021-11-08,Active,Agent,491,,
SUB-7116,CUST-17116,Prepaid Saver 30D,Prepaid,2025-02-20,Active,Retail,575,,
SUB-7117,CUST-17117,Family Bundle,Postpaid,2025-05-21,Active,Agent,1275,,
SUB-7118,CUST-17118,Student Special 4G,Prepaid,2023-03-03,Churned,Online,473,2025-10-21,Involuntary
SUB-7119,CUST-17119,Student Special 4G,Prepaid,2024-10-23,Active,Retail,1239,,
SUB-7120,CUST-17120,Unlimited Data Max,Prepaid,2025-09-18,Active,Referral,852,,
SUB-7121,CUST-17121,Prepaid Saver 30D,Prepaid,2021-02-11,Active,Referral,809,,
SUB-7122,CUST-17122,Student Special 4G,Prepaid,2024-05-26,Active,Online,1446,,
SUB-7123,CUST-17123,Family Bundle,Postpaid,2021-10-09,Active,Referral,856,,
SUB-7124,CUST-17124,Student Special 4G,Prepaid,2022-03-08,Churned,Agent,402,2025-08-09,Voluntary
SUB-7125,CUST-17125,Family Bundle,Postpaid,2025-07-20,Active,Retail,508,,
SUB-7126,CUST-17126,Postpaid Corporate,Postpaid,2025-04-21,Active,Agent,486,,
SUB-7127,CUST-17127,Prepaid Saver 30D,Prepaid,2023-01-02,Active,Agent,582,,
SUB-7128,CUST-17128,Prepaid Saver 30D,Prepaid,2022-10-04,Active,Online,502,,
SUB-7129,CUST-17129,Prepaid Saver 30D,Prepaid,2024-10-23,Active,Agent,943,,
SUB-7130,CUST-17130,Unlimited Data Max,Prepaid,2025-07-20,Active,Referral,1245,,
SUB-7131,CUST-17131,Prepaid Saver 30D,Prepaid,2022-10-04,Active,Retail,1182,,
SUB-7132,CUST-17132,Unlimited Data Max,Prepaid,2025-01-21,Active,Agent,480,,
SUB-7133,CUST-17133,Unlimited Data Max,Prepaid,2025-05-21,Active,Agent,892,,
SUB-7134,CUST-17134,Prepaid Saver 30D,Prepaid,2024-03-27,Churned,Online,864,2025-10-07,Involuntary
SUB-7135,CUST-17135,Postpaid Corporate,Postpaid,2024-05-26,Active,Agent,1062,,
SUB-7136,CUST-17136,Postpaid Corporate,Postpaid,2024-01-27,Active,Referral,1106,,
SUB-7137,CUST-17137,Prepaid Saver 30D,Prepaid,2024-02-26,Active,Agent,1430,,
SUB-7138,CUST-17138,Postpaid Corporate,Postpaid,2023-02-01,Active,Agent,355,,
SUB-7139,CUST-17139,Prepaid Saver 30D,Prepaid,2023-04-02,Active,Retail,1423,,
SUB-7140,CUST-17140,Prepaid Saver 30D,Prepaid,2026-03-17,Active,Retail,360,,
SUB-7141,CUST-17141,Prepaid Saver 30D,Prepaid,2025-01-21,Active,Referral,1141,,
SUB-7142,CUST-17142,Unlimited Data Max,Prepaid,2023-07-01,Active,Online,539,,
SUB-7143,CUST-17143,Prepaid Saver 30D,Prepaid,2022-03-08,Active,Agent,1446,,
SUB-7144,CUST-17144,Student Special 4G,Prepaid,2026-03-17,Active,Retail,1390,,
SUB-7145,CUST-17145,Prepaid Saver 30D,Prepaid,2021-09-09,Active,Retail,662,,
SUB-7146,CUST-17146,Student Special 4G,Prepaid,2025-11-17,Active,Retail,1134,,
SUB-7147,CUST-17147,Prepaid Saver 30D,Prepaid,2022-09-04,Active,Agent,1086,,
SUB-7148,CUST-17148,Prepaid Saver 30D,Prepaid,2025-02-20,Active,Retail,1108,,
SUB-7149,CUST-17149,Student Special 4G,Prepaid,2021-02-11,Active,Referral,535,,
SUB-7150,CUST-17150,Postpaid Corporate,Postpaid,2022-05-07,Churned,Referral,1142,2025-02-02,Voluntary
SUB-7151,CUST-17151,Prepaid Saver 30D,Prepaid,2021-10-09,Active,Referral,1345,,
SUB-7152,CUST-17152,Postpaid Corporate,Postpaid,2021-09-09,Active,Agent,856,,
SUB-7153,CUST-17153,Unlimited Data Max,Prepaid,2026-02-15,Active,Online,1435,,
SUB-7154,CUST-17154,Postpaid Corporate,Postpaid,2021-06-11,Active,Referral,640,,
SUB-7155,CUST-17155,Postpaid Corporate,Postpaid,2025-11-17,Active,Online,1017,,
SUB-7156,CUST-17156,Unlimited Data Max,Prepaid,2023-04-02,Active,Online,463,,
SUB-7157,CUST-17157,Unlimited Data Max,Prepaid,2022-08-05,Churned,Online,1413,2026-02-21,Involuntary
SUB-7158,CUST-17158,Family Bundle,Postpaid,2021-03-13,Churned,Referral,1274,2025-04-23,Voluntary
SUB-7159,CUST-17159,Unlimited Data Max,Prepaid,2022-03-08,Active,Agent,704,,
SUB-7160,CUST-17160,Student Special 4G,Prepaid,2022-04-07,Active,Referral,987,,
SUB-7161,CUST-17161,Prepaid Saver 30D,Prepaid,2020-10-14,Active,Agent,499,,
SUB-7162,CUST-17162,Prepaid Saver 30D,Prepaid,2026-04-16,Active,Referral,1045,,
SUB-7163,CUST-17163,Prepaid Saver 30D,Prepaid,2026-05-16,Active,Retail,456,,
SUB-7164,CUST-17164,Postpaid Corporate,Postpaid,2025-04-21,Active,Agent,1302,,
SUB-7165,CUST-17165,Prepaid Saver 30D,Prepaid,2025-01-21,Active,Retail,824,,
SUB-7166,CUST-17166,Prepaid Saver 30D,Prepaid,2023-07-01,Active,Agent,1126,,
SUB-7167,CUST-17167,Prepaid Saver 30D,Prepaid,2021-07-11,Churned,Agent,1122,2025-10-21,Involuntary
SUB-7168,CUST-17168,Postpaid Corporate,Postpaid,2024-02-26,Active,Referral,926,,
SUB-7169,CUST-17169,Prepaid Saver 30D,Prepaid,2021-03-13,Active,Online,351,,
SUB-7170,CUST-17170,Prepaid Saver 30D,Prepaid,2022-09-04,Active,Referral,495,,
SUB-7171,CUST-17171,Prepaid Saver 30D,Prepaid,2023-09-29,Active,Agent,1020,,
SUB-7172,CUST-17172,Prepaid Saver 30D,Prepaid,2021-10-09,Active,Referral,1088,,
SUB-7173,CUST-17173,Prepaid Saver 30D,Prepaid,2023-07-31,Active,Referral,590,,
SUB-7174,CUST-17174,Unlimited Data Max,Prepaid,2026-02-15,Active,Online,1067,,
SUB-7175,CUST-17175,Student Special 4G,Prepaid,2021-06-11,Active,Retail,1024,,
SUB-7176,CUST-17176,Family Bundle,Postpaid,2025-08-19,Active,Agent,340,,
SUB-7177,CUST-17177,Unlimited Data Max,Prepaid,2023-09-29,Active,Agent,1314,,
SUB-7178,CUST-17178,Unlimited Data Max,Prepaid,2025-06-20,Active,Referral,761,,
SUB-7179,CUST-17179,Family Bundle,Postpaid,2021-11-08,Churned,Agent,879,2025-05-17,Voluntary
SUB-7180,CUST-17180,Prepaid Saver 30D,Prepaid,2022-09-04,Active,Referral,1284,,
SUB-7181,CUST-17181,Prepaid Saver 30D,Prepaid,2020-11-13,Active,Agent,1094,,
SUB-7182,CUST-17182,Postpaid Corporate,Postpaid,2021-05-12,Active,Referral,600,,
SUB-7183,CUST-17183,Prepaid Saver 30D,Prepaid,2024-11-22,Active,Referral,1487,,
SUB-7184,CUST-17184,Prepaid Saver 30D,Prepaid,2024-12-22,Active,Agent,623,,
SUB-7185,CUST-17185,Family Bundle,Postpaid,2024-10-23,Active,Referral,1155,,
SUB-7186,CUST-17186,Prepaid Saver 30D,Prepaid,2025-07-20,Churned,Referral,621,2026-06-11,Voluntary
SUB-7187,CUST-17187,Postpaid Corporate,Postpaid,2020-12-13,Active,Retail,1234,,
SUB-7188,CUST-17188,Unlimited Data Max,Prepaid,2025-12-17,Active,Agent,797,,
SUB-7189,CUST-17189,Prepaid Saver 30D,Prepaid,2023-11-28,Churned,Online,1425,2025-07-05,Involuntary
SUB-7190,CUST-17190,Student Special 4G,Prepaid,2024-09-23,Active,Retail,1270,,
SUB-7191,CUST-17191,Family Bundle,Postpaid,2026-04-16,Churned,Online,415,2026-05-18,Involuntary
SUB-7192,CUST-17192,Student Special 4G,Prepaid,2021-08-10,Active,Online,592,,
SUB-7193,CUST-17193,Unlimited Data Max,Prepaid,2023-07-01,Active,Agent,993,,
SUB-7194,CUST-17194,Student Special 4G,Prepaid,2021-04-12,Active,Retail,385,,
SUB-7195,CUST-17195,Unlimited Data Max,Prepaid,2022-11-03,Active,Referral,733,,
SUB-7196,CUST-17196,Prepaid Saver 30D,Prepaid,2023-07-01,Active,Referral,761,,
SUB-7197,CUST-17197,Postpaid Corporate,Postpaid,2024-12-22,Churned,Online,413,2026-03-10,Voluntary
SUB-7198,CUST-17198,Prepaid Saver 30D,Prepaid,2023-01-02,Active,Retail,1019,,
SUB-7199,CUST-17199,Prepaid Saver 30D,Prepaid,2022-03-08,Active,Referral,332,,
SUB-7200,CUST-17200,Postpaid Corporate,Postpaid,2026-04-16,Active,Agent,476,,
SUB-7201,CUST-17201,Student Special 4G,Prepaid,2025-01-21,Active,Referral,1333,,
SUB-7202,CUST-17202,Unlimited Data Max,Prepaid,2024-04-26,Active,Agent,619,,
SUB-7203,CUST-17203,Unlimited Data Max,Prepaid,2025-09-18,Active,Online,739,,
SUB-7204,CUST-17204,Postpaid Corporate,Postpaid,2025-12-17,Active,Online,1175,,
SUB-7205,CUST-17205,Unlimited Data Max,Prepaid,2024-12-22,Active,Agent,946,,
SUB-7206,CUST-17206,Unlimited Data Max,Prepaid,2024-05-26,Active,Online,516,,
SUB-7207,CUST-17207,Unlimited Data Max,Prepaid,2023-05-02,Active,Retail,981,,
SUB-7208,CUST-17208,Unlimited Data Max,Prepaid,2021-09-09,Active,Online,556,,
SUB-7209,CUST-17209,Prepaid Saver 30D,Prepaid,2021-06-11,Active,Agent,1093,,
SUB-7210,CUST-17210,Family Bundle,Postpaid,2024-02-26,Active,Referral,1329,,
SUB-7211,CUST-17211,Student Special 4G,Prepaid,2023-05-02,Active,Agent,972,,
SUB-7212,CUST-17212,Prepaid Saver 30D,Prepaid,2026-04-16,Active,Agent,1261,,
SUB-7213,CUST-17213,Unlimited Data Max,Prepaid,2021-06-11,Churned,Retail,1184,2025-05-06,Voluntary
SUB-7214,CUST-17214,Postpaid Corporate,Postpaid,2025-01-21,Churned,Agent,1273,2026-05-22,Voluntary
SUB-7215,CUST-17215,Prepaid Saver 30D,Prepaid,2026-01-16,Active,Retail,866,,
SUB-7216,CUST-17216,Student Special 4G,Prepaid,2022-12-03,Active,Agent,810,,
SUB-7217,CUST-17217,Prepaid Saver 30D,Prepaid,2024-03-27,Active,Referral,703,,
SUB-7218,CUST-17218,Postpaid Corporate,Postpaid,2023-12-28,Active,Online,976,,
SUB-7219,CUST-17219,Unlimited Data Max,Prepaid,2023-11-28,Active,Agent,1399,,
SUB-7220,CUST-17220,Student Special 4G,Prepaid,2022-10-04,Churned,Agent,1233,2025-07-20,Voluntary
SUB-7221,CUST-17221,Student Special 4G,Prepaid,2021-10-09,Active,Retail,734,,
SUB-7222,CUST-17222,Prepaid Saver 30D,Prepaid,2023-02-01,Active,Online,567,,
SUB-7223,CUST-17223,Family Bundle,Postpaid,2022-11-03,Active,Online,787,,
SUB-7224,CUST-17224,Unlimited Data Max,Prepaid,2021-09-09,Active,Retail,1066,,
SUB-7225,CUST-17225,Unlimited Data Max,Prepaid,2021-11-08,Active,Referral,763,,
SUB-7226,CUST-17226,Student Special 4G,Prepaid,2025-05-21,Active,Online,840,,
SUB-7227,CUST-17227,Postpaid Corporate,Postpaid,2024-05-26,Active,Retail,607,,
SUB-7228,CUST-17228,Unlimited Data Max,Prepaid,2023-07-01,Active,Online,1499,,
SUB-7229,CUST-17229,Unlimited Data Max,Prepaid,2020-12-13,Churned,Referral,341,2025-11-10,Involuntary
SUB-7230,CUST-17230,Unlimited Data Max,Prepaid,2022-11-03,Churned,Online,1240,2025-11-10,Voluntary
SUB-7231,CUST-17231,Unlimited Data Max,Prepaid,2021-09-09,Active,Online,388,,
SUB-7232,CUST-17232,Prepaid Saver 30D,Prepaid,2021-10-09,Active,Referral,980,,
SUB-7233,CUST-17233,Unlimited Data Max,Prepaid,2021-02-11,Active,Referral,1353,,
SUB-7234,CUST-17234,Prepaid Saver 30D,Prepaid,2023-06-01,Active,Agent,1355,,
SUB-7235,CUST-17235,Postpaid Corporate,Postpaid,2024-11-22,Churned,Online,1450,2025-09-13,Involuntary
SUB-7236,CUST-17236,Postpaid Corporate,Postpaid,2023-12-28,Active,Online,335,,
SUB-7237,CUST-17237,Family Bundle,Postpaid,2026-05-16,Active,Retail,438,,
SUB-7238,CUST-17238,Unlimited Data Max,Prepaid,2022-06-06,Active,Agent,365,,
SUB-7239,CUST-17239,Unlimited Data Max,Prepaid,2022-11-03,Active,Referral,1362,,
SUB-7240,CUST-17240,Unlimited Data Max,Prepaid,2025-06-20,Churned,Agent,1493,2026-05-14,Voluntary
SUB-7241,CUST-17241,Prepaid Saver 30D,Prepaid,2023-07-31,Active,Agent,733,,
SUB-7242,CUST-17242,Prepaid Saver 30D,Prepaid,2022-04-07,Active,Referral,919,,
SUB-7243,CUST-17243,Unlimited Data Max,Prepaid,2021-11-08,Churned,Referral,1394,2026-05-04,Voluntary
SUB-7244,CUST-17244,Postpaid Corporate,Postpaid,2021-11-08,Active,Online,1318,,
SUB-7245,CUST-17245,Family Bundle,Postpaid,2025-11-17,Active,Online,1221,,
SUB-7246,CUST-17246,Unlimited Data Max,Prepaid,2024-03-27,Active,Agent,869,,
SUB-7247,CUST-17247,Unlimited Data Max,Prepaid,2022-12-03,Active,Referral,404,,
SUB-7248,CUST-17248,Student Special 4G,Prepaid,2025-10-18,Active,Referral,1032,,
SUB-7249,CUST-17249,Student Special 4G,Prepaid,2025-03-22,Active,Agent,834,,
SUB-7250,CUST-17250,Unlimited Data Max,Prepaid,2020-12-13,Active,Online,1306,,
SUB-7251,CUST-17251,Postpaid Corporate,Postpaid,2023-06-01,Active,Agent,1429,,
SUB-7252,CUST-17252,Unlimited Data Max,Prepaid,2023-01-02,Active,Online,1454,,
SUB-7253,CUST-17253,Postpaid Corporate,Postpaid,2025-06-20,Active,Referral,658,,
SUB-7254,CUST-17254,Postpaid Corporate,Postpaid,2022-09-04,Active,Online,1025,,
SUB-7255,CUST-17255,Unlimited Data Max,Prepaid,2021-02-11,Churned,Referral,1444,2025-10-06,Voluntary
SUB-7256,CUST-17256,Prepaid Saver 30D,Prepaid,2020-10-14,Active,Agent,955,,
SUB-7257,CUST-17257,Postpaid Corporate,Postpaid,2025-04-21,Active,Referral,558,,
SUB-7258,CUST-17258,Prepaid Saver 30D,Prepaid,2025-02-20,Active,Referral,345,,
SUB-7259,CUST-17259,Student Special 4G,Prepaid,2023-02-01,Active,Online,426,,
SUB-7260,CUST-17260,Prepaid Saver 30D,Prepaid,2021-04-12,Active,Retail,582,,
SUB-7261,CUST-17261,Student Special 4G,Prepaid,2026-05-16,Active,Agent,496,,
SUB-7262,CUST-17262,Postpaid Corporate,Postpaid,2025-02-20,Active,Agent,646,,
SUB-7263,CUST-17263,Postpaid Corporate,Postpaid,2025-06-20,Active,Referral,514,,
SUB-7264,CUST-17264,Unlimited Data Max,Prepaid,2021-10-09,Active,Referral,1404,,
SUB-7265,CUST-17265,Prepaid Saver 30D,Prepaid,2023-07-01,Active,Agent,1235,,
SUB-7266,CUST-17266,Prepaid Saver 30D,Prepaid,2022-04-07,Active,Agent,940,,
SUB-7267,CUST-17267,Unlimited Data Max,Prepaid,2026-03-17,Active,Online,496,,
SUB-7268,CUST-17268,Unlimited Data Max,Prepaid,2025-08-19,Active,Online,884,,
SUB-7269,CUST-17269,Unlimited Data Max,Prepaid,2023-04-02,Active,Agent,639,,
SUB-7270,CUST-17270,Family Bundle,Postpaid,2023-12-28,Churned,Retail,1404,2025-02-12,Voluntary
SUB-7271,CUST-17271,Postpaid Corporate,Postpaid,2025-04-21,Active,Referral,688,,
SUB-7272,CUST-17272,Student Special 4G,Prepaid,2024-11-22,Active,Agent,647,,
SUB-7273,CUST-17273,Family Bundle,Postpaid,2022-03-08,Active,Retail,987,,
SUB-7274,CUST-17274,Postpaid Corporate,Postpaid,2026-05-16,Active,Retail,1228,,
SUB-7275,CUST-17275,Prepaid Saver 30D,Prepaid,2021-05-12,Active,Referral,1499,,
SUB-7276,CUST-17276,Prepaid Saver 30D,Prepaid,2025-06-20,Active,Referral,848,,
SUB-7277,CUST-17277,Postpaid Corporate,Postpaid,2022-01-07,Active,Retail,837,,
SUB-7278,CUST-17278,Student Special 4G,Prepaid,2022-10-04,Active,Online,1058,,
SUB-7279,CUST-17279,Student Special 4G,Prepaid,2026-01-16,Active,Referral,1414,,
SUB-7280,CUST-17280,Prepaid Saver 30D,Prepaid,2021-12-08,Churned,Online,1166,2025-12-12,Voluntary
SUB-7281,CUST-17281,Student Special 4G,Prepaid,2023-07-01,Active,Retail,706,,
SUB-7282,CUST-17282,Prepaid Saver 30D,Prepaid,2024-08-24,Active,Retail,1001,,
SUB-7283,CUST-17283,Prepaid Saver 30D,Prepaid,2025-10-18,Active,Referral,1018,,
SUB-7284,CUST-17284,Prepaid Saver 30D,Prepaid,2025-09-18,Churned,Agent,568,2026-03-08,Voluntary
SUB-7285,CUST-17285,Unlimited Data Max,Prepaid,2023-12-28,Churned,Agent,410,2025-04-13,Voluntary
SUB-7286,CUST-17286,Unlimited Data Max,Prepaid,2024-09-23,Active,Agent,977,,
SUB-7287,CUST-17287,Postpaid Corporate,Postpaid,2021-07-11,Active,Retail,462,,
SUB-7288,CUST-17288,Unlimited Data Max,Prepaid,2023-04-02,Active,Retail,1062,,
SUB-7289,CUST-17289,Family Bundle,Postpaid,2026-03-17,Active,Online,893,,
SUB-7290,CUST-17290,Unlimited Data Max,Prepaid,2021-04-12,Active,Online,1333,,
SUB-7291,CUST-17291,Unlimited Data Max,Prepaid,2024-12-22,Churned,Referral,1398,2025-02-27,Voluntary
SUB-7292,CUST-17292,Prepaid Saver 30D,Prepaid,2022-11-03,Active,Referral,1130,,
SUB-7293,CUST-17293,Unlimited Data Max,Prepaid,2021-08-10,Active,Referral,892,,
SUB-7294,CUST-17294,Unlimited Data Max,Prepaid,2022-07-06,Active,Retail,635,,
SUB-7295,CUST-17295,Unlimited Data Max,Prepaid,2024-01-27,Active,Referral,795,,
SUB-7296,CUST-17296,Prepaid Saver 30D,Prepaid,2026-05-16,Churned,Retail,583,2026-06-05,Voluntary
SUB-7297,CUST-17297,Prepaid Saver 30D,Prepaid,2025-01-21,Active,Agent,371,,
SUB-7298,CUST-17298,Prepaid Saver 30D,Prepaid,2023-02-01,Active,Online,875,,
SUB-7299,CUST-17299,Unlimited Data Max,Prepaid,2020-11-13,Active,Online,1440,,
SUB-7300,CUST-17300,Unlimited Data Max,Prepaid,2026-03-17,Active,Referral,1289,,
SUB-7301,CUST-17301,Unlimited Data Max,Prepaid,2025-06-20,Active,Referral,719,,
SUB-7302,CUST-17302,Unlimited Data Max,Prepaid,2024-04-26,Active,Online,1497,,
SUB-7303,CUST-17303,Student Special 4G,Prepaid,2021-11-08,Active,Agent,1293,,
SUB-7304,CUST-17304,Prepaid Saver 30D,Prepaid,2020-11-13,Active,Referral,346,,
SUB-7305,CUST-17305,Postpaid Corporate,Postpaid,2025-05-21,Churned,Online,453,2025-10-13,Voluntary
SUB-7306,CUST-17306,Student Special 4G,Prepaid,2023-01-02,Active,Agent,324,,
SUB-7307,CUST-17307,Unlimited Data Max,Prepaid,2020-10-14,Active,Online,1499,,
SUB-7308,CUST-17308,Student Special 4G,Prepaid,2020-08-15,Active,Online,651,,
SUB-7309,CUST-17309,Postpaid Corporate,Postpaid,2021-11-08,Active,Online,456,,
SUB-7310,CUST-17310,Postpaid Corporate,Postpaid,2021-11-08,Active,Online,918,,
SUB-7311,CUST-17311,Student Special 4G,Prepaid,2024-10-23,Active,Referral,1101,,
SUB-7312,CUST-17312,Unlimited Data Max,Prepaid,2024-08-24,Active,Retail,447,,
SUB-7313,CUST-17313,Prepaid Saver 30D,Prepaid,2020-09-14,Active,Referral,839,,
SUB-7314,CUST-17314,Prepaid Saver 30D,Prepaid,2022-10-04,Active,Agent,313,,
SUB-7315,CUST-17315,Postpaid Corporate,Postpaid,2025-09-18,Active,Referral,1433,,
SUB-7316,CUST-17316,Unlimited Data Max,Prepaid,2026-01-16,Active,Agent,318,,
SUB-7317,CUST-17317,Unlimited Data Max,Prepaid,2021-05-12,Active,Agent,991,,
SUB-7318,CUST-17318,Family Bundle,Postpaid,2025-08-19,Active,Online,1265,,
SUB-7319,CUST-17319,Prepaid Saver 30D,Prepaid,2022-05-07,Active,Online,1072,,
SUB-7320,CUST-17320,Unlimited Data Max,Prepaid,2024-07-25,Active,Referral,1122,,
SUB-7321,CUST-17321,Unlimited Data Max,Prepaid,2025-05-21,Churned,Retail,1276,2026-04-22,Involuntary
SUB-7322,CUST-17322,Prepaid Saver 30D,Prepaid,2025-09-18,Active,Retail,352,,
SUB-7323,CUST-17323,Unlimited Data Max,Prepaid,2023-04-02,Churned,Retail,703,2025-08-14,Voluntary
SUB-7324,CUST-17324,Unlimited Data Max,Prepaid,2021-09-09,Churned,Referral,1219,2026-02-02,Involuntary
SUB-7325,CUST-17325,Family Bundle,Postpaid,2026-05-16,Active,Online,1310,,
SUB-7326,CUST-17326,Unlimited Data Max,Prepaid,2022-05-07,Active,Referral,734,,
SUB-7327,CUST-17327,Unlimited Data Max,Prepaid,2023-02-01,Active,Agent,1246,,
SUB-7328,CUST-17328,Postpaid Corporate,Postpaid,2021-10-09,Active,Referral,332,,
SUB-7329,CUST-17329,Unlimited Data Max,Prepaid,2023-01-02,Active,Online,850,,
SUB-7330,CUST-17330,Unlimited Data Max,Prepaid,2025-09-18,Active,Agent,1481,,
SUB-7331,CUST-17331,Prepaid Saver 30D,Prepaid,2023-12-28,Active,Online,730,,
SUB-7332,CUST-17332,Postpaid Corporate,Postpaid,2020-08-15,Churned,Referral,1474,2025-01-03,Voluntary
SUB-7333,CUST-17333,Prepaid Saver 30D,Prepaid,2021-08-10,Churned,Agent,838,2026-05-05,Voluntary
SUB-7334,CUST-17334,Student Special 4G,Prepaid,2024-05-26,Active,Online,818,,
SUB-7335,CUST-17335,Student Special 4G,Prepaid,2020-12-13,Active,Referral,1078,,
SUB-7336,CUST-17336,Postpaid Corporate,Postpaid,2026-05-16,Active,Referral,1183,,
SUB-7337,CUST-17337,Prepaid Saver 30D,Prepaid,2023-05-02,Churned,Online,791,2025-06-30,Involuntary
SUB-7338,CUST-17338,Student Special 4G,Prepaid,2021-12-08,Active,Referral,1456,,
SUB-7339,CUST-17339,Unlimited Data Max,Prepaid,2022-07-06,Active,Referral,381,,
SUB-7340,CUST-17340,Prepaid Saver 30D,Prepaid,2025-05-21,Active,Retail,526,,
SUB-7341,CUST-17341,Unlimited Data Max,Prepaid,2025-07-20,Active,Online,688,,
SUB-7342,CUST-17342,Unlimited Data Max,Prepaid,2022-02-06,Active,Agent,498,,
SUB-7343,CUST-17343,Family Bundle,Postpaid,2020-08-15,Active,Retail,792,,
SUB-7344,CUST-17344,Unlimited Data Max,Prepaid,2021-12-08,Active,Retail,1205,,
SUB-7345,CUST-17345,Prepaid Saver 30D,Prepaid,2021-06-11,Churned,Online,770,2025-12-11,Voluntary
SUB-7346,CUST-17346,Unlimited Data Max,Prepaid,2021-02-11,Active,Referral,363,,
SUB-7347,CUST-17347,Prepaid Saver 30D,Prepaid,2020-11-13,Active,Agent,1130,,
SUB-7348,CUST-17348,Student Special 4G,Prepaid,2021-10-09,Active,Retail,1156,,
SUB-7349,CUST-17349,Prepaid Saver 30D,Prepaid,2021-11-08,Active,Online,709,,
SUB-7350,CUST-17350,Student Special 4G,Prepaid,2021-10-09,Active,Retail,466,,
SUB-7351,CUST-17351,Prepaid Saver 30D,Prepaid,2024-07-25,Churned,Retail,1136,2026-03-04,Involuntary
SUB-7352,CUST-17352,Family Bundle,Postpaid,2023-04-02,Churned,Retail,301,2026-03-12,Voluntary
SUB-7353,CUST-17353,Student Special 4G,Prepaid,2025-02-20,Churned,Online,966,2025-05-09,Voluntary
SUB-7354,CUST-17354,Unlimited Data Max,Prepaid,2023-05-02,Active,Online,863,,
SUB-7355,CUST-17355,Student Special 4G,Prepaid,2023-06-01,Active,Retail,1461,,
SUB-7356,CUST-17356,Unlimited Data Max,Prepaid,2026-01-16,Active,Retail,776,,
SUB-7357,CUST-17357,Prepaid Saver 30D,Prepaid,2025-12-17,Active,Online,1297,,
SUB-7358,CUST-17358,Unlimited Data Max,Prepaid,2020-11-13,Active,Online,1485,,
SUB-7359,CUST-17359,Prepaid Saver 30D,Prepaid,2023-03-03,Active,Retail,390,,
SUB-7360,CUST-17360,Family Bundle,Postpaid,2026-03-17,Active,Online,300,,
SUB-7361,CUST-17361,Student Special 4G,Prepaid,2024-03-27,Active,Agent,1306,,
SUB-7362,CUST-17362,Prepaid Saver 30D,Prepaid,2021-03-13,Active,Agent,1075,,
SUB-7363,CUST-17363,Family Bundle,Postpaid,2022-03-08,Active,Referral,967,,
SUB-7364,CUST-17364,Prepaid Saver 30D,Prepaid,2021-08-10,Active,Retail,1017,,
SUB-7365,CUST-17365,Unlimited Data Max,Prepaid,2022-10-04,Active,Referral,891,,
SUB-7366,CUST-17366,Student Special 4G,Prepaid,2022-05-07,Active,Referral,1005,,
SUB-7367,CUST-17367,Unlimited Data Max,Prepaid,2024-12-22,Active,Retail,1451,,
SUB-7368,CUST-17368,Student Special 4G,Prepaid,2021-07-11,Active,Retail,524,,
SUB-7369,CUST-17369,Unlimited Data Max,Prepaid,2022-02-06,Active,Retail,547,,
SUB-7370,CUST-17370,Prepaid Saver 30D,Prepaid,2025-01-21,Active,Online,1490,,
SUB-7371,CUST-17371,Prepaid Saver 30D,Prepaid,2024-07-25,Active,Retail,1210,,
SUB-7372,CUST-17372,Prepaid Saver 30D,Prepaid,2021-12-08,Active,Agent,896,,
SUB-7373,CUST-17373,Unlimited Data Max,Prepaid,2024-12-22,Active,Referral,774,,
SUB-7374,CUST-17374,Unlimited Data Max,Prepaid,2022-07-06,Churned,Online,417,2025-08-21,Voluntary
SUB-7375,CUST-17375,Unlimited Data Max,Prepaid,2023-12-28,Active,Agent,944,,
SUB-7376,CUST-17376,Student Special 4G,Prepaid,2024-09-23,Active,Online,1063,,
SUB-7377,CUST-17377,Prepaid Saver 30D,Prepaid,2025-06-20,Churned,Referral,1272,2026-01-18,Involuntary
SUB-7378,CUST-17378,Unlimited Data Max,Prepaid,2022-03-08,Active,Referral,358,,
SUB-7379,CUST-17379,Unlimited Data Max,Prepaid,2024-06-25,Churned,Online,1492,2026-02-22,Voluntary
SUB-7380,CUST-17380,Prepaid Saver 30D,Prepaid,2023-03-03,Active,Referral,434,,
SUB-7381,CUST-17381,Prepaid Saver 30D,Prepaid,2024-11-22,Active,Online,740,,
SUB-7382,CUST-17382,Prepaid Saver 30D,Prepaid,2025-07-20,Active,Referral,1264,,
SUB-7383,CUST-17383,Unlimited Data Max,Prepaid,2026-04-16,Active,Referral,1093,,
SUB-7384,CUST-17384,Family Bundle,Postpaid,2020-12-13,Churned,Retail,1153,2025-07-12,Involuntary
SUB-7385,CUST-17385,Prepaid Saver 30D,Prepaid,2024-08-24,Active,Retail,1223,,
SUB-7386,CUST-17386,Prepaid Saver 30D,Prepaid,2023-02-01,Active,Online,314,,
SUB-7387,CUST-17387,Postpaid Corporate,Postpaid,2023-08-30,Active,Retail,542,,
SUB-7388,CUST-17388,Prepaid Saver 30D,Prepaid,2024-03-27,Churned,Online,919,2025-03-09,Voluntary
SUB-7389,CUST-17389,Unlimited Data Max,Prepaid,2021-08-10,Active,Online,369,,
SUB-7390,CUST-17390,Prepaid Saver 30D,Prepaid,2021-02-11,Active,Referral,1464,,
SUB-7391,CUST-17391,Prepaid Saver 30D,Prepaid,2025-05-21,Active,Online,812,,
SUB-7392,CUST-17392,Student Special 4G,Prepaid,2026-03-17,Churned,Agent,1428,2026-04-06,Involuntary
SUB-7393,CUST-17393,Prepaid Saver 30D,Prepaid,2024-06-25,Active,Agent,1218,,
SUB-7394,CUST-17394,Student Special 4G,Prepaid,2025-10-18,Active,Retail,427,,
SUB-7395,CUST-17395,Prepaid Saver 30D,Prepaid,2026-03-17,Churned,Online,662,2026-06-13,Involuntary
SUB-7396,CUST-17396,Postpaid Corporate,Postpaid,2021-09-09,Active,Agent,381,,
SUB-7397,CUST-17397,Unlimited Data Max,Prepaid,2025-12-17,Active,Referral,567,,
SUB-7398,CUST-17398,Student Special 4G,Prepaid,2026-01-16,Active,Online,1358,,
SUB-7399,CUST-17399,Unlimited Data Max,Prepaid,2024-04-26,Active,Retail,354,,
SUB-7400,CUST-17400,Prepaid Saver 30D,Prepaid,2023-02-01,Active,Online,1480,,
SUB-7401,CUST-17401,Prepaid Saver 30D,Prepaid,2023-07-01,Active,Retail,1315,,
SUB-7402,CUST-17402,Family Bundle,Postpaid,2022-02-06,Churned,Referral,1135,2025-03-28,Voluntary
SUB-7403,CUST-17403,Prepaid Saver 30D,Prepaid,2022-01-07,Churned,Referral,1423,2025-08-30,Voluntary
SUB-7404,CUST-17404,Unlimited Data Max,Prepaid,2026-04-16,Churned,Agent,531,2026-04-28,Voluntary
SUB-7405,CUST-17405,Family Bundle,Postpaid,2021-12-08,Churned,Referral,381,2025-11-17,Voluntary
SUB-7406,CUST-17406,Student Special 4G,Prepaid,2026-02-15,Active,Online,554,,
SUB-7407,CUST-17407,Postpaid Corporate,Postpaid,2021-02-11,Active,Agent,739,,
SUB-7408,CUST-17408,Prepaid Saver 30D,Prepaid,2024-08-24,Active,Online,819,,
SUB-7409,CUST-17409,Prepaid Saver 30D,Prepaid,2021-02-11,Active,Referral,1057,,
SUB-7410,CUST-17410,Family Bundle,Postpaid,2020-08-15,Active,Online,433,,
SUB-7411,CUST-17411,Unlimited Data Max,Prepaid,2025-10-18,Churned,Retail,407,2025-10-20,Voluntary
SUB-7412,CUST-17412,Student Special 4G,Prepaid,2024-02-26,Active,Referral,603,,
SUB-7413,CUST-17413,Postpaid Corporate,Postpaid,2025-10-18,Churned,Agent,623,2025-11-10,Voluntary
SUB-7414,CUST-17414,Family Bundle,Postpaid,2020-10-14,Active,Retail,1215,,
SUB-7415,CUST-17415,Prepaid Saver 30D,Prepaid,2023-07-01,Churned,Agent,1336,2026-04-24,Involuntary
SUB-7416,CUST-17416,Prepaid Saver 30D,Prepaid,2021-07-11,Active,Agent,470,,
SUB-7417,CUST-17417,Student Special 4G,Prepaid,2023-01-02,Active,Retail,1091,,
SUB-7418,CUST-17418,Family Bundle,Postpaid,2021-06-11,Active,Online,436,,
SUB-7419,CUST-17419,Family Bundle,Postpaid,2022-12-03,Active,Online,671,,
SUB-7420,CUST-17420,Prepaid Saver 30D,Prepaid,2026-02-15,Active,Agent,1300,,
SUB-7421,CUST-17421,Prepaid Saver 30D,Prepaid,2023-07-31,Active,Retail,402,,
SUB-7422,CUST-17422,Student Special 4G,Prepaid,2022-08-05,Active,Retail,757,,
SUB-7423,CUST-17423,Prepaid Saver 30D,Prepaid,2020-09-14,Active,Online,1195,,
SUB-7424,CUST-17424,Unlimited Data Max,Prepaid,2021-07-11,Active,Online,1203,,
SUB-7425,CUST-17425,Unlimited Data Max,Prepaid,2023-06-01,Active,Referral,1191,,
SUB-7426,CUST-17426,Unlimited Data Max,Prepaid,2021-09-09,Active,Online,1204,,
SUB-7427,CUST-17427,Unlimited Data Max,Prepaid,2020-12-13,Active,Online,624,,
SUB-7428,CUST-17428,Prepaid Saver 30D,Prepaid,2021-04-12,Active,Online,707,,
SUB-7429,CUST-17429,Family Bundle,Postpaid,2020-08-15,Churned,Retail,589,2025-06-20,Involuntary
SUB-7430,CUST-17430,Postpaid Corporate,Postpaid,2024-04-26,Active,Online,483,,
SUB-7431,CUST-17431,Unlimited Data Max,Prepaid,2023-10-29,Churned,Retail,394,2025-05-04,Voluntary
SUB-7432,CUST-17432,Postpaid Corporate,Postpaid,2026-04-16,Active,Agent,909,,
SUB-7433,CUST-17433,Prepaid Saver 30D,Prepaid,2025-08-19,Active,Retail,822,,
SUB-7434,CUST-17434,Student Special 4G,Prepaid,2021-09-09,Active,Retail,898,,
SUB-7435,CUST-17435,Student Special 4G,Prepaid,2024-06-25,Active,Online,405,,
SUB-7436,CUST-17436,Unlimited Data Max,Prepaid,2023-10-29,Active,Online,841,,
SUB-7437,CUST-17437,Family Bundle,Postpaid,2024-04-26,Churned,Agent,1379,2025-09-04,Involuntary
SUB-7438,CUST-17438,Unlimited Data Max,Prepaid,2021-01-12,Churned,Retail,1156,2026-03-29,Involuntary
SUB-7439,CUST-17439,Postpaid Corporate,Postpaid,2021-03-13,Active,Referral,739,,
SUB-7440,CUST-17440,Family Bundle,Postpaid,2022-02-06,Active,Agent,1225,,
SUB-7441,CUST-17441,Student Special 4G,Prepaid,2020-10-14,Active,Referral,1404,,
SUB-7442,CUST-17442,Unlimited Data Max,Prepaid,2023-04-02,Active,Referral,537,,
SUB-7443,CUST-17443,Unlimited Data Max,Prepaid,2025-05-21,Active,Online,976,,
SUB-7444,CUST-17444,Unlimited Data Max,Prepaid,2022-09-04,Churned,Online,366,2025-06-28,Voluntary
SUB-7445,CUST-17445,Unlimited Data Max,Prepaid,2026-04-16,Churned,Retail,1336,2026-05-08,Voluntary
SUB-7446,CUST-17446,Unlimited Data Max,Prepaid,2023-12-28,Active,Referral,577,,
SUB-7447,CUST-17447,Unlimited Data Max,Prepaid,2021-08-10,Active,Retail,486,,
SUB-7448,CUST-17448,Prepaid Saver 30D,Prepaid,2025-05-21,Active,Referral,339,,
SUB-7449,CUST-17449,Unlimited Data Max,Prepaid,2023-03-03,Active,Online,935,,
SUB-7450,CUST-17450,Prepaid Saver 30D,Prepaid,2021-11-08,Active,Retail,550,,
SUB-7451,CUST-17451,Postpaid Corporate,Postpaid,2022-01-07,Active,Agent,1090,,
SUB-7452,CUST-17452,Unlimited Data Max,Prepaid,2022-12-03,Churned,Referral,393,2025-11-01,Voluntary
SUB-7453,CUST-17453,Postpaid Corporate,Postpaid,2024-06-25,Active,Agent,1069,,
SUB-7454,CUST-17454,Student Special 4G,Prepaid,2024-12-22,Active,Referral,621,,
SUB-7455,CUST-17455,Prepaid Saver 30D,Prepaid,2025-06-20,Active,Retail,742,,
SUB-7456,CUST-17456,Prepaid Saver 30D,Prepaid,2022-02-06,Active,Online,709,,
SUB-7457,CUST-17457,Postpaid Corporate,Postpaid,2024-11-22,Active,Retail,817,,
SUB-7458,CUST-17458,Prepaid Saver 30D,Prepaid,2022-08-05,Churned,Retail,1369,2025-05-21,Involuntary
SUB-7459,CUST-17459,Prepaid Saver 30D,Prepaid,2026-02-15,Active,Retail,664,,
SUB-7460,CUST-17460,Student Special 4G,Prepaid,2024-09-23,Churned,Referral,964,2025-05-17,Involuntary
SUB-7461,CUST-17461,Student Special 4G,Prepaid,2024-02-26,Active,Retail,1033,,
SUB-7462,CUST-17462,Prepaid Saver 30D,Prepaid,2021-12-08,Active,Referral,1111,,
SUB-7463,CUST-17463,Prepaid Saver 30D,Prepaid,2025-10-18,Active,Retail,885,,
SUB-7464,CUST-17464,Student Special 4G,Prepaid,2023-08-30,Active,Retail,726,,
SUB-7465,CUST-17465,Prepaid Saver 30D,Prepaid,2023-09-29,Active,Referral,678,,
SUB-7466,CUST-17466,Postpaid Corporate,Postpaid,2024-07-25,Active,Referral,495,,
SUB-7467,CUST-17467,Unlimited Data Max,Prepaid,2021-10-09,Active,Agent,831,,
SUB-7468,CUST-17468,Unlimited Data Max,Prepaid,2020-09-14,Active,Online,1458,,
SUB-7469,CUST-17469,Prepaid Saver 30D,Prepaid,2026-02-15,Active,Agent,1053,,
SUB-7470,CUST-17470,Student Special 4G,Prepaid,2020-12-13,Churned,Agent,1055,2025-08-17,Voluntary
SUB-7471,CUST-17471,Prepaid Saver 30D,Prepaid,2021-03-13,Active,Retail,1298,,
SUB-7472,CUST-17472,Family Bundle,Postpaid,2021-07-11,Churned,Online,614,2026-02-13,Voluntary
SUB-7473,CUST-17473,Student Special 4G,Prepaid,2025-09-18,Active,Retail,1259,,
SUB-7474,CUST-17474,Student Special 4G,Prepaid,2024-02-26,Active,Agent,1492,,
SUB-7475,CUST-17475,Student Special 4G,Prepaid,2022-08-05,Active,Referral,1320,,
SUB-7476,CUST-17476,Prepaid Saver 30D,Prepaid,2025-03-22,Churned,Referral,1470,2025-05-06,Involuntary
SUB-7477,CUST-17477,Prepaid Saver 30D,Prepaid,2024-12-22,Active,Retail,1265,,
SUB-7478,CUST-17478,Unlimited Data Max,Prepaid,2023-03-03,Active,Online,1320,,
SUB-7479,CUST-17479,Prepaid Saver 30D,Prepaid,2021-07-11,Active,Retail,643,,
SUB-7480,CUST-17480,Unlimited Data Max,Prepaid,2025-06-20,Active,Retail,1095,,
SUB-7481,CUST-17481,Student Special 4G,Prepaid,2026-05-16,Active,Referral,737,,
SUB-7482,CUST-17482,Student Special 4G,Prepaid,2020-08-15,Active,Agent,1278,,
SUB-7483,CUST-17483,Unlimited Data Max,Prepaid,2023-12-28,Active,Referral,1017,,
SUB-7484,CUST-17484,Prepaid Saver 30D,Prepaid,2025-12-17,Active,Agent,1364,,
SUB-7485,CUST-17485,Postpaid Corporate,Postpaid,2020-10-14,Active,Agent,1056,,
SUB-7486,CUST-17486,Postpaid Corporate,Postpaid,2024-10-23,Active,Referral,1340,,
SUB-7487,CUST-17487,Family Bundle,Postpaid,2025-09-18,Active,Online,459,,
SUB-7488,CUST-17488,Unlimited Data Max,Prepaid,2022-07-06,Active,Retail,877,,
SUB-7489,CUST-17489,Unlimited Data Max,Prepaid,2021-12-08,Active,Retail,1283,,
SUB-7490,CUST-17490,Student Special 4G,Prepaid,2025-09-18,Active,Agent,426,,
SUB-7491,CUST-17491,Unlimited Data Max,Prepaid,2022-03-08,Active,Referral,1415,,
SUB-7492,CUST-17492,Student Special 4G,Prepaid,2024-03-27,Churned,Retail,557,2026-05-28,Voluntary
SUB-7493,CUST-17493,Unlimited Data Max,Prepaid,2024-07-25,Active,Online,441,,
SUB-7494,CUST-17494,Prepaid Saver 30D,Prepaid,2022-07-06,Active,Agent,656,,
SUB-7495,CUST-17495,Prepaid Saver 30D,Prepaid,2026-01-16,Active,Agent,1499,,
SUB-7496,CUST-17496,Student Special 4G,Prepaid,2025-06-20,Churned,Online,1363,2026-03-14,Voluntary
SUB-7497,CUST-17497,Unlimited Data Max,Prepaid,2021-07-11,Active,Retail,461,,
SUB-7498,CUST-17498,Student Special 4G,Prepaid,2020-09-14,Active,Referral,878,,
SUB-7499,CUST-17499,Student Special 4G,Prepaid,2021-02-11,Active,Online,875,,
SUB-7500,CUST-17500,Student Special 4G,Prepaid,2021-11-08,Active,Agent,1470,,
SUB-7501,CUST-17501,Family Bundle,Postpaid,2025-08-19,Active,Retail,483,,
SUB-7502,CUST-17502,Student Special 4G,Prepaid,2024-08-24,Active,Online,1306,,
SUB-7503,CUST-17503,Student Special 4G,Prepaid,2021-06-11,Active,Online,654,,
SUB-7504,CUST-17504,Prepaid Saver 30D,Prepaid,2022-04-07,Active,Agent,995,,
SUB-7505,CUST-17505,Student Special 4G,Prepaid,2021-07-11,Churned,Retail,715,2026-02-13,Involuntary
SUB-7506,CUST-17506,Family Bundle,Postpaid,2023-12-28,Active,Retail,1323,,
SUB-7507,CUST-17507,Postpaid Corporate,Postpaid,2023-02-01,Active,Agent,1434,,
SUB-7508,CUST-17508,Unlimited Data Max,Prepaid,2022-02-06,Active,Agent,733,,
SUB-7509,CUST-17509,Unlimited Data Max,Prepaid,2021-11-08,Active,Referral,1108,,
SUB-7510,CUST-17510,Student Special 4G,Prepaid,2022-03-08,Active,Referral,968,,
SUB-7511,CUST-17511,Family Bundle,Postpaid,2026-03-17,Active,Referral,968,,
SUB-7512,CUST-17512,Unlimited Data Max,Prepaid,2025-03-22,Active,Agent,466,,
SUB-7513,CUST-17513,Family Bundle,Postpaid,2023-07-01,Churned,Online,1426,2025-04-19,Voluntary
SUB-7514,CUST-17514,Prepaid Saver 30D,Prepaid,2022-05-07,Active,Agent,516,,
SUB-7515,CUST-17515,Prepaid Saver 30D,Prepaid,2020-10-14,Churned,Retail,1379,2026-01-27,Voluntary
SUB-7516,CUST-17516,Family Bundle,Postpaid,2024-08-24,Active,Online,533,,
SUB-7517,CUST-17517,Family Bundle,Postpaid,2021-11-08,Active,Agent,582,,
SUB-7518,CUST-17518,Prepaid Saver 30D,Prepaid,2022-07-06,Active,Online,555,,
SUB-7519,CUST-17519,Family Bundle,Postpaid,2024-10-23,Active,Retail,1356,,
SUB-7520,CUST-17520,Student Special 4G,Prepaid,2025-05-21,Active,Agent,475,,
SUB-7521,CUST-17521,Student Special 4G,Prepaid,2022-10-04,Active,Online,1222,,
SUB-7522,CUST-17522,Student Special 4G,Prepaid,2024-06-25,Active,Retail,1356,,
SUB-7523,CUST-17523,Prepaid Saver 30D,Prepaid,2025-02-20,Active,Online,679,,
SUB-7524,CUST-17524,Unlimited Data Max,Prepaid,2025-02-20,Active,Online,827,,
SUB-7525,CUST-17525,Unlimited Data Max,Prepaid,2025-02-20,Active,Online,586,,
SUB-7526,CUST-17526,Unlimited Data Max,Prepaid,2025-11-17,Active,Referral,363,,
SUB-7527,CUST-17527,Unlimited Data Max,Prepaid,2025-04-21,Active,Agent,1132,,
SUB-7528,CUST-17528,Unlimited Data Max,Prepaid,2020-09-14,Active,Referral,1488,,
SUB-7529,CUST-17529,Prepaid Saver 30D,Prepaid,2025-04-21,Active,Online,463,,
SUB-7530,CUST-17530,Prepaid Saver 30D,Prepaid,2023-12-28,Active,Agent,788,,
SUB-7531,CUST-17531,Unlimited Data Max,Prepaid,2023-07-01,Active,Online,985,,
SUB-7532,CUST-17532,Prepaid Saver 30D,Prepaid,2022-05-07,Active,Referral,1364,,
SUB-7533,CUST-17533,Unlimited Data Max,Prepaid,2024-08-24,Active,Referral,1424,,
SUB-7534,CUST-17534,Unlimited Data Max,Prepaid,2021-08-10,Active,Online,1334,,
SUB-7535,CUST-17535,Postpaid Corporate,Postpaid,2021-11-08,Active,Online,1011,,
SUB-7536,CUST-17536,Student Special 4G,Prepaid,2023-06-01,Churned,Agent,425,2025-04-25,Involuntary
SUB-7537,CUST-17537,Postpaid Corporate,Postpaid,2021-03-13,Active,Retail,939,,
SUB-7538,CUST-17538,Postpaid Corporate,Postpaid,2024-05-26,Active,Online,333,,
SUB-7539,CUST-17539,Family Bundle,Postpaid,2023-07-31,Churned,Online,1043,2025-06-12,Voluntary
SUB-7540,CUST-17540,Postpaid Corporate,Postpaid,2022-12-03,Active,Online,1069,,
SUB-7541,CUST-17541,Unlimited Data Max,Prepaid,2025-04-21,Active,Online,1069,,
SUB-7542,CUST-17542,Unlimited Data Max,Prepaid,2025-12-17,Active,Online,1181,,
SUB-7543,CUST-17543,Postpaid Corporate,Postpaid,2020-08-15,Active,Online,912,,
SUB-7544,CUST-17544,Postpaid Corporate,Postpaid,2026-02-15,Active,Retail,648,,
SUB-7545,CUST-17545,Student Special 4G,Prepaid,2026-02-15,Active,Retail,1025,,
SUB-7546,CUST-17546,Unlimited Data Max,Prepaid,2025-10-18,Active,Retail,719,,
SUB-7547,CUST-17547,Family Bundle,Postpaid,2023-03-03,Active,Retail,308,,
SUB-7548,CUST-17548,Prepaid Saver 30D,Prepaid,2024-10-23,Churned,Agent,399,2025-04-29,Involuntary
SUB-7549,CUST-17549,Family Bundle,Postpaid,2025-02-20,Active,Retail,713,,
SUB-7550,CUST-17550,Prepaid Saver 30D,Prepaid,2021-05-12,Active,Retail,541,,
SUB-7551,CUST-17551,Unlimited Data Max,Prepaid,2020-12-13,Active,Retail,749,,
SUB-7552,CUST-17552,Prepaid Saver 30D,Prepaid,2021-04-12,Active,Online,514,,
SUB-7553,CUST-17553,Unlimited Data Max,Prepaid,2024-06-25,Active,Retail,812,,
SUB-7554,CUST-17554,Prepaid Saver 30D,Prepaid,2025-11-17,Active,Referral,1017,,
SUB-7555,CUST-17555,Student Special 4G,Prepaid,2020-10-14,Active,Referral,1472,,
SUB-7556,CUST-17556,Prepaid Saver 30D,Prepaid,2023-04-02,Active,Referral,625,,
SUB-7557,CUST-17557,Unlimited Data Max,Prepaid,2020-09-14,Active,Agent,445,,
SUB-7558,CUST-17558,Prepaid Saver 30D,Prepaid,2025-06-20,Active,Online,928,,
SUB-7559,CUST-17559,Postpaid Corporate,Postpaid,2020-12-13,Active,Referral,393,,
SUB-7560,CUST-17560,Unlimited Data Max,Prepaid,2024-08-24,Churned,Retail,888,2026-03-22,Voluntary
SUB-7561,CUST-17561,Unlimited Data Max,Prepaid,2021-10-09,Churned,Retail,385,2025-03-25,Involuntary
SUB-7562,CUST-17562,Student Special 4G,Prepaid,2025-10-18,Active,Retail,1346,,
SUB-7563,CUST-17563,Unlimited Data Max,Prepaid,2022-02-06,Active,Retail,1347,,
SUB-7564,CUST-17564,Family Bundle,Postpaid,2023-08-30,Active,Agent,1285,,
SUB-7565,CUST-17565,Unlimited Data Max,Prepaid,2020-11-13,Churned,Referral,883,2025-09-29,Voluntary
SUB-7566,CUST-17566,Postpaid Corporate,Postpaid,2025-07-20,Active,Retail,636,,
SUB-7567,CUST-17567,Postpaid Corporate,Postpaid,2025-02-20,Active,Retail,1121,,
SUB-7568,CUST-17568,Unlimited Data Max,Prepaid,2022-09-04,Churned,Referral,479,2025-11-06,Voluntary
SUB-7569,CUST-17569,Postpaid Corporate,Postpaid,2021-09-09,Active,Retail,1263,,
SUB-7570,CUST-17570,Prepaid Saver 30D,Prepaid,2021-03-13,Churned,Retail,723,2025-10-23,Voluntary
SUB-7571,CUST-17571,Prepaid Saver 30D,Prepaid,2025-09-18,Churned,Agent,1312,2026-02-12,Voluntary
SUB-7572,CUST-17572,Student Special 4G,Prepaid,2026-05-16,Churned,Retail,668,2026-06-08,Voluntary
SUB-7573,CUST-17573,Family Bundle,Postpaid,2024-04-26,Churned,Agent,383,2025-09-02,Involuntary
SUB-7574,CUST-17574,Unlimited Data Max,Prepaid,2025-11-17,Active,Retail,1354,,
SUB-7575,CUST-17575,Postpaid Corporate,Postpaid,2024-01-27,Active,Referral,568,,
SUB-7576,CUST-17576,Unlimited Data Max,Prepaid,2023-08-30,Active,Referral,585,,
SUB-7577,CUST-17577,Unlimited Data Max,Prepaid,2020-08-15,Churned,Agent,1088,2025-04-09,Involuntary
SUB-7578,CUST-17578,Unlimited Data Max,Prepaid,2026-03-17,Active,Retail,555,,
SUB-7579,CUST-17579,Postpaid Corporate,Postpaid,2024-07-25,Churned,Referral,1442,2025-07-05,Involuntary
SUB-7580,CUST-17580,Postpaid Corporate,Postpaid,2024-05-26,Active,Agent,870,,
SUB-7581,CUST-17581,Prepaid Saver 30D,Prepaid,2023-03-03,Active,Agent,990,,
SUB-7582,CUST-17582,Family Bundle,Postpaid,2024-07-25,Active,Online,831,,
SUB-7583,CUST-17583,Student Special 4G,Prepaid,2022-10-04,Churned,Retail,594,2026-06-12,Voluntary
SUB-7584,CUST-17584,Unlimited Data Max,Prepaid,2021-06-11,Active,Referral,422,,
SUB-7585,CUST-17585,Unlimited Data Max,Prepaid,2022-06-06,Active,Referral,936,,
SUB-7586,CUST-17586,Prepaid Saver 30D,Prepaid,2022-08-05,Active,Agent,1264,,
SUB-7587,CUST-17587,Prepaid Saver 30D,Prepaid,2025-09-18,Active,Online,433,,
SUB-7588,CUST-17588,Unlimited Data Max,Prepaid,2021-04-12,Active,Online,760,,
SUB-7589,CUST-17589,Unlimited Data Max,Prepaid,2023-03-03,Active,Referral,401,,
SUB-7590,CUST-17590,Prepaid Saver 30D,Prepaid,2025-06-20,Active,Referral,1017,,
SUB-7591,CUST-17591,Prepaid Saver 30D,Prepaid,2022-09-04,Churned,Referral,315,2025-12-29,Involuntary
SUB-7592,CUST-17592,Postpaid Corporate,Postpaid,2023-07-31,Active,Retail,907,,
SUB-7593,CUST-17593,Student Special 4G,Prepaid,2021-02-11,Active,Retail,479,,
SUB-7594,CUST-17594,Family Bundle,Postpaid,2022-09-04,Active,Online,851,,
SUB-7595,CUST-17595,Student Special 4G,Prepaid,2020-11-13,Active,Referral,840,,
SUB-7596,CUST-17596,Prepaid Saver 30D,Prepaid,2020-09-14,Active,Retail,1380,,
SUB-7597,CUST-17597,Prepaid Saver 30D,Prepaid,2025-01-21,Active,Retail,995,,
SUB-7598,CUST-17598,Unlimited Data Max,Prepaid,2024-09-23,Active,Retail,685,,
SUB-7599,CUST-17599,Family Bundle,Postpaid,2025-03-22,Active,Retail,589,,
SUB-7600,CUST-17600,Prepaid Saver 30D,Prepaid,2025-01-21,Churned,Retail,675,2025-04-05,Involuntary
SUB-7601,CUST-17601,Unlimited Data Max,Prepaid,2022-06-06,Active,Referral,585,,
SUB-7602,CUST-17602,Postpaid Corporate,Postpaid,2020-11-13,Churned,Agent,1471,2025-01-19,Involuntary
SUB-7603,CUST-17603,Prepaid Saver 30D,Prepaid,2023-07-31,Active,Online,1256,,
SUB-7604,CUST-17604,Family Bundle,Postpaid,2021-09-09,Active,Retail,505,,
SUB-7605,CUST-17605,Unlimited Data Max,Prepaid,2022-02-06,Active,Retail,1468,,
SUB-7606,CUST-17606,Prepaid Saver 30D,Prepaid,2024-11-22,Active,Retail,669,,
SUB-7607,CUST-17607,Family Bundle,Postpaid,2021-06-11,Active,Referral,888,,
SUB-7608,CUST-17608,Prepaid Saver 30D,Prepaid,2023-07-31,Active,Online,1312,,
SUB-7609,CUST-17609,Prepaid Saver 30D,Prepaid,2026-05-16,Churned,Agent,621,2026-06-03,Voluntary
SUB-7610,CUST-17610,Postpaid Corporate,Postpaid,2022-04-07,Active,Retail,1488,,
SUB-7611,CUST-17611,Postpaid Corporate,Postpaid,2021-04-12,Active,Retail,1228,,
SUB-7612,CUST-17612,Unlimited Data Max,Prepaid,2024-12-22,Active,Agent,534,,
SUB-7613,CUST-17613,Prepaid Saver 30D,Prepaid,2024-11-22,Active,Referral,585,,
SUB-7614,CUST-17614,Prepaid Saver 30D,Prepaid,2022-03-08,Active,Online,381,,
SUB-7615,CUST-17615,Unlimited Data Max,Prepaid,2020-10-14,Churned,Agent,1095,2025-08-08,Voluntary
SUB-7616,CUST-17616,Prepaid Saver 30D,Prepaid,2024-11-22,Active,Retail,1421,,
SUB-7617,CUST-17617,Prepaid Saver 30D,Prepaid,2023-11-28,Active,Online,1293,,
SUB-7618,CUST-17618,Postpaid Corporate,Postpaid,2022-06-06,Active,Referral,1297,,
SUB-7619,CUST-17619,Prepaid Saver 30D,Prepaid,2021-06-11,Active,Online,1091,,
SUB-7620,CUST-17620,Prepaid Saver 30D,Prepaid,2026-03-17,Churned,Online,1201,2026-03-22,Voluntary
SUB-7621,CUST-17621,Unlimited Data Max,Prepaid,2025-03-22,Active,Retail,604,,
SUB-7622,CUST-17622,Prepaid Saver 30D,Prepaid,2021-03-13,Active,Retail,1264,,
SUB-7623,CUST-17623,Unlimited Data Max,Prepaid,2023-05-02,Active,Referral,1186,,
SUB-7624,CUST-17624,Family Bundle,Postpaid,2022-01-07,Active,Online,852,,
SUB-7625,CUST-17625,Unlimited Data Max,Prepaid,2026-01-16,Active,Retail,1261,,
SUB-7626,CUST-17626,Student Special 4G,Prepaid,2025-11-17,Active,Agent,1108,,
SUB-7627,CUST-17627,Postpaid Corporate,Postpaid,2022-02-06,Active,Retail,631,,
SUB-7628,CUST-17628,Student Special 4G,Prepaid,2024-03-27,Active,Online,568,,
SUB-7629,CUST-17629,Student Special 4G,Prepaid,2020-12-13,Active,Referral,921,,
SUB-7630,CUST-17630,Student Special 4G,Prepaid,2023-11-28,Churned,Online,1211,2025-03-07,Voluntary
SUB-7631,CUST-17631,Prepaid Saver 30D,Prepaid,2021-07-11,Active,Online,965,,
SUB-7632,CUST-17632,Prepaid Saver 30D,Prepaid,2023-04-02,Active,Online,785,,
SUB-7633,CUST-17633,Postpaid Corporate,Postpaid,2022-06-06,Active,Retail,968,,
SUB-7634,CUST-17634,Unlimited Data Max,Prepaid,2022-08-05,Active,Agent,1093,,
SUB-7635,CUST-17635,Prepaid Saver 30D,Prepaid,2025-09-18,Churned,Agent,1172,2026-04-24,Voluntary
SUB-7636,CUST-17636,Student Special 4G,Prepaid,2021-10-09,Active,Retail,562,,
SUB-7637,CUST-17637,Prepaid Saver 30D,Prepaid,2020-09-14,Active,Retail,1021,,
SUB-7638,CUST-17638,Prepaid Saver 30D,Prepaid,2024-02-26,Active,Referral,1035,,
SUB-7639,CUST-17639,Student Special 4G,Prepaid,2024-05-26,Active,Online,433,,
SUB-7640,CUST-17640,Unlimited Data Max,Prepaid,2022-12-03,Active,Retail,1494,,
SUB-7641,CUST-17641,Student Special 4G,Prepaid,2022-10-04,Active,Retail,1288,,
SUB-7642,CUST-17642,Student Special 4G,Prepaid,2024-02-26,Churned,Agent,531,2025-01-21,Voluntary
SUB-7643,CUST-17643,Unlimited Data Max,Prepaid,2024-10-23,Churned,Retail,822,2026-02-09,Voluntary
SUB-7644,CUST-17644,Unlimited Data Max,Prepaid,2020-10-14,Churned,Agent,1483,2025-11-05,Voluntary
SUB-7645,CUST-17645,Family Bundle,Postpaid,2021-08-10,Active,Referral,1055,,
SUB-7646,CUST-17646,Unlimited Data Max,Prepaid,2023-02-01,Active,Agent,1169,,
SUB-7647,CUST-17647,Family Bundle,Postpaid,2024-03-27,Active,Retail,1068,,
SUB-7648,CUST-17648,Prepaid Saver 30D,Prepaid,2024-04-26,Active,Online,461,,
SUB-7649,CUST-17649,Prepaid Saver 30D,Prepaid,2024-02-26,Active,Retail,989,,
SUB-7650,CUST-17650,Postpaid Corporate,Postpaid,2022-12-03,Active,Agent,927,,
SUB-7651,CUST-17651,Prepaid Saver 30D,Prepaid,2026-05-16,Active,Referral,1248,,
SUB-7652,CUST-17652,Prepaid Saver 30D,Prepaid,2022-08-05,Active,Retail,766,,
SUB-7653,CUST-17653,Postpaid Corporate,Postpaid,2023-02-01,Active,Retail,1275,,
SUB-7654,CUST-17654,Prepaid Saver 30D,Prepaid,2025-07-20,Active,Agent,559,,
SUB-7655,CUST-17655,Unlimited Data Max,Prepaid,2024-12-22,Active,Online,1425,,
SUB-7656,CUST-17656,Student Special 4G,Prepaid,2024-10-23,Active,Agent,683,,
SUB-7657,CUST-17657,Prepaid Saver 30D,Prepaid,2021-01-12,Active,Retail,1243,,
SUB-7658,CUST-17658,Postpaid Corporate,Postpaid,2020-12-13,Churned,Retail,1117,2026-02-23,Involuntary
SUB-7659,CUST-17659,Prepaid Saver 30D,Prepaid,2021-11-08,Churned,Agent,1001,2025-06-28,Voluntary
SUB-7660,CUST-17660,Postpaid Corporate,Postpaid,2022-06-06,Churned,Retail,878,2025-06-01,Involuntary
SUB-7661,CUST-17661,Unlimited Data Max,Prepaid,2020-11-13,Churned,Referral,492,2026-03-30,Involuntary
SUB-7662,CUST-17662,Family Bundle,Postpaid,2022-02-06,Active,Online,1442,,
SUB-7663,CUST-17663,Prepaid Saver 30D,Prepaid,2024-02-26,Active,Retail,580,,
SUB-7664,CUST-17664,Family Bundle,Postpaid,2024-04-26,Active,Referral,890,,
SUB-7665,CUST-17665,Student Special 4G,Prepaid,2022-08-05,Active,Retail,1083,,
SUB-7666,CUST-17666,Postpaid Corporate,Postpaid,2023-12-28,Active,Online,324,,
SUB-7667,CUST-17667,Prepaid Saver 30D,Prepaid,2023-09-29,Churned,Agent,1231,2025-02-06,Voluntary
SUB-7668,CUST-17668,Unlimited Data Max,Prepaid,2020-09-14,Active,Referral,1163,,
SUB-7669,CUST-17669,Prepaid Saver 30D,Prepaid,2021-02-11,Active,Online,1031,,
SUB-7670,CUST-17670,Postpaid Corporate,Postpaid,2022-11-03,Active,Referral,697,,
SUB-7671,CUST-17671,Prepaid Saver 30D,Prepaid,2024-06-25,Churned,Agent,1497,2025-04-19,Voluntary
SUB-7672,CUST-17672,Unlimited Data Max,Prepaid,2023-10-29,Churned,Online,839,2025-06-09,Voluntary
SUB-7673,CUST-17673,Prepaid Saver 30D,Prepaid,2024-06-25,Active,Retail,454,,
SUB-7674,CUST-17674,Unlimited Data Max,Prepaid,2023-12-28,Active,Referral,750,,
SUB-7675,CUST-17675,Prepaid Saver 30D,Prepaid,2024-04-26,Churned,Online,740,2026-03-28,Voluntary
SUB-7676,CUST-17676,Prepaid Saver 30D,Prepaid,2023-10-29,Active,Online,1439,,
SUB-7677,CUST-17677,Unlimited Data Max,Prepaid,2023-07-01,Active,Agent,929,,
SUB-7678,CUST-17678,Unlimited Data Max,Prepaid,2022-09-04,Active,Referral,849,,
SUB-7679,CUST-17679,Unlimited Data Max,Prepaid,2021-03-13,Active,Online,747,,
SUB-7680,CUST-17680,Prepaid Saver 30D,Prepaid,2023-05-02,Churned,Agent,353,2025-05-18,Involuntary
SUB-7681,CUST-17681,Family Bundle,Postpaid,2025-03-22,Active,Retail,1261,,
SUB-7682,CUST-17682,Unlimited Data Max,Prepaid,2025-04-21,Active,Referral,782,,
SUB-7683,CUST-17683,Postpaid Corporate,Postpaid,2022-08-05,Churned,Referral,452,2025-01-18,Voluntary
SUB-7684,CUST-17684,Unlimited Data Max,Prepaid,2020-08-15,Active,Retail,357,,
SUB-7685,CUST-17685,Postpaid Corporate,Postpaid,2024-08-24,Active,Online,1275,,
SUB-7686,CUST-17686,Unlimited Data Max,Prepaid,2025-11-17,Active,Agent,1271,,
SUB-7687,CUST-17687,Student Special 4G,Prepaid,2025-12-17,Active,Online,544,,
SUB-7688,CUST-17688,Postpaid Corporate,Postpaid,2024-10-23,Active,Online,876,,
SUB-7689,CUST-17689,Postpaid Corporate,Postpaid,2020-11-13,Active,Retail,412,,
SUB-7690,CUST-17690,Unlimited Data Max,Prepaid,2021-11-08,Churned,Referral,1068,2025-12-27,Involuntary
SUB-7691,CUST-17691,Student Special 4G,Prepaid,2021-11-08,Active,Agent,811,,
SUB-7692,CUST-17692,Unlimited Data Max,Prepaid,2024-06-25,Active,Retail,1190,,
SUB-7693,CUST-17693,Prepaid Saver 30D,Prepaid,2020-11-13,Active,Referral,387,,
SUB-7694,CUST-17694,Student Special 4G,Prepaid,2024-01-27,Active,Agent,888,,
SUB-7695,CUST-17695,Postpaid Corporate,Postpaid,2024-01-27,Active,Online,1209,,
SUB-7696,CUST-17696,Student Special 4G,Prepaid,2020-12-13,Active,Agent,411,,
SUB-7697,CUST-17697,Postpaid Corporate,Postpaid,2022-01-07,Churned,Referral,797,2025-11-02,Voluntary
SUB-7698,CUST-17698,Student Special 4G,Prepaid,2024-09-23,Active,Online,786,,
SUB-7699,CUST-17699,Prepaid Saver 30D,Prepaid,2022-08-05,Active,Retail,355,,
SUB-7700,CUST-17700,Prepaid Saver 30D,Prepaid,2024-05-26,Active,Referral,1375,,
SUB-7701,CUST-17701,Prepaid Saver 30D,Prepaid,2022-11-03,Active,Agent,936,,
SUB-7702,CUST-17702,Prepaid Saver 30D,Prepaid,2025-08-19,Active,Retail,361,,
SUB-7703,CUST-17703,Postpaid Corporate,Postpaid,2026-03-17,Active,Online,1080,,
SUB-7704,CUST-17704,Prepaid Saver 30D,Prepaid,2020-10-14,Churned,Online,1218,2025-05-10,Voluntary
SUB-7705,CUST-17705,Postpaid Corporate,Postpaid,2025-12-17,Active,Online,1144,,
SUB-7706,CUST-17706,Unlimited Data Max,Prepaid,2024-01-27,Active,Referral,1221,,
SUB-7707,CUST-17707,Prepaid Saver 30D,Prepaid,2025-04-21,Active,Referral,436,,
SUB-7708,CUST-17708,Family Bundle,Postpaid,2026-04-16,Active,Agent,376,,
SUB-7709,CUST-17709,Unlimited Data Max,Prepaid,2022-01-07,Active,Retail,420,,
SUB-7710,CUST-17710,Unlimited Data Max,Prepaid,2024-09-23,Churned,Retail,1033,2025-11-26,Voluntary
SUB-7711,CUST-17711,Postpaid Corporate,Postpaid,2021-10-09,Churned,Online,1138,2025-05-23,Voluntary
SUB-7712,CUST-17712,Unlimited Data Max,Prepaid,2023-03-03,Active,Online,546,,
SUB-7713,CUST-17713,Prepaid Saver 30D,Prepaid,2022-09-04,Active,Retail,568,,
SUB-7714,CUST-17714,Postpaid Corporate,Postpaid,2022-07-06,Active,Referral,445,,
SUB-7715,CUST-17715,Prepaid Saver 30D,Prepaid,2025-04-21,Churned,Retail,1237,2025-09-05,Voluntary
SUB-7716,CUST-17716,Family Bundle,Postpaid,2023-09-29,Active,Online,318,,
SUB-7717,CUST-17717,Student Special 4G,Prepaid,2021-11-08,Active,Agent,764,,
SUB-7718,CUST-17718,Prepaid Saver 30D,Prepaid,2025-01-21,Active,Retail,1409,,
SUB-7719,CUST-17719,Family Bundle,Postpaid,2025-09-18,Active,Online,823,,
SUB-7720,CUST-17720,Prepaid Saver 30D,Prepaid,2023-12-28,Active,Agent,1011,,
SUB-7721,CUST-17721,Unlimited Data Max,Prepaid,2021-03-13,Churned,Referral,1443,2026-06-14,Voluntary
SUB-7722,CUST-17722,Postpaid Corporate,Postpaid,2024-07-25,Active,Retail,686,,
SUB-7723,CUST-17723,Prepaid Saver 30D,Prepaid,2024-02-26,Active,Agent,770,,
SUB-7724,CUST-17724,Prepaid Saver 30D,Prepaid,2025-09-18,Churned,Agent,826,2026-06-08,Voluntary
SUB-7725,CUST-17725,Prepaid Saver 30D,Prepaid,2022-03-08,Active,Retail,627,,
SUB-7726,CUST-17726,Unlimited Data Max,Prepaid,2024-06-25,Active,Agent,1248,,
SUB-7727,CUST-17727,Unlimited Data Max,Prepaid,2025-05-21,Active,Online,345,,
SUB-7728,CUST-17728,Prepaid Saver 30D,Prepaid,2025-10-18,Active,Agent,1322,,
SUB-7729,CUST-17729,Family Bundle,Postpaid,2024-07-25,Churned,Online,981,2026-04-04,Involuntary
SUB-7730,CUST-17730,Student Special 4G,Prepaid,2025-03-22,Active,Retail,327,,
SUB-7731,CUST-17731,Prepaid Saver 30D,Prepaid,2023-07-01,Active,Retail,410,,
SUB-7732,CUST-17732,Prepaid Saver 30D,Prepaid,2023-11-28,Active,Retail,478,,
SUB-7733,CUST-17733,Unlimited Data Max,Prepaid,2023-07-01,Active,Referral,1246,,
SUB-7734,CUST-17734,Prepaid Saver 30D,Prepaid,2024-03-27,Active,Agent,698,,
SUB-7735,CUST-17735,Postpaid Corporate,Postpaid,2025-11-17,Active,Retail,1393,,
SUB-7736,CUST-17736,Student Special 4G,Prepaid,2021-11-08,Active,Retail,894,,
SUB-7737,CUST-17737,Prepaid Saver 30D,Prepaid,2023-04-02,Active,Retail,754,,
SUB-7738,CUST-17738,Family Bundle,Postpaid,2025-04-21,Active,Agent,1058,,
SUB-7739,CUST-17739,Student Special 4G,Prepaid,2025-12-17,Active,Retail,382,,
SUB-7740,CUST-17740,Unlimited Data Max,Prepaid,2020-12-13,Churned,Agent,387,2025-07-22,Voluntary
SUB-7741,CUST-17741,Family Bundle,Postpaid,2021-01-12,Active,Online,391,,
SUB-7742,CUST-17742,Unlimited Data Max,Prepaid,2025-04-21,Active,Referral,774,,
SUB-7743,CUST-17743,Family Bundle,Postpaid,2023-12-28,Active,Referral,1014,,
SUB-7744,CUST-17744,Postpaid Corporate,Postpaid,2023-01-02,Active,Retail,814,,
SUB-7745,CUST-17745,Prepaid Saver 30D,Prepaid,2023-10-29,Active,Agent,1009,,
SUB-7746,CUST-17746,Prepaid Saver 30D,Prepaid,2021-07-11,Active,Referral,758,,
SUB-7747,CUST-17747,Prepaid Saver 30D,Prepaid,2023-02-01,Active,Referral,1087,,
SUB-7748,CUST-17748,Student Special 4G,Prepaid,2024-11-22,Active,Referral,741,,
SUB-7749,CUST-17749,Student Special 4G,Prepaid,2021-11-08,Active,Retail,1477,,
SUB-7750,CUST-17750,Prepaid Saver 30D,Prepaid,2021-04-12,Active,Referral,451,,
SUB-7751,CUST-17751,Student Special 4G,Prepaid,2026-01-16,Active,Agent,1031,,
SUB-7752,CUST-17752,Prepaid Saver 30D,Prepaid,2021-06-11,Active,Agent,555,,
SUB-7753,CUST-17753,Prepaid Saver 30D,Prepaid,2022-05-07,Churned,Retail,1148,2026-04-07,Voluntary
SUB-7754,CUST-17754,Unlimited Data Max,Prepaid,2021-01-12,Active,Referral,1043,,
SUB-7755,CUST-17755,Student Special 4G,Prepaid,2021-02-11,Active,Retail,735,,
SUB-7756,CUST-17756,Postpaid Corporate,Postpaid,2026-02-15,Active,Retail,1117,,
SUB-7757,CUST-17757,Prepaid Saver 30D,Prepaid,2023-10-29,Active,Agent,1255,,
SUB-7758,CUST-17758,Postpaid Corporate,Postpaid,2025-12-17,Active,Referral,1001,,
SUB-7759,CUST-17759,Student Special 4G,Prepaid,2026-05-16,Churned,Online,328,2026-05-20,Involuntary
SUB-7760,CUST-17760,Unlimited Data Max,Prepaid,2021-01-12,Active,Online,1072,,
SUB-7761,CUST-17761,Prepaid Saver 30D,Prepaid,2024-12-22,Active,Referral,961,,
SUB-7762,CUST-17762,Prepaid Saver 30D,Prepaid,2026-01-16,Active,Referral,1348,,
SUB-7763,CUST-17763,Unlimited Data Max,Prepaid,2020-12-13,Churned,Referral,1121,2026-06-14,Voluntary
SUB-7764,CUST-17764,Prepaid Saver 30D,Prepaid,2024-01-27,Active,Online,585,,
SUB-7765,CUST-17765,Student Special 4G,Prepaid,2025-09-18,Active,Online,1191,,
SUB-7766,CUST-17766,Prepaid Saver 30D,Prepaid,2024-11-22,Active,Retail,363,,
SUB-7767,CUST-17767,Student Special 4G,Prepaid,2026-05-16,Active,Agent,633,,
SUB-7768,CUST-17768,Family Bundle,Postpaid,2022-06-06,Active,Retail,798,,
SUB-7769,CUST-17769,Unlimited Data Max,Prepaid,2020-12-13,Active,Online,1251,,
SUB-7770,CUST-17770,Prepaid Saver 30D,Prepaid,2024-02-26,Active,Agent,474,,
SUB-7771,CUST-17771,Unlimited Data Max,Prepaid,2021-05-12,Churned,Online,395,2025-07-01,Voluntary
SUB-7772,CUST-17772,Postpaid Corporate,Postpaid,2024-05-26,Active,Online,610,,
SUB-7773,CUST-17773,Prepaid Saver 30D,Prepaid,2023-09-29,Churned,Agent,881,2025-02-23,Voluntary
SUB-7774,CUST-17774,Prepaid Saver 30D,Prepaid,2025-02-20,Active,Agent,958,,
SUB-7775,CUST-17775,Student Special 4G,Prepaid,2026-05-16,Active,Referral,1335,,
SUB-7776,CUST-17776,Student Special 4G,Prepaid,2025-06-20,Active,Agent,655,,
SUB-7777,CUST-17777,Prepaid Saver 30D,Prepaid,2023-01-02,Active,Online,1198,,
SUB-7778,CUST-17778,Student Special 4G,Prepaid,2025-10-18,Active,Online,1381,,
SUB-7779,CUST-17779,Family Bundle,Postpaid,2021-09-09,Active,Retail,1264,,
SUB-7780,CUST-17780,Postpaid Corporate,Postpaid,2021-01-12,Active,Agent,570,,
SUB-7781,CUST-17781,Unlimited Data Max,Prepaid,2024-09-23,Active,Retail,318,,
SUB-7782,CUST-17782,Student Special 4G,Prepaid,2024-10-23,Active,Online,575,,
SUB-7783,CUST-17783,Student Special 4G,Prepaid,2025-05-21,Active,Retail,1292,,
SUB-7784,CUST-17784,Prepaid Saver 30D,Prepaid,2023-12-28,Active,Referral,542,,
SUB-7785,CUST-17785,Postpaid Corporate,Postpaid,2021-02-11,Active,Referral,1263,,
SUB-7786,CUST-17786,Prepaid Saver 30D,Prepaid,2024-02-26,Active,Retail,857,,
SUB-7787,CUST-17787,Prepaid Saver 30D,Prepaid,2021-12-08,Active,Retail,302,,
SUB-7788,CUST-17788,Student Special 4G,Prepaid,2024-07-25,Active,Agent,1450,,
SUB-7789,CUST-17789,Student Special 4G,Prepaid,2023-10-29,Active,Agent,338,,
SUB-7790,CUST-17790,Unlimited Data Max,Prepaid,2023-07-01,Active,Agent,1472,,
SUB-7791,CUST-17791,Unlimited Data Max,Prepaid,2021-02-11,Active,Retail,1258,,
SUB-7792,CUST-17792,Prepaid Saver 30D,Prepaid,2023-07-01,Active,Online,578,,
SUB-7793,CUST-17793,Prepaid Saver 30D,Prepaid,2022-11-03,Active,Referral,556,,
SUB-7794,CUST-17794,Student Special 4G,Prepaid,2021-06-11,Active,Referral,698,,
SUB-7795,CUST-17795,Unlimited Data Max,Prepaid,2020-11-13,Active,Agent,713,,
SUB-7796,CUST-17796,Student Special 4G,Prepaid,2021-03-13,Active,Retail,611,,
SUB-7797,CUST-17797,Prepaid Saver 30D,Prepaid,2025-10-18,Churned,Referral,920,2026-04-09,Voluntary
SUB-7798,CUST-17798,Postpaid Corporate,Postpaid,2025-10-18,Active,Online,309,,
SUB-7799,CUST-17799,Prepaid Saver 30D,Prepaid,2023-11-28,Active,Retail,1073,,
SUB-7800,CUST-17800,Student Special 4G,Prepaid,2024-05-26,Active,Agent,1429,,
SUB-7801,CUST-17801,Prepaid Saver 30D,Prepaid,2022-06-06,Churned,Referral,420,2025-04-17,Involuntary
SUB-7802,CUST-17802,Prepaid Saver 30D,Prepaid,2023-11-28,Active,Referral,506,,
SUB-7803,CUST-17803,Postpaid Corporate,Postpaid,2024-01-27,Active,Retail,1161,,
SUB-7804,CUST-17804,Prepaid Saver 30D,Prepaid,2025-11-17,Active,Referral,616,,
SUB-7805,CUST-17805,Prepaid Saver 30D,Prepaid,2024-05-26,Active,Agent,961,,
SUB-7806,CUST-17806,Family Bundle,Postpaid,2023-02-01,Churned,Online,876,2025-07-26,Voluntary
SUB-7807,CUST-17807,Postpaid Corporate,Postpaid,2022-05-07,Churned,Online,1430,2025-06-04,Voluntary
SUB-7808,CUST-17808,Unlimited Data Max,Prepaid,2025-06-20,Active,Agent,1463,,
SUB-7809,CUST-17809,Postpaid Corporate,Postpaid,2022-11-03,Active,Agent,1145,,
SUB-7810,CUST-17810,Prepaid Saver 30D,Prepaid,2023-02-01,Active,Referral,1092,,
SUB-7811,CUST-17811,Prepaid Saver 30D,Prepaid,2024-09-23,Active,Retail,1467,,
SUB-7812,CUST-17812,Unlimited Data Max,Prepaid,2021-03-13,Churned,Agent,1311,2026-01-22,Involuntary
SUB-7813,CUST-17813,Unlimited Data Max,Prepaid,2023-10-29,Active,Online,702,,
SUB-7814,CUST-17814,Prepaid Saver 30D,Prepaid,2024-11-22,Active,Online,1079,,
SUB-7815,CUST-17815,Prepaid Saver 30D,Prepaid,2022-04-07,Churned,Agent,993,2025-11-24,Voluntary
SUB-7816,CUST-17816,Prepaid Saver 30D,Prepaid,2025-04-21,Active,Online,1271,,
SUB-7817,CUST-17817,Unlimited Data Max,Prepaid,2022-10-04,Active,Agent,1020,,
SUB-7818,CUST-17818,Unlimited Data Max,Prepaid,2022-06-06,Active,Retail,643,,
SUB-7819,CUST-17819,Unlimited Data Max,Prepaid,2023-09-29,Active,Agent,1296,,
SUB-7820,CUST-17820,Prepaid Saver 30D,Prepaid,2025-03-22,Active,Retail,729,,
SUB-7821,CUST-17821,Prepaid Saver 30D,Prepaid,2024-11-22,Active,Online,606,,
SUB-7822,CUST-17822,Prepaid Saver 30D,Prepaid,2025-02-20,Active,Online,362,,
SUB-7823,CUST-17823,Prepaid Saver 30D,Prepaid,2025-09-18,Churned,Retail,820,2026-05-10,Voluntary
SUB-7824,CUST-17824,Prepaid Saver 30D,Prepaid,2020-08-15,Active,Agent,528,,
SUB-7825,CUST-17825,Postpaid Corporate,Postpaid,2021-07-11,Active,Online,1438,,
SUB-7826,CUST-17826,Postpaid Corporate,Postpaid,2023-05-02,Active,Agent,984,,
SUB-7827,CUST-17827,Postpaid Corporate,Postpaid,2021-08-10,Active,Online,426,,
SUB-7828,CUST-17828,Prepaid Saver 30D,Prepaid,2022-08-05,Churned,Retail,314,2025-11-28,Voluntary
SUB-7829,CUST-17829,Prepaid Saver 30D,Prepaid,2022-11-03,Active,Retail,310,,
SUB-7830,CUST-17830,Prepaid Saver 30D,Prepaid,2022-04-07,Active,Online,333,,
SUB-7831,CUST-17831,Family Bundle,Postpaid,2023-02-01,Churned,Agent,1153,2025-10-25,Voluntary
SUB-7832,CUST-17832,Prepaid Saver 30D,Prepaid,2023-03-03,Active,Referral,620,,
SUB-7833,CUST-17833,Postpaid Corporate,Postpaid,2025-08-19,Active,Agent,1292,,
SUB-7834,CUST-17834,Prepaid Saver 30D,Prepaid,2022-11-03,Active,Online,393,,
SUB-7835,CUST-17835,Family Bundle,Postpaid,2023-10-29,Churned,Retail,1050,2025-04-27,Voluntary
SUB-7836,CUST-17836,Prepaid Saver 30D,Prepaid,2024-12-22,Active,Online,1119,,
SUB-7837,CUST-17837,Prepaid Saver 30D,Prepaid,2023-07-31,Active,Agent,1344,,
SUB-7838,CUST-17838,Prepaid Saver 30D,Prepaid,2021-07-11,Churned,Retail,1358,2025-03-12,Involuntary
SUB-7839,CUST-17839,Postpaid Corporate,Postpaid,2023-09-29,Active,Online,597,,
SUB-7840,CUST-17840,Postpaid Corporate,Postpaid,2023-08-30,Active,Online,497,,
SUB-7841,CUST-17841,Postpaid Corporate,Postpaid,2024-12-22,Active,Online,1224,,
SUB-7842,CUST-17842,Postpaid Corporate,Postpaid,2021-09-09,Active,Retail,378,,
SUB-7843,CUST-17843,Prepaid Saver 30D,Prepaid,2025-09-18,Active,Retail,1340,,
SUB-7844,CUST-17844,Unlimited Data Max,Prepaid,2021-07-11,Active,Online,1110,,
SUB-7845,CUST-17845,Student Special 4G,Prepaid,2020-12-13,Active,Referral,812,,
SUB-7846,CUST-17846,Prepaid Saver 30D,Prepaid,2025-05-21,Active,Agent,507,,
SUB-7847,CUST-17847,Unlimited Data Max,Prepaid,2023-03-03,Active,Online,879,,
SUB-7848,CUST-17848,Unlimited Data Max,Prepaid,2023-01-02,Active,Referral,511,,
SUB-7849,CUST-17849,Prepaid Saver 30D,Prepaid,2021-05-12,Active,Referral,541,,
SUB-7850,CUST-17850,Prepaid Saver 30D,Prepaid,2024-06-25,Active,Agent,543,,
SUB-7851,CUST-17851,Postpaid Corporate,Postpaid,2022-07-06,Active,Retail,1062,,
SUB-7852,CUST-17852,Postpaid Corporate,Postpaid,2025-10-18,Active,Referral,1093,,
SUB-7853,CUST-17853,Unlimited Data Max,Prepaid,2021-08-10,Active,Online,1384,,
SUB-7854,CUST-17854,Prepaid Saver 30D,Prepaid,2022-01-07,Active,Agent,1420,,
SUB-7855,CUST-17855,Student Special 4G,Prepaid,2025-02-20,Active,Agent,518,,
SUB-7856,CUST-17856,Student Special 4G,Prepaid,2025-09-18,Churned,Retail,1238,2025-10-10,Voluntary
SUB-7857,CUST-17857,Student Special 4G,Prepaid,2025-10-18,Active,Online,447,,
SUB-7858,CUST-17858,Unlimited Data Max,Prepaid,2021-08-10,Active,Online,398,,
SUB-7859,CUST-17859,Family Bundle,Postpaid,2022-11-03,Active,Agent,1294,,
SUB-7860,CUST-17860,Student Special 4G,Prepaid,2024-03-27,Active,Agent,1405,,
SUB-7861,CUST-17861,Prepaid Saver 30D,Prepaid,2023-03-03,Active,Online,504,,
SUB-7862,CUST-17862,Postpaid Corporate,Postpaid,2023-03-03,Active,Agent,574,,
SUB-7863,CUST-17863,Prepaid Saver 30D,Prepaid,2025-11-17,Churned,Referral,1384,2025-12-04,Involuntary
SUB-7864,CUST-17864,Postpaid Corporate,Postpaid,2023-10-29,Churned,Referral,1490,2025-01-05,Involuntary
SUB-7865,CUST-17865,Student Special 4G,Prepaid,2022-11-03,Active,Referral,1338,,
SUB-7866,CUST-17866,Prepaid Saver 30D,Prepaid,2022-11-03,Active,Agent,348,,
SUB-7867,CUST-17867,Unlimited Data Max,Prepaid,2025-05-21,Active,Online,521,,
SUB-7868,CUST-17868,Prepaid Saver 30D,Prepaid,2021-01-12,Active,Agent,1213,,
SUB-7869,CUST-17869,Postpaid Corporate,Postpaid,2025-10-18,Active,Referral,607,,
SUB-7870,CUST-17870,Postpaid Corporate,Postpaid,2021-05-12,Churned,Referral,1456,2025-04-12,Involuntary
SUB-7871,CUST-17871,Prepaid Saver 30D,Prepaid,2020-09-14,Active,Referral,572,,
SUB-7872,CUST-17872,Family Bundle,Postpaid,2022-01-07,Churned,Online,381,2026-04-15,Involuntary
SUB-7873,CUST-17873,Unlimited Data Max,Prepaid,2023-03-03,Active,Referral,475,,
SUB-7874,CUST-17874,Unlimited Data Max,Prepaid,2025-04-21,Active,Online,1387,,
SUB-7875,CUST-17875,Prepaid Saver 30D,Prepaid,2024-06-25,Active,Online,1466,,
SUB-7876,CUST-17876,Student Special 4G,Prepaid,2023-04-02,Active,Online,968,,
SUB-7877,CUST-17877,Student Special 4G,Prepaid,2025-11-17,Active,Online,712,,
SUB-7878,CUST-17878,Student Special 4G,Prepaid,2022-04-07,Active,Online,1318,,
SUB-7879,CUST-17879,Student Special 4G,Prepaid,2021-01-12,Active,Agent,1273,,
SUB-7880,CUST-17880,Prepaid Saver 30D,Prepaid,2022-02-06,Active,Online,1426,,
SUB-7881,CUST-17881,Prepaid Saver 30D,Prepaid,2020-12-13,Active,Online,305,,
SUB-7882,CUST-17882,Postpaid Corporate,Postpaid,2023-08-30,Active,Agent,318,,
SUB-7883,CUST-17883,Prepaid Saver 30D,Prepaid,2024-11-22,Active,Retail,885,,
SUB-7884,CUST-17884,Prepaid Saver 30D,Prepaid,2026-04-16,Active,Retail,898,,
SUB-7885,CUST-17885,Unlimited Data Max,Prepaid,2023-11-28,Active,Referral,1354,,
SUB-7886,CUST-17886,Prepaid Saver 30D,Prepaid,2025-09-18,Active,Online,1109,,
SUB-7887,CUST-17887,Prepaid Saver 30D,Prepaid,2022-09-04,Active,Retail,1262,,
SUB-7888,CUST-17888,Unlimited Data Max,Prepaid,2021-10-09,Active,Retail,1429,,
SUB-7889,CUST-17889,Family Bundle,Postpaid,2025-10-18,Active,Retail,459,,
SUB-7890,CUST-17890,Unlimited Data Max,Prepaid,2023-06-01,Active,Retail,1219,,
SUB-7891,CUST-17891,Family Bundle,Postpaid,2023-04-02,Active,Retail,598,,
SUB-7892,CUST-17892,Unlimited Data Max,Prepaid,2024-07-25,Churned,Online,516,2025-03-17,Voluntary
SUB-7893,CUST-17893,Student Special 4G,Prepaid,2025-02-20,Churned,Retail,382,2025-04-26,Voluntary
SUB-7894,CUST-17894,Prepaid Saver 30D,Prepaid,2022-04-07,Active,Referral,943,,
SUB-7895,CUST-17895,Unlimited Data Max,Prepaid,2025-02-20,Active,Agent,1468,,
SUB-7896,CUST-17896,Unlimited Data Max,Prepaid,2026-03-17,Active,Referral,1085,,
SUB-7897,CUST-17897,Prepaid Saver 30D,Prepaid,2022-12-03,Active,Referral,587,,
SUB-7898,CUST-17898,Student Special 4G,Prepaid,2026-01-16,Active,Retail,1353,,
SUB-7899,CUST-17899,Unlimited Data Max,Prepaid,2024-07-25,Active,Agent,877,,
SUB-7900,CUST-17900,Unlimited Data Max,Prepaid,2025-11-17,Active,Retail,405,,
SUB-7901,CUST-17901,Postpaid Corporate,Postpaid,2023-03-03,Active,Online,480,,
SUB-7902,CUST-17902,Postpaid Corporate,Postpaid,2025-02-20,Active,Agent,727,,
SUB-7903,CUST-17903,Prepaid Saver 30D,Prepaid,2024-11-22,Churned,Online,1141,2026-02-15,Involuntary
SUB-7904,CUST-17904,Unlimited Data Max,Prepaid,2024-01-27,Active,Online,550,,
SUB-7905,CUST-17905,Prepaid Saver 30D,Prepaid,2023-07-31,Churned,Retail,1081,2026-02-08,Voluntary
SUB-7906,CUST-17906,Unlimited Data Max,Prepaid,2022-03-08,Active,Retail,647,,
SUB-7907,CUST-17907,Postpaid Corporate,Postpaid,2020-12-13,Churned,Agent,830,2026-03-05,Voluntary
SUB-7908,CUST-17908,Prepaid Saver 30D,Prepaid,2022-12-03,Active,Agent,1169,,
SUB-7909,CUST-17909,Family Bundle,Postpaid,2023-07-31,Active,Referral,581,,
SUB-7910,CUST-17910,Prepaid Saver 30D,Prepaid,2023-01-02,Active,Referral,1435,,
SUB-7911,CUST-17911,Prepaid Saver 30D,Prepaid,2023-07-01,Active,Referral,814,,
SUB-7912,CUST-17912,Student Special 4G,Prepaid,2026-05-16,Active,Retail,1283,,
SUB-7913,CUST-17913,Family Bundle,Postpaid,2023-07-31,Churned,Retail,1351,2025-04-16,Voluntary
SUB-7914,CUST-17914,Student Special 4G,Prepaid,2022-02-06,Active,Retail,1182,,
SUB-7915,CUST-17915,Prepaid Saver 30D,Prepaid,2021-06-11,Churned,Agent,740,2025-02-04,Voluntary
SUB-7916,CUST-17916,Student Special 4G,Prepaid,2025-11-17,Active,Retail,1151,,
SUB-7917,CUST-17917,Unlimited Data Max,Prepaid,2022-06-06,Active,Online,1469,,
SUB-7918,CUST-17918,Student Special 4G,Prepaid,2025-10-18,Active,Online,1208,,
SUB-7919,CUST-17919,Postpaid Corporate,Postpaid,2026-03-17,Active,Agent,1178,,
SUB-7920,CUST-17920,Prepaid Saver 30D,Prepaid,2026-02-15,Active,Agent,452,,
SUB-7921,CUST-17921,Student Special 4G,Prepaid,2025-09-18,Active,Retail,886,,
SUB-7922,CUST-17922,Postpaid Corporate,Postpaid,2025-12-17,Active,Retail,1345,,
SUB-7923,CUST-17923,Postpaid Corporate,Postpaid,2023-01-02,Active,Agent,1430,,
SUB-7924,CUST-17924,Family Bundle,Postpaid,2021-01-12,Active,Agent,1157,,
SUB-7925,CUST-17925,Postpaid Corporate,Postpaid,2022-01-07,Active,Referral,819,,
SUB-7926,CUST-17926,Prepaid Saver 30D,Prepaid,2022-03-08,Active,Agent,577,,
SUB-7927,CUST-17927,Unlimited Data Max,Prepaid,2025-09-18,Active,Retail,1249,,
SUB-7928,CUST-17928,Prepaid Saver 30D,Prepaid,2020-12-13,Churned,Online,806,2025-07-11,Voluntary
SUB-7929,CUST-17929,Unlimited Data Max,Prepaid,2023-07-01,Active,Online,511,,
SUB-7930,CUST-17930,Postpaid Corporate,Postpaid,2026-03-17,Active,Online,356,,
SUB-7931,CUST-17931,Student Special 4G,Prepaid,2022-09-04,Active,Referral,881,,
SUB-7932,CUST-17932,Prepaid Saver 30D,Prepaid,2022-04-07,Active,Online,915,,
SUB-7933,CUST-17933,Family Bundle,Postpaid,2024-01-27,Active,Online,792,,
SUB-7934,CUST-17934,Postpaid Corporate,Postpaid,2022-04-07,Churned,Agent,833,2025-01-14,Involuntary
SUB-7935,CUST-17935,Family Bundle,Postpaid,2022-05-07,Active,Agent,765,,
SUB-7936,CUST-17936,Unlimited Data Max,Prepaid,2023-01-02,Churned,Retail,677,2026-04-06,Voluntary
SUB-7937,CUST-17937,Prepaid Saver 30D,Prepaid,2024-05-26,Active,Agent,812,,
SUB-7938,CUST-17938,Postpaid Corporate,Postpaid,2020-08-15,Active,Referral,821,,
SUB-7939,CUST-17939,Student Special 4G,Prepaid,2022-10-04,Active,Referral,1285,,
SUB-7940,CUST-17940,Family Bundle,Postpaid,2023-09-29,Active,Retail,937,,
SUB-7941,CUST-17941,Student Special 4G,Prepaid,2021-12-08,Active,Online,1329,,
SUB-7942,CUST-17942,Unlimited Data Max,Prepaid,2024-12-22,Active,Referral,679,,
SUB-7943,CUST-17943,Prepaid Saver 30D,Prepaid,2020-11-13,Churned,Referral,922,2025-07-14,Voluntary
SUB-7944,CUST-17944,Postpaid Corporate,Postpaid,2022-02-06,Active,Retail,524,,
SUB-7945,CUST-17945,Unlimited Data Max,Prepaid,2022-09-04,Active,Agent,484,,
SUB-7946,CUST-17946,Family Bundle,Postpaid,2024-11-22,Active,Referral,1352,,
SUB-7947,CUST-17947,Postpaid Corporate,Postpaid,2024-05-26,Active,Agent,1401,,
SUB-7948,CUST-17948,Student Special 4G,Prepaid,2020-11-13,Active,Online,595,,
SUB-7949,CUST-17949,Family Bundle,Postpaid,2022-03-08,Active,Referral,713,,
SUB-7950,CUST-17950,Unlimited Data Max,Prepaid,2025-10-18,Active,Retail,482,,
SUB-7951,CUST-17951,Prepaid Saver 30D,Prepaid,2021-09-09,Active,Online,734,,
SUB-7952,CUST-17952,Postpaid Corporate,Postpaid,2025-09-18,Active,Agent,686,,
SUB-7953,CUST-17953,Student Special 4G,Prepaid,2023-12-28,Active,Online,1118,,
SUB-7954,CUST-17954,Postpaid Corporate,Postpaid,2023-12-28,Active,Online,473,,
SUB-7955,CUST-17955,Unlimited Data Max,Prepaid,2024-04-26,Active,Agent,627,,
SUB-7956,CUST-17956,Postpaid Corporate,Postpaid,2023-07-01,Active,Referral,351,,
SUB-7957,CUST-17957,Prepaid Saver 30D,Prepaid,2025-07-20,Active,Online,984,,
SUB-7958,CUST-17958,Prepaid Saver 30D,Prepaid,2022-08-05,Active,Referral,910,,
SUB-7959,CUST-17959,Family Bundle,Postpaid,2022-06-06,Active,Agent,414,,
SUB-7960,CUST-17960,Unlimited Data Max,Prepaid,2021-06-11,Active,Retail,1079,,
SUB-7961,CUST-17961,Unlimited Data Max,Prepaid,2023-10-29,Active,Retail,333,,
SUB-7962,CUST-17962,Prepaid Saver 30D,Prepaid,2023-05-02,Active,Retail,1232,,
SUB-7963,CUST-17963,Student Special 4G,Prepaid,2025-08-19,Active,Referral,707,,
SUB-7964,CUST-17964,Unlimited Data Max,Prepaid,2024-05-26,Active,Agent,1127,,
SUB-7965,CUST-17965,Unlimited Data Max,Prepaid,2023-03-03,Active,Retail,1224,,
SUB-7966,CUST-17966,Prepaid Saver 30D,Prepaid,2023-12-28,Active,Referral,737,,
SUB-7967,CUST-17967,Postpaid Corporate,Postpaid,2020-08-15,Active,Referral,994,,
SUB-7968,CUST-17968,Unlimited Data Max,Prepaid,2024-10-23,Active,Referral,845,,
SUB-7969,CUST-17969,Student Special 4G,Prepaid,2026-02-15,Active,Referral,1476,,
SUB-7970,CUST-17970,Student Special 4G,Prepaid,2021-05-12,Active,Referral,1108,,
SUB-7971,CUST-17971,Prepaid Saver 30D,Prepaid,2023-06-01,Active,Retail,1208,,
SUB-7972,CUST-17972,Unlimited Data Max,Prepaid,2025-12-17,Active,Agent,970,,
SUB-7973,CUST-17973,Prepaid Saver 30D,Prepaid,2020-12-13,Active,Online,433,,
SUB-7974,CUST-17974,Unlimited Data Max,Prepaid,2025-03-22,Active,Retail,994,,
SUB-7975,CUST-17975,Prepaid Saver 30D,Prepaid,2020-10-14,Active,Retail,1441,,
SUB-7976,CUST-17976,Student Special 4G,Prepaid,2024-05-26,Active,Retail,1257,,
SUB-7977,CUST-17977,Unlimited Data Max,Prepaid,2024-05-26,Active,Agent,1359,,
SUB-7978,CUST-17978,Unlimited Data Max,Prepaid,2025-02-20,Churned,Online,668,2026-04-27,Voluntary
SUB-7979,CUST-17979,Unlimited Data Max,Prepaid,2025-05-21,Active,Retail,873,,
SUB-7980,CUST-17980,Unlimited Data Max,Prepaid,2021-10-09,Active,Retail,1471,,
SUB-7981,CUST-17981,Prepaid Saver 30D,Prepaid,2023-12-28,Active,Agent,344,,
SUB-7982,CUST-17982,Prepaid Saver 30D,Prepaid,2023-03-03,Active,Agent,667,,
SUB-7983,CUST-17983,Student Special 4G,Prepaid,2024-07-25,Active,Agent,654,,
SUB-7984,CUST-17984,Unlimited Data Max,Prepaid,2023-11-28,Active,Retail,1378,,
SUB-7985,CUST-17985,Prepaid Saver 30D,Prepaid,2023-07-31,Active,Agent,1382,,
SUB-7986,CUST-17986,Family Bundle,Postpaid,2024-07-25,Active,Referral,339,,
SUB-7987,CUST-17987,Prepaid Saver 30D,Prepaid,2022-12-03,Active,Referral,931,,
SUB-7988,CUST-17988,Student Special 4G,Prepaid,2023-08-30,Active,Retail,452,,
SUB-7989,CUST-17989,Prepaid Saver 30D,Prepaid,2021-12-08,Active,Online,581,,
SUB-7990,CUST-17990,Unlimited Data Max,Prepaid,2021-11-08,Active,Referral,1092,,
SUB-7991,CUST-17991,Unlimited Data Max,Prepaid,2022-09-04,Active,Online,1458,,
SUB-7992,CUST-17992,Student Special 4G,Prepaid,2025-10-18,Churned,Retail,1348,2026-02-14,Voluntary
SUB-7993,CUST-17993,Student Special 4G,Prepaid,2021-03-13,Active,Retail,1242,,
SUB-7994,CUST-17994,Prepaid Saver 30D,Prepaid,2022-05-07,Active,Referral,1103,,
SUB-7995,CUST-17995,Prepaid Saver 30D,Prepaid,2022-02-06,Active,Agent,1180,,
SUB-7996,CUST-17996,Prepaid Saver 30D,Prepaid,2022-08-05,Active,Online,1311,,
SUB-7997,CUST-17997,Unlimited Data Max,Prepaid,2023-06-01,Active,Agent,1356,,
SUB-7998,CUST-17998,Unlimited Data Max,Prepaid,2023-02-01,Active,Referral,1215,,
SUB-7999,CUST-17999,Family Bundle,Postpaid,2025-09-18,Active,Referral,1360,,
SUB-8000,CUST-18000,Unlimited Data Max,Prepaid,2021-01-12,Active,Retail,438,,
SUB-8001,CUST-18001,Prepaid Saver 30D,Prepaid,2021-09-09,Active,Referral,1405,,
SUB-8002,CUST-18002,Postpaid Corporate,Postpaid,2021-02-11,Active,Agent,1110,,
SUB-8003,CUST-18003,Prepaid Saver 30D,Prepaid,2022-04-07,Active,Online,663,,
SUB-8004,CUST-18004,Family Bundle,Postpaid,2024-11-22,Active,Retail,595,,
SUB-8005,CUST-18005,Unlimited Data Max,Prepaid,2024-06-25,Active,Retail,606,,
SUB-8006,CUST-18006,Student Special 4G,Prepaid,2021-05-12,Active,Referral,803,,
SUB-8007,CUST-18007,Unlimited Data Max,Prepaid,2025-01-21,Active,Agent,724,,
SUB-8008,CUST-18008,Unlimited Data Max,Prepaid,2022-11-03,Active,Agent,667,,
SUB-8009,CUST-18009,Prepaid Saver 30D,Prepaid,2022-08-05,Churned,Agent,885,2025-03-18,Involuntary
SUB-8010,CUST-18010,Student Special 4G,Prepaid,2025-04-21,Churned,Online,1382,2026-03-13,Voluntary
SUB-8011,CUST-18011,Prepaid Saver 30D,Prepaid,2025-12-17,Active,Online,1015,,
SUB-8012,CUST-18012,Prepaid Saver 30D,Prepaid,2026-03-17,Active,Retail,301,,
SUB-8013,CUST-18013,Prepaid Saver 30D,Prepaid,2021-11-08,Active,Retail,985,,
SUB-8014,CUST-18014,Unlimited Data Max,Prepaid,2024-09-23,Active,Online,372,,
SUB-8015,CUST-18015,Student Special 4G,Prepaid,2025-01-21,Active,Referral,897,,
SUB-8016,CUST-18016,Family Bundle,Postpaid,2021-02-11,Active,Retail,1481,,
SUB-8017,CUST-18017,Postpaid Corporate,Postpaid,2022-12-03,Active,Retail,1170,,
SUB-8018,CUST-18018,Prepaid Saver 30D,Prepaid,2026-04-16,Churned,Online,921,2026-05-16,Voluntary
SUB-8019,CUST-18019,Postpaid Corporate,Postpaid,2024-08-24,Churned,Referral,1257,2025-05-17,Voluntary
SUB-8020,CUST-18020,Prepaid Saver 30D,Prepaid,2023-08-30,Active,Online,1139,,
SUB-8021,CUST-18021,Unlimited Data Max,Prepaid,2023-08-30,Active,Online,1218,,
SUB-8022,CUST-18022,Prepaid Saver 30D,Prepaid,2021-11-08,Active,Agent,441,,
SUB-8023,CUST-18023,Postpaid Corporate,Postpaid,2021-10-09,Active,Agent,608,,
SUB-8024,CUST-18024,Student Special 4G,Prepaid,2026-03-17,Active,Retail,747,,
SUB-8025,CUST-18025,Prepaid Saver 30D,Prepaid,2024-09-23,Active,Retail,880,,
SUB-8026,CUST-18026,Student Special 4G,Prepaid,2022-12-03,Active,Retail,1365,,
SUB-8027,CUST-18027,Student Special 4G,Prepaid,2026-03-17,Active,Referral,1187,,
SUB-8028,CUST-18028,Family Bundle,Postpaid,2023-02-01,Active,Referral,1071,,
SUB-8029,CUST-18029,Family Bundle,Postpaid,2025-12-17,Active,Online,1331,,
SUB-8030,CUST-18030,Unlimited Data Max,Prepaid,2023-02-01,Active,Retail,597,,
SUB-8031,CUST-18031,Prepaid Saver 30D,Prepaid,2025-12-17,Active,Retail,958,,
SUB-8032,CUST-18032,Student Special 4G,Prepaid,2022-02-06,Active,Online,1050,,
SUB-8033,CUST-18033,Student Special 4G,Prepaid,2023-09-29,Churned,Retail,871,2026-02-12,Voluntary
SUB-8034,CUST-18034,Unlimited Data Max,Prepaid,2020-11-13,Active,Online,1018,,
SUB-8035,CUST-18035,Postpaid Corporate,Postpaid,2025-12-17,Active,Retail,918,,
SUB-8036,CUST-18036,Student Special 4G,Prepaid,2021-05-12,Active,Retail,967,,
SUB-8037,CUST-18037,Unlimited Data Max,Prepaid,2023-12-28,Active,Referral,785,,
SUB-8038,CUST-18038,Prepaid Saver 30D,Prepaid,2023-07-31,Active,Online,980,,
SUB-8039,CUST-18039,Prepaid Saver 30D,Prepaid,2022-05-07,Active,Retail,305,,
SUB-8040,CUST-18040,Prepaid Saver 30D,Prepaid,2022-10-04,Active,Retail,668,,
SUB-8041,CUST-18041,Prepaid Saver 30D,Prepaid,2021-04-12,Active,Retail,1481,,
SUB-8042,CUST-18042,Unlimited Data Max,Prepaid,2021-07-11,Active,Agent,309,,
SUB-8043,CUST-18043,Student Special 4G,Prepaid,2025-02-20,Active,Online,983,,
SUB-8044,CUST-18044,Unlimited Data Max,Prepaid,2024-10-23,Churned,Agent,1289,2025-03-28,Involuntary
SUB-8045,CUST-18045,Student Special 4G,Prepaid,2021-04-12,Active,Retail,659,,
SUB-8046,CUST-18046,Unlimited Data Max,Prepaid,2021-09-09,Active,Agent,517,,
SUB-8047,CUST-18047,Student Special 4G,Prepaid,2020-09-14,Active,Online,532,,
SUB-8048,CUST-18048,Prepaid Saver 30D,Prepaid,2021-01-12,Active,Retail,1417,,
SUB-8049,CUST-18049,Postpaid Corporate,Postpaid,2022-10-04,Churned,Online,808,2025-04-18,Voluntary
SUB-8050,CUST-18050,Unlimited Data Max,Prepaid,2020-10-14,Active,Retail,1196,,
SUB-8051,CUST-18051,Prepaid Saver 30D,Prepaid,2022-02-06,Active,Agent,1288,,
SUB-8052,CUST-18052,Prepaid Saver 30D,Prepaid,2021-03-13,Active,Retail,1333,,
SUB-8053,CUST-18053,Unlimited Data Max,Prepaid,2023-07-31,Active,Referral,523,,
SUB-8054,CUST-18054,Postpaid Corporate,Postpaid,2020-10-14,Active,Retail,707,,
SUB-8055,CUST-18055,Unlimited Data Max,Prepaid,2025-12-17,Active,Agent,1086,,
SUB-8056,CUST-18056,Family Bundle,Postpaid,2021-02-11,Active,Online,739,,
SUB-8057,CUST-18057,Prepaid Saver 30D,Prepaid,2020-10-14,Active,Online,421,,
SUB-8058,CUST-18058,Unlimited Data Max,Prepaid,2021-10-09,Active,Retail,1224,,
SUB-8059,CUST-18059,Family Bundle,Postpaid,2020-11-13,Active,Retail,403,,
SUB-8060,CUST-18060,Unlimited Data Max,Prepaid,2023-12-28,Active,Agent,651,,
SUB-8061,CUST-18061,Student Special 4G,Prepaid,2024-07-25,Active,Referral,1151,,
SUB-8062,CUST-18062,Prepaid Saver 30D,Prepaid,2025-08-19,Active,Retail,604,,
SUB-8063,CUST-18063,Prepaid Saver 30D,Prepaid,2025-04-21,Active,Retail,481,,
SUB-8064,CUST-18064,Student Special 4G,Prepaid,2021-05-12,Active,Agent,1357,,
SUB-8065,CUST-18065,Unlimited Data Max,Prepaid,2026-01-16,Churned,Retail,420,2026-04-10,Voluntary
SUB-8066,CUST-18066,Postpaid Corporate,Postpaid,2025-03-22,Active,Retail,1152,,
SUB-8067,CUST-18067,Unlimited Data Max,Prepaid,2023-07-01,Churned,Referral,847,2026-03-20,Involuntary
SUB-8068,CUST-18068,Postpaid Corporate,Postpaid,2024-04-26,Churned,Retail,1149,2026-03-22,Involuntary
SUB-8069,CUST-18069,Unlimited Data Max,Prepaid,2021-01-12,Active,Online,407,,
SUB-8070,CUST-18070,Unlimited Data Max,Prepaid,2026-03-17,Active,Retail,672,,
SUB-8071,CUST-18071,Unlimited Data Max,Prepaid,2026-03-17,Active,Online,1254,,
SUB-8072,CUST-18072,Postpaid Corporate,Postpaid,2024-10-23,Active,Referral,839,,
SUB-8073,CUST-18073,Family Bundle,Postpaid,2022-11-03,Active,Referral,601,,
SUB-8074,CUST-18074,Family Bundle,Postpaid,2024-04-26,Active,Online,1429,,
SUB-8075,CUST-18075,Postpaid Corporate,Postpaid,2021-07-11,Active,Agent,1186,,
SUB-8076,CUST-18076,Student Special 4G,Prepaid,2025-11-17,Active,Referral,397,,
SUB-8077,CUST-18077,Student Special 4G,Prepaid,2024-03-27,Active,Online,1066,,
SUB-8078,CUST-18078,Prepaid Saver 30D,Prepaid,2022-08-05,Active,Referral,1320,,
SUB-8079,CUST-18079,Unlimited Data Max,Prepaid,2022-11-03,Active,Online,1478,,
SUB-8080,CUST-18080,Postpaid Corporate,Postpaid,2023-06-01,Active,Retail,653,,
SUB-8081,CUST-18081,Unlimited Data Max,Prepaid,2023-10-29,Active,Retail,793,,
SUB-8082,CUST-18082,Student Special 4G,Prepaid,2025-11-17,Active,Referral,1281,,
SUB-8083,CUST-18083,Prepaid Saver 30D,Prepaid,2026-01-16,Churned,Referral,1335,2026-05-29,Involuntary
SUB-8084,CUST-18084,Prepaid Saver 30D,Prepaid,2026-02-15,Active,Agent,1270,,
SUB-8085,CUST-18085,Student Special 4G,Prepaid,2023-07-01,Active,Referral,712,,
SUB-8086,CUST-18086,Unlimited Data Max,Prepaid,2021-04-12,Churned,Online,364,2026-04-01,Involuntary
SUB-8087,CUST-18087,Family Bundle,Postpaid,2025-11-17,Churned,Agent,1461,2026-03-23,Voluntary
SUB-8088,CUST-18088,Family Bundle,Postpaid,2026-01-16,Active,Agent,1001,,
SUB-8089,CUST-18089,Postpaid Corporate,Postpaid,2022-06-06,Active,Agent,1334,,
SUB-8090,CUST-18090,Postpaid Corporate,Postpaid,2023-07-01,Active,Online,1315,,
SUB-8091,CUST-18091,Unlimited Data Max,Prepaid,2024-07-25,Active,Agent,521,,
SUB-8092,CUST-18092,Prepaid Saver 30D,Prepaid,2026-04-16,Active,Agent,575,,
SUB-8093,CUST-18093,Student Special 4G,Prepaid,2021-10-09,Churned,Referral,586,2025-11-07,Voluntary
SUB-8094,CUST-18094,Unlimited Data Max,Prepaid,2022-08-05,Active,Agent,315,,
SUB-8095,CUST-18095,Prepaid Saver 30D,Prepaid,2023-01-02,Active,Online,326,,
SUB-8096,CUST-18096,Prepaid Saver 30D,Prepaid,2025-01-21,Active,Referral,1427,,
SUB-8097,CUST-18097,Postpaid Corporate,Postpaid,2020-12-13,Active,Retail,689,,
SUB-8098,CUST-18098,Postpaid Corporate,Postpaid,2026-01-16,Active,Retail,934,,
SUB-8099,CUST-18099,Unlimited Data Max,Prepaid,2022-02-06,Active,Retail,1327,,
SUB-8100,CUST-18100,Unlimited Data Max,Prepaid,2022-03-08,Active,Referral,352,,
SUB-8101,CUST-18101,Student Special 4G,Prepaid,2022-03-08,Churned,Retail,600,2026-01-07,Voluntary
SUB-8102,CUST-18102,Unlimited Data Max,Prepaid,2022-12-03,Churned,Online,1090,2026-01-21,Voluntary
SUB-8103,CUST-18103,Prepaid Saver 30D,Prepaid,2024-08-24,Churned,Online,1040,2025-05-30,Involuntary
SUB-8104,CUST-18104,Unlimited Data Max,Prepaid,2023-09-29,Churned,Referral,1281,2025-03-28,Voluntary
SUB-8105,CUST-18105,Student Special 4G,Prepaid,2023-10-29,Active,Online,988,,
SUB-8106,CUST-18106,Unlimited Data Max,Prepaid,2021-05-12,Active,Referral,1477,,
SUB-8107,CUST-18107,Prepaid Saver 30D,Prepaid,2022-02-06,Churned,Retail,651,2025-01-07,Voluntary
SUB-8108,CUST-18108,Prepaid Saver 30D,Prepaid,2023-08-30,Active,Online,1019,,
SUB-8109,CUST-18109,Unlimited Data Max,Prepaid,2022-03-08,Churned,Agent,1071,2025-10-06,Voluntary
SUB-8110,CUST-18110,Family Bundle,Postpaid,2020-10-14,Active,Online,848,,
SUB-8111,CUST-18111,Student Special 4G,Prepaid,2022-05-07,Active,Referral,847,,
SUB-8112,CUST-18112,Postpaid Corporate,Postpaid,2024-04-26,Active,Online,620,,
SUB-8113,CUST-18113,Prepaid Saver 30D,Prepaid,2026-05-16,Active,Online,1377,,
SUB-8114,CUST-18114,Unlimited Data Max,Prepaid,2021-04-12,Active,Retail,1398,,
SUB-8115,CUST-18115,Prepaid Saver 30D,Prepaid,2026-04-16,Active,Agent,894,,
SUB-8116,CUST-18116,Unlimited Data Max,Prepaid,2023-06-01,Active,Agent,803,,
SUB-8117,CUST-18117,Postpaid Corporate,Postpaid,2026-01-16,Churned,Online,464,2026-05-02,Voluntary
SUB-8118,CUST-18118,Unlimited Data Max,Prepaid,2021-04-12,Active,Referral,648,,
SUB-8119,CUST-18119,Postpaid Corporate,Postpaid,2026-03-17,Churned,Referral,1110,2026-04-08,Voluntary
SUB-8120,CUST-18120,Prepaid Saver 30D,Prepaid,2022-06-06,Active,Agent,339,,
SUB-8121,CUST-18121,Prepaid Saver 30D,Prepaid,2021-12-08,Active,Online,1488,,
SUB-8122,CUST-18122,Unlimited Data Max,Prepaid,2022-02-06,Churned,Retail,1323,2026-05-28,Voluntary
SUB-8123,CUST-18123,Prepaid Saver 30D,Prepaid,2023-04-02,Active,Referral,1228,,
SUB-8124,CUST-18124,Prepaid Saver 30D,Prepaid,2023-01-02,Active,Referral,382,,
SUB-8125,CUST-18125,Prepaid Saver 30D,Prepaid,2023-07-01,Active,Referral,559,,
SUB-8126,CUST-18126,Family Bundle,Postpaid,2022-01-07,Churned,Online,486,2025-06-23,Involuntary
SUB-8127,CUST-18127,Prepaid Saver 30D,Prepaid,2025-11-17,Active,Online,758,,
SUB-8128,CUST-18128,Unlimited Data Max,Prepaid,2021-03-13,Active,Referral,347,,
SUB-8129,CUST-18129,Prepaid Saver 30D,Prepaid,2021-12-08,Active,Agent,1313,,
SUB-8130,CUST-18130,Prepaid Saver 30D,Prepaid,2020-10-14,Active,Referral,657,,
SUB-8131,CUST-18131,Student Special 4G,Prepaid,2025-11-17,Active,Referral,877,,
SUB-8132,CUST-18132,Unlimited Data Max,Prepaid,2025-03-22,Active,Online,360,,
SUB-8133,CUST-18133,Student Special 4G,Prepaid,2025-02-20,Active,Online,1320,,
SUB-8134,CUST-18134,Postpaid Corporate,Postpaid,2023-12-28,Churned,Retail,488,2025-09-27,Voluntary
SUB-8135,CUST-18135,Unlimited Data Max,Prepaid,2021-08-10,Active,Referral,885,,
SUB-8136,CUST-18136,Prepaid Saver 30D,Prepaid,2021-11-08,Active,Retail,654,,
SUB-8137,CUST-18137,Prepaid Saver 30D,Prepaid,2022-05-07,Active,Retail,845,,
SUB-8138,CUST-18138,Prepaid Saver 30D,Prepaid,2024-01-27,Active,Agent,993,,
SUB-8139,CUST-18139,Prepaid Saver 30D,Prepaid,2025-11-17,Active,Referral,751,,
SUB-8140,CUST-18140,Prepaid Saver 30D,Prepaid,2022-05-07,Active,Retail,702,,
SUB-8141,CUST-18141,Postpaid Corporate,Postpaid,2025-12-17,Active,Referral,463,,
SUB-8142,CUST-18142,Prepaid Saver 30D,Prepaid,2025-03-22,Active,Retail,1227,,
SUB-8143,CUST-18143,Postpaid Corporate,Postpaid,2024-01-27,Active,Online,1113,,
SUB-8144,CUST-18144,Student Special 4G,Prepaid,2021-11-08,Churned,Online,1194,2025-06-30,Voluntary
SUB-8145,CUST-18145,Prepaid Saver 30D,Prepaid,2022-12-03,Active,Referral,833,,
SUB-8146,CUST-18146,Prepaid Saver 30D,Prepaid,2025-10-18,Active,Referral,1039,,
SUB-8147,CUST-18147,Unlimited Data Max,Prepaid,2024-12-22,Active,Online,320,,
SUB-8148,CUST-18148,Unlimited Data Max,Prepaid,2021-06-11,Churned,Retail,549,2026-05-07,Involuntary
SUB-8149,CUST-18149,Prepaid Saver 30D,Prepaid,2023-01-02,Churned,Online,626,2025-05-23,Voluntary
SUB-8150,CUST-18150,Prepaid Saver 30D,Prepaid,2022-08-05,Active,Online,624,,
SUB-8151,CUST-18151,Student Special 4G,Prepaid,2024-04-26,Churned,Online,402,2025-02-13,Voluntary
SUB-8152,CUST-18152,Unlimited Data Max,Prepaid,2021-09-09,Active,Online,523,,
SUB-8153,CUST-18153,Postpaid Corporate,Postpaid,2023-01-02,Active,Retail,1019,,
SUB-8154,CUST-18154,Unlimited Data Max,Prepaid,2025-12-17,Churned,Online,1472,2026-02-14,Voluntary
SUB-8155,CUST-18155,Unlimited Data Max,Prepaid,2022-03-08,Active,Agent,981,,
SUB-8156,CUST-18156,Prepaid Saver 30D,Prepaid,2024-09-23,Active,Agent,401,,
SUB-8157,CUST-18157,Prepaid Saver 30D,Prepaid,2021-07-11,Active,Retail,432,,
SUB-8158,CUST-18158,Unlimited Data Max,Prepaid,2022-09-04,Active,Online,489,,
SUB-8159,CUST-18159,Unlimited Data Max,Prepaid,2025-04-21,Active,Agent,411,,
SUB-8160,CUST-18160,Prepaid Saver 30D,Prepaid,2026-03-17,Active,Agent,1352,,
SUB-8161,CUST-18161,Prepaid Saver 30D,Prepaid,2025-11-17,Active,Referral,428,,
SUB-8162,CUST-18162,Prepaid Saver 30D,Prepaid,2024-12-22,Churned,Agent,1302,2025-10-28,Voluntary
SUB-8163,CUST-18163,Prepaid Saver 30D,Prepaid,2025-09-18,Active,Online,1064,,
SUB-8164,CUST-18164,Prepaid Saver 30D,Prepaid,2022-08-05,Active,Referral,1455,,
SUB-8165,CUST-18165,Unlimited Data Max,Prepaid,2025-06-20,Active,Referral,659,,
SUB-8166,CUST-18166,Prepaid Saver 30D,Prepaid,2023-10-29,Active,Agent,1078,,
SUB-8167,CUST-18167,Prepaid Saver 30D,Prepaid,2024-06-25,Active,Online,701,,
SUB-8168,CUST-18168,Prepaid Saver 30D,Prepaid,2022-08-05,Active,Referral,1184,,
SUB-8169,CUST-18169,Family Bundle,Postpaid,2026-03-17,Active,Retail,333,,
SUB-8170,CUST-18170,Student Special 4G,Prepaid,2024-01-27,Active,Retail,1087,,
SUB-8171,CUST-18171,Unlimited Data Max,Prepaid,2021-07-11,Active,Online,672,,
SUB-8172,CUST-18172,Unlimited Data Max,Prepaid,2024-12-22,Churned,Retail,301,2026-02-06,Voluntary
SUB-8173,CUST-18173,Student Special 4G,Prepaid,2021-06-11,Active,Referral,1378,,
SUB-8174,CUST-18174,Prepaid Saver 30D,Prepaid,2025-05-21,Churned,Online,360,2025-07-24,Voluntary
SUB-8175,CUST-18175,Prepaid Saver 30D,Prepaid,2022-04-07,Active,Online,489,,
SUB-8176,CUST-18176,Postpaid Corporate,Postpaid,2024-09-23,Active,Retail,458,,
SUB-8177,CUST-18177,Prepaid Saver 30D,Prepaid,2024-04-26,Active,Online,947,,
SUB-8178,CUST-18178,Unlimited Data Max,Prepaid,2023-05-02,Active,Referral,1262,,
SUB-8179,CUST-18179,Unlimited Data Max,Prepaid,2022-04-07,Active,Agent,1101,,
SUB-8180,CUST-18180,Unlimited Data Max,Prepaid,2023-05-02,Active,Agent,993,,
SUB-8181,CUST-18181,Unlimited Data Max,Prepaid,2023-02-01,Churned,Agent,1465,2025-07-16,Voluntary
SUB-8182,CUST-18182,Unlimited Data Max,Prepaid,2024-09-23,Active,Referral,305,,
SUB-8183,CUST-18183,Postpaid Corporate,Postpaid,2022-07-06,Active,Agent,702,,
SUB-8184,CUST-18184,Prepaid Saver 30D,Prepaid,2025-12-17,Active,Retail,1460,,
SUB-8185,CUST-18185,Unlimited Data Max,Prepaid,2025-11-17,Active,Retail,748,,
SUB-8186,CUST-18186,Unlimited Data Max,Prepaid,2025-06-20,Active,Agent,1151,,
SUB-8187,CUST-18187,Family Bundle,Postpaid,2021-04-12,Churned,Online,679,2025-08-18,Voluntary
SUB-8188,CUST-18188,Unlimited Data Max,Prepaid,2022-11-03,Active,Online,391,,
SUB-8189,CUST-18189,Prepaid Saver 30D,Prepaid,2024-05-26,Active,Referral,737,,
SUB-8190,CUST-18190,Prepaid Saver 30D,Prepaid,2022-10-04,Active,Retail,1170,,
SUB-8191,CUST-18191,Unlimited Data Max,Prepaid,2024-10-23,Active,Online,1289,,
SUB-8192,CUST-18192,Unlimited Data Max,Prepaid,2022-02-06,Active,Referral,488,,
SUB-8193,CUST-18193,Unlimited Data Max,Prepaid,2024-02-26,Active,Agent,380,,
SUB-8194,CUST-18194,Family Bundle,Postpaid,2022-11-03,Active,Referral,925,,
SUB-8195,CUST-18195,Postpaid Corporate,Postpaid,2024-12-22,Active,Referral,997,,
SUB-8196,CUST-18196,Prepaid Saver 30D,Prepaid,2026-03-17,Active,Online,500,,
SUB-8197,CUST-18197,Student Special 4G,Prepaid,2020-08-15,Active,Online,1070,,
SUB-8198,CUST-18198,Prepaid Saver 30D,Prepaid,2022-08-05,Churned,Referral,394,2026-02-02,Involuntary
SUB-8199,CUST-18199,Prepaid Saver 30D,Prepaid,2022-09-04,Active,Agent,827,,
SUB-8200,CUST-18200,Prepaid Saver 30D,Prepaid,2022-12-03,Active,Referral,1299,,
SUB-8201,CUST-18201,Prepaid Saver 30D,Prepaid,2021-03-13,Active,Online,1071,,
SUB-8202,CUST-18202,Prepaid Saver 30D,Prepaid,2026-04-16,Active,Retail,414,,
SUB-8203,CUST-18203,Student Special 4G,Prepaid,2020-11-13,Active,Online,434,,
SUB-8204,CUST-18204,Unlimited Data Max,Prepaid,2023-09-29,Active,Agent,1340,,
SUB-8205,CUST-18205,Unlimited Data Max,Prepaid,2023-01-02,Active,Online,609,,
SUB-8206,CUST-18206,Prepaid Saver 30D,Prepaid,2020-12-13,Active,Referral,964,,
SUB-8207,CUST-18207,Unlimited Data Max,Prepaid,2021-10-09,Churned,Online,1084,2025-08-16,Involuntary
SUB-8208,CUST-18208,Family Bundle,Postpaid,2024-05-26,Active,Agent,1217,,
SUB-8209,CUST-18209,Prepaid Saver 30D,Prepaid,2021-02-11,Churned,Retail,1079,2025-06-17,Voluntary
SUB-8210,CUST-18210,Unlimited Data Max,Prepaid,2025-12-17,Active,Retail,827,,
SUB-8211,CUST-18211,Postpaid Corporate,Postpaid,2025-07-20,Active,Referral,406,,
SUB-8212,CUST-18212,Student Special 4G,Prepaid,2025-01-21,Active,Retail,1212,,
SUB-8213,CUST-18213,Prepaid Saver 30D,Prepaid,2024-10-23,Active,Referral,472,,
SUB-8214,CUST-18214,Prepaid Saver 30D,Prepaid,2022-07-06,Active,Referral,1170,,
SUB-8215,CUST-18215,Postpaid Corporate,Postpaid,2024-01-27,Active,Retail,405,,
SUB-8216,CUST-18216,Unlimited Data Max,Prepaid,2021-06-11,Active,Agent,367,,
SUB-8217,CUST-18217,Prepaid Saver 30D,Prepaid,2022-10-04,Active,Referral,1118,,
SUB-8218,CUST-18218,Postpaid Corporate,Postpaid,2022-12-03,Active,Online,1398,,
SUB-8219,CUST-18219,Student Special 4G,Prepaid,2021-12-08,Churned,Retail,1257,2025-09-17,Voluntary
SUB-8220,CUST-18220,Student Special 4G,Prepaid,2023-12-28,Active,Referral,388,,
SUB-8221,CUST-18221,Family Bundle,Postpaid,2024-05-26,Active,Referral,351,,
SUB-8222,CUST-18222,Unlimited Data Max,Prepaid,2025-10-18,Active,Retail,1189,,
SUB-8223,CUST-18223,Student Special 4G,Prepaid,2021-07-11,Active,Agent,321,,
SUB-8224,CUST-18224,Postpaid Corporate,Postpaid,2025-01-21,Churned,Online,890,2025-01-25,Involuntary
SUB-8225,CUST-18225,Prepaid Saver 30D,Prepaid,2022-08-05,Active,Agent,1121,,
SUB-8226,CUST-18226,Family Bundle,Postpaid,2021-10-09,Active,Online,785,,
SUB-8227,CUST-18227,Student Special 4G,Prepaid,2024-03-27,Active,Referral,317,,
SUB-8228,CUST-18228,Student Special 4G,Prepaid,2025-06-20,Active,Online,541,,
SUB-8229,CUST-18229,Unlimited Data Max,Prepaid,2022-06-06,Active,Retail,730,,
SUB-8230,CUST-18230,Unlimited Data Max,Prepaid,2024-06-25,Churned,Agent,1479,2026-01-27,Voluntary
SUB-8231,CUST-18231,Family Bundle,Postpaid,2021-06-11,Churned,Retail,582,2025-01-05,Voluntary
SUB-8232,CUST-18232,Family Bundle,Postpaid,2023-10-29,Active,Retail,707,,
SUB-8233,CUST-18233,Prepaid Saver 30D,Prepaid,2024-06-25,Active,Agent,757,,
SUB-8234,CUST-18234,Prepaid Saver 30D,Prepaid,2022-03-08,Churned,Referral,1261,2025-10-23,Voluntary
SUB-8235,CUST-18235,Postpaid Corporate,Postpaid,2024-02-26,Active,Referral,1168,,
SUB-8236,CUST-18236,Unlimited Data Max,Prepaid,2021-10-09,Active,Online,659,,
SUB-8237,CUST-18237,Prepaid Saver 30D,Prepaid,2022-05-07,Active,Online,741,,
SUB-8238,CUST-18238,Family Bundle,Postpaid,2021-04-12,Active,Online,1453,,
SUB-8239,CUST-18239,Prepaid Saver 30D,Prepaid,2023-11-28,Churned,Agent,1108,2025-06-14,Voluntary
SUB-8240,CUST-18240,Postpaid Corporate,Postpaid,2025-11-17,Active,Online,956,,
SUB-8241,CUST-18241,Prepaid Saver 30D,Prepaid,2025-05-21,Churned,Retail,1068,2026-06-02,Involuntary
SUB-8242,CUST-18242,Prepaid Saver 30D,Prepaid,2026-05-16,Active,Retail,1040,,
SUB-8243,CUST-18243,Prepaid Saver 30D,Prepaid,2021-06-11,Active,Referral,1358,,
SUB-8244,CUST-18244,Prepaid Saver 30D,Prepaid,2024-12-22,Active,Agent,1396,,
SUB-8245,CUST-18245,Student Special 4G,Prepaid,2025-03-22,Active,Online,1403,,
SUB-8246,CUST-18246,Prepaid Saver 30D,Prepaid,2022-11-03,Active,Retail,521,,
SUB-8247,CUST-18247,Family Bundle,Postpaid,2024-12-22,Active,Referral,406,,
SUB-8248,CUST-18248,Unlimited Data Max,Prepaid,2020-09-14,Active,Retail,883,,
SUB-8249,CUST-18249,Family Bundle,Postpaid,2021-05-12,Active,Agent,383,,
SUB-8250,CUST-18250,Prepaid Saver 30D,Prepaid,2023-09-29,Active,Retail,1121,,
SUB-8251,CUST-18251,Prepaid Saver 30D,Prepaid,2022-09-04,Active,Referral,628,,
SUB-8252,CUST-18252,Unlimited Data Max,Prepaid,2024-02-26,Active,Agent,1343,,
SUB-8253,CUST-18253,Prepaid Saver 30D,Prepaid,2023-11-28,Active,Agent,461,,
SUB-8254,CUST-18254,Prepaid Saver 30D,Prepaid,2023-07-31,Churned,Referral,1079,2025-02-18,Voluntary
SUB-8255,CUST-18255,Family Bundle,Postpaid,2024-02-26,Active,Retail,991,,
SUB-8256,CUST-18256,Student Special 4G,Prepaid,2023-11-28,Active,Online,860,,
SUB-8257,CUST-18257,Unlimited Data Max,Prepaid,2025-04-21,Active,Agent,1169,,
SUB-8258,CUST-18258,Prepaid Saver 30D,Prepaid,2022-08-05,Active,Referral,1254,,
SUB-8259,CUST-18259,Prepaid Saver 30D,Prepaid,2026-01-16,Active,Online,696,,
SUB-8260,CUST-18260,Student Special 4G,Prepaid,2021-02-11,Active,Retail,1045,,
SUB-8261,CUST-18261,Student Special 4G,Prepaid,2021-02-11,Active,Retail,1442,,
SUB-8262,CUST-18262,Unlimited Data Max,Prepaid,2025-03-22,Churned,Agent,698,2026-01-22,Involuntary
SUB-8263,CUST-18263,Unlimited Data Max,Prepaid,2026-02-15,Active,Retail,363,,
SUB-8264,CUST-18264,Unlimited Data Max,Prepaid,2023-07-31,Active,Agent,1433,,
SUB-8265,CUST-18265,Prepaid Saver 30D,Prepaid,2026-01-16,Active,Agent,965,,
SUB-8266,CUST-18266,Unlimited Data Max,Prepaid,2024-01-27,Active,Online,1143,,
SUB-8267,CUST-18267,Unlimited Data Max,Prepaid,2022-01-07,Churned,Retail,407,2026-05-06,Voluntary
SUB-8268,CUST-18268,Student Special 4G,Prepaid,2024-08-24,Active,Retail,648,,
SUB-8269,CUST-18269,Prepaid Saver 30D,Prepaid,2021-03-13,Active,Retail,873,,
SUB-8270,CUST-18270,Family Bundle,Postpaid,2026-04-16,Active,Referral,1355,,
SUB-8271,CUST-18271,Student Special 4G,Prepaid,2022-04-07,Active,Online,921,,
SUB-8272,CUST-18272,Prepaid Saver 30D,Prepaid,2023-07-01,Churned,Referral,894,2026-03-10,Involuntary
SUB-8273,CUST-18273,Unlimited Data Max,Prepaid,2024-12-22,Churned,Agent,351,2026-01-11,Voluntary
SUB-8274,CUST-18274,Prepaid Saver 30D,Prepaid,2023-11-28,Active,Referral,1376,,
SUB-8275,CUST-18275,Postpaid Corporate,Postpaid,2024-10-23,Churned,Agent,468,2025-03-13,Voluntary
SUB-8276,CUST-18276,Prepaid Saver 30D,Prepaid,2022-10-04,Active,Agent,388,,
SUB-8277,CUST-18277,Family Bundle,Postpaid,2020-10-14,Active,Online,1213,,
SUB-8278,CUST-18278,Student Special 4G,Prepaid,2023-07-01,Churned,Agent,737,2026-02-09,Voluntary
SUB-8279,CUST-18279,Prepaid Saver 30D,Prepaid,2022-05-07,Active,Agent,728,,
SUB-8280,CUST-18280,Unlimited Data Max,Prepaid,2022-11-03,Active,Online,1466,,
SUB-8281,CUST-18281,Prepaid Saver 30D,Prepaid,2021-08-10,Churned,Agent,1455,2025-12-07,Involuntary
SUB-8282,CUST-18282,Prepaid Saver 30D,Prepaid,2023-03-03,Active,Online,588,,
SUB-8283,CUST-18283,Prepaid Saver 30D,Prepaid,2023-10-29,Active,Referral,339,,
SUB-8284,CUST-18284,Student Special 4G,Prepaid,2025-09-18,Active,Online,801,,
SUB-8285,CUST-18285,Prepaid Saver 30D,Prepaid,2021-11-08,Active,Referral,967,,
SUB-8286,CUST-18286,Unlimited Data Max,Prepaid,2021-03-13,Active,Online,302,,
SUB-8287,CUST-18287,Student Special 4G,Prepaid,2020-09-14,Active,Retail,1041,,
SUB-8288,CUST-18288,Postpaid Corporate,Postpaid,2022-03-08,Active,Agent,698,,
SUB-8289,CUST-18289,Unlimited Data Max,Prepaid,2024-04-26,Active,Agent,1165,,
SUB-8290,CUST-18290,Prepaid Saver 30D,Prepaid,2022-05-07,Active,Agent,320,,
SUB-8291,CUST-18291,Postpaid Corporate,Postpaid,2024-07-25,Active,Referral,501,,
SUB-8292,CUST-18292,Prepaid Saver 30D,Prepaid,2021-03-13,Active,Retail,1243,,
SUB-8293,CUST-18293,Prepaid Saver 30D,Prepaid,2026-02-15,Churned,Agent,726,2026-02-23,Voluntary
SUB-8294,CUST-18294,Postpaid Corporate,Postpaid,2021-03-13,Active,Referral,672,,
SUB-8295,CUST-18295,Postpaid Corporate,Postpaid,2022-02-06,Active,Retail,489,,
SUB-8296,CUST-18296,Unlimited Data Max,Prepaid,2021-03-13,Active,Online,964,,
SUB-8297,CUST-18297,Unlimited Data Max,Prepaid,2024-12-22,Active,Retail,357,,
SUB-8298,CUST-18298,Postpaid Corporate,Postpaid,2023-06-01,Active,Referral,690,,
SUB-8299,CUST-18299,Unlimited Data Max,Prepaid,2024-11-22,Active,Referral,326,,
SUB-8300,CUST-18300,Family Bundle,Postpaid,2022-04-07,Active,Retail,414,,
SUB-8301,CUST-18301,Unlimited Data Max,Prepaid,2022-10-04,Active,Agent,1170,,
SUB-8302,CUST-18302,Postpaid Corporate,Postpaid,2022-05-07,Active,Retail,488,,
SUB-8303,CUST-18303,Family Bundle,Postpaid,2022-02-06,Active,Online,442,,
SUB-8304,CUST-18304,Prepaid Saver 30D,Prepaid,2026-02-15,Active,Online,1421,,
SUB-8305,CUST-18305,Postpaid Corporate,Postpaid,2024-01-27,Active,Online,1005,,
SUB-8306,CUST-18306,Unlimited Data Max,Prepaid,2024-12-22,Churned,Online,428,2025-11-28,Voluntary
SUB-8307,CUST-18307,Postpaid Corporate,Postpaid,2020-11-13,Churned,Retail,520,2025-10-15,Involuntary
SUB-8308,CUST-18308,Family Bundle,Postpaid,2023-05-02,Active,Online,1381,,
SUB-8309,CUST-18309,Family Bundle,Postpaid,2025-06-20,Churned,Online,1104,2025-11-07,Voluntary
SUB-8310,CUST-18310,Prepaid Saver 30D,Prepaid,2024-02-26,Active,Referral,899,,
SUB-8311,CUST-18311,Student Special 4G,Prepaid,2023-05-02,Active,Online,945,,
SUB-8312,CUST-18312,Student Special 4G,Prepaid,2024-06-25,Active,Referral,1411,,
SUB-8313,CUST-18313,Prepaid Saver 30D,Prepaid,2022-11-03,Active,Retail,741,,
SUB-8314,CUST-18314,Student Special 4G,Prepaid,2021-12-08,Active,Retail,486,,
SUB-8315,CUST-18315,Unlimited Data Max,Prepaid,2022-11-03,Churned,Retail,916,2025-11-07,Voluntary
SUB-8316,CUST-18316,Family Bundle,Postpaid,2023-01-02,Active,Online,341,,
SUB-8317,CUST-18317,Student Special 4G,Prepaid,2022-08-05,Active,Online,1400,,
SUB-8318,CUST-18318,Prepaid Saver 30D,Prepaid,2024-09-23,Active,Online,936,,
SUB-8319,CUST-18319,Prepaid Saver 30D,Prepaid,2022-09-04,Active,Agent,347,,
SUB-8320,CUST-18320,Family Bundle,Postpaid,2026-02-15,Active,Referral,1321,,
SUB-8321,CUST-18321,Unlimited Data Max,Prepaid,2021-10-09,Active,Online,1077,,
SUB-8322,CUST-18322,Prepaid Saver 30D,Prepaid,2024-03-27,Active,Referral,760,,
SUB-8323,CUST-18323,Prepaid Saver 30D,Prepaid,2021-09-09,Active,Referral,511,,
SUB-8324,CUST-18324,Prepaid Saver 30D,Prepaid,2024-11-22,Active,Online,528,,
SUB-8325,CUST-18325,Unlimited Data Max,Prepaid,2020-09-14,Active,Agent,1131,,
SUB-8326,CUST-18326,Prepaid Saver 30D,Prepaid,2023-06-01,Churned,Agent,348,2025-03-05,Involuntary
SUB-8327,CUST-18327,Family Bundle,Postpaid,2020-12-13,Active,Agent,1249,,
SUB-8328,CUST-18328,Student Special 4G,Prepaid,2024-09-23,Active,Agent,817,,
SUB-8329,CUST-18329,Student Special 4G,Prepaid,2023-06-01,Active,Retail,1305,,
SUB-8330,CUST-18330,Prepaid Saver 30D,Prepaid,2022-04-07,Active,Referral,836,,
SUB-8331,CUST-18331,Postpaid Corporate,Postpaid,2022-04-07,Active,Retail,1162,,
SUB-8332,CUST-18332,Prepaid Saver 30D,Prepaid,2024-12-22,Active,Agent,1392,,
SUB-8333,CUST-18333,Postpaid Corporate,Postpaid,2024-01-27,Churned,Online,571,2025-07-31,Voluntary
SUB-8334,CUST-18334,Student Special 4G,Prepaid,2025-01-21,Active,Agent,1439,,
SUB-8335,CUST-18335,Unlimited Data Max,Prepaid,2022-08-05,Churned,Online,1429,2025-08-02,Voluntary
SUB-8336,CUST-18336,Family Bundle,Postpaid,2023-12-28,Active,Referral,497,,
SUB-8337,CUST-18337,Family Bundle,Postpaid,2026-05-16,Active,Agent,1018,,
SUB-8338,CUST-18338,Prepaid Saver 30D,Prepaid,2024-09-23,Active,Agent,633,,
SUB-8339,CUST-18339,Family Bundle,Postpaid,2024-03-27,Active,Retail,1421,,
SUB-8340,CUST-18340,Student Special 4G,Prepaid,2023-03-03,Active,Referral,1098,,
SUB-8341,CUST-18341,Unlimited Data Max,Prepaid,2021-02-11,Active,Retail,820,,
SUB-8342,CUST-18342,Unlimited Data Max,Prepaid,2020-09-14,Active,Online,322,,
SUB-8343,CUST-18343,Postpaid Corporate,Postpaid,2022-07-06,Active,Online,460,,
SUB-8344,CUST-18344,Student Special 4G,Prepaid,2021-02-11,Active,Referral,1234,,
SUB-8345,CUST-18345,Unlimited Data Max,Prepaid,2026-04-16,Active,Retail,934,,
SUB-8346,CUST-18346,Prepaid Saver 30D,Prepaid,2021-05-12,Active,Retail,1482,,
SUB-8347,CUST-18347,Prepaid Saver 30D,Prepaid,2023-05-02,Active,Referral,731,,
SUB-8348,CUST-18348,Prepaid Saver 30D,Prepaid,2024-03-27,Active,Retail,576,,
SUB-8349,CUST-18349,Unlimited Data Max,Prepaid,2024-04-26,Active,Retail,1097,,
SUB-8350,CUST-18350,Unlimited Data Max,Prepaid,2024-05-26,Active,Agent,1095,,
SUB-8351,CUST-18351,Student Special 4G,Prepaid,2021-09-09,Active,Retail,428,,
SUB-8352,CUST-18352,Unlimited Data Max,Prepaid,2023-09-29,Active,Referral,1116,,
SUB-8353,CUST-18353,Postpaid Corporate,Postpaid,2025-09-18,Active,Retail,460,,
SUB-8354,CUST-18354,Postpaid Corporate,Postpaid,2021-03-13,Active,Agent,1406,,
SUB-8355,CUST-18355,Family Bundle,Postpaid,2022-12-03,Active,Agent,718,,
SUB-8356,CUST-18356,Family Bundle,Postpaid,2024-02-26,Active,Agent,624,,
SUB-8357,CUST-18357,Family Bundle,Postpaid,2022-04-07,Active,Agent,827,,
SUB-8358,CUST-18358,Prepaid Saver 30D,Prepaid,2024-05-26,Active,Referral,787,,
SUB-8359,CUST-18359,Unlimited Data Max,Prepaid,2022-12-03,Active,Referral,345,,
SUB-8360,CUST-18360,Prepaid Saver 30D,Prepaid,2026-05-16,Active,Retail,1371,,
SUB-8361,CUST-18361,Prepaid Saver 30D,Prepaid,2024-10-23,Active,Referral,891,,
SUB-8362,CUST-18362,Unlimited Data Max,Prepaid,2024-05-26,Active,Retail,1094,,
SUB-8363,CUST-18363,Unlimited Data Max,Prepaid,2021-10-09,Active,Referral,860,,
SUB-8364,CUST-18364,Prepaid Saver 30D,Prepaid,2022-01-07,Active,Online,1377,,
SUB-8365,CUST-18365,Prepaid Saver 30D,Prepaid,2021-10-09,Active,Retail,1212,,
SUB-8366,CUST-18366,Prepaid Saver 30D,Prepaid,2023-08-30,Active,Retail,668,,
SUB-8367,CUST-18367,Family Bundle,Postpaid,2024-04-26,Active,Retail,445,,
SUB-8368,CUST-18368,Prepaid Saver 30D,Prepaid,2023-05-02,Active,Online,857,,
SUB-8369,CUST-18369,Unlimited Data Max,Prepaid,2024-11-22,Active,Agent,1382,,
SUB-8370,CUST-18370,Prepaid Saver 30D,Prepaid,2023-05-02,Active,Referral,587,,
SUB-8371,CUST-18371,Prepaid Saver 30D,Prepaid,2022-07-06,Active,Retail,1309,,
SUB-8372,CUST-18372,Family Bundle,Postpaid,2020-10-14,Active,Online,1039,,
SUB-8373,CUST-18373,Prepaid Saver 30D,Prepaid,2024-03-27,Active,Online,402,,
SUB-8374,CUST-18374,Prepaid Saver 30D,Prepaid,2025-09-18,Active,Online,1457,,
SUB-8375,CUST-18375,Postpaid Corporate,Postpaid,2024-05-26,Active,Online,1379,,
SUB-8376,CUST-18376,Prepaid Saver 30D,Prepaid,2021-08-10,Active,Referral,790,,
SUB-8377,CUST-18377,Prepaid Saver 30D,Prepaid,2023-10-29,Active,Retail,309,,
SUB-8378,CUST-18378,Unlimited Data Max,Prepaid,2023-12-28,Active,Agent,605,,
SUB-8379,CUST-18379,Prepaid Saver 30D,Prepaid,2023-09-29,Active,Online,1225,,
SUB-8380,CUST-18380,Unlimited Data Max,Prepaid,2024-12-22,Active,Online,511,,
SUB-8381,CUST-18381,Student Special 4G,Prepaid,2021-08-10,Churned,Referral,1138,2025-08-31,Involuntary
SUB-8382,CUST-18382,Unlimited Data Max,Prepaid,2022-07-06,Active,Referral,1490,,
SUB-8383,CUST-18383,Unlimited Data Max,Prepaid,2020-11-13,Active,Online,695,,
SUB-8384,CUST-18384,Prepaid Saver 30D,Prepaid,2025-11-17,Active,Retail,1001,,
SUB-8385,CUST-18385,Prepaid Saver 30D,Prepaid,2022-04-07,Active,Online,469,,
SUB-8386,CUST-18386,Prepaid Saver 30D,Prepaid,2025-12-17,Churned,Retail,1422,2026-01-03,Involuntary
SUB-8387,CUST-18387,Family Bundle,Postpaid,2025-11-17,Active,Retail,488,,
SUB-8388,CUST-18388,Postpaid Corporate,Postpaid,2021-06-11,Active,Online,455,,
SUB-8389,CUST-18389,Family Bundle,Postpaid,2024-06-25,Churned,Agent,1210,2025-08-10,Voluntary
SUB-8390,CUST-18390,Prepaid Saver 30D,Prepaid,2024-07-25,Active,Online,467,,
SUB-8391,CUST-18391,Prepaid Saver 30D,Prepaid,2025-04-21,Active,Retail,1157,,
SUB-8392,CUST-18392,Prepaid Saver 30D,Prepaid,2025-10-18,Active,Online,709,,
SUB-8393,CUST-18393,Prepaid Saver 30D,Prepaid,2022-07-06,Active,Retail,616,,
SUB-8394,CUST-18394,Unlimited Data Max,Prepaid,2023-05-02,Active,Online,1482,,
SUB-8395,CUST-18395,Unlimited Data Max,Prepaid,2022-12-03,Active,Online,868,,
SUB-8396,CUST-18396,Student Special 4G,Prepaid,2025-07-20,Active,Online,1170,,
SUB-8397,CUST-18397,Student Special 4G,Prepaid,2020-09-14,Active,Online,1282,,
SUB-8398,CUST-18398,Unlimited Data Max,Prepaid,2026-05-16,Active,Online,1456,,
SUB-8399,CUST-18399,Unlimited Data Max,Prepaid,2023-10-29,Active,Retail,529,,
SUB-8400,CUST-18400,Unlimited Data Max,Prepaid,2023-05-02,Active,Agent,1399,,
SUB-8401,CUST-18401,Postpaid Corporate,Postpaid,2025-10-18,Active,Agent,1122,,
SUB-8402,CUST-18402,Unlimited Data Max,Prepaid,2023-01-02,Active,Online,570,,
SUB-8403,CUST-18403,Student Special 4G,Prepaid,2022-12-03,Active,Referral,620,,
SUB-8404,CUST-18404,Unlimited Data Max,Prepaid,2023-05-02,Active,Online,1077,,
SUB-8405,CUST-18405,Postpaid Corporate,Postpaid,2024-03-27,Active,Referral,1054,,
SUB-8406,CUST-18406,Student Special 4G,Prepaid,2020-12-13,Active,Referral,657,,
SUB-8407,CUST-18407,Unlimited Data Max,Prepaid,2025-05-21,Active,Agent,845,,
SUB-8408,CUST-18408,Student Special 4G,Prepaid,2022-02-06,Churned,Agent,1327,2025-04-13,Voluntary
SUB-8409,CUST-18409,Family Bundle,Postpaid,2024-03-27,Active,Retail,982,,
SUB-8410,CUST-18410,Prepaid Saver 30D,Prepaid,2024-02-26,Active,Referral,519,,
SUB-8411,CUST-18411,Prepaid Saver 30D,Prepaid,2025-01-21,Churned,Online,1113,2025-03-01,Voluntary
SUB-8412,CUST-18412,Prepaid Saver 30D,Prepaid,2022-07-06,Active,Referral,371,,
SUB-8413,CUST-18413,Prepaid Saver 30D,Prepaid,2025-03-22,Active,Referral,1355,,
SUB-8414,CUST-18414,Family Bundle,Postpaid,2024-03-27,Active,Agent,1051,,
SUB-8415,CUST-18415,Prepaid Saver 30D,Prepaid,2023-07-31,Active,Retail,834,,
SUB-8416,CUST-18416,Student Special 4G,Prepaid,2026-05-16,Active,Referral,1197,,
SUB-8417,CUST-18417,Postpaid Corporate,Postpaid,2021-09-09,Active,Online,550,,
SUB-8418,CUST-18418,Prepaid Saver 30D,Prepaid,2024-06-25,Active,Retail,629,,
SUB-8419,CUST-18419,Prepaid Saver 30D,Prepaid,2021-04-12,Active,Online,340,,
SUB-8420,CUST-18420,Student Special 4G,Prepaid,2022-08-05,Active,Retail,674,,
SUB-8421,CUST-18421,Prepaid Saver 30D,Prepaid,2024-11-22,Active,Referral,1389,,
SUB-8422,CUST-18422,Prepaid Saver 30D,Prepaid,2022-07-06,Churned,Agent,836,2026-01-03,Voluntary
SUB-8423,CUST-18423,Family Bundle,Postpaid,2023-10-29,Active,Agent,1011,,
SUB-8424,CUST-18424,Prepaid Saver 30D,Prepaid,2023-07-31,Churned,Online,599,2025-12-17,Involuntary
SUB-8425,CUST-18425,Student Special 4G,Prepaid,2021-07-11,Active,Retail,1031,,
SUB-8426,CUST-18426,Unlimited Data Max,Prepaid,2022-09-04,Churned,Referral,526,2025-06-24,Voluntary
SUB-8427,CUST-18427,Student Special 4G,Prepaid,2020-08-15,Active,Online,1375,,
SUB-8428,CUST-18428,Postpaid Corporate,Postpaid,2021-01-12,Active,Online,599,,
SUB-8429,CUST-18429,Unlimited Data Max,Prepaid,2021-06-11,Churned,Referral,1436,2025-11-21,Involuntary
SUB-8430,CUST-18430,Unlimited Data Max,Prepaid,2023-08-30,Active,Agent,941,,
SUB-8431,CUST-18431,Prepaid Saver 30D,Prepaid,2023-07-01,Active,Agent,509,,
SUB-8432,CUST-18432,Postpaid Corporate,Postpaid,2021-04-12,Active,Agent,796,,
SUB-8433,CUST-18433,Prepaid Saver 30D,Prepaid,2021-05-12,Active,Agent,1043,,
SUB-8434,CUST-18434,Prepaid Saver 30D,Prepaid,2024-03-27,Active,Retail,1192,,
SUB-8435,CUST-18435,Prepaid Saver 30D,Prepaid,2022-04-07,Active,Online,1360,,
SUB-8436,CUST-18436,Family Bundle,Postpaid,2022-12-03,Churned,Agent,508,2026-03-06,Voluntary
SUB-8437,CUST-18437,Unlimited Data Max,Prepaid,2025-09-18,Churned,Referral,1459,2025-11-09,Voluntary
SUB-8438,CUST-18438,Postpaid Corporate,Postpaid,2025-09-18,Active,Online,868,,
SUB-8439,CUST-18439,Family Bundle,Postpaid,2025-12-17,Churned,Online,305,2026-05-19,Voluntary
SUB-8440,CUST-18440,Prepaid Saver 30D,Prepaid,2024-11-22,Churned,Agent,1419,2025-12-31,Voluntary
SUB-8441,CUST-18441,Family Bundle,Postpaid,2020-12-13,Active,Referral,972,,
SUB-8442,CUST-18442,Prepaid Saver 30D,Prepaid,2024-07-25,Active,Referral,422,,
SUB-8443,CUST-18443,Postpaid Corporate,Postpaid,2021-01-12,Active,Retail,655,,
SUB-8444,CUST-18444,Student Special 4G,Prepaid,2023-10-29,Active,Online,1485,,
SUB-8445,CUST-18445,Unlimited Data Max,Prepaid,2023-09-29,Active,Agent,1228,,
SUB-8446,CUST-18446,Prepaid Saver 30D,Prepaid,2024-11-22,Churned,Referral,620,2025-07-19,Voluntary
SUB-8447,CUST-18447,Postpaid Corporate,Postpaid,2022-08-05,Active,Referral,1163,,
SUB-8448,CUST-18448,Unlimited Data Max,Prepaid,2023-01-02,Churned,Online,499,2026-03-25,Involuntary
SUB-8449,CUST-18449,Prepaid Saver 30D,Prepaid,2024-08-24,Active,Referral,540,,
SUB-8450,CUST-18450,Student Special 4G,Prepaid,2021-11-08,Active,Agent,513,,
SUB-8451,CUST-18451,Unlimited Data Max,Prepaid,2022-05-07,Active,Agent,1127,,
SUB-8452,CUST-18452,Prepaid Saver 30D,Prepaid,2022-04-07,Active,Retail,1412,,
SUB-8453,CUST-18453,Unlimited Data Max,Prepaid,2023-10-29,Active,Online,1008,,
SUB-8454,CUST-18454,Unlimited Data Max,Prepaid,2022-09-04,Active,Agent,1079,,
SUB-8455,CUST-18455,Prepaid Saver 30D,Prepaid,2024-05-26,Active,Online,596,,
SUB-8456,CUST-18456,Unlimited Data Max,Prepaid,2020-08-15,Active,Referral,643,,
SUB-8457,CUST-18457,Prepaid Saver 30D,Prepaid,2023-10-29,Churned,Retail,1312,2026-05-02,Voluntary
SUB-8458,CUST-18458,Unlimited Data Max,Prepaid,2024-10-23,Active,Retail,1314,,
SUB-8459,CUST-18459,Family Bundle,Postpaid,2023-09-29,Active,Retail,879,,
SUB-8460,CUST-18460,Student Special 4G,Prepaid,2020-12-13,Active,Agent,407,,
SUB-8461,CUST-18461,Unlimited Data Max,Prepaid,2020-12-13,Active,Agent,813,,
SUB-8462,CUST-18462,Unlimited Data Max,Prepaid,2024-04-26,Active,Agent,980,,
SUB-8463,CUST-18463,Prepaid Saver 30D,Prepaid,2021-04-12,Churned,Retail,1124,2026-05-18,Voluntary
SUB-8464,CUST-18464,Unlimited Data Max,Prepaid,2024-08-24,Active,Online,776,,
SUB-8465,CUST-18465,Postpaid Corporate,Postpaid,2025-04-21,Active,Online,1324,,
SUB-8466,CUST-18466,Prepaid Saver 30D,Prepaid,2025-02-20,Active,Referral,808,,
SUB-8467,CUST-18467,Prepaid Saver 30D,Prepaid,2024-10-23,Active,Referral,1248,,
SUB-8468,CUST-18468,Student Special 4G,Prepaid,2024-09-23,Churned,Agent,325,2025-02-15,Voluntary
SUB-8469,CUST-18469,Student Special 4G,Prepaid,2024-08-24,Active,Agent,494,,
SUB-8470,CUST-18470,Prepaid Saver 30D,Prepaid,2024-02-26,Active,Retail,1005,,
SUB-8471,CUST-18471,Postpaid Corporate,Postpaid,2026-05-16,Active,Referral,869,,
SUB-8472,CUST-18472,Prepaid Saver 30D,Prepaid,2024-03-27,Active,Online,555,,
SUB-8473,CUST-18473,Postpaid Corporate,Postpaid,2023-05-02,Active,Retail,498,,
SUB-8474,CUST-18474,Unlimited Data Max,Prepaid,2024-01-27,Active,Retail,576,,
SUB-8475,CUST-18475,Prepaid Saver 30D,Prepaid,2023-07-31,Active,Referral,969,,
SUB-8476,CUST-18476,Prepaid Saver 30D,Prepaid,2025-02-20,Active,Referral,302,,
SUB-8477,CUST-18477,Unlimited Data Max,Prepaid,2025-09-18,Active,Referral,1318,,
SUB-8478,CUST-18478,Prepaid Saver 30D,Prepaid,2021-03-13,Active,Retail,715,,
SUB-8479,CUST-18479,Postpaid Corporate,Postpaid,2020-08-15,Active,Retail,854,,
SUB-8480,CUST-18480,Prepaid Saver 30D,Prepaid,2024-01-27,Active,Agent,971,,
SUB-8481,CUST-18481,Family Bundle,Postpaid,2021-12-08,Active,Retail,369,,
SUB-8482,CUST-18482,Prepaid Saver 30D,Prepaid,2025-08-19,Active,Referral,907,,
SUB-8483,CUST-18483,Family Bundle,Postpaid,2025-05-21,Active,Retail,821,,
SUB-8484,CUST-18484,Unlimited Data Max,Prepaid,2023-06-01,Churned,Online,773,2025-01-06,Voluntary
SUB-8485,CUST-18485,Prepaid Saver 30D,Prepaid,2022-04-07,Active,Online,902,,
SUB-8486,CUST-18486,Unlimited Data Max,Prepaid,2022-05-07,Active,Retail,464,,
SUB-8487,CUST-18487,Unlimited Data Max,Prepaid,2024-05-26,Churned,Agent,313,2025-05-02,Voluntary
SUB-8488,CUST-18488,Unlimited Data Max,Prepaid,2021-04-12,Active,Retail,637,,
SUB-8489,CUST-18489,Postpaid Corporate,Postpaid,2022-10-04,Churned,Referral,341,2025-08-11,Involuntary
SUB-8490,CUST-18490,Unlimited Data Max,Prepaid,2024-07-25,Active,Agent,405,,
SUB-8491,CUST-18491,Unlimited Data Max,Prepaid,2023-08-30,Active,Referral,531,,
SUB-8492,CUST-18492,Prepaid Saver 30D,Prepaid,2024-08-24,Active,Retail,1206,,
SUB-8493,CUST-18493,Postpaid Corporate,Postpaid,2025-08-19,Active,Referral,722,,
SUB-8494,CUST-18494,Prepaid Saver 30D,Prepaid,2026-05-16,Active,Agent,1236,,
SUB-8495,CUST-18495,Unlimited Data Max,Prepaid,2023-09-29,Active,Agent,1490,,
SUB-8496,CUST-18496,Unlimited Data Max,Prepaid,2026-05-16,Active,Agent,581,,
SUB-8497,CUST-18497,Postpaid Corporate,Postpaid,2020-10-14,Churned,Retail,1319,2025-04-13,Involuntary
SUB-8498,CUST-18498,Postpaid Corporate,Postpaid,2021-04-12,Active,Online,870,,
SUB-8499,CUST-18499,Prepaid Saver 30D,Prepaid,2022-01-07,Churned,Online,1119,2025-02-13,Involuntary
SUB-8500,CUST-18500,Prepaid Saver 30D,Prepaid,2022-01-07,Active,Retail,715,,
SUB-8501,CUST-18501,Unlimited Data Max,Prepaid,2022-10-04,Active,Retail,895,,
SUB-8502,CUST-18502,Prepaid Saver 30D,Prepaid,2022-02-06,Active,Retail,1262,,
SUB-8503,CUST-18503,Postpaid Corporate,Postpaid,2021-07-11,Active,Agent,739,,
SUB-8504,CUST-18504,Student Special 4G,Prepaid,2023-06-01,Active,Retail,447,,
SUB-8505,CUST-18505,Prepaid Saver 30D,Prepaid,2021-08-10,Active,Referral,1239,,
SUB-8506,CUST-18506,Postpaid Corporate,Postpaid,2025-01-21,Active,Agent,550,,
SUB-8507,CUST-18507,Prepaid Saver 30D,Prepaid,2021-03-13,Active,Referral,916,,
SUB-8508,CUST-18508,Postpaid Corporate,Postpaid,2022-04-07,Active,Retail,1098,,
SUB-8509,CUST-18509,Postpaid Corporate,Postpaid,2025-10-18,Churned,Retail,524,2026-02-03,Voluntary
SUB-8510,CUST-18510,Student Special 4G,Prepaid,2025-05-21,Active,Agent,386,,
SUB-8511,CUST-18511,Unlimited Data Max,Prepaid,2025-08-19,Active,Referral,1095,,
SUB-8512,CUST-18512,Prepaid Saver 30D,Prepaid,2024-12-22,Active,Retail,1367,,
SUB-8513,CUST-18513,Prepaid Saver 30D,Prepaid,2021-10-09,Active,Retail,530,,
SUB-8514,CUST-18514,Prepaid Saver 30D,Prepaid,2021-08-10,Churned,Retail,1006,2025-09-15,Involuntary
SUB-8515,CUST-18515,Prepaid Saver 30D,Prepaid,2020-08-15,Active,Retail,1491,,
SUB-8516,CUST-18516,Postpaid Corporate,Postpaid,2025-08-19,Active,Referral,1452,,
SUB-8517,CUST-18517,Prepaid Saver 30D,Prepaid,2023-03-03,Active,Retail,563,,
SUB-8518,CUST-18518,Prepaid Saver 30D,Prepaid,2021-08-10,Churned,Online,848,2026-02-07,Voluntary
SUB-8519,CUST-18519,Postpaid Corporate,Postpaid,2020-10-14,Active,Retail,312,,
SUB-8520,CUST-18520,Prepaid Saver 30D,Prepaid,2025-11-17,Churned,Referral,806,2026-06-07,Voluntary
SUB-8521,CUST-18521,Unlimited Data Max,Prepaid,2022-07-06,Active,Agent,343,,
SUB-8522,CUST-18522,Unlimited Data Max,Prepaid,2025-12-17,Active,Online,1204,,
SUB-8523,CUST-18523,Student Special 4G,Prepaid,2025-11-17,Active,Referral,387,,
SUB-8524,CUST-18524,Unlimited Data Max,Prepaid,2021-07-11,Active,Referral,1433,,
SUB-8525,CUST-18525,Prepaid Saver 30D,Prepaid,2021-01-12,Churned,Retail,635,2025-10-04,Voluntary
SUB-8526,CUST-18526,Prepaid Saver 30D,Prepaid,2025-04-21,Active,Online,665,,
SUB-8527,CUST-18527,Prepaid Saver 30D,Prepaid,2021-07-11,Active,Retail,1058,,
SUB-8528,CUST-18528,Family Bundle,Postpaid,2021-02-11,Active,Referral,507,,
SUB-8529,CUST-18529,Student Special 4G,Prepaid,2023-04-02,Active,Referral,1382,,
SUB-8530,CUST-18530,Unlimited Data Max,Prepaid,2025-05-21,Active,Agent,318,,
SUB-8531,CUST-18531,Prepaid Saver 30D,Prepaid,2022-02-06,Active,Referral,1309,,
SUB-8532,CUST-18532,Unlimited Data Max,Prepaid,2023-04-02,Active,Referral,303,,
SUB-8533,CUST-18533,Student Special 4G,Prepaid,2024-05-26,Active,Retail,1007,,
SUB-8534,CUST-18534,Prepaid Saver 30D,Prepaid,2021-05-12,Active,Online,676,,
SUB-8535,CUST-18535,Unlimited Data Max,Prepaid,2022-11-03,Active,Agent,1435,,
SUB-8536,CUST-18536,Prepaid Saver 30D,Prepaid,2024-11-22,Active,Online,1203,,
SUB-8537,CUST-18537,Prepaid Saver 30D,Prepaid,2023-12-28,Active,Online,594,,
SUB-8538,CUST-18538,Family Bundle,Postpaid,2024-08-24,Active,Online,640,,
SUB-8539,CUST-18539,Unlimited Data Max,Prepaid,2023-05-02,Active,Online,330,,
SUB-8540,CUST-18540,Family Bundle,Postpaid,2024-10-23,Active,Online,943,,
SUB-8541,CUST-18541,Unlimited Data Max,Prepaid,2022-09-04,Active,Retail,1106,,
SUB-8542,CUST-18542,Unlimited Data Max,Prepaid,2023-10-29,Active,Referral,783,,
SUB-8543,CUST-18543,Postpaid Corporate,Postpaid,2026-02-15,Active,Retail,1341,,
SUB-8544,CUST-18544,Prepaid Saver 30D,Prepaid,2026-05-16,Active,Referral,448,,
SUB-8545,CUST-18545,Student Special 4G,Prepaid,2025-11-17,Active,Agent,365,,
SUB-8546,CUST-18546,Prepaid Saver 30D,Prepaid,2025-06-20,Active,Agent,957,,
SUB-8547,CUST-18547,Prepaid Saver 30D,Prepaid,2025-12-17,Churned,Online,439,2026-05-11,Voluntary
SUB-8548,CUST-18548,Unlimited Data Max,Prepaid,2022-08-05,Active,Referral,1482,,
SUB-8549,CUST-18549,Family Bundle,Postpaid,2022-12-03,Active,Referral,667,,
SUB-8550,CUST-18550,Postpaid Corporate,Postpaid,2026-04-16,Active,Agent,1495,,
SUB-8551,CUST-18551,Postpaid Corporate,Postpaid,2023-12-28,Active,Agent,1328,,
SUB-8552,CUST-18552,Student Special 4G,Prepaid,2024-09-23,Active,Agent,1100,,
SUB-8553,CUST-18553,Unlimited Data Max,Prepaid,2023-07-01,Active,Referral,480,,
SUB-8554,CUST-18554,Student Special 4G,Prepaid,2023-01-02,Active,Online,1166,,
SUB-8555,CUST-18555,Prepaid Saver 30D,Prepaid,2023-07-01,Active,Agent,485,,
SUB-8556,CUST-18556,Student Special 4G,Prepaid,2024-01-27,Active,Online,368,,
SUB-8557,CUST-18557,Postpaid Corporate,Postpaid,2026-03-17,Active,Referral,678,,
SUB-8558,CUST-18558,Prepaid Saver 30D,Prepaid,2021-10-09,Active,Retail,934,,
SUB-8559,CUST-18559,Student Special 4G,Prepaid,2021-10-09,Churned,Retail,1435,2025-02-07,Voluntary
SUB-8560,CUST-18560,Postpaid Corporate,Postpaid,2021-05-12,Active,Referral,495,,
SUB-8561,CUST-18561,Unlimited Data Max,Prepaid,2022-05-07,Active,Retail,658,,
SUB-8562,CUST-18562,Postpaid Corporate,Postpaid,2024-06-25,Churned,Agent,503,2026-03-23,Involuntary
SUB-8563,CUST-18563,Prepaid Saver 30D,Prepaid,2022-06-06,Active,Online,392,,
SUB-8564,CUST-18564,Student Special 4G,Prepaid,2021-02-11,Active,Online,1080,,
SUB-8565,CUST-18565,Student Special 4G,Prepaid,2026-03-17,Active,Retail,334,,
SUB-8566,CUST-18566,Unlimited Data Max,Prepaid,2023-06-01,Active,Agent,1026,,
SUB-8567,CUST-18567,Unlimited Data Max,Prepaid,2022-08-05,Active,Retail,588,,
SUB-8568,CUST-18568,Unlimited Data Max,Prepaid,2020-09-14,Churned,Retail,821,2026-01-11,Voluntary
SUB-8569,CUST-18569,Postpaid Corporate,Postpaid,2023-07-01,Active,Agent,991,,
SUB-8570,CUST-18570,Student Special 4G,Prepaid,2021-04-12,Churned,Referral,991,2025-06-14,Voluntary
SUB-8571,CUST-18571,Postpaid Corporate,Postpaid,2021-12-08,Active,Online,1308,,
SUB-8572,CUST-18572,Student Special 4G,Prepaid,2021-10-09,Active,Retail,970,,
SUB-8573,CUST-18573,Prepaid Saver 30D,Prepaid,2025-11-17,Active,Online,1031,,
SUB-8574,CUST-18574,Prepaid Saver 30D,Prepaid,2023-07-01,Active,Agent,1021,,
SUB-8575,CUST-18575,Family Bundle,Postpaid,2022-01-07,Active,Retail,1143,,
SUB-8576,CUST-18576,Unlimited Data Max,Prepaid,2025-09-18,Active,Online,397,,
SUB-8577,CUST-18577,Prepaid Saver 30D,Prepaid,2020-10-14,Churned,Online,483,2026-04-29,Voluntary
SUB-8578,CUST-18578,Prepaid Saver 30D,Prepaid,2022-06-06,Active,Agent,1460,,
SUB-8579,CUST-18579,Unlimited Data Max,Prepaid,2021-06-11,Active,Agent,1360,,
SUB-8580,CUST-18580,Postpaid Corporate,Postpaid,2022-10-04,Churned,Online,317,2025-03-03,Involuntary
SUB-8581,CUST-18581,Prepaid Saver 30D,Prepaid,2021-03-13,Churned,Retail,1085,2026-01-02,Voluntary
SUB-8582,CUST-18582,Prepaid Saver 30D,Prepaid,2021-03-13,Active,Agent,571,,
SUB-8583,CUST-18583,Unlimited Data Max,Prepaid,2025-12-17,Active,Retail,1219,,
SUB-8584,CUST-18584,Prepaid Saver 30D,Prepaid,2020-12-13,Active,Agent,1210,,
SUB-8585,CUST-18585,Unlimited Data Max,Prepaid,2023-05-02,Active,Agent,1381,,
SUB-8586,CUST-18586,Student Special 4G,Prepaid,2023-07-31,Active,Agent,901,,
SUB-8587,CUST-18587,Prepaid Saver 30D,Prepaid,2024-12-22,Active,Retail,643,,
SUB-8588,CUST-18588,Student Special 4G,Prepaid,2024-01-27,Active,Online,1273,,
SUB-8589,CUST-18589,Prepaid Saver 30D,Prepaid,2023-04-02,Active,Referral,1443,,
SUB-8590,CUST-18590,Unlimited Data Max,Prepaid,2023-05-02,Active,Retail,1048,,
SUB-8591,CUST-18591,Postpaid Corporate,Postpaid,2022-04-07,Active,Online,417,,
SUB-8592,CUST-18592,Unlimited Data Max,Prepaid,2022-06-06,Active,Online,393,,
SUB-8593,CUST-18593,Prepaid Saver 30D,Prepaid,2022-01-07,Active,Online,744,,
SUB-8594,CUST-18594,Prepaid Saver 30D,Prepaid,2023-01-02,Active,Referral,1160,,
SUB-8595,CUST-18595,Student Special 4G,Prepaid,2020-08-15,Active,Retail,909,,
SUB-8596,CUST-18596,Student Special 4G,Prepaid,2021-04-12,Active,Referral,940,,
SUB-8597,CUST-18597,Unlimited Data Max,Prepaid,2020-11-13,Active,Agent,320,,
SUB-8598,CUST-18598,Postpaid Corporate,Postpaid,2022-03-08,Active,Referral,1014,,
SUB-8599,CUST-18599,Prepaid Saver 30D,Prepaid,2024-12-22,Active,Retail,1458,,
SUB-8600,CUST-18600,Student Special 4G,Prepaid,2020-10-14,Active,Retail,1474,,
SUB-8601,CUST-18601,Family Bundle,Postpaid,2021-01-12,Active,Online,1463,,
SUB-8602,CUST-18602,Prepaid Saver 30D,Prepaid,2024-08-24,Active,Online,794,,
SUB-8603,CUST-18603,Prepaid Saver 30D,Prepaid,2021-04-12,Active,Referral,969,,
SUB-8604,CUST-18604,Student Special 4G,Prepaid,2023-05-02,Churned,Referral,670,2026-01-15,Voluntary
SUB-8605,CUST-18605,Prepaid Saver 30D,Prepaid,2022-03-08,Active,Online,908,,
SUB-8606,CUST-18606,Student Special 4G,Prepaid,2024-05-26,Active,Referral,1352,,
SUB-8607,CUST-18607,Prepaid Saver 30D,Prepaid,2024-11-22,Active,Retail,1326,,
SUB-8608,CUST-18608,Family Bundle,Postpaid,2024-01-27,Active,Referral,770,,
SUB-8609,CUST-18609,Unlimited Data Max,Prepaid,2025-04-21,Active,Agent,779,,
SUB-8610,CUST-18610,Postpaid Corporate,Postpaid,2025-07-20,Active,Agent,1422,,
SUB-8611,CUST-18611,Prepaid Saver 30D,Prepaid,2023-11-28,Active,Online,715,,
SUB-8612,CUST-18612,Postpaid Corporate,Postpaid,2020-11-13,Churned,Retail,471,2026-02-07,Voluntary
SUB-8613,CUST-18613,Family Bundle,Postpaid,2026-03-17,Active,Retail,536,,
SUB-8614,CUST-18614,Postpaid Corporate,Postpaid,2024-06-25,Active,Referral,905,,
SUB-8615,CUST-18615,Postpaid Corporate,Postpaid,2024-09-23,Active,Retail,815,,
SUB-8616,CUST-18616,Unlimited Data Max,Prepaid,2025-03-22,Active,Online,1023,,
SUB-8617,CUST-18617,Unlimited Data Max,Prepaid,2025-12-17,Active,Online,304,,
SUB-8618,CUST-18618,Prepaid Saver 30D,Prepaid,2025-05-21,Active,Agent,431,,
SUB-8619,CUST-18619,Prepaid Saver 30D,Prepaid,2023-05-02,Active,Retail,441,,
SUB-8620,CUST-18620,Unlimited Data Max,Prepaid,2023-11-28,Active,Online,567,,
SUB-8621,CUST-18621,Postpaid Corporate,Postpaid,2022-11-03,Active,Referral,851,,
SUB-8622,CUST-18622,Postpaid Corporate,Postpaid,2021-06-11,Active,Agent,381,,
SUB-8623,CUST-18623,Unlimited Data Max,Prepaid,2025-10-18,Churned,Retail,1491,2026-03-26,Involuntary
SUB-8624,CUST-18624,Unlimited Data Max,Prepaid,2024-06-25,Active,Retail,796,,
SUB-8625,CUST-18625,Prepaid Saver 30D,Prepaid,2021-04-12,Active,Agent,768,,
SUB-8626,CUST-18626,Postpaid Corporate,Postpaid,2025-01-21,Active,Referral,1443,,
SUB-8627,CUST-18627,Student Special 4G,Prepaid,2025-11-17,Active,Agent,1114,,
SUB-8628,CUST-18628,Prepaid Saver 30D,Prepaid,2024-12-22,Active,Referral,1353,,
SUB-8629,CUST-18629,Unlimited Data Max,Prepaid,2024-01-27,Active,Agent,648,,
SUB-8630,CUST-18630,Student Special 4G,Prepaid,2024-11-22,Active,Agent,1413,,
SUB-8631,CUST-18631,Unlimited Data Max,Prepaid,2023-07-01,Active,Retail,526,,
SUB-8632,CUST-18632,Postpaid Corporate,Postpaid,2025-03-22,Active,Referral,1239,,
SUB-8633,CUST-18633,Prepaid Saver 30D,Prepaid,2023-01-02,Active,Agent,1041,,
SUB-8634,CUST-18634,Family Bundle,Postpaid,2021-05-12,Active,Referral,532,,
SUB-8635,CUST-18635,Postpaid Corporate,Postpaid,2024-07-25,Active,Agent,776,,
SUB-8636,CUST-18636,Unlimited Data Max,Prepaid,2023-04-02,Active,Online,550,,
SUB-8637,CUST-18637,Prepaid Saver 30D,Prepaid,2022-04-07,Active,Referral,1021,,
SUB-8638,CUST-18638,Unlimited Data Max,Prepaid,2026-01-16,Active,Referral,1443,,
SUB-8639,CUST-18639,Prepaid Saver 30D,Prepaid,2024-05-26,Active,Retail,780,,
SUB-8640,CUST-18640,Prepaid Saver 30D,Prepaid,2022-09-04,Active,Retail,858,,
SUB-8641,CUST-18641,Prepaid Saver 30D,Prepaid,2024-12-22,Active,Referral,1093,,
SUB-8642,CUST-18642,Student Special 4G,Prepaid,2023-12-28,Active,Retail,798,,
SUB-8643,CUST-18643,Unlimited Data Max,Prepaid,2023-09-29,Active,Retail,773,,
SUB-8644,CUST-18644,Prepaid Saver 30D,Prepaid,2020-12-13,Active,Online,554,,
SUB-8645,CUST-18645,Student Special 4G,Prepaid,2025-09-18,Active,Online,1095,,
SUB-8646,CUST-18646,Prepaid Saver 30D,Prepaid,2022-09-04,Active,Retail,703,,
SUB-8647,CUST-18647,Prepaid Saver 30D,Prepaid,2020-10-14,Active,Referral,513,,
SUB-8648,CUST-18648,Student Special 4G,Prepaid,2021-02-11,Active,Online,1030,,
SUB-8649,CUST-18649,Postpaid Corporate,Postpaid,2023-03-03,Active,Referral,1006,,
SUB-8650,CUST-18650,Prepaid Saver 30D,Prepaid,2024-02-26,Active,Retail,452,,
SUB-8651,CUST-18651,Family Bundle,Postpaid,2025-07-20,Active,Referral,473,,
SUB-8652,CUST-18652,Unlimited Data Max,Prepaid,2024-11-22,Churned,Referral,622,2025-02-07,Involuntary
SUB-8653,CUST-18653,Unlimited Data Max,Prepaid,2021-10-09,Active,Retail,305,,
SUB-8654,CUST-18654,Prepaid Saver 30D,Prepaid,2026-04-16,Active,Agent,603,,
SUB-8655,CUST-18655,Unlimited Data Max,Prepaid,2022-03-08,Active,Online,1395,,
SUB-8656,CUST-18656,Unlimited Data Max,Prepaid,2020-12-13,Active,Online,1005,,
SUB-8657,CUST-18657,Unlimited Data Max,Prepaid,2023-11-28,Active,Online,1243,,
SUB-8658,CUST-18658,Postpaid Corporate,Postpaid,2021-09-09,Active,Online,1342,,
SUB-8659,CUST-18659,Prepaid Saver 30D,Prepaid,2020-09-14,Active,Agent,1051,,
SUB-8660,CUST-18660,Student Special 4G,Prepaid,2021-12-08,Churned,Online,533,2025-04-03,Involuntary
SUB-8661,CUST-18661,Prepaid Saver 30D,Prepaid,2023-07-01,Active,Online,857,,
SUB-8662,CUST-18662,Postpaid Corporate,Postpaid,2023-02-01,Active,Referral,624,,
SUB-8663,CUST-18663,Unlimited Data Max,Prepaid,2025-02-20,Churned,Retail,994,2025-09-26,Voluntary
SUB-8664,CUST-18664,Unlimited Data Max,Prepaid,2025-08-19,Active,Agent,1285,,
SUB-8665,CUST-18665,Postpaid Corporate,Postpaid,2021-10-09,Active,Referral,1185,,
SUB-8666,CUST-18666,Unlimited Data Max,Prepaid,2023-06-01,Churned,Agent,590,2025-03-15,Voluntary
SUB-8667,CUST-18667,Postpaid Corporate,Postpaid,2021-01-12,Active,Online,1361,,
SUB-8668,CUST-18668,Postpaid Corporate,Postpaid,2022-02-06,Active,Referral,656,,
SUB-8669,CUST-18669,Postpaid Corporate,Postpaid,2024-11-22,Active,Retail,1034,,
SUB-8670,CUST-18670,Prepaid Saver 30D,Prepaid,2020-10-14,Active,Agent,1014,,
SUB-8671,CUST-18671,Student Special 4G,Prepaid,2026-05-16,Active,Online,749,,
SUB-8672,CUST-18672,Unlimited Data Max,Prepaid,2025-11-17,Active,Agent,1419,,
SUB-8673,CUST-18673,Family Bundle,Postpaid,2022-11-03,Churned,Agent,874,2025-03-19,Voluntary
SUB-8674,CUST-18674,Unlimited Data Max,Prepaid,2022-12-03,Active,Retail,1092,,
SUB-8675,CUST-18675,Prepaid Saver 30D,Prepaid,2022-02-06,Churned,Referral,1310,2025-02-09,Voluntary
SUB-8676,CUST-18676,Family Bundle,Postpaid,2022-09-04,Active,Referral,1431,,
SUB-8677,CUST-18677,Prepaid Saver 30D,Prepaid,2024-11-22,Churned,Online,1113,2025-06-27,Involuntary
SUB-8678,CUST-18678,Student Special 4G,Prepaid,2025-07-20,Churned,Retail,1488,2026-03-22,Voluntary
SUB-8679,CUST-18679,Prepaid Saver 30D,Prepaid,2020-10-14,Active,Retail,1277,,
SUB-8680,CUST-18680,Student Special 4G,Prepaid,2024-05-26,Active,Referral,898,,
SUB-8681,CUST-18681,Unlimited Data Max,Prepaid,2025-06-20,Active,Referral,1113,,
SUB-8682,CUST-18682,Prepaid Saver 30D,Prepaid,2026-01-16,Active,Agent,892,,
SUB-8683,CUST-18683,Unlimited Data Max,Prepaid,2021-10-09,Active,Retail,986,,
SUB-8684,CUST-18684,Unlimited Data Max,Prepaid,2021-07-11,Active,Retail,377,,
SUB-8685,CUST-18685,Postpaid Corporate,Postpaid,2021-04-12,Active,Online,670,,
SUB-8686,CUST-18686,Postpaid Corporate,Postpaid,2021-06-11,Active,Online,1118,,
SUB-8687,CUST-18687,Postpaid Corporate,Postpaid,2025-05-21,Churned,Online,768,2025-07-21,Involuntary
SUB-8688,CUST-18688,Postpaid Corporate,Postpaid,2026-04-16,Active,Online,1010,,
SUB-8689,CUST-18689,Student Special 4G,Prepaid,2023-07-01,Churned,Online,524,2025-12-14,Voluntary
SUB-8690,CUST-18690,Prepaid Saver 30D,Prepaid,2023-06-01,Active,Retail,1028,,
SUB-8691,CUST-18691,Prepaid Saver 30D,Prepaid,2026-04-16,Active,Online,1435,,
SUB-8692,CUST-18692,Student Special 4G,Prepaid,2021-04-12,Active,Retail,585,,
SUB-8693,CUST-18693,Postpaid Corporate,Postpaid,2022-09-04,Active,Referral,888,,
SUB-8694,CUST-18694,Unlimited Data Max,Prepaid,2022-06-06,Active,Retail,707,,
SUB-8695,CUST-18695,Prepaid Saver 30D,Prepaid,2023-04-02,Churned,Online,1443,2026-02-23,Involuntary
SUB-8696,CUST-18696,Unlimited Data Max,Prepaid,2020-08-15,Active,Agent,667,,
SUB-8697,CUST-18697,Student Special 4G,Prepaid,2021-11-08,Active,Retail,912,,
SUB-8698,CUST-18698,Unlimited Data Max,Prepaid,2023-01-02,Active,Online,774,,
SUB-8699,CUST-18699,Postpaid Corporate,Postpaid,2023-07-01,Active,Referral,1007,,
SUB-8700,CUST-18700,Postpaid Corporate,Postpaid,2021-07-11,Active,Referral,1351,,
SUB-8701,CUST-18701,Family Bundle,Postpaid,2024-04-26,Active,Referral,776,,
SUB-8702,CUST-18702,Prepaid Saver 30D,Prepaid,2021-05-12,Active,Agent,990,,
SUB-8703,CUST-18703,Student Special 4G,Prepaid,2025-08-19,Active,Retail,1412,,
SUB-8704,CUST-18704,Postpaid Corporate,Postpaid,2026-03-17,Active,Online,838,,
SUB-8705,CUST-18705,Unlimited Data Max,Prepaid,2026-02-15,Active,Online,991,,
SUB-8706,CUST-18706,Prepaid Saver 30D,Prepaid,2024-03-27,Active,Retail,1408,,
SUB-8707,CUST-18707,Prepaid Saver 30D,Prepaid,2023-05-02,Active,Agent,716,,
SUB-8708,CUST-18708,Unlimited Data Max,Prepaid,2021-03-13,Active,Online,1100,,
SUB-8709,CUST-18709,Prepaid Saver 30D,Prepaid,2021-01-12,Active,Retail,935,,
SUB-8710,CUST-18710,Unlimited Data Max,Prepaid,2026-03-17,Active,Agent,907,,
SUB-8711,CUST-18711,Student Special 4G,Prepaid,2021-12-08,Churned,Retail,542,2026-01-25,Voluntary
SUB-8712,CUST-18712,Prepaid Saver 30D,Prepaid,2025-03-22,Active,Retail,476,,
SUB-8713,CUST-18713,Unlimited Data Max,Prepaid,2024-02-26,Active,Agent,1129,,
SUB-8714,CUST-18714,Postpaid Corporate,Postpaid,2021-06-11,Churned,Agent,448,2025-11-03,Voluntary
SUB-8715,CUST-18715,Student Special 4G,Prepaid,2020-09-14,Active,Online,792,,
SUB-8716,CUST-18716,Family Bundle,Postpaid,2021-10-09,Churned,Retail,1110,2025-08-23,Voluntary
SUB-8717,CUST-18717,Student Special 4G,Prepaid,2025-04-21,Active,Agent,1307,,
SUB-8718,CUST-18718,Student Special 4G,Prepaid,2026-03-17,Churned,Agent,372,2026-04-01,Voluntary
SUB-8719,CUST-18719,Prepaid Saver 30D,Prepaid,2020-08-15,Active,Referral,319,,
SUB-8720,CUST-18720,Prepaid Saver 30D,Prepaid,2025-01-21,Churned,Retail,1135,2026-02-14,Involuntary
SUB-8721,CUST-18721,Prepaid Saver 30D,Prepaid,2025-01-21,Active,Agent,565,,
SUB-8722,CUST-18722,Family Bundle,Postpaid,2023-05-02,Active,Retail,1127,,
SUB-8723,CUST-18723,Unlimited Data Max,Prepaid,2025-06-20,Active,Retail,451,,
SUB-8724,CUST-18724,Prepaid Saver 30D,Prepaid,2022-07-06,Active,Online,1459,,
SUB-8725,CUST-18725,Unlimited Data Max,Prepaid,2021-06-11,Active,Agent,552,,
SUB-8726,CUST-18726,Student Special 4G,Prepaid,2024-05-26,Active,Referral,456,,
SUB-8727,CUST-18727,Prepaid Saver 30D,Prepaid,2023-08-30,Active,Agent,1206,,
SUB-8728,CUST-18728,Student Special 4G,Prepaid,2021-03-13,Active,Online,913,,
SUB-8729,CUST-18729,Family Bundle,Postpaid,2021-03-13,Active,Online,636,,
SUB-8730,CUST-18730,Unlimited Data Max,Prepaid,2025-11-17,Active,Agent,1445,,
SUB-8731,CUST-18731,Student Special 4G,Prepaid,2022-01-07,Churned,Referral,1105,2026-02-13,Voluntary
SUB-8732,CUST-18732,Prepaid Saver 30D,Prepaid,2026-04-16,Active,Retail,757,,
SUB-8733,CUST-18733,Prepaid Saver 30D,Prepaid,2025-06-20,Churned,Referral,701,2026-05-12,Involuntary
SUB-8734,CUST-18734,Prepaid Saver 30D,Prepaid,2022-10-04,Active,Online,1067,,
SUB-8735,CUST-18735,Postpaid Corporate,Postpaid,2025-09-18,Churned,Retail,1472,2026-05-19,Voluntary
SUB-8736,CUST-18736,Prepaid Saver 30D,Prepaid,2025-04-21,Churned,Referral,1301,2026-05-10,Voluntary
SUB-8737,CUST-18737,Postpaid Corporate,Postpaid,2023-10-29,Active,Agent,1059,,
SUB-8738,CUST-18738,Student Special 4G,Prepaid,2023-12-28,Active,Referral,892,,
SUB-8739,CUST-18739,Prepaid Saver 30D,Prepaid,2023-03-03,Active,Online,460,,
SUB-8740,CUST-18740,Unlimited Data Max,Prepaid,2021-01-12,Active,Online,1272,,
SUB-8741,CUST-18741,Unlimited Data Max,Prepaid,2023-11-28,Active,Retail,699,,
SUB-8742,CUST-18742,Prepaid Saver 30D,Prepaid,2024-08-24,Active,Retail,1095,,
SUB-8743,CUST-18743,Family Bundle,Postpaid,2025-02-20,Active,Online,1079,,
SUB-8744,CUST-18744,Prepaid Saver 30D,Prepaid,2021-04-12,Active,Online,1485,,
SUB-8745,CUST-18745,Postpaid Corporate,Postpaid,2025-02-20,Active,Referral,1459,,
SUB-8746,CUST-18746,Family Bundle,Postpaid,2026-05-16,Active,Agent,1041,,
SUB-8747,CUST-18747,Prepaid Saver 30D,Prepaid,2023-06-01,Active,Retail,1031,,
SUB-8748,CUST-18748,Prepaid Saver 30D,Prepaid,2022-03-08,Active,Online,965,,
SUB-8749,CUST-18749,Student Special 4G,Prepaid,2026-04-16,Active,Retail,1462,,
SUB-8750,CUST-18750,Postpaid Corporate,Postpaid,2022-09-04,Active,Retail,513,,
SUB-8751,CUST-18751,Unlimited Data Max,Prepaid,2023-10-29,Active,Referral,742,,
SUB-8752,CUST-18752,Student Special 4G,Prepaid,2021-11-08,Active,Referral,1487,,
SUB-8753,CUST-18753,Family Bundle,Postpaid,2026-03-17,Active,Referral,698,,
SUB-8754,CUST-18754,Student Special 4G,Prepaid,2021-03-13,Active,Agent,557,,
SUB-8755,CUST-18755,Student Special 4G,Prepaid,2021-05-12,Churned,Agent,428,2025-05-25,Voluntary
SUB-8756,CUST-18756,Student Special 4G,Prepaid,2022-06-06,Active,Retail,1110,,
SUB-8757,CUST-18757,Postpaid Corporate,Postpaid,2022-10-04,Active,Retail,528,,
SUB-8758,CUST-18758,Unlimited Data Max,Prepaid,2022-05-07,Active,Retail,1374,,
SUB-8759,CUST-18759,Family Bundle,Postpaid,2025-06-20,Active,Online,1468,,
SUB-8760,CUST-18760,Unlimited Data Max,Prepaid,2021-03-13,Active,Retail,1053,,
SUB-8761,CUST-18761,Student Special 4G,Prepaid,2021-12-08,Active,Agent,993,,
SUB-8762,CUST-18762,Prepaid Saver 30D,Prepaid,2022-01-07,Active,Retail,1090,,
SUB-8763,CUST-18763,Postpaid Corporate,Postpaid,2023-07-31,Active,Retail,376,,
SUB-8764,CUST-18764,Student Special 4G,Prepaid,2025-07-20,Active,Referral,1465,,
SUB-8765,CUST-18765,Student Special 4G,Prepaid,2023-06-01,Active,Retail,839,,
SUB-8766,CUST-18766,Unlimited Data Max,Prepaid,2023-04-02,Active,Agent,314,,
SUB-8767,CUST-18767,Postpaid Corporate,Postpaid,2024-11-22,Active,Online,718,,
SUB-8768,CUST-18768,Unlimited Data Max,Prepaid,2021-01-12,Active,Retail,638,,
SUB-8769,CUST-18769,Unlimited Data Max,Prepaid,2024-02-26,Active,Agent,1199,,
SUB-8770,CUST-18770,Prepaid Saver 30D,Prepaid,2020-11-13,Churned,Retail,628,2025-05-02,Voluntary
SUB-8771,CUST-18771,Family Bundle,Postpaid,2021-04-12,Churned,Agent,1089,2025-04-25,Voluntary
SUB-8772,CUST-18772,Family Bundle,Postpaid,2025-12-17,Active,Agent,468,,
SUB-8773,CUST-18773,Prepaid Saver 30D,Prepaid,2025-07-20,Active,Retail,842,,
SUB-8774,CUST-18774,Student Special 4G,Prepaid,2024-02-26,Active,Online,677,,
SUB-8775,CUST-18775,Unlimited Data Max,Prepaid,2022-10-04,Active,Online,869,,
SUB-8776,CUST-18776,Unlimited Data Max,Prepaid,2025-09-18,Active,Online,505,,
SUB-8777,CUST-18777,Postpaid Corporate,Postpaid,2025-02-20,Active,Retail,1262,,
SUB-8778,CUST-18778,Student Special 4G,Prepaid,2021-06-11,Active,Online,930,,
SUB-8779,CUST-18779,Postpaid Corporate,Postpaid,2023-10-29,Active,Referral,1297,,
SUB-8780,CUST-18780,Unlimited Data Max,Prepaid,2023-03-03,Active,Retail,1476,,
SUB-8781,CUST-18781,Prepaid Saver 30D,Prepaid,2023-05-02,Active,Retail,1489,,
SUB-8782,CUST-18782,Unlimited Data Max,Prepaid,2020-10-14,Active,Referral,1251,,
SUB-8783,CUST-18783,Student Special 4G,Prepaid,2025-09-18,Active,Online,630,,
SUB-8784,CUST-18784,Prepaid Saver 30D,Prepaid,2023-05-02,Active,Agent,1417,,
SUB-8785,CUST-18785,Prepaid Saver 30D,Prepaid,2025-12-17,Active,Agent,858,,
SUB-8786,CUST-18786,Prepaid Saver 30D,Prepaid,2026-02-15,Active,Referral,897,,
SUB-8787,CUST-18787,Unlimited Data Max,Prepaid,2023-07-31,Churned,Referral,636,2025-04-15,Voluntary
SUB-8788,CUST-18788,Prepaid Saver 30D,Prepaid,2021-02-11,Active,Agent,567,,
SUB-8789,CUST-18789,Postpaid Corporate,Postpaid,2023-12-28,Active,Online,670,,
SUB-8790,CUST-18790,Prepaid Saver 30D,Prepaid,2022-04-07,Active,Referral,639,,
SUB-8791,CUST-18791,Prepaid Saver 30D,Prepaid,2021-01-12,Active,Online,1235,,
SUB-8792,CUST-18792,Family Bundle,Postpaid,2026-05-16,Active,Agent,672,,
SUB-8793,CUST-18793,Unlimited Data Max,Prepaid,2022-05-07,Active,Online,1040,,
SUB-8794,CUST-18794,Prepaid Saver 30D,Prepaid,2021-03-13,Active,Referral,1082,,
SUB-8795,CUST-18795,Postpaid Corporate,Postpaid,2021-03-13,Active,Online,1134,,
SUB-8796,CUST-18796,Prepaid Saver 30D,Prepaid,2022-02-06,Active,Online,1147,,
SUB-8797,CUST-18797,Family Bundle,Postpaid,2021-01-12,Active,Retail,580,,
SUB-8798,CUST-18798,Unlimited Data Max,Prepaid,2022-12-03,Active,Retail,1290,,
SUB-8799,CUST-18799,Student Special 4G,Prepaid,2026-04-16,Active,Agent,476,,
SUB-8800,CUST-18800,Prepaid Saver 30D,Prepaid,2020-09-14,Active,Online,1355,,
SUB-8801,CUST-18801,Unlimited Data Max,Prepaid,2021-04-12,Active,Retail,823,,
SUB-8802,CUST-18802,Prepaid Saver 30D,Prepaid,2025-04-21,Churned,Agent,1324,2025-07-01,Voluntary
SUB-8803,CUST-18803,Prepaid Saver 30D,Prepaid,2020-10-14,Churned,Agent,338,2025-03-12,Voluntary
SUB-8804,CUST-18804,Unlimited Data Max,Prepaid,2022-08-05,Active,Referral,1324,,
SUB-8805,CUST-18805,Unlimited Data Max,Prepaid,2023-09-29,Active,Referral,1019,,
SUB-8806,CUST-18806,Prepaid Saver 30D,Prepaid,2021-08-10,Active,Referral,1065,,
SUB-8807,CUST-18807,Prepaid Saver 30D,Prepaid,2022-09-04,Active,Referral,1019,,
SUB-8808,CUST-18808,Unlimited Data Max,Prepaid,2021-10-09,Active,Online,695,,
SUB-8809,CUST-18809,Unlimited Data Max,Prepaid,2024-05-26,Active,Online,682,,
SUB-8810,CUST-18810,Prepaid Saver 30D,Prepaid,2024-02-26,Churned,Retail,983,2026-04-17,Voluntary
SUB-8811,CUST-18811,Postpaid Corporate,Postpaid,2025-10-18,Active,Referral,683,,
SUB-8812,CUST-18812,Family Bundle,Postpaid,2021-03-13,Active,Referral,460,,
SUB-8813,CUST-18813,Unlimited Data Max,Prepaid,2024-11-22,Active,Referral,1132,,
SUB-8814,CUST-18814,Family Bundle,Postpaid,2025-08-19,Active,Agent,1049,,
SUB-8815,CUST-18815,Postpaid Corporate,Postpaid,2025-12-17,Active,Online,371,,
SUB-8816,CUST-18816,Family Bundle,Postpaid,2024-02-26,Active,Online,508,,
SUB-8817,CUST-18817,Prepaid Saver 30D,Prepaid,2023-07-31,Active,Agent,843,,
SUB-8818,CUST-18818,Prepaid Saver 30D,Prepaid,2021-07-11,Active,Agent,803,,
SUB-8819,CUST-18819,Student Special 4G,Prepaid,2022-08-05,Active,Agent,363,,
SUB-8820,CUST-18820,Prepaid Saver 30D,Prepaid,2021-09-09,Active,Agent,1364,,
SUB-8821,CUST-18821,Student Special 4G,Prepaid,2026-05-16,Active,Online,978,,
SUB-8822,CUST-18822,Student Special 4G,Prepaid,2026-03-17,Active,Agent,1314,,
SUB-8823,CUST-18823,Prepaid Saver 30D,Prepaid,2025-01-21,Active,Online,431,,
SUB-8824,CUST-18824,Prepaid Saver 30D,Prepaid,2024-02-26,Active,Online,371,,
SUB-8825,CUST-18825,Prepaid Saver 30D,Prepaid,2025-12-17,Active,Online,1221,,
SUB-8826,CUST-18826,Postpaid Corporate,Postpaid,2021-05-12,Active,Online,1086,,
SUB-8827,CUST-18827,Postpaid Corporate,Postpaid,2020-10-14,Active,Retail,1364,,
SUB-8828,CUST-18828,Postpaid Corporate,Postpaid,2023-07-31,Active,Agent,858,,
SUB-8829,CUST-18829,Unlimited Data Max,Prepaid,2021-09-09,Active,Retail,1454,,
SUB-8830,CUST-18830,Family Bundle,Postpaid,2025-04-21,Active,Online,724,,
SUB-8831,CUST-18831,Prepaid Saver 30D,Prepaid,2026-03-17,Active,Referral,1325,,
SUB-8832,CUST-18832,Unlimited Data Max,Prepaid,2021-03-13,Active,Agent,1294,,
SUB-8833,CUST-18833,Unlimited Data Max,Prepaid,2021-09-09,Churned,Retail,728,2025-09-28,Voluntary
SUB-8834,CUST-18834,Unlimited Data Max,Prepaid,2022-01-07,Active,Referral,512,,
SUB-8835,CUST-18835,Prepaid Saver 30D,Prepaid,2021-08-10,Active,Referral,1159,,
SUB-8836,CUST-18836,Unlimited Data Max,Prepaid,2022-04-07,Churned,Online,1092,2025-04-15,Voluntary
SUB-8837,CUST-18837,Unlimited Data Max,Prepaid,2021-09-09,Active,Referral,1061,,
SUB-8838,CUST-18838,Unlimited Data Max,Prepaid,2020-10-14,Active,Agent,1000,,
SUB-8839,CUST-18839,Unlimited Data Max,Prepaid,2021-04-12,Active,Agent,799,,
SUB-8840,CUST-18840,Family Bundle,Postpaid,2021-03-13,Active,Agent,1234,,
SUB-8841,CUST-18841,Prepaid Saver 30D,Prepaid,2023-08-30,Active,Online,404,,
SUB-8842,CUST-18842,Unlimited Data Max,Prepaid,2021-08-10,Active,Referral,1073,,
SUB-8843,CUST-18843,Prepaid Saver 30D,Prepaid,2025-01-21,Active,Agent,612,,
SUB-8844,CUST-18844,Postpaid Corporate,Postpaid,2024-07-25,Active,Referral,1057,,
SUB-8845,CUST-18845,Prepaid Saver 30D,Prepaid,2021-05-12,Active,Referral,582,,
SUB-8846,CUST-18846,Prepaid Saver 30D,Prepaid,2024-04-26,Churned,Referral,1467,2026-04-24,Voluntary
SUB-8847,CUST-18847,Postpaid Corporate,Postpaid,2021-07-11,Active,Online,1047,,
SUB-8848,CUST-18848,Unlimited Data Max,Prepaid,2023-07-01,Active,Agent,300,,
SUB-8849,CUST-18849,Unlimited Data Max,Prepaid,2024-10-23,Active,Agent,1218,,
SUB-8850,CUST-18850,Family Bundle,Postpaid,2023-12-28,Active,Online,1015,,
SUB-8851,CUST-18851,Prepaid Saver 30D,Prepaid,2023-01-02,Active,Retail,1035,,
SUB-8852,CUST-18852,Unlimited Data Max,Prepaid,2026-01-16,Churned,Referral,695,2026-05-06,Involuntary
SUB-8853,CUST-18853,Unlimited Data Max,Prepaid,2023-03-03,Churned,Retail,334,2025-06-09,Involuntary
SUB-8854,CUST-18854,Postpaid Corporate,Postpaid,2025-10-18,Active,Agent,910,,
SUB-8855,CUST-18855,Unlimited Data Max,Prepaid,2023-07-31,Churned,Retail,1239,2026-04-17,Voluntary
SUB-8856,CUST-18856,Prepaid Saver 30D,Prepaid,2024-07-25,Active,Retail,1444,,
SUB-8857,CUST-18857,Prepaid Saver 30D,Prepaid,2022-11-03,Active,Referral,642,,
SUB-8858,CUST-18858,Unlimited Data Max,Prepaid,2021-07-11,Active,Agent,1499,,
SUB-8859,CUST-18859,Prepaid Saver 30D,Prepaid,2025-12-17,Active,Online,814,,
SUB-8860,CUST-18860,Unlimited Data Max,Prepaid,2025-11-17,Active,Referral,903,,
SUB-8861,CUST-18861,Prepaid Saver 30D,Prepaid,2023-09-29,Active,Retail,608,,
SUB-8862,CUST-18862,Unlimited Data Max,Prepaid,2022-01-07,Active,Agent,652,,
SUB-8863,CUST-18863,Family Bundle,Postpaid,2024-10-23,Churned,Online,1247,2026-02-20,Voluntary
SUB-8864,CUST-18864,Postpaid Corporate,Postpaid,2021-11-08,Active,Referral,358,,
SUB-8865,CUST-18865,Unlimited Data Max,Prepaid,2026-05-16,Active,Referral,579,,
SUB-8866,CUST-18866,Unlimited Data Max,Prepaid,2024-09-23,Active,Retail,757,,
SUB-8867,CUST-18867,Postpaid Corporate,Postpaid,2023-06-01,Active,Retail,925,,
SUB-8868,CUST-18868,Postpaid Corporate,Postpaid,2022-10-04,Active,Retail,1326,,
SUB-8869,CUST-18869,Prepaid Saver 30D,Prepaid,2024-04-26,Active,Retail,1253,,
SUB-8870,CUST-18870,Unlimited Data Max,Prepaid,2021-04-12,Active,Online,1119,,
SUB-8871,CUST-18871,Prepaid Saver 30D,Prepaid,2023-11-28,Active,Retail,1192,,
SUB-8872,CUST-18872,Prepaid Saver 30D,Prepaid,2022-09-04,Active,Agent,677,,
SUB-8873,CUST-18873,Unlimited Data Max,Prepaid,2025-10-18,Active,Agent,1289,,
SUB-8874,CUST-18874,Prepaid Saver 30D,Prepaid,2021-01-12,Active,Retail,1009,,
SUB-8875,CUST-18875,Student Special 4G,Prepaid,2023-07-01,Active,Retail,1102,,
SUB-8876,CUST-18876,Prepaid Saver 30D,Prepaid,2023-08-30,Churned,Agent,552,2026-01-19,Voluntary
SUB-8877,CUST-18877,Unlimited Data Max,Prepaid,2024-10-23,Active,Retail,1033,,
SUB-8878,CUST-18878,Unlimited Data Max,Prepaid,2022-11-03,Churned,Referral,1259,2025-01-08,Voluntary
SUB-8879,CUST-18879,Prepaid Saver 30D,Prepaid,2026-05-16,Active,Agent,821,,
SUB-8880,CUST-18880,Prepaid Saver 30D,Prepaid,2023-09-29,Active,Referral,960,,
SUB-8881,CUST-18881,Postpaid Corporate,Postpaid,2021-11-08,Active,Referral,862,,
SUB-8882,CUST-18882,Prepaid Saver 30D,Prepaid,2021-11-08,Active,Retail,604,,
SUB-8883,CUST-18883,Prepaid Saver 30D,Prepaid,2022-10-04,Active,Agent,1262,,
SUB-8884,CUST-18884,Prepaid Saver 30D,Prepaid,2024-03-27,Active,Agent,554,,
SUB-8885,CUST-18885,Family Bundle,Postpaid,2023-05-02,Active,Retail,1186,,
SUB-8886,CUST-18886,Student Special 4G,Prepaid,2025-06-20,Active,Retail,878,,
SUB-8887,CUST-18887,Prepaid Saver 30D,Prepaid,2022-10-04,Active,Referral,461,,
SUB-8888,CUST-18888,Postpaid Corporate,Postpaid,2025-02-20,Active,Retail,706,,
SUB-8889,CUST-18889,Unlimited Data Max,Prepaid,2024-07-25,Active,Referral,1497,,
SUB-8890,CUST-18890,Unlimited Data Max,Prepaid,2022-02-06,Active,Referral,494,,
SUB-8891,CUST-18891,Prepaid Saver 30D,Prepaid,2025-09-18,Active,Agent,562,,
SUB-8892,CUST-18892,Student Special 4G,Prepaid,2024-06-25,Churned,Agent,970,2025-01-05,Voluntary
SUB-8893,CUST-18893,Family Bundle,Postpaid,2024-04-26,Active,Online,1399,,
SUB-8894,CUST-18894,Postpaid Corporate,Postpaid,2020-11-13,Active,Online,1351,,
SUB-8895,CUST-18895,Postpaid Corporate,Postpaid,2021-10-09,Active,Agent,626,,
SUB-8896,CUST-18896,Unlimited Data Max,Prepaid,2024-03-27,Active,Retail,754,,
SUB-8897,CUST-18897,Family Bundle,Postpaid,2022-11-03,Active,Agent,308,,
SUB-8898,CUST-18898,Unlimited Data Max,Prepaid,2024-12-22,Active,Agent,1203,,
SUB-8899,CUST-18899,Family Bundle,Postpaid,2021-10-09,Churned,Referral,907,2025-05-30,Voluntary
SUB-8900,CUST-18900,Unlimited Data Max,Prepaid,2024-05-26,Active,Referral,1045,,
SUB-8901,CUST-18901,Unlimited Data Max,Prepaid,2021-02-11,Active,Retail,753,,
SUB-8902,CUST-18902,Prepaid Saver 30D,Prepaid,2021-03-13,Active,Online,820,,
SUB-8903,CUST-18903,Unlimited Data Max,Prepaid,2024-12-22,Active,Referral,1230,,
SUB-8904,CUST-18904,Unlimited Data Max,Prepaid,2023-12-28,Active,Retail,1148,,
SUB-8905,CUST-18905,Postpaid Corporate,Postpaid,2021-02-11,Active,Agent,396,,
SUB-8906,CUST-18906,Postpaid Corporate,Postpaid,2025-11-17,Active,Retail,1447,,
SUB-8907,CUST-18907,Prepaid Saver 30D,Prepaid,2022-07-06,Active,Agent,620,,
SUB-8908,CUST-18908,Prepaid Saver 30D,Prepaid,2023-06-01,Active,Online,1181,,
SUB-8909,CUST-18909,Prepaid Saver 30D,Prepaid,2023-03-03,Active,Retail,380,,
SUB-8910,CUST-18910,Unlimited Data Max,Prepaid,2023-02-01,Active,Retail,438,,
SUB-8911,CUST-18911,Prepaid Saver 30D,Prepaid,2023-07-01,Active,Retail,673,,
SUB-8912,CUST-18912,Postpaid Corporate,Postpaid,2024-05-26,Active,Online,417,,
SUB-8913,CUST-18913,Student Special 4G,Prepaid,2023-08-30,Active,Referral,593,,
SUB-8914,CUST-18914,Prepaid Saver 30D,Prepaid,2020-09-14,Active,Agent,575,,
SUB-8915,CUST-18915,Postpaid Corporate,Postpaid,2025-12-17,Active,Online,698,,
SUB-8916,CUST-18916,Prepaid Saver 30D,Prepaid,2025-06-20,Active,Retail,1359,,
SUB-8917,CUST-18917,Postpaid Corporate,Postpaid,2026-02-15,Active,Referral,428,,
SUB-8918,CUST-18918,Student Special 4G,Prepaid,2022-10-04,Active,Referral,1114,,
SUB-8919,CUST-18919,Prepaid Saver 30D,Prepaid,2024-06-25,Active,Retail,1238,,
SUB-8920,CUST-18920,Unlimited Data Max,Prepaid,2026-02-15,Active,Online,509,,
SUB-8921,CUST-18921,Student Special 4G,Prepaid,2025-03-22,Active,Referral,1419,,
SUB-8922,CUST-18922,Postpaid Corporate,Postpaid,2024-11-22,Active,Referral,1301,,
SUB-8923,CUST-18923,Postpaid Corporate,Postpaid,2025-11-17,Active,Online,1174,,
SUB-8924,CUST-18924,Prepaid Saver 30D,Prepaid,2021-12-08,Churned,Referral,355,2026-05-07,Voluntary
SUB-8925,CUST-18925,Unlimited Data Max,Prepaid,2026-04-16,Active,Referral,595,,
SUB-8926,CUST-18926,Prepaid Saver 30D,Prepaid,2021-04-12,Active,Referral,535,,
SUB-8927,CUST-18927,Prepaid Saver 30D,Prepaid,2020-09-14,Active,Referral,1488,,
SUB-8928,CUST-18928,Prepaid Saver 30D,Prepaid,2021-01-12,Churned,Retail,365,2026-01-11,Voluntary
SUB-8929,CUST-18929,Unlimited Data Max,Prepaid,2025-02-20,Churned,Agent,1302,2025-09-28,Voluntary
SUB-8930,CUST-18930,Student Special 4G,Prepaid,2025-01-21,Churned,Agent,366,2025-10-05,Voluntary
SUB-8931,CUST-18931,Prepaid Saver 30D,Prepaid,2020-09-14,Active,Referral,798,,
SUB-8932,CUST-18932,Postpaid Corporate,Postpaid,2022-10-04,Active,Retail,502,,
SUB-8933,CUST-18933,Unlimited Data Max,Prepaid,2023-04-02,Active,Online,1033,,
SUB-8934,CUST-18934,Prepaid Saver 30D,Prepaid,2021-05-12,Active,Referral,1447,,
SUB-8935,CUST-18935,Unlimited Data Max,Prepaid,2025-04-21,Active,Referral,398,,
SUB-8936,CUST-18936,Postpaid Corporate,Postpaid,2024-01-27,Active,Agent,1013,,
SUB-8937,CUST-18937,Prepaid Saver 30D,Prepaid,2025-07-20,Active,Agent,1460,,
SUB-8938,CUST-18938,Prepaid Saver 30D,Prepaid,2021-10-09,Active,Agent,441,,
SUB-8939,CUST-18939,Family Bundle,Postpaid,2025-03-22,Active,Referral,1483,,
SUB-8940,CUST-18940,Prepaid Saver 30D,Prepaid,2025-08-19,Churned,Online,941,2026-03-21,Voluntary
SUB-8941,CUST-18941,Prepaid Saver 30D,Prepaid,2024-04-26,Active,Retail,758,,
SUB-8942,CUST-18942,Postpaid Corporate,Postpaid,2023-02-01,Active,Agent,1373,,
SUB-8943,CUST-18943,Prepaid Saver 30D,Prepaid,2025-03-22,Active,Referral,1494,,
SUB-8944,CUST-18944,Postpaid Corporate,Postpaid,2021-03-13,Active,Retail,898,,
SUB-8945,CUST-18945,Family Bundle,Postpaid,2021-08-10,Active,Referral,624,,
SUB-8946,CUST-18946,Postpaid Corporate,Postpaid,2021-01-12,Active,Retail,1127,,
SUB-8947,CUST-18947,Unlimited Data Max,Prepaid,2024-03-27,Active,Referral,818,,
SUB-8948,CUST-18948,Unlimited Data Max,Prepaid,2024-02-26,Active,Online,1282,,
SUB-8949,CUST-18949,Student Special 4G,Prepaid,2023-05-02,Active,Retail,997,,
SUB-8950,CUST-18950,Unlimited Data Max,Prepaid,2021-02-11,Active,Agent,1218,,
SUB-8951,CUST-18951,Prepaid Saver 30D,Prepaid,2023-07-01,Active,Retail,848,,
SUB-8952,CUST-18952,Family Bundle,Postpaid,2024-02-26,Churned,Referral,1339,2025-02-26,Voluntary
SUB-8953,CUST-18953,Student Special 4G,Prepaid,2022-08-05,Active,Online,480,,
SUB-8954,CUST-18954,Unlimited Data Max,Prepaid,2025-08-19,Active,Online,1382,,
SUB-8955,CUST-18955,Postpaid Corporate,Postpaid,2020-08-15,Active,Referral,1250,,
SUB-8956,CUST-18956,Prepaid Saver 30D,Prepaid,2022-06-06,Churned,Retail,328,2025-03-24,Voluntary
SUB-8957,CUST-18957,Family Bundle,Postpaid,2023-10-29,Churned,Online,1360,2025-05-16,Voluntary
SUB-8958,CUST-18958,Prepaid Saver 30D,Prepaid,2025-11-17,Active,Agent,972,,
SUB-8959,CUST-18959,Prepaid Saver 30D,Prepaid,2024-07-25,Churned,Online,1281,2025-03-24,Involuntary
SUB-8960,CUST-18960,Unlimited Data Max,Prepaid,2023-02-01,Active,Referral,1033,,
SUB-8961,CUST-18961,Unlimited Data Max,Prepaid,2020-09-14,Active,Retail,806,,
SUB-8962,CUST-18962,Prepaid Saver 30D,Prepaid,2023-07-31,Active,Agent,1082,,
SUB-8963,CUST-18963,Postpaid Corporate,Postpaid,2020-08-15,Active,Referral,843,,
SUB-8964,CUST-18964,Prepaid Saver 30D,Prepaid,2023-06-01,Active,Agent,485,,
SUB-8965,CUST-18965,Student Special 4G,Prepaid,2021-11-08,Active,Retail,815,,
SUB-8966,CUST-18966,Unlimited Data Max,Prepaid,2025-11-17,Active,Online,1115,,
SUB-8967,CUST-18967,Prepaid Saver 30D,Prepaid,2021-10-09,Active,Agent,926,,
SUB-8968,CUST-18968,Prepaid Saver 30D,Prepaid,2024-12-22,Active,Retail,1315,,
SUB-8969,CUST-18969,Postpaid Corporate,Postpaid,2024-01-27,Active,Retail,485,,
SUB-8970,CUST-18970,Prepaid Saver 30D,Prepaid,2024-07-25,Active,Referral,416,,
SUB-8971,CUST-18971,Prepaid Saver 30D,Prepaid,2023-04-02,Active,Referral,402,,
SUB-8972,CUST-18972,Unlimited Data Max,Prepaid,2022-11-03,Active,Referral,462,,
SUB-8973,CUST-18973,Postpaid Corporate,Postpaid,2024-05-26,Active,Agent,1080,,
SUB-8974,CUST-18974,Family Bundle,Postpaid,2026-01-16,Active,Retail,1335,,
SUB-8975,CUST-18975,Student Special 4G,Prepaid,2022-11-03,Active,Online,1155,,
SUB-8976,CUST-18976,Postpaid Corporate,Postpaid,2023-12-28,Active,Online,780,,
SUB-8977,CUST-18977,Postpaid Corporate,Postpaid,2021-08-10,Active,Retail,638,,
SUB-8978,CUST-18978,Student Special 4G,Prepaid,2022-05-07,Active,Referral,1198,,
SUB-8979,CUST-18979,Student Special 4G,Prepaid,2024-03-27,Active,Referral,1311,,
SUB-8980,CUST-18980,Unlimited Data Max,Prepaid,2026-02-15,Active,Retail,1270,,
SUB-8981,CUST-18981,Prepaid Saver 30D,Prepaid,2023-05-02,Active,Agent,420,,
SUB-8982,CUST-18982,Student Special 4G,Prepaid,2021-10-09,Churned,Referral,1192,2025-05-21,Voluntary
SUB-8983,CUST-18983,Student Special 4G,Prepaid,2021-11-08,Churned,Online,928,2025-11-04,Voluntary
SUB-8984,CUST-18984,Postpaid Corporate,Postpaid,2024-06-25,Active,Referral,679,,
SUB-8985,CUST-18985,Prepaid Saver 30D,Prepaid,2025-03-22,Active,Referral,407,,
SUB-8986,CUST-18986,Student Special 4G,Prepaid,2025-12-17,Active,Online,1072,,
SUB-8987,CUST-18987,Unlimited Data Max,Prepaid,2022-11-03,Active,Online,869,,
SUB-8988,CUST-18988,Unlimited Data Max,Prepaid,2024-11-22,Churned,Retail,865,2025-09-12,Involuntary
SUB-8989,CUST-18989,Prepaid Saver 30D,Prepaid,2021-11-08,Active,Referral,1296,,
SUB-8990,CUST-18990,Prepaid Saver 30D,Prepaid,2022-12-03,Active,Retail,1272,,
SUB-8991,CUST-18991,Prepaid Saver 30D,Prepaid,2026-02-15,Active,Retail,730,,
SUB-8992,CUST-18992,Postpaid Corporate,Postpaid,2022-05-07,Active,Retail,464,,
SUB-8993,CUST-18993,Postpaid Corporate,Postpaid,2024-11-22,Active,Agent,576,,
SUB-8994,CUST-18994,Unlimited Data Max,Prepaid,2021-05-12,Active,Retail,1382,,
SUB-8995,CUST-18995,Prepaid Saver 30D,Prepaid,2026-04-16,Active,Retail,1372,,
SUB-8996,CUST-18996,Postpaid Corporate,Postpaid,2024-03-27,Active,Online,1164,,
SUB-8997,CUST-18997,Family Bundle,Postpaid,2026-05-16,Active,Referral,1056,,
SUB-8998,CUST-18998,Student Special 4G,Prepaid,2022-10-04,Active,Referral,336,,
SUB-8999,CUST-18999,Unlimited Data Max,Prepaid,2023-08-30,Active,Retail,1454,,
SUB-9000,CUST-19000,Prepaid Saver 30D,Prepaid,2023-05-02,Active,Agent,782,,
SUB-9001,CUST-19001,Student Special 4G,Prepaid,2022-05-07,Active,Agent,703,,
SUB-9002,CUST-19002,Unlimited Data Max,Prepaid,2021-03-13,Active,Online,783,,
SUB-9003,CUST-19003,Postpaid Corporate,Postpaid,2024-02-26,Active,Referral,1199,,
SUB-9004,CUST-19004,Prepaid Saver 30D,Prepaid,2023-02-01,Active,Online,462,,
SUB-9005,CUST-19005,Postpaid Corporate,Postpaid,2022-10-04,Active,Retail,1392,,
SUB-9006,CUST-19006,Unlimited Data Max,Prepaid,2021-04-12,Active,Online,518,,
SUB-9007,CUST-19007,Prepaid Saver 30D,Prepaid,2025-04-21,Active,Retail,1105,,
SUB-9008,CUST-19008,Prepaid Saver 30D,Prepaid,2023-05-02,Active,Retail,575,,
SUB-9009,CUST-19009,Prepaid Saver 30D,Prepaid,2021-07-11,Active,Online,807,,
SUB-9010,CUST-19010,Unlimited Data Max,Prepaid,2024-10-23,Active,Agent,606,,
SUB-9011,CUST-19011,Prepaid Saver 30D,Prepaid,2024-04-26,Churned,Agent,668,2025-04-22,Involuntary
SUB-9012,CUST-19012,Prepaid Saver 30D,Prepaid,2023-10-29,Churned,Retail,341,2025-06-23,Involuntary
SUB-9013,CUST-19013,Unlimited Data Max,Prepaid,2022-04-07,Active,Retail,1499,,
SUB-9014,CUST-19014,Prepaid Saver 30D,Prepaid,2022-07-06,Churned,Referral,729,2026-01-07,Voluntary
SUB-9015,CUST-19015,Unlimited Data Max,Prepaid,2025-08-19,Active,Agent,1445,,
SUB-9016,CUST-19016,Family Bundle,Postpaid,2025-03-22,Active,Retail,1172,,
SUB-9017,CUST-19017,Unlimited Data Max,Prepaid,2021-08-10,Active,Agent,883,,
SUB-9018,CUST-19018,Postpaid Corporate,Postpaid,2022-07-06,Active,Agent,894,,
SUB-9019,CUST-19019,Prepaid Saver 30D,Prepaid,2023-06-01,Churned,Referral,1040,2025-08-16,Voluntary
SUB-9020,CUST-19020,Prepaid Saver 30D,Prepaid,2023-12-28,Active,Agent,994,,
SUB-9021,CUST-19021,Student Special 4G,Prepaid,2020-10-14,Churned,Online,974,2026-02-03,Involuntary
SUB-9022,CUST-19022,Postpaid Corporate,Postpaid,2021-04-12,Active,Agent,392,,
SUB-9023,CUST-19023,Postpaid Corporate,Postpaid,2024-01-27,Active,Retail,732,,
SUB-9024,CUST-19024,Unlimited Data Max,Prepaid,2024-05-26,Active,Retail,1136,,
SUB-9025,CUST-19025,Prepaid Saver 30D,Prepaid,2021-05-12,Active,Retail,1157,,
SUB-9026,CUST-19026,Prepaid Saver 30D,Prepaid,2024-05-26,Active,Retail,1499,,
SUB-9027,CUST-19027,Prepaid Saver 30D,Prepaid,2023-12-28,Active,Agent,1271,,
SUB-9028,CUST-19028,Family Bundle,Postpaid,2021-01-12,Active,Online,364,,
SUB-9029,CUST-19029,Prepaid Saver 30D,Prepaid,2025-10-18,Churned,Retail,502,2026-04-28,Involuntary
SUB-9030,CUST-19030,Prepaid Saver 30D,Prepaid,2022-05-07,Active,Agent,1061,,
SUB-9031,CUST-19031,Unlimited Data Max,Prepaid,2022-06-06,Active,Agent,930,,
SUB-9032,CUST-19032,Prepaid Saver 30D,Prepaid,2024-03-27,Active,Retail,635,,
SUB-9033,CUST-19033,Unlimited Data Max,Prepaid,2025-05-21,Churned,Retail,1213,2025-08-07,Voluntary
SUB-9034,CUST-19034,Prepaid Saver 30D,Prepaid,2021-05-12,Active,Retail,763,,
SUB-9035,CUST-19035,Family Bundle,Postpaid,2021-10-09,Active,Referral,804,,
SUB-9036,CUST-19036,Prepaid Saver 30D,Prepaid,2021-06-11,Active,Referral,803,,
SUB-9037,CUST-19037,Unlimited Data Max,Prepaid,2024-06-25,Active,Referral,493,,
SUB-9038,CUST-19038,Prepaid Saver 30D,Prepaid,2020-10-14,Active,Referral,1380,,
SUB-9039,CUST-19039,Prepaid Saver 30D,Prepaid,2022-01-07,Active,Referral,966,,
SUB-9040,CUST-19040,Unlimited Data Max,Prepaid,2024-12-22,Active,Online,806,,
SUB-9041,CUST-19041,Student Special 4G,Prepaid,2023-07-31,Active,Agent,1053,,
SUB-9042,CUST-19042,Prepaid Saver 30D,Prepaid,2024-07-25,Active,Agent,688,,
SUB-9043,CUST-19043,Prepaid Saver 30D,Prepaid,2023-04-02,Active,Retail,1498,,
SUB-9044,CUST-19044,Postpaid Corporate,Postpaid,2025-04-21,Active,Referral,695,,
SUB-9045,CUST-19045,Unlimited Data Max,Prepaid,2022-02-06,Active,Referral,600,,
SUB-9046,CUST-19046,Unlimited Data Max,Prepaid,2023-09-29,Churned,Agent,1448,2025-04-27,Voluntary
SUB-9047,CUST-19047,Postpaid Corporate,Postpaid,2022-07-06,Active,Online,303,,
SUB-9048,CUST-19048,Unlimited Data Max,Prepaid,2022-09-04,Churned,Referral,790,2025-02-16,Voluntary
SUB-9049,CUST-19049,Unlimited Data Max,Prepaid,2022-07-06,Active,Retail,1404,,
SUB-9050,CUST-19050,Family Bundle,Postpaid,2022-01-07,Active,Referral,881,,
SUB-9051,CUST-19051,Student Special 4G,Prepaid,2022-08-05,Churned,Online,1374,2025-05-04,Voluntary
SUB-9052,CUST-19052,Unlimited Data Max,Prepaid,2023-06-01,Active,Referral,495,,
SUB-9053,CUST-19053,Student Special 4G,Prepaid,2023-01-02,Active,Referral,1291,,
SUB-9054,CUST-19054,Unlimited Data Max,Prepaid,2022-10-04,Active,Retail,1080,,
SUB-9055,CUST-19055,Student Special 4G,Prepaid,2021-09-09,Active,Agent,389,,
SUB-9056,CUST-19056,Prepaid Saver 30D,Prepaid,2023-08-30,Active,Referral,950,,
SUB-9057,CUST-19057,Prepaid Saver 30D,Prepaid,2024-08-24,Active,Agent,801,,
SUB-9058,CUST-19058,Postpaid Corporate,Postpaid,2024-12-22,Active,Retail,918,,
SUB-9059,CUST-19059,Unlimited Data Max,Prepaid,2025-05-21,Active,Referral,1107,,
SUB-9060,CUST-19060,Family Bundle,Postpaid,2022-12-03,Active,Online,697,,
SUB-9061,CUST-19061,Unlimited Data Max,Prepaid,2022-02-06,Churned,Retail,722,2026-02-28,Voluntary
SUB-9062,CUST-19062,Family Bundle,Postpaid,2024-07-25,Active,Agent,695,,
SUB-9063,CUST-19063,Unlimited Data Max,Prepaid,2023-04-02,Active,Retail,840,,
SUB-9064,CUST-19064,Unlimited Data Max,Prepaid,2024-03-27,Active,Retail,1067,,
SUB-9065,CUST-19065,Unlimited Data Max,Prepaid,2021-03-13,Active,Agent,1372,,
SUB-9066,CUST-19066,Prepaid Saver 30D,Prepaid,2021-02-11,Active,Agent,1266,,
SUB-9067,CUST-19067,Prepaid Saver 30D,Prepaid,2020-10-14,Active,Referral,1290,,
SUB-9068,CUST-19068,Postpaid Corporate,Postpaid,2021-05-12,Active,Agent,389,,
SUB-9069,CUST-19069,Student Special 4G,Prepaid,2021-05-12,Active,Referral,930,,
SUB-9070,CUST-19070,Prepaid Saver 30D,Prepaid,2023-03-03,Active,Online,1084,,
SUB-9071,CUST-19071,Prepaid Saver 30D,Prepaid,2023-04-02,Churned,Agent,1007,2025-09-14,Voluntary
SUB-9072,CUST-19072,Prepaid Saver 30D,Prepaid,2024-08-24,Active,Referral,1309,,
SUB-9073,CUST-19073,Postpaid Corporate,Postpaid,2022-01-07,Active,Retail,1002,,
SUB-9074,CUST-19074,Family Bundle,Postpaid,2024-07-25,Active,Referral,394,,
SUB-9075,CUST-19075,Prepaid Saver 30D,Prepaid,2024-06-25,Active,Online,443,,
SUB-9076,CUST-19076,Prepaid Saver 30D,Prepaid,2020-11-13,Active,Referral,840,,
SUB-9077,CUST-19077,Prepaid Saver 30D,Prepaid,2026-04-16,Active,Online,969,,
SUB-9078,CUST-19078,Unlimited Data Max,Prepaid,2025-09-18,Active,Agent,1303,,
SUB-9079,CUST-19079,Prepaid Saver 30D,Prepaid,2021-11-08,Active,Agent,364,,
SUB-9080,CUST-19080,Unlimited Data Max,Prepaid,2022-06-06,Active,Referral,737,,
SUB-9081,CUST-19081,Student Special 4G,Prepaid,2021-11-08,Churned,Referral,1021,2025-10-30,Voluntary
SUB-9082,CUST-19082,Unlimited Data Max,Prepaid,2023-08-30,Active,Online,1498,,
SUB-9083,CUST-19083,Unlimited Data Max,Prepaid,2026-05-16,Active,Online,584,,
SUB-9084,CUST-19084,Unlimited Data Max,Prepaid,2024-08-24,Active,Referral,1145,,
SUB-9085,CUST-19085,Prepaid Saver 30D,Prepaid,2021-05-12,Active,Referral,441,,
SUB-9086,CUST-19086,Student Special 4G,Prepaid,2022-07-06,Active,Referral,868,,
SUB-9087,CUST-19087,Family Bundle,Postpaid,2021-04-12,Active,Agent,482,,
SUB-9088,CUST-19088,Prepaid Saver 30D,Prepaid,2026-05-16,Active,Retail,935,,
SUB-9089,CUST-19089,Unlimited Data Max,Prepaid,2024-07-25,Active,Referral,1426,,
SUB-9090,CUST-19090,Postpaid Corporate,Postpaid,2022-06-06,Active,Retail,1258,,
SUB-9091,CUST-19091,Postpaid Corporate,Postpaid,2026-04-16,Churned,Agent,716,2026-06-10,Involuntary
SUB-9092,CUST-19092,Postpaid Corporate,Postpaid,2023-10-29,Active,Retail,365,,
SUB-9093,CUST-19093,Prepaid Saver 30D,Prepaid,2021-04-12,Active,Referral,863,,
SUB-9094,CUST-19094,Prepaid Saver 30D,Prepaid,2025-06-20,Active,Agent,1045,,
SUB-9095,CUST-19095,Unlimited Data Max,Prepaid,2025-12-17,Active,Agent,1176,,
SUB-9096,CUST-19096,Prepaid Saver 30D,Prepaid,2022-09-04,Churned,Retail,516,2025-06-16,Involuntary
SUB-9097,CUST-19097,Family Bundle,Postpaid,2025-01-21,Active,Agent,546,,
SUB-9098,CUST-19098,Unlimited Data Max,Prepaid,2025-04-21,Active,Retail,579,,
SUB-9099,CUST-19099,Prepaid Saver 30D,Prepaid,2023-04-02,Active,Referral,838,,
SUB-9100,CUST-19100,Unlimited Data Max,Prepaid,2022-11-03,Active,Agent,357,,
SUB-9101,CUST-19101,Unlimited Data Max,Prepaid,2021-09-09,Active,Retail,653,,
SUB-9102,CUST-19102,Family Bundle,Postpaid,2025-10-18,Active,Retail,940,,
SUB-9103,CUST-19103,Unlimited Data Max,Prepaid,2021-11-08,Active,Retail,1461,,
SUB-9104,CUST-19104,Prepaid Saver 30D,Prepaid,2022-07-06,Active,Retail,1358,,
SUB-9105,CUST-19105,Student Special 4G,Prepaid,2022-06-06,Active,Agent,974,,
SUB-9106,CUST-19106,Unlimited Data Max,Prepaid,2025-01-21,Churned,Referral,1108,2026-04-05,Involuntary
SUB-9107,CUST-19107,Unlimited Data Max,Prepaid,2021-08-10,Active,Agent,1128,,
SUB-9108,CUST-19108,Prepaid Saver 30D,Prepaid,2025-09-18,Active,Retail,766,,
SUB-9109,CUST-19109,Unlimited Data Max,Prepaid,2022-06-06,Active,Referral,1392,,
SUB-9110,CUST-19110,Unlimited Data Max,Prepaid,2025-08-19,Churned,Retail,710,2026-05-13,Voluntary
SUB-9111,CUST-19111,Prepaid Saver 30D,Prepaid,2022-09-04,Active,Retail,482,,
SUB-9112,CUST-19112,Unlimited Data Max,Prepaid,2023-09-29,Active,Agent,815,,
SUB-9113,CUST-19113,Postpaid Corporate,Postpaid,2025-06-20,Active,Referral,364,,
SUB-9114,CUST-19114,Family Bundle,Postpaid,2025-04-21,Active,Referral,1390,,
SUB-9115,CUST-19115,Unlimited Data Max,Prepaid,2023-10-29,Active,Referral,420,,
SUB-9116,CUST-19116,Unlimited Data Max,Prepaid,2024-04-26,Active,Online,918,,
SUB-9117,CUST-19117,Unlimited Data Max,Prepaid,2023-09-29,Active,Online,1318,,
SUB-9118,CUST-19118,Unlimited Data Max,Prepaid,2023-11-28,Active,Retail,1336,,
SUB-9119,CUST-19119,Prepaid Saver 30D,Prepaid,2026-04-16,Active,Online,503,,
SUB-9120,CUST-19120,Prepaid Saver 30D,Prepaid,2023-11-28,Churned,Referral,579,2025-11-04,Involuntary
SUB-9121,CUST-19121,Unlimited Data Max,Prepaid,2024-01-27,Active,Agent,1135,,
SUB-9122,CUST-19122,Prepaid Saver 30D,Prepaid,2024-02-26,Active,Retail,1447,,
SUB-9123,CUST-19123,Unlimited Data Max,Prepaid,2025-01-21,Active,Online,390,,
SUB-9124,CUST-19124,Postpaid Corporate,Postpaid,2025-04-21,Active,Agent,1489,,
SUB-9125,CUST-19125,Prepaid Saver 30D,Prepaid,2025-11-17,Active,Retail,1496,,
SUB-9126,CUST-19126,Postpaid Corporate,Postpaid,2022-10-04,Active,Referral,1219,,
SUB-9127,CUST-19127,Prepaid Saver 30D,Prepaid,2023-04-02,Active,Online,1272,,
SUB-9128,CUST-19128,Prepaid Saver 30D,Prepaid,2021-09-09,Active,Referral,458,,
SUB-9129,CUST-19129,Postpaid Corporate,Postpaid,2025-01-21,Active,Agent,997,,
SUB-9130,CUST-19130,Unlimited Data Max,Prepaid,2024-01-27,Active,Online,472,,
SUB-9131,CUST-19131,Postpaid Corporate,Postpaid,2025-04-21,Active,Retail,1056,,
SUB-9132,CUST-19132,Prepaid Saver 30D,Prepaid,2020-12-13,Active,Referral,394,,
SUB-9133,CUST-19133,Prepaid Saver 30D,Prepaid,2021-11-08,Churned,Agent,1472,2025-07-01,Involuntary
SUB-9134,CUST-19134,Prepaid Saver 30D,Prepaid,2025-07-20,Active,Retail,1399,,
SUB-9135,CUST-19135,Prepaid Saver 30D,Prepaid,2021-09-09,Active,Agent,1209,,
SUB-9136,CUST-19136,Postpaid Corporate,Postpaid,2021-01-12,Churned,Retail,1421,2025-12-08,Voluntary
SUB-9137,CUST-19137,Unlimited Data Max,Prepaid,2022-08-05,Active,Online,784,,
SUB-9138,CUST-19138,Prepaid Saver 30D,Prepaid,2020-08-15,Active,Referral,1415,,
SUB-9139,CUST-19139,Unlimited Data Max,Prepaid,2025-04-21,Active,Referral,904,,
SUB-9140,CUST-19140,Unlimited Data Max,Prepaid,2024-09-23,Churned,Agent,1448,2026-01-01,Involuntary
SUB-9141,CUST-19141,Unlimited Data Max,Prepaid,2022-10-04,Active,Online,1441,,
SUB-9142,CUST-19142,Prepaid Saver 30D,Prepaid,2023-04-02,Active,Agent,1120,,
SUB-9143,CUST-19143,Postpaid Corporate,Postpaid,2022-04-07,Churned,Referral,1398,2026-02-14,Voluntary
SUB-9144,CUST-19144,Student Special 4G,Prepaid,2020-10-14,Active,Retail,827,,
SUB-9145,CUST-19145,Prepaid Saver 30D,Prepaid,2025-01-21,Active,Retail,1118,,
SUB-9146,CUST-19146,Postpaid Corporate,Postpaid,2021-05-12,Active,Referral,634,,
SUB-9147,CUST-19147,Student Special 4G,Prepaid,2025-08-19,Active,Online,633,,
SUB-9148,CUST-19148,Unlimited Data Max,Prepaid,2023-09-29,Active,Agent,1142,,
SUB-9149,CUST-19149,Postpaid Corporate,Postpaid,2023-11-28,Active,Online,585,,
SUB-9150,CUST-19150,Prepaid Saver 30D,Prepaid,2021-09-09,Active,Retail,343,,
SUB-9151,CUST-19151,Prepaid Saver 30D,Prepaid,2023-11-28,Active,Referral,817,,
SUB-9152,CUST-19152,Family Bundle,Postpaid,2021-08-10,Active,Referral,867,,
SUB-9153,CUST-19153,Unlimited Data Max,Prepaid,2025-07-20,Active,Agent,1436,,
SUB-9154,CUST-19154,Family Bundle,Postpaid,2020-08-15,Active,Online,786,,
SUB-9155,CUST-19155,Student Special 4G,Prepaid,2025-04-21,Active,Agent,554,,
SUB-9156,CUST-19156,Student Special 4G,Prepaid,2022-12-03,Active,Retail,1331,,
SUB-9157,CUST-19157,Prepaid Saver 30D,Prepaid,2023-07-01,Active,Retail,1486,,
SUB-9158,CUST-19158,Prepaid Saver 30D,Prepaid,2025-11-17,Active,Referral,547,,
SUB-9159,CUST-19159,Prepaid Saver 30D,Prepaid,2023-05-02,Active,Retail,411,,
SUB-9160,CUST-19160,Prepaid Saver 30D,Prepaid,2021-04-12,Active,Agent,1402,,
SUB-9161,CUST-19161,Student Special 4G,Prepaid,2023-04-02,Active,Retail,336,,
SUB-9162,CUST-19162,Prepaid Saver 30D,Prepaid,2022-05-07,Active,Online,541,,
SUB-9163,CUST-19163,Prepaid Saver 30D,Prepaid,2020-09-14,Active,Retail,753,,
SUB-9164,CUST-19164,Family Bundle,Postpaid,2024-08-24,Active,Retail,1330,,
SUB-9165,CUST-19165,Prepaid Saver 30D,Prepaid,2026-03-17,Active,Online,1489,,
SUB-9166,CUST-19166,Student Special 4G,Prepaid,2022-06-06,Active,Agent,348,,
SUB-9167,CUST-19167,Prepaid Saver 30D,Prepaid,2021-11-08,Active,Retail,725,,
SUB-9168,CUST-19168,Unlimited Data Max,Prepaid,2025-07-20,Churned,Agent,771,2026-02-01,Voluntary
SUB-9169,CUST-19169,Prepaid Saver 30D,Prepaid,2024-05-26,Active,Retail,1203,,
SUB-9170,CUST-19170,Prepaid Saver 30D,Prepaid,2024-04-26,Churned,Agent,1263,2025-02-09,Voluntary
SUB-9171,CUST-19171,Student Special 4G,Prepaid,2022-01-07,Churned,Retail,1006,2025-06-22,Voluntary
SUB-9172,CUST-19172,Unlimited Data Max,Prepaid,2021-04-12,Active,Online,798,,
SUB-9173,CUST-19173,Unlimited Data Max,Prepaid,2022-02-06,Active,Online,658,,
SUB-9174,CUST-19174,Student Special 4G,Prepaid,2024-08-24,Active,Referral,1085,,
SUB-9175,CUST-19175,Prepaid Saver 30D,Prepaid,2022-10-04,Active,Online,1181,,
SUB-9176,CUST-19176,Prepaid Saver 30D,Prepaid,2024-10-23,Churned,Referral,409,2025-07-13,Voluntary
SUB-9177,CUST-19177,Unlimited Data Max,Prepaid,2022-10-04,Active,Online,1011,,
SUB-9178,CUST-19178,Family Bundle,Postpaid,2020-10-14,Active,Agent,1102,,
SUB-9179,CUST-19179,Family Bundle,Postpaid,2022-07-06,Active,Referral,352,,
SUB-9180,CUST-19180,Prepaid Saver 30D,Prepaid,2021-11-08,Active,Online,810,,
SUB-9181,CUST-19181,Unlimited Data Max,Prepaid,2022-01-07,Churned,Agent,1189,2026-01-27,Voluntary
SUB-9182,CUST-19182,Family Bundle,Postpaid,2023-08-30,Active,Online,656,,
SUB-9183,CUST-19183,Student Special 4G,Prepaid,2025-08-19,Active,Referral,318,,
SUB-9184,CUST-19184,Prepaid Saver 30D,Prepaid,2020-09-14,Churned,Retail,1012,2026-05-23,Involuntary
SUB-9185,CUST-19185,Postpaid Corporate,Postpaid,2024-04-26,Active,Referral,972,,
SUB-9186,CUST-19186,Prepaid Saver 30D,Prepaid,2021-04-12,Active,Agent,719,,
SUB-9187,CUST-19187,Unlimited Data Max,Prepaid,2021-07-11,Active,Online,408,,
SUB-9188,CUST-19188,Postpaid Corporate,Postpaid,2022-06-06,Active,Referral,1136,,
SUB-9189,CUST-19189,Postpaid Corporate,Postpaid,2023-04-02,Active,Retail,528,,
SUB-9190,CUST-19190,Prepaid Saver 30D,Prepaid,2024-10-23,Active,Agent,810,,
SUB-9191,CUST-19191,Student Special 4G,Prepaid,2025-08-19,Churned,Referral,898,2026-03-26,Voluntary
SUB-9192,CUST-19192,Prepaid Saver 30D,Prepaid,2021-05-12,Active,Agent,713,,
SUB-9193,CUST-19193,Student Special 4G,Prepaid,2020-10-14,Active,Retail,387,,
SUB-9194,CUST-19194,Unlimited Data Max,Prepaid,2022-07-06,Active,Referral,634,,
SUB-9195,CUST-19195,Family Bundle,Postpaid,2020-08-15,Active,Referral,583,,
SUB-9196,CUST-19196,Unlimited Data Max,Prepaid,2025-02-20,Active,Referral,768,,
SUB-9197,CUST-19197,Unlimited Data Max,Prepaid,2023-06-01,Active,Agent,669,,
SUB-9198,CUST-19198,Postpaid Corporate,Postpaid,2025-05-21,Active,Agent,1286,,
SUB-9199,CUST-19199,Unlimited Data Max,Prepaid,2023-05-02,Active,Agent,566,,
SUB-9200,CUST-19200,Unlimited Data Max,Prepaid,2021-03-13,Active,Agent,922,,
SUB-9201,CUST-19201,Postpaid Corporate,Postpaid,2024-09-23,Active,Agent,1022,,
SUB-9202,CUST-19202,Prepaid Saver 30D,Prepaid,2023-12-28,Active,Referral,334,,
SUB-9203,CUST-19203,Student Special 4G,Prepaid,2023-06-01,Active,Retail,843,,
SUB-9204,CUST-19204,Unlimited Data Max,Prepaid,2023-09-29,Active,Agent,1285,,
SUB-9205,CUST-19205,Prepaid Saver 30D,Prepaid,2020-10-14,Active,Referral,1275,,
SUB-9206,CUST-19206,Prepaid Saver 30D,Prepaid,2023-11-28,Active,Agent,806,,
SUB-9207,CUST-19207,Prepaid Saver 30D,Prepaid,2024-11-22,Active,Agent,922,,
SUB-9208,CUST-19208,Prepaid Saver 30D,Prepaid,2024-06-25,Active,Retail,308,,
SUB-9209,CUST-19209,Prepaid Saver 30D,Prepaid,2024-08-24,Active,Retail,1049,,
SUB-9210,CUST-19210,Prepaid Saver 30D,Prepaid,2024-07-25,Churned,Referral,604,2025-08-21,Voluntary
SUB-9211,CUST-19211,Unlimited Data Max,Prepaid,2021-03-13,Active,Agent,367,,
SUB-9212,CUST-19212,Postpaid Corporate,Postpaid,2023-06-01,Active,Agent,832,,
SUB-9213,CUST-19213,Prepaid Saver 30D,Prepaid,2024-02-26,Active,Referral,383,,
SUB-9214,CUST-19214,Prepaid Saver 30D,Prepaid,2025-07-20,Active,Online,640,,
SUB-9215,CUST-19215,Unlimited Data Max,Prepaid,2020-09-14,Active,Agent,565,,
SUB-9216,CUST-19216,Student Special 4G,Prepaid,2025-07-20,Active,Online,422,,
SUB-9217,CUST-19217,Unlimited Data Max,Prepaid,2024-05-26,Active,Referral,370,,
SUB-9218,CUST-19218,Family Bundle,Postpaid,2022-05-07,Active,Retail,622,,
SUB-9219,CUST-19219,Unlimited Data Max,Prepaid,2026-05-16,Active,Retail,1121,,
SUB-9220,CUST-19220,Family Bundle,Postpaid,2024-07-25,Active,Referral,862,,
SUB-9221,CUST-19221,Prepaid Saver 30D,Prepaid,2020-11-13,Active,Referral,305,,
SUB-9222,CUST-19222,Prepaid Saver 30D,Prepaid,2026-04-16,Active,Referral,465,,
SUB-9223,CUST-19223,Prepaid Saver 30D,Prepaid,2025-01-21,Active,Referral,1107,,
SUB-9224,CUST-19224,Family Bundle,Postpaid,2025-11-17,Active,Online,437,,
SUB-9225,CUST-19225,Prepaid Saver 30D,Prepaid,2022-05-07,Active,Online,591,,
SUB-9226,CUST-19226,Postpaid Corporate,Postpaid,2026-05-16,Active,Online,552,,
SUB-9227,CUST-19227,Unlimited Data Max,Prepaid,2026-02-15,Active,Retail,1088,,
SUB-9228,CUST-19228,Prepaid Saver 30D,Prepaid,2023-08-30,Active,Retail,586,,
SUB-9229,CUST-19229,Postpaid Corporate,Postpaid,2022-01-07,Active,Retail,1267,,
SUB-9230,CUST-19230,Prepaid Saver 30D,Prepaid,2021-02-11,Active,Online,329,,
SUB-9231,CUST-19231,Postpaid Corporate,Postpaid,2025-02-20,Active,Referral,549,,
SUB-9232,CUST-19232,Student Special 4G,Prepaid,2023-02-01,Active,Retail,1352,,
SUB-9233,CUST-19233,Prepaid Saver 30D,Prepaid,2021-10-09,Churned,Referral,1148,2026-01-25,Involuntary
SUB-9234,CUST-19234,Unlimited Data Max,Prepaid,2022-03-08,Active,Online,1456,,
SUB-9235,CUST-19235,Prepaid Saver 30D,Prepaid,2020-10-14,Active,Retail,558,,
SUB-9236,CUST-19236,Postpaid Corporate,Postpaid,2025-12-17,Active,Retail,425,,
SUB-9237,CUST-19237,Prepaid Saver 30D,Prepaid,2026-02-15,Active,Online,599,,
SUB-9238,CUST-19238,Postpaid Corporate,Postpaid,2022-06-06,Active,Agent,1177,,
SUB-9239,CUST-19239,Unlimited Data Max,Prepaid,2024-03-27,Churned,Referral,1498,2025-05-19,Voluntary
SUB-9240,CUST-19240,Family Bundle,Postpaid,2022-02-06,Active,Online,305,,
SUB-9241,CUST-19241,Postpaid Corporate,Postpaid,2022-04-07,Active,Referral,1427,,
SUB-9242,CUST-19242,Prepaid Saver 30D,Prepaid,2023-10-29,Active,Retail,539,,
SUB-9243,CUST-19243,Student Special 4G,Prepaid,2020-08-15,Active,Referral,819,,
SUB-9244,CUST-19244,Student Special 4G,Prepaid,2021-04-12,Active,Referral,1456,,
SUB-9245,CUST-19245,Unlimited Data Max,Prepaid,2024-04-26,Active,Retail,660,,
SUB-9246,CUST-19246,Prepaid Saver 30D,Prepaid,2026-05-16,Active,Agent,585,,
SUB-9247,CUST-19247,Prepaid Saver 30D,Prepaid,2020-08-15,Active,Agent,1410,,
SUB-9248,CUST-19248,Prepaid Saver 30D,Prepaid,2020-10-14,Active,Agent,1060,,
SUB-9249,CUST-19249,Prepaid Saver 30D,Prepaid,2021-03-13,Churned,Online,776,2025-11-28,Voluntary
SUB-9250,CUST-19250,Prepaid Saver 30D,Prepaid,2026-02-15,Churned,Referral,893,2026-03-27,Voluntary
SUB-9251,CUST-19251,Unlimited Data Max,Prepaid,2022-03-08,Active,Retail,1056,,
SUB-9252,CUST-19252,Unlimited Data Max,Prepaid,2020-10-14,Active,Retail,1065,,
SUB-9253,CUST-19253,Prepaid Saver 30D,Prepaid,2024-02-26,Active,Agent,986,,
SUB-9254,CUST-19254,Unlimited Data Max,Prepaid,2022-01-07,Active,Referral,1309,,
SUB-9255,CUST-19255,Prepaid Saver 30D,Prepaid,2023-04-02,Active,Agent,477,,
SUB-9256,CUST-19256,Unlimited Data Max,Prepaid,2023-09-29,Churned,Agent,1089,2025-01-17,Voluntary
SUB-9257,CUST-19257,Unlimited Data Max,Prepaid,2022-03-08,Active,Retail,503,,
SUB-9258,CUST-19258,Student Special 4G,Prepaid,2023-01-02,Active,Retail,672,,
SUB-9259,CUST-19259,Prepaid Saver 30D,Prepaid,2022-06-06,Active,Retail,853,,
SUB-9260,CUST-19260,Student Special 4G,Prepaid,2025-02-20,Active,Retail,506,,
SUB-9261,CUST-19261,Family Bundle,Postpaid,2024-09-23,Active,Agent,607,,
SUB-9262,CUST-19262,Prepaid Saver 30D,Prepaid,2022-09-04,Active,Online,1202,,
SUB-9263,CUST-19263,Student Special 4G,Prepaid,2023-03-03,Active,Online,883,,
SUB-9264,CUST-19264,Unlimited Data Max,Prepaid,2024-02-26,Active,Referral,1491,,
SUB-9265,CUST-19265,Postpaid Corporate,Postpaid,2021-07-11,Active,Online,1074,,
SUB-9266,CUST-19266,Prepaid Saver 30D,Prepaid,2024-05-26,Active,Retail,518,,
SUB-9267,CUST-19267,Postpaid Corporate,Postpaid,2023-08-30,Active,Online,1107,,
SUB-9268,CUST-19268,Unlimited Data Max,Prepaid,2024-07-25,Active,Retail,450,,
SUB-9269,CUST-19269,Family Bundle,Postpaid,2023-02-01,Active,Retail,1301,,
SUB-9270,CUST-19270,Prepaid Saver 30D,Prepaid,2023-03-03,Active,Online,1482,,
SUB-9271,CUST-19271,Student Special 4G,Prepaid,2024-06-25,Active,Referral,1320,,
SUB-9272,CUST-19272,Family Bundle,Postpaid,2021-12-08,Active,Retail,553,,
SUB-9273,CUST-19273,Student Special 4G,Prepaid,2025-06-20,Active,Referral,1151,,
SUB-9274,CUST-19274,Prepaid Saver 30D,Prepaid,2021-12-08,Churned,Online,1052,2025-12-17,Involuntary
SUB-9275,CUST-19275,Prepaid Saver 30D,Prepaid,2026-01-16,Active,Referral,911,,
SUB-9276,CUST-19276,Postpaid Corporate,Postpaid,2024-12-22,Active,Online,318,,
SUB-9277,CUST-19277,Prepaid Saver 30D,Prepaid,2024-01-27,Active,Retail,1310,,
SUB-9278,CUST-19278,Prepaid Saver 30D,Prepaid,2023-11-28,Active,Retail,704,,
SUB-9279,CUST-19279,Postpaid Corporate,Postpaid,2022-10-04,Active,Agent,1002,,
SUB-9280,CUST-19280,Family Bundle,Postpaid,2020-12-13,Active,Retail,1030,,
SUB-9281,CUST-19281,Prepaid Saver 30D,Prepaid,2022-01-07,Churned,Retail,804,2025-07-09,Voluntary
SUB-9282,CUST-19282,Unlimited Data Max,Prepaid,2023-04-02,Active,Retail,1498,,
SUB-9283,CUST-19283,Postpaid Corporate,Postpaid,2025-12-17,Active,Online,398,,
SUB-9284,CUST-19284,Prepaid Saver 30D,Prepaid,2020-08-15,Active,Referral,757,,
SUB-9285,CUST-19285,Family Bundle,Postpaid,2024-07-25,Active,Referral,663,,
SUB-9286,CUST-19286,Postpaid Corporate,Postpaid,2022-10-04,Active,Online,497,,
SUB-9287,CUST-19287,Prepaid Saver 30D,Prepaid,2021-09-09,Active,Agent,803,,
SUB-9288,CUST-19288,Postpaid Corporate,Postpaid,2022-05-07,Active,Online,1029,,
SUB-9289,CUST-19289,Student Special 4G,Prepaid,2025-10-18,Active,Referral,1275,,
SUB-9290,CUST-19290,Prepaid Saver 30D,Prepaid,2024-11-22,Active,Online,648,,
SUB-9291,CUST-19291,Unlimited Data Max,Prepaid,2020-08-15,Active,Retail,806,,
SUB-9292,CUST-19292,Postpaid Corporate,Postpaid,2021-12-08,Churned,Online,1299,2025-09-18,Voluntary
SUB-9293,CUST-19293,Unlimited Data Max,Prepaid,2022-10-04,Churned,Retail,1291,2025-12-10,Voluntary
SUB-9294,CUST-19294,Family Bundle,Postpaid,2023-10-29,Churned,Agent,727,2026-02-17,Voluntary
SUB-9295,CUST-19295,Unlimited Data Max,Prepaid,2020-12-13,Active,Retail,612,,
SUB-9296,CUST-19296,Prepaid Saver 30D,Prepaid,2022-03-08,Active,Referral,377,,
SUB-9297,CUST-19297,Family Bundle,Postpaid,2022-03-08,Active,Referral,302,,
SUB-9298,CUST-19298,Unlimited Data Max,Prepaid,2021-01-12,Active,Referral,881,,
SUB-9299,CUST-19299,Unlimited Data Max,Prepaid,2020-10-14,Active,Referral,605,,
SUB-9300,CUST-19300,Unlimited Data Max,Prepaid,2021-05-12,Active,Retail,840,,
SUB-9301,CUST-19301,Family Bundle,Postpaid,2022-07-06,Active,Agent,1329,,
SUB-9302,CUST-19302,Family Bundle,Postpaid,2025-01-21,Active,Referral,691,,
SUB-9303,CUST-19303,Prepaid Saver 30D,Prepaid,2024-10-23,Active,Agent,1360,,
SUB-9304,CUST-19304,Postpaid Corporate,Postpaid,2025-07-20,Active,Agent,1090,,
SUB-9305,CUST-19305,Postpaid Corporate,Postpaid,2021-10-09,Active,Referral,1485,,
SUB-9306,CUST-19306,Unlimited Data Max,Prepaid,2024-06-25,Active,Agent,1307,,
SUB-9307,CUST-19307,Unlimited Data Max,Prepaid,2025-01-21,Active,Agent,1187,,
SUB-9308,CUST-19308,Student Special 4G,Prepaid,2022-03-08,Active,Referral,717,,
SUB-9309,CUST-19309,Unlimited Data Max,Prepaid,2023-02-01,Churned,Online,1417,2025-02-19,Involuntary
SUB-9310,CUST-19310,Prepaid Saver 30D,Prepaid,2024-12-22,Active,Agent,471,,
SUB-9311,CUST-19311,Unlimited Data Max,Prepaid,2024-03-27,Active,Online,1349,,
SUB-9312,CUST-19312,Prepaid Saver 30D,Prepaid,2023-07-31,Active,Online,432,,
SUB-9313,CUST-19313,Unlimited Data Max,Prepaid,2021-10-09,Active,Online,803,,
SUB-9314,CUST-19314,Unlimited Data Max,Prepaid,2026-05-16,Churned,Agent,1151,2026-06-08,Involuntary
SUB-9315,CUST-19315,Unlimited Data Max,Prepaid,2022-01-07,Active,Referral,999,,
SUB-9316,CUST-19316,Family Bundle,Postpaid,2025-12-17,Active,Online,836,,
SUB-9317,CUST-19317,Unlimited Data Max,Prepaid,2021-05-12,Active,Referral,926,,
SUB-9318,CUST-19318,Prepaid Saver 30D,Prepaid,2025-09-18,Active,Online,1393,,
SUB-9319,CUST-19319,Prepaid Saver 30D,Prepaid,2024-12-22,Active,Retail,945,,
SUB-9320,CUST-19320,Prepaid Saver 30D,Prepaid,2024-03-27,Active,Online,1093,,
SUB-9321,CUST-19321,Student Special 4G,Prepaid,2020-08-15,Churned,Agent,743,2025-06-23,Involuntary
SUB-9322,CUST-19322,Prepaid Saver 30D,Prepaid,2024-01-27,Active,Referral,956,,
SUB-9323,CUST-19323,Postpaid Corporate,Postpaid,2021-09-09,Active,Online,744,,
SUB-9324,CUST-19324,Prepaid Saver 30D,Prepaid,2024-11-22,Active,Referral,345,,
SUB-9325,CUST-19325,Student Special 4G,Prepaid,2024-02-26,Active,Referral,913,,
SUB-9326,CUST-19326,Student Special 4G,Prepaid,2023-06-01,Active,Retail,483,,
SUB-9327,CUST-19327,Unlimited Data Max,Prepaid,2025-08-19,Churned,Online,1075,2025-09-21,Involuntary
SUB-9328,CUST-19328,Student Special 4G,Prepaid,2026-03-17,Active,Online,958,,
SUB-9329,CUST-19329,Student Special 4G,Prepaid,2024-05-26,Active,Referral,801,,
SUB-9330,CUST-19330,Family Bundle,Postpaid,2021-11-08,Active,Online,1300,,
SUB-9331,CUST-19331,Family Bundle,Postpaid,2025-10-18,Active,Retail,549,,
SUB-9332,CUST-19332,Postpaid Corporate,Postpaid,2021-08-10,Active,Agent,351,,
SUB-9333,CUST-19333,Prepaid Saver 30D,Prepaid,2022-11-03,Churned,Agent,319,2025-03-01,Involuntary
SUB-9334,CUST-19334,Prepaid Saver 30D,Prepaid,2024-10-23,Active,Agent,348,,
SUB-9335,CUST-19335,Student Special 4G,Prepaid,2025-09-18,Active,Referral,554,,
SUB-9336,CUST-19336,Family Bundle,Postpaid,2023-03-03,Active,Online,1424,,
SUB-9337,CUST-19337,Unlimited Data Max,Prepaid,2023-11-28,Active,Retail,922,,
SUB-9338,CUST-19338,Prepaid Saver 30D,Prepaid,2025-10-18,Active,Agent,1342,,
SUB-9339,CUST-19339,Unlimited Data Max,Prepaid,2022-07-06,Active,Referral,688,,
SUB-9340,CUST-19340,Prepaid Saver 30D,Prepaid,2021-07-11,Active,Retail,1424,,
SUB-9341,CUST-19341,Prepaid Saver 30D,Prepaid,2023-09-29,Churned,Online,1153,2025-06-06,Voluntary
SUB-9342,CUST-19342,Prepaid Saver 30D,Prepaid,2023-09-29,Active,Referral,629,,
SUB-9343,CUST-19343,Postpaid Corporate,Postpaid,2021-04-12,Active,Retail,1395,,
SUB-9344,CUST-19344,Unlimited Data Max,Prepaid,2024-02-26,Active,Referral,1038,,
SUB-9345,CUST-19345,Postpaid Corporate,Postpaid,2024-12-22,Active,Online,1424,,
SUB-9346,CUST-19346,Prepaid Saver 30D,Prepaid,2021-06-11,Churned,Online,529,2025-09-08,Voluntary
SUB-9347,CUST-19347,Student Special 4G,Prepaid,2023-05-02,Active,Online,832,,
SUB-9348,CUST-19348,Unlimited Data Max,Prepaid,2020-12-13,Active,Online,1365,,
SUB-9349,CUST-19349,Prepaid Saver 30D,Prepaid,2021-02-11,Churned,Retail,1153,2026-03-13,Voluntary
SUB-9350,CUST-19350,Postpaid Corporate,Postpaid,2021-09-09,Active,Referral,1205,,
SUB-9351,CUST-19351,Postpaid Corporate,Postpaid,2024-04-26,Active,Online,672,,
SUB-9352,CUST-19352,Prepaid Saver 30D,Prepaid,2022-04-07,Churned,Online,1285,2026-04-04,Voluntary
SUB-9353,CUST-19353,Prepaid Saver 30D,Prepaid,2023-08-30,Active,Retail,1147,,
SUB-9354,CUST-19354,Family Bundle,Postpaid,2021-12-08,Active,Agent,904,,
SUB-9355,CUST-19355,Prepaid Saver 30D,Prepaid,2020-12-13,Active,Retail,489,,
SUB-9356,CUST-19356,Unlimited Data Max,Prepaid,2022-02-06,Active,Retail,752,,
SUB-9357,CUST-19357,Family Bundle,Postpaid,2023-07-01,Active,Referral,683,,
SUB-9358,CUST-19358,Student Special 4G,Prepaid,2020-08-15,Active,Referral,506,,
SUB-9359,CUST-19359,Unlimited Data Max,Prepaid,2021-05-12,Churned,Online,1277,2025-06-04,Involuntary
SUB-9360,CUST-19360,Student Special 4G,Prepaid,2024-12-22,Churned,Online,1030,2026-01-04,Voluntary
SUB-9361,CUST-19361,Prepaid Saver 30D,Prepaid,2020-12-13,Active,Agent,654,,
SUB-9362,CUST-19362,Student Special 4G,Prepaid,2023-07-31,Active,Agent,875,,
SUB-9363,CUST-19363,Postpaid Corporate,Postpaid,2024-11-22,Active,Online,967,,
SUB-9364,CUST-19364,Prepaid Saver 30D,Prepaid,2024-09-23,Active,Online,1015,,
SUB-9365,CUST-19365,Family Bundle,Postpaid,2021-11-08,Churned,Online,830,2026-01-27,Involuntary
SUB-9366,CUST-19366,Student Special 4G,Prepaid,2024-02-26,Active,Agent,303,,
SUB-9367,CUST-19367,Unlimited Data Max,Prepaid,2022-08-05,Churned,Online,923,2025-02-17,Voluntary
SUB-9368,CUST-19368,Postpaid Corporate,Postpaid,2023-10-29,Active,Online,707,,
SUB-9369,CUST-19369,Student Special 4G,Prepaid,2020-08-15,Active,Retail,1401,,
SUB-9370,CUST-19370,Prepaid Saver 30D,Prepaid,2025-08-19,Active,Agent,593,,
SUB-9371,CUST-19371,Prepaid Saver 30D,Prepaid,2023-01-02,Active,Agent,1264,,
SUB-9372,CUST-19372,Unlimited Data Max,Prepaid,2024-04-26,Active,Retail,760,,
SUB-9373,CUST-19373,Family Bundle,Postpaid,2021-10-09,Active,Retail,850,,
SUB-9374,CUST-19374,Prepaid Saver 30D,Prepaid,2020-12-13,Active,Online,706,,
SUB-9375,CUST-19375,Prepaid Saver 30D,Prepaid,2024-05-26,Active,Referral,462,,
SUB-9376,CUST-19376,Prepaid Saver 30D,Prepaid,2021-02-11,Active,Agent,1448,,
SUB-9377,CUST-19377,Unlimited Data Max,Prepaid,2022-11-03,Active,Retail,597,,
SUB-9378,CUST-19378,Unlimited Data Max,Prepaid,2026-02-15,Active,Retail,1345,,
SUB-9379,CUST-19379,Unlimited Data Max,Prepaid,2021-11-08,Active,Online,1012,,
SUB-9380,CUST-19380,Unlimited Data Max,Prepaid,2023-03-03,Active,Online,1170,,
SUB-9381,CUST-19381,Student Special 4G,Prepaid,2020-10-14,Active,Agent,1019,,
SUB-9382,CUST-19382,Unlimited Data Max,Prepaid,2023-09-29,Active,Referral,898,,
SUB-9383,CUST-19383,Unlimited Data Max,Prepaid,2024-12-22,Active,Retail,428,,
SUB-9384,CUST-19384,Prepaid Saver 30D,Prepaid,2025-05-21,Active,Referral,876,,
SUB-9385,CUST-19385,Student Special 4G,Prepaid,2025-12-17,Churned,Online,1442,2026-04-29,Voluntary
SUB-9386,CUST-19386,Unlimited Data Max,Prepaid,2022-04-07,Churned,Retail,504,2026-04-09,Involuntary
SUB-9387,CUST-19387,Unlimited Data Max,Prepaid,2020-09-14,Active,Agent,1108,,
SUB-9388,CUST-19388,Postpaid Corporate,Postpaid,2022-09-04,Active,Retail,1035,,
SUB-9389,CUST-19389,Prepaid Saver 30D,Prepaid,2022-12-03,Active,Online,1081,,
SUB-9390,CUST-19390,Prepaid Saver 30D,Prepaid,2026-03-17,Active,Online,1102,,
SUB-9391,CUST-19391,Unlimited Data Max,Prepaid,2026-04-16,Churned,Agent,371,2026-04-17,Voluntary
SUB-9392,CUST-19392,Student Special 4G,Prepaid,2023-07-01,Active,Referral,522,,
SUB-9393,CUST-19393,Prepaid Saver 30D,Prepaid,2023-06-01,Active,Retail,391,,
SUB-9394,CUST-19394,Student Special 4G,Prepaid,2023-11-28,Churned,Retail,918,2026-05-30,Voluntary
SUB-9395,CUST-19395,Family Bundle,Postpaid,2020-12-13,Active,Online,535,,
SUB-9396,CUST-19396,Postpaid Corporate,Postpaid,2024-06-25,Active,Referral,594,,
SUB-9397,CUST-19397,Unlimited Data Max,Prepaid,2020-09-14,Active,Online,1104,,
SUB-9398,CUST-19398,Postpaid Corporate,Postpaid,2024-11-22,Churned,Referral,564,2025-02-16,Voluntary
SUB-9399,CUST-19399,Prepaid Saver 30D,Prepaid,2024-06-25,Active,Retail,666,,
SUB-9400,CUST-19400,Unlimited Data Max,Prepaid,2024-08-24,Active,Agent,747,,
SUB-9401,CUST-19401,Prepaid Saver 30D,Prepaid,2021-11-08,Active,Referral,782,,
SUB-9402,CUST-19402,Unlimited Data Max,Prepaid,2024-06-25,Active,Referral,594,,
SUB-9403,CUST-19403,Family Bundle,Postpaid,2023-09-29,Churned,Online,851,2025-01-22,Voluntary
SUB-9404,CUST-19404,Student Special 4G,Prepaid,2025-10-18,Active,Referral,1079,,
SUB-9405,CUST-19405,Postpaid Corporate,Postpaid,2024-01-27,Active,Retail,813,,
SUB-9406,CUST-19406,Student Special 4G,Prepaid,2025-03-22,Active,Retail,411,,
SUB-9407,CUST-19407,Postpaid Corporate,Postpaid,2022-01-07,Churned,Agent,1447,2026-02-03,Voluntary
SUB-9408,CUST-19408,Student Special 4G,Prepaid,2021-09-09,Active,Referral,1356,,
SUB-9409,CUST-19409,Unlimited Data Max,Prepaid,2024-10-23,Active,Retail,686,,
SUB-9410,CUST-19410,Prepaid Saver 30D,Prepaid,2020-08-15,Active,Online,515,,
SUB-9411,CUST-19411,Prepaid Saver 30D,Prepaid,2023-11-28,Active,Referral,923,,
SUB-9412,CUST-19412,Student Special 4G,Prepaid,2021-07-11,Churned,Agent,494,2026-03-30,Voluntary
SUB-9413,CUST-19413,Student Special 4G,Prepaid,2024-12-22,Churned,Referral,888,2025-06-13,Involuntary
SUB-9414,CUST-19414,Family Bundle,Postpaid,2021-06-11,Active,Retail,1374,,
SUB-9415,CUST-19415,Student Special 4G,Prepaid,2025-07-20,Active,Referral,1149,,
SUB-9416,CUST-19416,Unlimited Data Max,Prepaid,2024-04-26,Active,Retail,1186,,
SUB-9417,CUST-19417,Unlimited Data Max,Prepaid,2024-03-27,Active,Referral,323,,
SUB-9418,CUST-19418,Prepaid Saver 30D,Prepaid,2025-04-21,Churned,Online,1432,2025-06-26,Involuntary
SUB-9419,CUST-19419,Postpaid Corporate,Postpaid,2020-10-14,Active,Referral,660,,
SUB-9420,CUST-19420,Prepaid Saver 30D,Prepaid,2024-09-23,Active,Retail,906,,
SUB-9421,CUST-19421,Unlimited Data Max,Prepaid,2023-12-28,Active,Retail,365,,
SUB-9422,CUST-19422,Prepaid Saver 30D,Prepaid,2026-04-16,Active,Referral,774,,
SUB-9423,CUST-19423,Student Special 4G,Prepaid,2022-06-06,Active,Agent,648,,
SUB-9424,CUST-19424,Unlimited Data Max,Prepaid,2025-05-21,Churned,Retail,1398,2025-07-07,Involuntary
SUB-9425,CUST-19425,Postpaid Corporate,Postpaid,2024-09-23,Churned,Online,1451,2025-01-12,Involuntary
SUB-9426,CUST-19426,Prepaid Saver 30D,Prepaid,2021-01-12,Active,Retail,669,,
SUB-9427,CUST-19427,Prepaid Saver 30D,Prepaid,2021-05-12,Active,Online,460,,
SUB-9428,CUST-19428,Postpaid Corporate,Postpaid,2025-09-18,Active,Online,723,,
SUB-9429,CUST-19429,Unlimited Data Max,Prepaid,2022-10-04,Active,Agent,1091,,
SUB-9430,CUST-19430,Postpaid Corporate,Postpaid,2022-01-07,Active,Retail,1327,,
SUB-9431,CUST-19431,Postpaid Corporate,Postpaid,2020-11-13,Active,Agent,417,,
SUB-9432,CUST-19432,Prepaid Saver 30D,Prepaid,2024-12-22,Active,Retail,657,,
SUB-9433,CUST-19433,Student Special 4G,Prepaid,2024-06-25,Active,Online,877,,
SUB-9434,CUST-19434,Student Special 4G,Prepaid,2025-01-21,Active,Agent,1336,,
SUB-9435,CUST-19435,Prepaid Saver 30D,Prepaid,2023-04-02,Active,Referral,1338,,
SUB-9436,CUST-19436,Unlimited Data Max,Prepaid,2022-12-03,Active,Referral,422,,
SUB-9437,CUST-19437,Prepaid Saver 30D,Prepaid,2025-04-21,Active,Retail,462,,
SUB-9438,CUST-19438,Prepaid Saver 30D,Prepaid,2026-04-16,Active,Agent,1492,,
SUB-9439,CUST-19439,Prepaid Saver 30D,Prepaid,2025-08-19,Active,Referral,1134,,
SUB-9440,CUST-19440,Postpaid Corporate,Postpaid,2025-03-22,Active,Referral,930,,
SUB-9441,CUST-19441,Family Bundle,Postpaid,2023-01-02,Active,Referral,312,,
SUB-9442,CUST-19442,Unlimited Data Max,Prepaid,2025-03-22,Active,Retail,1483,,
SUB-9443,CUST-19443,Postpaid Corporate,Postpaid,2021-09-09,Active,Online,889,,
SUB-9444,CUST-19444,Postpaid Corporate,Postpaid,2022-09-04,Active,Referral,538,,
SUB-9445,CUST-19445,Postpaid Corporate,Postpaid,2025-03-22,Active,Referral,881,,
SUB-9446,CUST-19446,Student Special 4G,Prepaid,2020-08-15,Churned,Retail,1279,2025-04-26,Voluntary
SUB-9447,CUST-19447,Prepaid Saver 30D,Prepaid,2022-05-07,Active,Referral,786,,
SUB-9448,CUST-19448,Prepaid Saver 30D,Prepaid,2021-05-12,Active,Retail,924,,
SUB-9449,CUST-19449,Prepaid Saver 30D,Prepaid,2022-07-06,Active,Retail,966,,
SUB-9450,CUST-19450,Prepaid Saver 30D,Prepaid,2022-08-05,Active,Agent,974,,
SUB-9451,CUST-19451,Prepaid Saver 30D,Prepaid,2023-07-31,Active,Agent,682,,
SUB-9452,CUST-19452,Unlimited Data Max,Prepaid,2022-08-05,Active,Online,1176,,
SUB-9453,CUST-19453,Unlimited Data Max,Prepaid,2021-12-08,Active,Retail,1059,,
SUB-9454,CUST-19454,Unlimited Data Max,Prepaid,2020-08-15,Active,Referral,1134,,
SUB-9455,CUST-19455,Unlimited Data Max,Prepaid,2022-12-03,Active,Retail,823,,
SUB-9456,CUST-19456,Prepaid Saver 30D,Prepaid,2022-01-07,Churned,Online,748,2025-11-29,Involuntary
SUB-9457,CUST-19457,Unlimited Data Max,Prepaid,2020-11-13,Active,Agent,537,,
SUB-9458,CUST-19458,Unlimited Data Max,Prepaid,2022-11-03,Active,Retail,1134,,
SUB-9459,CUST-19459,Postpaid Corporate,Postpaid,2021-12-08,Active,Online,1391,,
SUB-9460,CUST-19460,Postpaid Corporate,Postpaid,2025-04-21,Active,Referral,1036,,
SUB-9461,CUST-19461,Family Bundle,Postpaid,2021-04-12,Active,Referral,633,,
SUB-9462,CUST-19462,Family Bundle,Postpaid,2020-09-14,Active,Online,1421,,
SUB-9463,CUST-19463,Student Special 4G,Prepaid,2024-04-26,Churned,Referral,1048,2026-01-06,Involuntary
SUB-9464,CUST-19464,Postpaid Corporate,Postpaid,2021-03-13,Active,Retail,1352,,
SUB-9465,CUST-19465,Prepaid Saver 30D,Prepaid,2021-09-09,Active,Referral,969,,
SUB-9466,CUST-19466,Unlimited Data Max,Prepaid,2025-01-21,Active,Retail,816,,
SUB-9467,CUST-19467,Family Bundle,Postpaid,2020-08-15,Active,Online,938,,
SUB-9468,CUST-19468,Family Bundle,Postpaid,2023-01-02,Active,Referral,986,,
SUB-9469,CUST-19469,Prepaid Saver 30D,Prepaid,2025-06-20,Active,Retail,351,,
SUB-9470,CUST-19470,Prepaid Saver 30D,Prepaid,2025-10-18,Active,Referral,1032,,
SUB-9471,CUST-19471,Unlimited Data Max,Prepaid,2023-06-01,Active,Referral,1063,,
SUB-9472,CUST-19472,Unlimited Data Max,Prepaid,2023-06-01,Active,Referral,1083,,
SUB-9473,CUST-19473,Prepaid Saver 30D,Prepaid,2021-05-12,Active,Agent,1182,,
SUB-9474,CUST-19474,Unlimited Data Max,Prepaid,2023-06-01,Active,Retail,1104,,
SUB-9475,CUST-19475,Prepaid Saver 30D,Prepaid,2024-01-27,Active,Agent,786,,
SUB-9476,CUST-19476,Student Special 4G,Prepaid,2024-07-25,Active,Agent,404,,
SUB-9477,CUST-19477,Student Special 4G,Prepaid,2023-06-01,Active,Retail,402,,
SUB-9478,CUST-19478,Student Special 4G,Prepaid,2024-11-22,Churned,Retail,1136,2025-11-10,Voluntary
SUB-9479,CUST-19479,Unlimited Data Max,Prepaid,2022-01-07,Active,Referral,649,,
SUB-9480,CUST-19480,Prepaid Saver 30D,Prepaid,2025-08-19,Active,Online,803,,
SUB-9481,CUST-19481,Postpaid Corporate,Postpaid,2021-08-10,Active,Retail,1152,,
SUB-9482,CUST-19482,Prepaid Saver 30D,Prepaid,2025-02-20,Active,Referral,655,,
SUB-9483,CUST-19483,Family Bundle,Postpaid,2025-03-22,Active,Referral,872,,
SUB-9484,CUST-19484,Prepaid Saver 30D,Prepaid,2020-09-14,Active,Online,810,,
SUB-9485,CUST-19485,Unlimited Data Max,Prepaid,2024-02-26,Active,Online,984,,
SUB-9486,CUST-19486,Prepaid Saver 30D,Prepaid,2022-06-06,Active,Online,312,,
SUB-9487,CUST-19487,Prepaid Saver 30D,Prepaid,2024-01-27,Active,Online,304,,
SUB-9488,CUST-19488,Prepaid Saver 30D,Prepaid,2020-09-14,Active,Online,341,,
SUB-9489,CUST-19489,Prepaid Saver 30D,Prepaid,2025-07-20,Churned,Referral,1081,2025-10-29,Voluntary
SUB-9490,CUST-19490,Prepaid Saver 30D,Prepaid,2023-08-30,Churned,Retail,578,2025-05-12,Voluntary
SUB-9491,CUST-19491,Prepaid Saver 30D,Prepaid,2025-11-17,Active,Agent,1348,,
SUB-9492,CUST-19492,Postpaid Corporate,Postpaid,2023-02-01,Active,Agent,934,,
SUB-9493,CUST-19493,Unlimited Data Max,Prepaid,2022-02-06,Churned,Online,1185,2026-03-18,Involuntary
SUB-9494,CUST-19494,Student Special 4G,Prepaid,2023-08-30,Active,Retail,620,,
SUB-9495,CUST-19495,Postpaid Corporate,Postpaid,2021-06-11,Active,Referral,787,,
SUB-9496,CUST-19496,Unlimited Data Max,Prepaid,2021-12-08,Active,Online,482,,
SUB-9497,CUST-19497,Unlimited Data Max,Prepaid,2020-11-13,Active,Referral,730,,
SUB-9498,CUST-19498,Unlimited Data Max,Prepaid,2020-08-15,Active,Retail,1247,,
SUB-9499,CUST-19499,Unlimited Data Max,Prepaid,2020-11-13,Active,Referral,1488,,
SUB-9500,CUST-19500,Postpaid Corporate,Postpaid,2023-11-28,Churned,Agent,1044,2026-01-28,Voluntary
SUB-9501,CUST-19501,Family Bundle,Postpaid,2020-08-15,Churned,Referral,531,2025-06-10,Voluntary
SUB-9502,CUST-19502,Unlimited Data Max,Prepaid,2022-08-05,Active,Agent,1080,,
SUB-9503,CUST-19503,Prepaid Saver 30D,Prepaid,2025-12-17,Active,Referral,1139,,
SUB-9504,CUST-19504,Student Special 4G,Prepaid,2025-12-17,Churned,Retail,616,2026-04-29,Voluntary
SUB-9505,CUST-19505,Prepaid Saver 30D,Prepaid,2024-01-27,Active,Online,933,,
SUB-9506,CUST-19506,Prepaid Saver 30D,Prepaid,2023-03-03,Active,Agent,537,,
SUB-9507,CUST-19507,Prepaid Saver 30D,Prepaid,2025-12-17,Active,Agent,1107,,
SUB-9508,CUST-19508,Unlimited Data Max,Prepaid,2023-02-01,Active,Referral,1095,,
SUB-9509,CUST-19509,Unlimited Data Max,Prepaid,2022-06-06,Active,Referral,1318,,
SUB-9510,CUST-19510,Family Bundle,Postpaid,2022-05-07,Active,Agent,551,,
SUB-9511,CUST-19511,Postpaid Corporate,Postpaid,2020-09-14,Active,Online,981,,
SUB-9512,CUST-19512,Prepaid Saver 30D,Prepaid,2024-04-26,Churned,Agent,437,2026-03-02,Involuntary
SUB-9513,CUST-19513,Family Bundle,Postpaid,2026-03-17,Active,Retail,576,,
SUB-9514,CUST-19514,Prepaid Saver 30D,Prepaid,2020-10-14,Active,Referral,687,,
SUB-9515,CUST-19515,Unlimited Data Max,Prepaid,2023-05-02,Active,Agent,814,,
SUB-9516,CUST-19516,Family Bundle,Postpaid,2022-10-04,Active,Referral,822,,
SUB-9517,CUST-19517,Postpaid Corporate,Postpaid,2023-05-02,Active,Online,510,,
SUB-9518,CUST-19518,Student Special 4G,Prepaid,2023-07-31,Churned,Referral,393,2025-06-10,Voluntary
SUB-9519,CUST-19519,Unlimited Data Max,Prepaid,2025-06-20,Active,Online,501,,
SUB-9520,CUST-19520,Prepaid Saver 30D,Prepaid,2023-02-01,Active,Retail,1337,,
SUB-9521,CUST-19521,Family Bundle,Postpaid,2021-07-11,Active,Online,1202,,
SUB-9522,CUST-19522,Unlimited Data Max,Prepaid,2025-09-18,Active,Agent,908,,
SUB-9523,CUST-19523,Student Special 4G,Prepaid,2024-01-27,Active,Online,765,,
SUB-9524,CUST-19524,Student Special 4G,Prepaid,2020-12-13,Active,Referral,675,,
SUB-9525,CUST-19525,Prepaid Saver 30D,Prepaid,2023-12-28,Active,Retail,489,,
SUB-9526,CUST-19526,Student Special 4G,Prepaid,2025-06-20,Active,Agent,1459,,
SUB-9527,CUST-19527,Family Bundle,Postpaid,2020-10-14,Active,Retail,1405,,
SUB-9528,CUST-19528,Student Special 4G,Prepaid,2025-08-19,Active,Agent,1415,,
SUB-9529,CUST-19529,Prepaid Saver 30D,Prepaid,2024-12-22,Active,Agent,816,,
SUB-9530,CUST-19530,Prepaid Saver 30D,Prepaid,2023-08-30,Churned,Agent,410,2025-09-26,Voluntary
SUB-9531,CUST-19531,Prepaid Saver 30D,Prepaid,2024-02-26,Active,Referral,1040,,
SUB-9532,CUST-19532,Unlimited Data Max,Prepaid,2023-12-28,Active,Referral,1444,,
SUB-9533,CUST-19533,Family Bundle,Postpaid,2021-12-08,Active,Online,1473,,
SUB-9534,CUST-19534,Family Bundle,Postpaid,2023-03-03,Churned,Agent,373,2026-01-24,Voluntary
SUB-9535,CUST-19535,Unlimited Data Max,Prepaid,2023-07-31,Active,Referral,311,,
SUB-9536,CUST-19536,Postpaid Corporate,Postpaid,2022-05-07,Active,Retail,758,,
SUB-9537,CUST-19537,Family Bundle,Postpaid,2022-12-03,Active,Agent,521,,
SUB-9538,CUST-19538,Postpaid Corporate,Postpaid,2022-10-04,Active,Retail,1322,,
SUB-9539,CUST-19539,Unlimited Data Max,Prepaid,2023-08-30,Active,Retail,570,,
SUB-9540,CUST-19540,Unlimited Data Max,Prepaid,2023-03-03,Active,Referral,1130,,
SUB-9541,CUST-19541,Prepaid Saver 30D,Prepaid,2024-09-23,Active,Referral,1368,,
SUB-9542,CUST-19542,Family Bundle,Postpaid,2023-12-28,Active,Referral,1425,,
SUB-9543,CUST-19543,Prepaid Saver 30D,Prepaid,2025-06-20,Active,Online,668,,
SUB-9544,CUST-19544,Prepaid Saver 30D,Prepaid,2025-12-17,Active,Agent,650,,
SUB-9545,CUST-19545,Student Special 4G,Prepaid,2021-06-11,Active,Online,1172,,
SUB-9546,CUST-19546,Student Special 4G,Prepaid,2021-09-09,Active,Agent,999,,
SUB-9547,CUST-19547,Family Bundle,Postpaid,2024-10-23,Active,Agent,658,,
SUB-9548,CUST-19548,Student Special 4G,Prepaid,2023-09-29,Active,Retail,1171,,
SUB-9549,CUST-19549,Prepaid Saver 30D,Prepaid,2020-08-15,Active,Retail,1048,,
SUB-9550,CUST-19550,Family Bundle,Postpaid,2023-05-02,Active,Referral,1050,,
SUB-9551,CUST-19551,Postpaid Corporate,Postpaid,2026-05-16,Active,Agent,704,,
SUB-9552,CUST-19552,Postpaid Corporate,Postpaid,2023-02-01,Active,Retail,652,,
SUB-9553,CUST-19553,Unlimited Data Max,Prepaid,2021-04-12,Active,Retail,923,,
SUB-9554,CUST-19554,Prepaid Saver 30D,Prepaid,2025-01-21,Active,Agent,741,,
SUB-9555,CUST-19555,Unlimited Data Max,Prepaid,2020-11-13,Active,Referral,1220,,
SUB-9556,CUST-19556,Student Special 4G,Prepaid,2021-12-08,Churned,Referral,936,2026-04-19,Voluntary
SUB-9557,CUST-19557,Unlimited Data Max,Prepaid,2026-01-16,Active,Referral,1012,,
SUB-9558,CUST-19558,Prepaid Saver 30D,Prepaid,2020-08-15,Churned,Referral,869,2025-07-30,Voluntary
SUB-9559,CUST-19559,Family Bundle,Postpaid,2022-10-04,Active,Retail,372,,
SUB-9560,CUST-19560,Student Special 4G,Prepaid,2025-02-20,Active,Retail,1110,,
SUB-9561,CUST-19561,Student Special 4G,Prepaid,2021-11-08,Churned,Online,458,2025-12-05,Voluntary
SUB-9562,CUST-19562,Postpaid Corporate,Postpaid,2021-08-10,Active,Online,942,,
SUB-9563,CUST-19563,Unlimited Data Max,Prepaid,2022-11-03,Active,Referral,1244,,
SUB-9564,CUST-19564,Prepaid Saver 30D,Prepaid,2020-10-14,Active,Online,341,,
SUB-9565,CUST-19565,Student Special 4G,Prepaid,2021-04-12,Churned,Agent,562,2026-01-06,Voluntary
SUB-9566,CUST-19566,Student Special 4G,Prepaid,2024-07-25,Churned,Online,1258,2025-10-20,Voluntary
SUB-9567,CUST-19567,Prepaid Saver 30D,Prepaid,2025-08-19,Active,Online,1178,,
SUB-9568,CUST-19568,Prepaid Saver 30D,Prepaid,2021-09-09,Active,Retail,530,,
SUB-9569,CUST-19569,Unlimited Data Max,Prepaid,2020-11-13,Active,Online,1412,,
SUB-9570,CUST-19570,Prepaid Saver 30D,Prepaid,2024-09-23,Active,Retail,525,,
SUB-9571,CUST-19571,Prepaid Saver 30D,Prepaid,2023-03-03,Active,Retail,354,,
SUB-9572,CUST-19572,Unlimited Data Max,Prepaid,2023-06-01,Active,Retail,342,,
SUB-9573,CUST-19573,Prepaid Saver 30D,Prepaid,2024-05-26,Active,Retail,1474,,
SUB-9574,CUST-19574,Prepaid Saver 30D,Prepaid,2023-04-02,Active,Referral,501,,
SUB-9575,CUST-19575,Postpaid Corporate,Postpaid,2023-05-02,Churned,Referral,1334,2025-04-25,Involuntary
SUB-9576,CUST-19576,Prepaid Saver 30D,Prepaid,2020-09-14,Churned,Online,918,2026-04-09,Voluntary
SUB-9577,CUST-19577,Prepaid Saver 30D,Prepaid,2024-05-26,Active,Retail,355,,
SUB-9578,CUST-19578,Prepaid Saver 30D,Prepaid,2025-07-20,Active,Referral,1006,,
SUB-9579,CUST-19579,Postpaid Corporate,Postpaid,2023-09-29,Active,Referral,1042,,
SUB-9580,CUST-19580,Prepaid Saver 30D,Prepaid,2025-07-20,Active,Online,1356,,
SUB-9581,CUST-19581,Family Bundle,Postpaid,2025-06-20,Churned,Online,1385,2026-06-03,Voluntary
SUB-9582,CUST-19582,Prepaid Saver 30D,Prepaid,2022-09-04,Active,Agent,579,,
SUB-9583,CUST-19583,Student Special 4G,Prepaid,2021-07-11,Active,Retail,1438,,
SUB-9584,CUST-19584,Prepaid Saver 30D,Prepaid,2025-09-18,Churned,Online,1273,2025-12-15,Voluntary
SUB-9585,CUST-19585,Postpaid Corporate,Postpaid,2024-02-26,Churned,Online,695,2025-08-15,Voluntary
SUB-9586,CUST-19586,Postpaid Corporate,Postpaid,2025-04-21,Active,Referral,956,,
SUB-9587,CUST-19587,Unlimited Data Max,Prepaid,2023-08-30,Active,Referral,1307,,
SUB-9588,CUST-19588,Prepaid Saver 30D,Prepaid,2023-01-02,Active,Agent,972,,
SUB-9589,CUST-19589,Unlimited Data Max,Prepaid,2021-02-11,Active,Online,804,,
SUB-9590,CUST-19590,Prepaid Saver 30D,Prepaid,2021-03-13,Active,Online,878,,
SUB-9591,CUST-19591,Family Bundle,Postpaid,2021-02-11,Active,Referral,981,,
SUB-9592,CUST-19592,Prepaid Saver 30D,Prepaid,2023-12-28,Active,Retail,1422,,
SUB-9593,CUST-19593,Postpaid Corporate,Postpaid,2021-11-08,Active,Online,1346,,
SUB-9594,CUST-19594,Prepaid Saver 30D,Prepaid,2024-09-23,Active,Agent,540,,
SUB-9595,CUST-19595,Prepaid Saver 30D,Prepaid,2026-03-17,Active,Agent,857,,
SUB-9596,CUST-19596,Postpaid Corporate,Postpaid,2020-12-13,Active,Referral,657,,
SUB-9597,CUST-19597,Unlimited Data Max,Prepaid,2021-02-11,Active,Agent,1185,,
SUB-9598,CUST-19598,Unlimited Data Max,Prepaid,2025-05-21,Active,Agent,1385,,
SUB-9599,CUST-19599,Unlimited Data Max,Prepaid,2025-04-21,Churned,Retail,1122,2025-06-03,Involuntary
SUB-9600,CUST-19600,Unlimited Data Max,Prepaid,2021-02-11,Active,Retail,1215,,
SUB-9601,CUST-19601,Family Bundle,Postpaid,2023-10-29,Churned,Referral,1008,2026-03-18,Voluntary
SUB-9602,CUST-19602,Unlimited Data Max,Prepaid,2021-10-09,Active,Online,1385,,
SUB-9603,CUST-19603,Unlimited Data Max,Prepaid,2021-02-11,Active,Online,932,,
SUB-9604,CUST-19604,Unlimited Data Max,Prepaid,2023-04-02,Active,Agent,1264,,
SUB-9605,CUST-19605,Unlimited Data Max,Prepaid,2025-11-17,Churned,Agent,375,2026-01-26,Voluntary
SUB-9606,CUST-19606,Prepaid Saver 30D,Prepaid,2022-12-03,Active,Online,799,,
SUB-9607,CUST-19607,Unlimited Data Max,Prepaid,2025-08-19,Churned,Online,1209,2026-04-27,Voluntary
SUB-9608,CUST-19608,Unlimited Data Max,Prepaid,2022-06-06,Active,Retail,1357,,
SUB-9609,CUST-19609,Unlimited Data Max,Prepaid,2023-02-01,Active,Referral,1170,,
SUB-9610,CUST-19610,Student Special 4G,Prepaid,2023-10-29,Active,Retail,594,,
SUB-9611,CUST-19611,Prepaid Saver 30D,Prepaid,2023-08-30,Active,Referral,1392,,
SUB-9612,CUST-19612,Postpaid Corporate,Postpaid,2020-10-14,Churned,Agent,1270,2025-03-08,Voluntary
SUB-9613,CUST-19613,Unlimited Data Max,Prepaid,2024-02-26,Active,Retail,461,,
SUB-9614,CUST-19614,Prepaid Saver 30D,Prepaid,2021-06-11,Active,Referral,463,,
SUB-9615,CUST-19615,Family Bundle,Postpaid,2021-09-09,Active,Online,1366,,
SUB-9616,CUST-19616,Unlimited Data Max,Prepaid,2020-08-15,Active,Online,567,,
SUB-9617,CUST-19617,Prepaid Saver 30D,Prepaid,2021-03-13,Active,Referral,713,,
SUB-9618,CUST-19618,Prepaid Saver 30D,Prepaid,2022-10-04,Active,Referral,1337,,
SUB-9619,CUST-19619,Unlimited Data Max,Prepaid,2020-08-15,Active,Referral,731,,
SUB-9620,CUST-19620,Prepaid Saver 30D,Prepaid,2022-05-07,Active,Retail,744,,
SUB-9621,CUST-19621,Prepaid Saver 30D,Prepaid,2025-09-18,Active,Agent,1423,,
SUB-9622,CUST-19622,Prepaid Saver 30D,Prepaid,2025-11-17,Active,Agent,1071,,
SUB-9623,CUST-19623,Prepaid Saver 30D,Prepaid,2022-06-06,Active,Online,643,,
SUB-9624,CUST-19624,Prepaid Saver 30D,Prepaid,2023-05-02,Active,Retail,733,,
SUB-9625,CUST-19625,Prepaid Saver 30D,Prepaid,2021-05-12,Active,Online,429,,
SUB-9626,CUST-19626,Student Special 4G,Prepaid,2023-04-02,Churned,Referral,492,2025-05-24,Involuntary
SUB-9627,CUST-19627,Postpaid Corporate,Postpaid,2024-12-22,Churned,Referral,849,2025-04-29,Voluntary
SUB-9628,CUST-19628,Prepaid Saver 30D,Prepaid,2021-06-11,Active,Referral,1379,,
SUB-9629,CUST-19629,Unlimited Data Max,Prepaid,2023-07-31,Active,Agent,1151,,
SUB-9630,CUST-19630,Postpaid Corporate,Postpaid,2020-11-13,Churned,Retail,321,2025-03-12,Voluntary
SUB-9631,CUST-19631,Unlimited Data Max,Prepaid,2026-05-16,Active,Referral,575,,
SUB-9632,CUST-19632,Family Bundle,Postpaid,2026-04-16,Active,Agent,1418,,
SUB-9633,CUST-19633,Student Special 4G,Prepaid,2025-08-19,Active,Retail,1138,,
SUB-9634,CUST-19634,Prepaid Saver 30D,Prepaid,2020-11-13,Active,Agent,313,,
SUB-9635,CUST-19635,Student Special 4G,Prepaid,2025-09-18,Churned,Referral,798,2026-03-16,Voluntary
SUB-9636,CUST-19636,Unlimited Data Max,Prepaid,2022-04-07,Churned,Retail,518,2025-11-16,Voluntary
SUB-9637,CUST-19637,Unlimited Data Max,Prepaid,2022-04-07,Active,Referral,755,,
SUB-9638,CUST-19638,Family Bundle,Postpaid,2021-04-12,Active,Retail,306,,
SUB-9639,CUST-19639,Student Special 4G,Prepaid,2022-10-04,Active,Online,464,,
SUB-9640,CUST-19640,Prepaid Saver 30D,Prepaid,2026-04-16,Active,Online,673,,
SUB-9641,CUST-19641,Student Special 4G,Prepaid,2026-03-17,Active,Referral,1329,,
SUB-9642,CUST-19642,Unlimited Data Max,Prepaid,2026-04-16,Churned,Agent,857,2026-05-29,Involuntary
SUB-9643,CUST-19643,Postpaid Corporate,Postpaid,2022-12-03,Active,Agent,1281,,
SUB-9644,CUST-19644,Family Bundle,Postpaid,2023-11-28,Active,Agent,992,,
SUB-9645,CUST-19645,Student Special 4G,Prepaid,2026-01-16,Active,Referral,656,,
SUB-9646,CUST-19646,Prepaid Saver 30D,Prepaid,2026-04-16,Active,Online,1263,,
SUB-9647,CUST-19647,Prepaid Saver 30D,Prepaid,2025-03-22,Active,Referral,627,,
SUB-9648,CUST-19648,Student Special 4G,Prepaid,2023-07-31,Active,Referral,751,,
SUB-9649,CUST-19649,Prepaid Saver 30D,Prepaid,2021-03-13,Active,Retail,314,,
SUB-9650,CUST-19650,Family Bundle,Postpaid,2021-08-10,Active,Agent,1189,,
SUB-9651,CUST-19651,Prepaid Saver 30D,Prepaid,2023-10-29,Active,Referral,1139,,
SUB-9652,CUST-19652,Unlimited Data Max,Prepaid,2024-09-23,Active,Retail,1151,,
SUB-9653,CUST-19653,Unlimited Data Max,Prepaid,2021-11-08,Active,Online,355,,
SUB-9654,CUST-19654,Prepaid Saver 30D,Prepaid,2020-12-13,Active,Agent,921,,
SUB-9655,CUST-19655,Unlimited Data Max,Prepaid,2024-07-25,Active,Agent,797,,
SUB-9656,CUST-19656,Prepaid Saver 30D,Prepaid,2023-07-01,Active,Retail,1394,,
SUB-9657,CUST-19657,Family Bundle,Postpaid,2025-10-18,Active,Online,507,,
SUB-9658,CUST-19658,Unlimited Data Max,Prepaid,2025-08-19,Active,Online,844,,
SUB-9659,CUST-19659,Postpaid Corporate,Postpaid,2021-03-13,Active,Agent,1317,,
SUB-9660,CUST-19660,Prepaid Saver 30D,Prepaid,2025-01-21,Active,Agent,771,,
SUB-9661,CUST-19661,Postpaid Corporate,Postpaid,2025-06-20,Active,Referral,736,,
SUB-9662,CUST-19662,Prepaid Saver 30D,Prepaid,2024-07-25,Active,Online,1035,,
SUB-9663,CUST-19663,Student Special 4G,Prepaid,2024-05-26,Active,Agent,817,,
SUB-9664,CUST-19664,Prepaid Saver 30D,Prepaid,2025-03-22,Active,Agent,789,,
SUB-9665,CUST-19665,Prepaid Saver 30D,Prepaid,2022-05-07,Active,Online,783,,
SUB-9666,CUST-19666,Unlimited Data Max,Prepaid,2023-02-01,Churned,Online,608,2025-09-28,Voluntary
SUB-9667,CUST-19667,Prepaid Saver 30D,Prepaid,2022-12-03,Active,Referral,742,,
SUB-9668,CUST-19668,Unlimited Data Max,Prepaid,2020-09-14,Churned,Referral,498,2025-11-12,Voluntary
SUB-9669,CUST-19669,Prepaid Saver 30D,Prepaid,2021-01-12,Active,Referral,1200,,
SUB-9670,CUST-19670,Prepaid Saver 30D,Prepaid,2024-09-23,Churned,Online,657,2025-11-12,Voluntary
SUB-9671,CUST-19671,Student Special 4G,Prepaid,2020-08-15,Active,Referral,1308,,
SUB-9672,CUST-19672,Prepaid Saver 30D,Prepaid,2022-06-06,Active,Retail,726,,
SUB-9673,CUST-19673,Postpaid Corporate,Postpaid,2025-07-20,Churned,Agent,1457,2025-09-29,Voluntary
SUB-9674,CUST-19674,Unlimited Data Max,Prepaid,2024-07-25,Active,Online,536,,
SUB-9675,CUST-19675,Postpaid Corporate,Postpaid,2025-01-21,Active,Retail,312,,
SUB-9676,CUST-19676,Family Bundle,Postpaid,2021-10-09,Active,Referral,414,,
SUB-9677,CUST-19677,Prepaid Saver 30D,Prepaid,2022-09-04,Active,Online,1079,,
SUB-9678,CUST-19678,Unlimited Data Max,Prepaid,2021-11-08,Active,Referral,1303,,
SUB-9679,CUST-19679,Postpaid Corporate,Postpaid,2025-07-20,Churned,Retail,785,2025-10-12,Voluntary
SUB-9680,CUST-19680,Unlimited Data Max,Prepaid,2023-06-01,Active,Agent,633,,
SUB-9681,CUST-19681,Prepaid Saver 30D,Prepaid,2023-04-02,Active,Online,835,,
SUB-9682,CUST-19682,Unlimited Data Max,Prepaid,2022-06-06,Active,Agent,1374,,
SUB-9683,CUST-19683,Prepaid Saver 30D,Prepaid,2024-03-27,Active,Online,1296,,
SUB-9684,CUST-19684,Student Special 4G,Prepaid,2026-01-16,Active,Agent,1351,,
SUB-9685,CUST-19685,Unlimited Data Max,Prepaid,2021-03-13,Active,Referral,1466,,
SUB-9686,CUST-19686,Prepaid Saver 30D,Prepaid,2023-11-28,Active,Online,840,,
SUB-9687,CUST-19687,Prepaid Saver 30D,Prepaid,2021-01-12,Active,Agent,580,,
SUB-9688,CUST-19688,Prepaid Saver 30D,Prepaid,2023-12-28,Active,Referral,1122,,
SUB-9689,CUST-19689,Postpaid Corporate,Postpaid,2024-11-22,Active,Retail,1423,,
SUB-9690,CUST-19690,Postpaid Corporate,Postpaid,2023-09-29,Active,Agent,595,,
SUB-9691,CUST-19691,Student Special 4G,Prepaid,2025-11-17,Active,Agent,1162,,
SUB-9692,CUST-19692,Prepaid Saver 30D,Prepaid,2023-03-03,Active,Agent,1088,,
SUB-9693,CUST-19693,Unlimited Data Max,Prepaid,2020-08-15,Active,Retail,1369,,
SUB-9694,CUST-19694,Prepaid Saver 30D,Prepaid,2024-11-22,Active,Retail,1207,,
SUB-9695,CUST-19695,Prepaid Saver 30D,Prepaid,2025-07-20,Churned,Referral,994,2026-02-20,Involuntary
SUB-9696,CUST-19696,Postpaid Corporate,Postpaid,2025-08-19,Churned,Retail,1196,2025-09-24,Voluntary
SUB-9697,CUST-19697,Student Special 4G,Prepaid,2025-05-21,Active,Referral,1281,,
SUB-9698,CUST-19698,Student Special 4G,Prepaid,2024-02-26,Active,Online,634,,
SUB-9699,CUST-19699,Unlimited Data Max,Prepaid,2024-12-22,Active,Agent,494,,
SUB-9700,CUST-19700,Family Bundle,Postpaid,2022-04-07,Active,Referral,1411,,
SUB-9701,CUST-19701,Family Bundle,Postpaid,2024-05-26,Active,Retail,342,,
SUB-9702,CUST-19702,Unlimited Data Max,Prepaid,2024-04-26,Active,Retail,950,,
SUB-9703,CUST-19703,Prepaid Saver 30D,Prepaid,2025-07-20,Active,Referral,1172,,
SUB-9704,CUST-19704,Student Special 4G,Prepaid,2023-02-01,Active,Agent,924,,
SUB-9705,CUST-19705,Prepaid Saver 30D,Prepaid,2024-07-25,Active,Retail,477,,
SUB-9706,CUST-19706,Unlimited Data Max,Prepaid,2022-04-07,Active,Online,498,,
SUB-9707,CUST-19707,Prepaid Saver 30D,Prepaid,2026-04-16,Active,Referral,563,,
SUB-9708,CUST-19708,Prepaid Saver 30D,Prepaid,2022-09-04,Churned,Agent,1429,2026-04-11,Voluntary
SUB-9709,CUST-19709,Student Special 4G,Prepaid,2021-10-09,Active,Online,435,,
SUB-9710,CUST-19710,Student Special 4G,Prepaid,2022-04-07,Active,Referral,427,,
SUB-9711,CUST-19711,Family Bundle,Postpaid,2024-11-22,Active,Retail,1476,,
SUB-9712,CUST-19712,Prepaid Saver 30D,Prepaid,2022-05-07,Active,Online,1118,,
SUB-9713,CUST-19713,Student Special 4G,Prepaid,2021-08-10,Active,Online,1189,,
SUB-9714,CUST-19714,Unlimited Data Max,Prepaid,2023-05-02,Active,Retail,700,,
SUB-9715,CUST-19715,Prepaid Saver 30D,Prepaid,2022-09-04,Active,Online,567,,
SUB-9716,CUST-19716,Family Bundle,Postpaid,2021-09-09,Active,Retail,1390,,
SUB-9717,CUST-19717,Student Special 4G,Prepaid,2023-07-31,Active,Retail,792,,
SUB-9718,CUST-19718,Postpaid Corporate,Postpaid,2025-07-20,Churned,Retail,1191,2025-10-13,Voluntary
SUB-9719,CUST-19719,Unlimited Data Max,Prepaid,2020-09-14,Active,Agent,1191,,
SUB-9720,CUST-19720,Unlimited Data Max,Prepaid,2024-06-25,Active,Agent,1486,,
SUB-9721,CUST-19721,Postpaid Corporate,Postpaid,2024-02-26,Active,Referral,1454,,
SUB-9722,CUST-19722,Prepaid Saver 30D,Prepaid,2022-11-03,Active,Retail,706,,
SUB-9723,CUST-19723,Prepaid Saver 30D,Prepaid,2025-05-21,Churned,Referral,950,2025-11-01,Voluntary
SUB-9724,CUST-19724,Student Special 4G,Prepaid,2024-05-26,Active,Referral,960,,
SUB-9725,CUST-19725,Unlimited Data Max,Prepaid,2023-02-01,Active,Online,811,,
SUB-9726,CUST-19726,Prepaid Saver 30D,Prepaid,2022-02-06,Active,Agent,1465,,
SUB-9727,CUST-19727,Unlimited Data Max,Prepaid,2025-08-19,Active,Referral,648,,
SUB-9728,CUST-19728,Unlimited Data Max,Prepaid,2021-08-10,Active,Referral,844,,
SUB-9729,CUST-19729,Unlimited Data Max,Prepaid,2024-10-23,Active,Retail,454,,
SUB-9730,CUST-19730,Unlimited Data Max,Prepaid,2021-02-11,Active,Retail,1160,,
SUB-9731,CUST-19731,Prepaid Saver 30D,Prepaid,2021-02-11,Churned,Online,839,2025-04-08,Involuntary
SUB-9732,CUST-19732,Prepaid Saver 30D,Prepaid,2022-04-07,Active,Online,1410,,
SUB-9733,CUST-19733,Prepaid Saver 30D,Prepaid,2021-03-13,Active,Retail,1037,,
SUB-9734,CUST-19734,Student Special 4G,Prepaid,2025-06-20,Active,Referral,1172,,
SUB-9735,CUST-19735,Prepaid Saver 30D,Prepaid,2023-08-30,Active,Agent,916,,
SUB-9736,CUST-19736,Postpaid Corporate,Postpaid,2025-07-20,Active,Agent,744,,
SUB-9737,CUST-19737,Postpaid Corporate,Postpaid,2023-08-30,Active,Agent,367,,
SUB-9738,CUST-19738,Prepaid Saver 30D,Prepaid,2023-01-02,Active,Retail,1139,,
SUB-9739,CUST-19739,Prepaid Saver 30D,Prepaid,2023-02-01,Churned,Retail,371,2025-08-18,Voluntary
SUB-9740,CUST-19740,Family Bundle,Postpaid,2025-12-17,Churned,Referral,757,2025-12-30,Involuntary
SUB-9741,CUST-19741,Prepaid Saver 30D,Prepaid,2025-12-17,Active,Referral,655,,
SUB-9742,CUST-19742,Prepaid Saver 30D,Prepaid,2020-08-15,Active,Retail,782,,
SUB-9743,CUST-19743,Prepaid Saver 30D,Prepaid,2024-12-22,Active,Retail,1189,,
SUB-9744,CUST-19744,Student Special 4G,Prepaid,2023-07-01,Active,Retail,519,,
SUB-9745,CUST-19745,Prepaid Saver 30D,Prepaid,2023-01-02,Active,Retail,1466,,
SUB-9746,CUST-19746,Prepaid Saver 30D,Prepaid,2025-06-20,Active,Retail,1391,,
SUB-9747,CUST-19747,Prepaid Saver 30D,Prepaid,2024-07-25,Active,Retail,713,,
SUB-9748,CUST-19748,Student Special 4G,Prepaid,2022-12-03,Active,Referral,1160,,
SUB-9749,CUST-19749,Prepaid Saver 30D,Prepaid,2025-02-20,Churned,Referral,910,2026-03-08,Voluntary
SUB-9750,CUST-19750,Family Bundle,Postpaid,2021-10-09,Active,Online,688,,
SUB-9751,CUST-19751,Student Special 4G,Prepaid,2022-09-04,Active,Online,1301,,
SUB-9752,CUST-19752,Unlimited Data Max,Prepaid,2020-08-15,Active,Agent,1379,,
SUB-9753,CUST-19753,Prepaid Saver 30D,Prepaid,2023-02-01,Active,Agent,624,,
SUB-9754,CUST-19754,Family Bundle,Postpaid,2021-10-09,Active,Referral,535,,
SUB-9755,CUST-19755,Prepaid Saver 30D,Prepaid,2024-06-25,Active,Referral,1304,,
SUB-9756,CUST-19756,Prepaid Saver 30D,Prepaid,2022-05-07,Active,Retail,502,,
SUB-9757,CUST-19757,Unlimited Data Max,Prepaid,2020-12-13,Active,Referral,1307,,
SUB-9758,CUST-19758,Unlimited Data Max,Prepaid,2021-08-10,Active,Referral,498,,
SUB-9759,CUST-19759,Prepaid Saver 30D,Prepaid,2021-11-08,Active,Online,447,,
SUB-9760,CUST-19760,Student Special 4G,Prepaid,2023-10-29,Active,Retail,1327,,
SUB-9761,CUST-19761,Postpaid Corporate,Postpaid,2022-12-03,Active,Online,1006,,
SUB-9762,CUST-19762,Unlimited Data Max,Prepaid,2022-12-03,Active,Agent,622,,
SUB-9763,CUST-19763,Prepaid Saver 30D,Prepaid,2025-03-22,Active,Agent,761,,
SUB-9764,CUST-19764,Prepaid Saver 30D,Prepaid,2024-11-22,Active,Agent,1198,,
SUB-9765,CUST-19765,Postpaid Corporate,Postpaid,2022-08-05,Active,Agent,325,,
SUB-9766,CUST-19766,Prepaid Saver 30D,Prepaid,2022-09-04,Active,Online,574,,
SUB-9767,CUST-19767,Family Bundle,Postpaid,2022-06-06,Active,Agent,600,,
SUB-9768,CUST-19768,Student Special 4G,Prepaid,2022-12-03,Active,Online,475,,
SUB-9769,CUST-19769,Postpaid Corporate,Postpaid,2023-01-02,Churned,Online,1196,2026-06-02,Voluntary
SUB-9770,CUST-19770,Prepaid Saver 30D,Prepaid,2023-06-01,Active,Retail,1132,,
SUB-9771,CUST-19771,Prepaid Saver 30D,Prepaid,2022-09-04,Active,Retail,937,,
SUB-9772,CUST-19772,Prepaid Saver 30D,Prepaid,2024-04-26,Active,Agent,808,,
SUB-9773,CUST-19773,Student Special 4G,Prepaid,2025-06-20,Churned,Retail,1318,2026-05-04,Voluntary
SUB-9774,CUST-19774,Family Bundle,Postpaid,2022-06-06,Active,Referral,323,,
SUB-9775,CUST-19775,Family Bundle,Postpaid,2024-06-25,Active,Online,552,,
SUB-9776,CUST-19776,Prepaid Saver 30D,Prepaid,2022-01-07,Active,Online,1274,,
SUB-9777,CUST-19777,Postpaid Corporate,Postpaid,2021-03-13,Active,Retail,1442,,
SUB-9778,CUST-19778,Prepaid Saver 30D,Prepaid,2024-02-26,Active,Retail,967,,
SUB-9779,CUST-19779,Unlimited Data Max,Prepaid,2025-08-19,Active,Online,1138,,
SUB-9780,CUST-19780,Postpaid Corporate,Postpaid,2026-05-16,Churned,Agent,1272,2026-06-14,Involuntary
SUB-9781,CUST-19781,Family Bundle,Postpaid,2023-01-02,Active,Referral,1265,,
SUB-9782,CUST-19782,Student Special 4G,Prepaid,2021-04-12,Active,Agent,848,,
SUB-9783,CUST-19783,Student Special 4G,Prepaid,2021-03-13,Active,Online,376,,
SUB-9784,CUST-19784,Prepaid Saver 30D,Prepaid,2021-03-13,Active,Retail,1054,,
SUB-9785,CUST-19785,Postpaid Corporate,Postpaid,2026-04-16,Active,Referral,1282,,
SUB-9786,CUST-19786,Postpaid Corporate,Postpaid,2026-02-15,Active,Referral,1378,,
SUB-9787,CUST-19787,Prepaid Saver 30D,Prepaid,2020-10-14,Active,Retail,482,,
SUB-9788,CUST-19788,Unlimited Data Max,Prepaid,2022-07-06,Churned,Referral,1497,2025-01-13,Voluntary
SUB-9789,CUST-19789,Prepaid Saver 30D,Prepaid,2021-04-12,Churned,Referral,982,2025-07-25,Voluntary
SUB-9790,CUST-19790,Prepaid Saver 30D,Prepaid,2020-09-14,Active,Referral,1043,,
SUB-9791,CUST-19791,Postpaid Corporate,Postpaid,2022-04-07,Active,Online,1066,,
SUB-9792,CUST-19792,Family Bundle,Postpaid,2024-01-27,Active,Online,1171,,
SUB-9793,CUST-19793,Postpaid Corporate,Postpaid,2022-04-07,Active,Retail,561,,
SUB-9794,CUST-19794,Prepaid Saver 30D,Prepaid,2022-10-04,Churned,Retail,398,2025-08-28,Voluntary
SUB-9795,CUST-19795,Prepaid Saver 30D,Prepaid,2021-05-12,Active,Online,475,,
SUB-9796,CUST-19796,Prepaid Saver 30D,Prepaid,2021-05-12,Active,Retail,1438,,
SUB-9797,CUST-19797,Postpaid Corporate,Postpaid,2025-05-21,Active,Retail,703,,
SUB-9798,CUST-19798,Unlimited Data Max,Prepaid,2021-04-12,Active,Referral,945,,
SUB-9799,CUST-19799,Prepaid Saver 30D,Prepaid,2022-05-07,Churned,Online,853,2026-01-13,Involuntary
SUB-9800,CUST-19800,Student Special 4G,Prepaid,2022-02-06,Active,Retail,492,,
SUB-9801,CUST-19801,Unlimited Data Max,Prepaid,2024-05-26,Active,Agent,710,,
SUB-9802,CUST-19802,Postpaid Corporate,Postpaid,2023-07-31,Active,Online,1358,,
SUB-9803,CUST-19803,Student Special 4G,Prepaid,2021-04-12,Active,Referral,1126,,
SUB-9804,CUST-19804,Student Special 4G,Prepaid,2025-08-19,Active,Retail,833,,
SUB-9805,CUST-19805,Family Bundle,Postpaid,2023-05-02,Active,Retail,323,,
SUB-9806,CUST-19806,Student Special 4G,Prepaid,2020-10-14,Active,Retail,552,,
SUB-9807,CUST-19807,Prepaid Saver 30D,Prepaid,2021-12-08,Active,Agent,646,,
SUB-9808,CUST-19808,Prepaid Saver 30D,Prepaid,2025-07-20,Active,Retail,530,,
SUB-9809,CUST-19809,Unlimited Data Max,Prepaid,2025-06-20,Active,Referral,506,,
SUB-9810,CUST-19810,Unlimited Data Max,Prepaid,2023-07-01,Active,Referral,756,,
SUB-9811,CUST-19811,Postpaid Corporate,Postpaid,2024-12-22,Active,Online,1371,,
SUB-9812,CUST-19812,Prepaid Saver 30D,Prepaid,2021-04-12,Active,Referral,1457,,
SUB-9813,CUST-19813,Prepaid Saver 30D,Prepaid,2021-07-11,Churned,Agent,785,2026-05-25,Voluntary
SUB-9814,CUST-19814,Student Special 4G,Prepaid,2020-11-13,Active,Online,372,,
SUB-9815,CUST-19815,Unlimited Data Max,Prepaid,2024-01-27,Active,Online,810,,
SUB-9816,CUST-19816,Prepaid Saver 30D,Prepaid,2024-09-23,Active,Referral,619,,
SUB-9817,CUST-19817,Postpaid Corporate,Postpaid,2023-05-02,Active,Agent,1123,,
SUB-9818,CUST-19818,Unlimited Data Max,Prepaid,2025-09-18,Active,Online,965,,
SUB-9819,CUST-19819,Prepaid Saver 30D,Prepaid,2022-03-08,Active,Retail,539,,
SUB-9820,CUST-19820,Unlimited Data Max,Prepaid,2021-05-12,Active,Retail,1216,,
SUB-9821,CUST-19821,Student Special 4G,Prepaid,2025-05-21,Active,Agent,540,,
SUB-9822,CUST-19822,Postpaid Corporate,Postpaid,2025-03-22,Active,Online,876,,
SUB-9823,CUST-19823,Postpaid Corporate,Postpaid,2024-08-24,Churned,Referral,659,2026-01-06,Voluntary
SUB-9824,CUST-19824,Unlimited Data Max,Prepaid,2021-10-09,Active,Retail,947,,
SUB-9825,CUST-19825,Postpaid Corporate,Postpaid,2024-06-25,Churned,Referral,444,2025-03-03,Voluntary
SUB-9826,CUST-19826,Prepaid Saver 30D,Prepaid,2022-03-08,Active,Agent,1161,,
SUB-9827,CUST-19827,Prepaid Saver 30D,Prepaid,2021-01-12,Active,Online,954,,
SUB-9828,CUST-19828,Unlimited Data Max,Prepaid,2023-10-29,Active,Referral,1187,,
SUB-9829,CUST-19829,Unlimited Data Max,Prepaid,2025-08-19,Active,Retail,1162,,
SUB-9830,CUST-19830,Unlimited Data Max,Prepaid,2021-01-12,Active,Referral,1323,,
SUB-9831,CUST-19831,Unlimited Data Max,Prepaid,2024-03-27,Churned,Online,1468,2025-07-01,Voluntary
SUB-9832,CUST-19832,Unlimited Data Max,Prepaid,2022-12-03,Active,Agent,1045,,
SUB-9833,CUST-19833,Unlimited Data Max,Prepaid,2020-10-14,Active,Referral,701,,
SUB-9834,CUST-19834,Student Special 4G,Prepaid,2021-03-13,Active,Retail,710,,
SUB-9835,CUST-19835,Prepaid Saver 30D,Prepaid,2021-07-11,Active,Online,1211,,
SUB-9836,CUST-19836,Postpaid Corporate,Postpaid,2024-04-26,Active,Retail,426,,
SUB-9837,CUST-19837,Prepaid Saver 30D,Prepaid,2022-07-06,Active,Online,404,,
SUB-9838,CUST-19838,Unlimited Data Max,Prepaid,2024-06-25,Active,Referral,1270,,
SUB-9839,CUST-19839,Family Bundle,Postpaid,2023-04-02,Active,Retail,1020,,
SUB-9840,CUST-19840,Unlimited Data Max,Prepaid,2024-06-25,Active,Referral,834,,
SUB-9841,CUST-19841,Student Special 4G,Prepaid,2021-07-11,Active,Online,473,,
SUB-9842,CUST-19842,Postpaid Corporate,Postpaid,2022-01-07,Active,Retail,1200,,
SUB-9843,CUST-19843,Prepaid Saver 30D,Prepaid,2020-11-13,Active,Retail,1218,,
SUB-9844,CUST-19844,Postpaid Corporate,Postpaid,2024-11-22,Active,Referral,632,,
SUB-9845,CUST-19845,Student Special 4G,Prepaid,2021-01-12,Active,Agent,556,,
SUB-9846,CUST-19846,Student Special 4G,Prepaid,2024-12-22,Active,Online,941,,
SUB-9847,CUST-19847,Prepaid Saver 30D,Prepaid,2022-09-04,Active,Retail,877,,
SUB-9848,CUST-19848,Unlimited Data Max,Prepaid,2025-05-21,Churned,Retail,788,2026-02-08,Voluntary
SUB-9849,CUST-19849,Prepaid Saver 30D,Prepaid,2022-03-08,Active,Referral,774,,
SUB-9850,CUST-19850,Unlimited Data Max,Prepaid,2021-11-08,Active,Online,1026,,
SUB-9851,CUST-19851,Prepaid Saver 30D,Prepaid,2021-11-08,Churned,Agent,786,2025-09-17,Voluntary
SUB-9852,CUST-19852,Postpaid Corporate,Postpaid,2024-10-23,Active,Agent,709,,
SUB-9853,CUST-19853,Prepaid Saver 30D,Prepaid,2021-09-09,Active,Retail,789,,
SUB-9854,CUST-19854,Student Special 4G,Prepaid,2025-06-20,Active,Online,1443,,
SUB-9855,CUST-19855,Family Bundle,Postpaid,2022-02-06,Active,Retail,603,,
SUB-9856,CUST-19856,Unlimited Data Max,Prepaid,2023-08-30,Active,Referral,785,,
SUB-9857,CUST-19857,Unlimited Data Max,Prepaid,2025-05-21,Active,Referral,811,,
SUB-9858,CUST-19858,Prepaid Saver 30D,Prepaid,2020-09-14,Active,Agent,603,,
SUB-9859,CUST-19859,Unlimited Data Max,Prepaid,2022-01-07,Churned,Retail,852,2025-02-21,Voluntary
SUB-9860,CUST-19860,Unlimited Data Max,Prepaid,2025-07-20,Churned,Referral,1200,2025-10-12,Voluntary
SUB-9861,CUST-19861,Family Bundle,Postpaid,2024-02-26,Active,Online,955,,
SUB-9862,CUST-19862,Unlimited Data Max,Prepaid,2022-02-06,Active,Referral,328,,
SUB-9863,CUST-19863,Unlimited Data Max,Prepaid,2025-03-22,Active,Retail,1190,,
SUB-9864,CUST-19864,Prepaid Saver 30D,Prepaid,2023-08-30,Active,Referral,1202,,
SUB-9865,CUST-19865,Unlimited Data Max,Prepaid,2025-10-18,Active,Retail,912,,
SUB-9866,CUST-19866,Student Special 4G,Prepaid,2026-04-16,Active,Online,1376,,
SUB-9867,CUST-19867,Student Special 4G,Prepaid,2024-12-22,Active,Retail,659,,
SUB-9868,CUST-19868,Prepaid Saver 30D,Prepaid,2022-04-07,Active,Agent,1361,,
SUB-9869,CUST-19869,Unlimited Data Max,Prepaid,2023-06-01,Active,Online,920,,
SUB-9870,CUST-19870,Student Special 4G,Prepaid,2024-08-24,Active,Agent,802,,
SUB-9871,CUST-19871,Postpaid Corporate,Postpaid,2024-12-22,Active,Referral,1394,,
SUB-9872,CUST-19872,Prepaid Saver 30D,Prepaid,2021-09-09,Churned,Retail,738,2026-02-18,Voluntary
SUB-9873,CUST-19873,Prepaid Saver 30D,Prepaid,2022-07-06,Active,Online,1245,,
SUB-9874,CUST-19874,Prepaid Saver 30D,Prepaid,2021-05-12,Churned,Online,1407,2026-06-05,Voluntary
SUB-9875,CUST-19875,Unlimited Data Max,Prepaid,2020-10-14,Active,Retail,1247,,
SUB-9876,CUST-19876,Prepaid Saver 30D,Prepaid,2022-10-04,Churned,Referral,857,2025-04-04,Voluntary
SUB-9877,CUST-19877,Postpaid Corporate,Postpaid,2026-02-15,Active,Retail,1179,,
SUB-9878,CUST-19878,Prepaid Saver 30D,Prepaid,2020-12-13,Active,Agent,650,,
SUB-9879,CUST-19879,Postpaid Corporate,Postpaid,2025-08-19,Churned,Online,730,2026-03-08,Voluntary
SUB-9880,CUST-19880,Postpaid Corporate,Postpaid,2022-04-07,Active,Online,1343,,
SUB-9881,CUST-19881,Student Special 4G,Prepaid,2024-12-22,Active,Referral,851,,
SUB-9882,CUST-19882,Prepaid Saver 30D,Prepaid,2021-12-08,Active,Online,931,,
SUB-9883,CUST-19883,Unlimited Data Max,Prepaid,2021-09-09,Active,Agent,374,,
SUB-9884,CUST-19884,Postpaid Corporate,Postpaid,2021-10-09,Active,Retail,1247,,
SUB-9885,CUST-19885,Student Special 4G,Prepaid,2024-10-23,Active,Retail,1091,,
SUB-9886,CUST-19886,Unlimited Data Max,Prepaid,2022-09-04,Active,Referral,691,,
SUB-9887,CUST-19887,Student Special 4G,Prepaid,2025-04-21,Active,Agent,504,,
SUB-9888,CUST-19888,Family Bundle,Postpaid,2021-04-12,Active,Online,1229,,
SUB-9889,CUST-19889,Postpaid Corporate,Postpaid,2025-07-20,Active,Referral,434,,
SUB-9890,CUST-19890,Unlimited Data Max,Prepaid,2021-07-11,Active,Agent,741,,
SUB-9891,CUST-19891,Postpaid Corporate,Postpaid,2025-07-20,Active,Online,590,,
SUB-9892,CUST-19892,Prepaid Saver 30D,Prepaid,2024-09-23,Active,Retail,1182,,
SUB-9893,CUST-19893,Prepaid Saver 30D,Prepaid,2022-03-08,Active,Retail,1134,,
SUB-9894,CUST-19894,Unlimited Data Max,Prepaid,2020-10-14,Active,Referral,568,,
SUB-9895,CUST-19895,Postpaid Corporate,Postpaid,2022-04-07,Active,Online,1486,,
SUB-9896,CUST-19896,Prepaid Saver 30D,Prepaid,2024-05-26,Active,Retail,326,,
SUB-9897,CUST-19897,Prepaid Saver 30D,Prepaid,2024-07-25,Active,Retail,1405,,
SUB-9898,CUST-19898,Prepaid Saver 30D,Prepaid,2022-10-04,Active,Online,1036,,
SUB-9899,CUST-19899,Prepaid Saver 30D,Prepaid,2023-10-29,Churned,Retail,758,2026-04-13,Voluntary
SUB-9900,CUST-19900,Prepaid Saver 30D,Prepaid,2025-03-22,Active,Retail,818,,
SUB-9901,CUST-19901,Prepaid Saver 30D,Prepaid,2022-10-04,Churned,Agent,746,2025-11-07,Voluntary
SUB-9902,CUST-19902,Unlimited Data Max,Prepaid,2023-11-28,Churned,Agent,626,2026-06-12,Involuntary
SUB-9903,CUST-19903,Prepaid Saver 30D,Prepaid,2020-09-14,Active,Retail,1106,,
SUB-9904,CUST-19904,Unlimited Data Max,Prepaid,2026-03-17,Active,Agent,765,,
SUB-9905,CUST-19905,Student Special 4G,Prepaid,2022-02-06,Active,Retail,533,,
SUB-9906,CUST-19906,Prepaid Saver 30D,Prepaid,2021-10-09,Active,Agent,1200,,
SUB-9907,CUST-19907,Student Special 4G,Prepaid,2021-09-09,Active,Online,1443,,
SUB-9908,CUST-19908,Prepaid Saver 30D,Prepaid,2022-05-07,Active,Retail,623,,
SUB-9909,CUST-19909,Unlimited Data Max,Prepaid,2020-09-14,Active,Retail,778,,
SUB-9910,CUST-19910,Prepaid Saver 30D,Prepaid,2024-08-24,Active,Online,769,,
SUB-9911,CUST-19911,Unlimited Data Max,Prepaid,2024-02-26,Churned,Online,1402,2025-01-08,Involuntary
SUB-9912,CUST-19912,Prepaid Saver 30D,Prepaid,2020-12-13,Active,Online,1205,,
SUB-9913,CUST-19913,Student Special 4G,Prepaid,2026-01-16,Active,Agent,988,,
SUB-9914,CUST-19914,Unlimited Data Max,Prepaid,2021-08-10,Churned,Retail,310,2026-02-19,Voluntary
SUB-9915,CUST-19915,Prepaid Saver 30D,Prepaid,2022-01-07,Active,Online,1305,,
SUB-9916,CUST-19916,Unlimited Data Max,Prepaid,2023-01-02,Active,Retail,1455,,
SUB-9917,CUST-19917,Prepaid Saver 30D,Prepaid,2025-09-18,Active,Agent,829,,
SUB-9918,CUST-19918,Prepaid Saver 30D,Prepaid,2022-11-03,Churned,Agent,957,2026-04-17,Voluntary
SUB-9919,CUST-19919,Unlimited Data Max,Prepaid,2023-10-29,Active,Retail,384,,
SUB-9920,CUST-19920,Unlimited Data Max,Prepaid,2025-11-17,Churned,Referral,1479,2026-04-04,Voluntary
SUB-9921,CUST-19921,Postpaid Corporate,Postpaid,2022-02-06,Active,Online,1449,,
SUB-9922,CUST-19922,Prepaid Saver 30D,Prepaid,2021-09-09,Active,Online,377,,
SUB-9923,CUST-19923,Prepaid Saver 30D,Prepaid,2023-03-03,Active,Online,731,,
SUB-9924,CUST-19924,Postpaid Corporate,Postpaid,2025-06-20,Active,Retail,573,,
SUB-9925,CUST-19925,Unlimited Data Max,Prepaid,2024-03-27,Active,Retail,1211,,
SUB-9926,CUST-19926,Student Special 4G,Prepaid,2023-04-02,Active,Online,690,,
SUB-9927,CUST-19927,Student Special 4G,Prepaid,2023-06-01,Active,Referral,954,,
SUB-9928,CUST-19928,Prepaid Saver 30D,Prepaid,2022-12-03,Active,Referral,1355,,
SUB-9929,CUST-19929,Prepaid Saver 30D,Prepaid,2024-12-22,Active,Agent,1276,,
SUB-9930,CUST-19930,Prepaid Saver 30D,Prepaid,2021-10-09,Active,Agent,847,,
SUB-9931,CUST-19931,Student Special 4G,Prepaid,2025-12-17,Active,Retail,425,,
SUB-9932,CUST-19932,Unlimited Data Max,Prepaid,2020-08-15,Active,Referral,1014,,
SUB-9933,CUST-19933,Postpaid Corporate,Postpaid,2023-12-28,Active,Online,1085,,
SUB-9934,CUST-19934,Prepaid Saver 30D,Prepaid,2021-08-10,Churned,Retail,1212,2025-12-23,Voluntary
SUB-9935,CUST-19935,Student Special 4G,Prepaid,2026-01-16,Active,Retail,1041,,
SUB-9936,CUST-19936,Family Bundle,Postpaid,2022-07-06,Active,Agent,967,,
SUB-9937,CUST-19937,Prepaid Saver 30D,Prepaid,2020-09-14,Active,Agent,1376,,
SUB-9938,CUST-19938,Prepaid Saver 30D,Prepaid,2020-10-14,Active,Online,310,,
SUB-9939,CUST-19939,Prepaid Saver 30D,Prepaid,2023-10-29,Active,Online,431,,
SUB-9940,CUST-19940,Prepaid Saver 30D,Prepaid,2024-03-27,Active,Online,1162,,
SUB-9941,CUST-19941,Unlimited Data Max,Prepaid,2021-04-12,Active,Agent,589,,
SUB-9942,CUST-19942,Prepaid Saver 30D,Prepaid,2022-09-04,Active,Referral,1352,,
SUB-9943,CUST-19943,Postpaid Corporate,Postpaid,2020-11-13,Active,Referral,1407,,
SUB-9944,CUST-19944,Family Bundle,Postpaid,2025-01-21,Active,Agent,1431,,
SUB-9945,CUST-19945,Postpaid Corporate,Postpaid,2023-10-29,Active,Retail,1181,,
SUB-9946,CUST-19946,Postpaid Corporate,Postpaid,2024-07-25,Active,Referral,1032,,
SUB-9947,CUST-19947,Unlimited Data Max,Prepaid,2023-12-28,Active,Referral,1216,,
SUB-9948,CUST-19948,Unlimited Data Max,Prepaid,2021-05-12,Churned,Agent,1466,2026-03-03,Voluntary
SUB-9949,CUST-19949,Postpaid Corporate,Postpaid,2021-03-13,Active,Agent,1276,,
SUB-9950,CUST-19950,Postpaid Corporate,Postpaid,2022-12-03,Active,Retail,1135,,
SUB-9951,CUST-19951,Student Special 4G,Prepaid,2026-03-17,Churned,Retail,1164,2026-04-05,Voluntary
SUB-9952,CUST-19952,Prepaid Saver 30D,Prepaid,2023-10-29,Active,Agent,996,,
SUB-9953,CUST-19953,Unlimited Data Max,Prepaid,2023-07-31,Active,Retail,1026,,
SUB-9954,CUST-19954,Unlimited Data Max,Prepaid,2022-04-07,Active,Online,540,,
SUB-9955,CUST-19955,Prepaid Saver 30D,Prepaid,2024-10-23,Active,Referral,1143,,
SUB-9956,CUST-19956,Prepaid Saver 30D,Prepaid,2023-01-02,Active,Online,478,,
SUB-9957,CUST-19957,Unlimited Data Max,Prepaid,2022-01-07,Active,Referral,528,,
SUB-9958,CUST-19958,Unlimited Data Max,Prepaid,2023-02-01,Churned,Agent,1392,2025-12-12,Involuntary
SUB-9959,CUST-19959,Prepaid Saver 30D,Prepaid,2021-07-11,Churned,Referral,1318,2025-09-08,Voluntary
SUB-9960,CUST-19960,Prepaid Saver 30D,Prepaid,2024-12-22,Active,Retail,1185,,
SUB-9961,CUST-19961,Family Bundle,Postpaid,2022-10-04,Active,Referral,853,,
SUB-9962,CUST-19962,Student Special 4G,Prepaid,2023-09-29,Active,Retail,337,,
SUB-9963,CUST-19963,Unlimited Data Max,Prepaid,2024-01-27,Churned,Online,627,2026-05-30,Voluntary
SUB-9964,CUST-19964,Student Special 4G,Prepaid,2023-11-28,Active,Referral,704,,
SUB-9965,CUST-19965,Prepaid Saver 30D,Prepaid,2023-03-03,Active,Agent,353,,
SUB-9966,CUST-19966,Family Bundle,Postpaid,2023-06-01,Active,Online,718,,
SUB-9967,CUST-19967,Postpaid Corporate,Postpaid,2023-02-01,Churned,Retail,1255,2026-02-08,Voluntary
SUB-9968,CUST-19968,Unlimited Data Max,Prepaid,2020-10-14,Active,Online,395,,
SUB-9969,CUST-19969,Unlimited Data Max,Prepaid,2022-09-04,Active,Referral,811,,
SUB-9970,CUST-19970,Family Bundle,Postpaid,2023-04-02,Active,Online,1345,,
SUB-9971,CUST-19971,Family Bundle,Postpaid,2021-01-12,Active,Agent,716,,
SUB-9972,CUST-19972,Prepaid Saver 30D,Prepaid,2025-01-21,Churned,Retail,1050,2026-02-15,Involuntary
SUB-9973,CUST-19973,Prepaid Saver 30D,Prepaid,2024-12-22,Active,Referral,1042,,
SUB-9974,CUST-19974,Prepaid Saver 30D,Prepaid,2025-09-18,Active,Agent,932,,
SUB-9975,CUST-19975,Student Special 4G,Prepaid,2025-03-22,Active,Agent,1400,,
SUB-9976,CUST-19976,Prepaid Saver 30D,Prepaid,2025-12-17,Active,Referral,676,,
SUB-9977,CUST-19977,Unlimited Data Max,Prepaid,2025-04-21,Active,Referral,413,,
SUB-9978,CUST-19978,Prepaid Saver 30D,Prepaid,2022-08-05,Active,Agent,549,,
SUB-9979,CUST-19979,Prepaid Saver 30D,Prepaid,2022-05-07,Active,Referral,1076,,
SUB-9980,CUST-19980,Prepaid Saver 30D,Prepaid,2022-09-04,Active,Referral,407,,
SUB-9981,CUST-19981,Student Special 4G,Prepaid,2021-02-11,Churned,Agent,1183,2025-08-19,Voluntary
SUB-9982,CUST-19982,Family Bundle,Postpaid,2021-06-11,Active,Online,641,,
SUB-9983,CUST-19983,Unlimited Data Max,Prepaid,2024-06-25,Active,Referral,1148,,
SUB-9984,CUST-19984,Student Special 4G,Prepaid,2025-04-21,Active,Referral,1317,,
SUB-9985,CUST-19985,Postpaid Corporate,Postpaid,2023-12-28,Active,Referral,1113,,
SUB-9986,CUST-19986,Prepaid Saver 30D,Prepaid,2021-01-12,Churned,Agent,1041,2026-04-13,Voluntary
SUB-9987,CUST-19987,Unlimited Data Max,Prepaid,2020-10-14,Active,Online,1065,,
SUB-9988,CUST-19988,Prepaid Saver 30D,Prepaid,2025-03-22,Active,Online,387,,
SUB-9989,CUST-19989,Family Bundle,Postpaid,2025-07-20,Active,Referral,1100,,
SUB-9990,CUST-19990,Postpaid Corporate,Postpaid,2022-02-06,Active,Agent,1017,,
SUB-9991,CUST-19991,Prepaid Saver 30D,Prepaid,2021-04-12,Active,Referral,726,,
SUB-9992,CUST-19992,Unlimited Data Max,Prepaid,2020-11-13,Active,Referral,1306,,
SUB-9993,CUST-19993,Prepaid Saver 30D,Prepaid,2020-10-14,Churned,Referral,1380,2025-01-09,Involuntary
SUB-9994,CUST-19994,Prepaid Saver 30D,Prepaid,2024-09-23,Active,Retail,1161,,
SUB-9995,CUST-19995,Postpaid Corporate,Postpaid,2021-10-09,Active,Agent,405,,
SUB-9996,CUST-19996,Student Special 4G,Prepaid,2022-07-06,Active,Agent,1153,,
SUB-9997,CUST-19997,Prepaid Saver 30D,Prepaid,2024-06-25,Active,Online,1062,,
SUB-9998,CUST-19998,Prepaid Saver 30D,Prepaid,2026-04-16,Active,Agent,437,,
SUB-9999,CUST-19999,Prepaid Saver 30D,Prepaid,2022-08-05,Active,Online,712,,
